2026-03-29 18:21:57.935 | AlertService | resetAlertSyncState
2026-03-29 18:21:57.942 | AlertService | syncPendingAlertSettings skipped disconnected
2026-03-29 18:21:58.001 | AlertService | queryCallback type=UpdateFirmwareLogStatus
2026-03-29 18:21:58.281 | AlertService | queryCallback type=FirmwareVersionObtained
2026-03-29 18:21:58.286 | AlertService | queryCallback type=BatteryDataObtained
2026-03-29 18:21:58.740 | AlertService | queryCallback type=FirmwareVersionObtained
2026-03-29 18:21:58.741 | AlertService | queryCallback type=BatteryDataObtained
2026-03-29 18:21:58.829 | AlertService | queryCallback type=UpdateFirmwareLogStatus
2026-03-29 18:21:59.456 | AlertService | queryCallback type=FirmwareVersionObtained
2026-03-29 18:21:59.460 | AlertService | queryCallback type=BatteryDataObtained
2026-03-29 18:21:59.882 | AlertService | queryCallback type=UpdateFirmwareLogStatus
2026-03-29 18:22:00.136 | AlertService | queryCallback type=FirmwareVersionObtained
2026-03-29 18:22:00.142 | AlertService | queryCallback type=BatteryDataObtained
2026-03-29 18:22:00.825 | AlertService | queryCallback type=UpdateFirmwareLogStatus
2026-03-29 18:22:01.905 | AlertService | queryCallback type=UpdateFirmwareLogStatus
2026-03-29 18:22:02.916 | AlertService | queryCallback type=UpdateFirmwareLogStatus
2026-03-29 18:22:03.714 | AlertService | queryCallback type=UpdateFirmwareLogStatus
2026-03-29 18:22:04.702 | AlertService | queryCallback type=UpdateFirmwareLogStatus
2026-03-29 18:22:05.757 | AlertService | queryCallback type=UpdateFirmwareLogStatus
2026-03-29 18:22:05.907 | AlertService | updateCallback type=DeviceTimeSynced
2026-03-29 18:22:06.677 | AlertService | queryCallback type=UpdateFirmwareLogStatus
2026-03-29 18:22:06.885 | AlertService | updateCallback type=UserInfoUpdated
2026-03-29 18:22:07.660 | AlertService | queryCallback type=UpdateFirmwareLogStatus
2026-03-29 18:22:07.886 | AlertService | updateCallback type=DeviceUnitsUpdated
2026-03-29 18:22:08.920 | AlertService | queryCallback type=UpdateFirmwareLogStatus
2026-03-29 18:22:09.848 | AlertService | queryCallback type=UpdateFirmwareLogStatus
2026-03-29 18:22:10.713 | AlertService | queryCallback type=UpdateFirmwareLogStatus
2026-03-29 18:22:11.695 | AlertService | queryCallback type=UpdateFirmwareLogStatus
2026-03-29 18:22:12.779 | AlertService | queryCallback type=UpdateFirmwareLogStatus
2026-03-29 18:22:13.659 | AlertService | queryCallback type=UpdateFirmwareLogStatus
2026-03-29 18:22:14.761 | AlertService | queryCallback type=UpdateFirmwareLogStatus
2026-03-29 18:22:15.854 | AlertService | queryCallback type=UpdateFirmwareLogStatus
2026-03-29 18:22:16.705 | AlertService | queryCallback type=UpdateFirmwareLogStatus
2026-03-29 18:22:17.886 | AlertService | queryCallback type=UpdateFirmwareLogStatus
2026-03-29 18:22:18.764 | AlertService | queryCallback type=UpdateFirmwareLogStatus
2026-03-29 18:22:19.703 | AlertService | queryCallback type=UpdateFirmwareLogStatus
2026-03-29 18:22:20.748 | AlertService | updateCallback type=DeviceTimeSynced
2026-03-29 18:22:20.887 | AlertService | queryCallback type=UpdateFirmwareLogStatus
2026-03-29 18:22:21.194 | AlertService | queryCallback type=BatteryDataObtained
2026-03-29 18:22:22.518 | AlertService | queryCallback type=UpdateFirmwareLogStatus
2026-03-29 18:22:23.403 | AlertService | queryCallback type=BatteryDataObtained
2026-03-29 18:22:23.407 | AlertService | queryCallback type=UpdateFirmwareLogStatus
2026-03-29 18:22:23.819 | AlertUI | BlankTestFragment alert panel initialized
2026-03-29 18:22:23.827 | AlertVM | handleQueryCallback type=Default
2026-03-29 18:22:23.831 | AlertVM | handleUpdateCallback type=DeviceTimeSynced
2026-03-29 18:22:23.839 | AlertVM | onConnectedStateChanged state=ConnectSuccess
2026-03-29 18:22:23.843 | AlertVM | refreshFromBand dispatching alert queries
2026-03-29 18:22:23.854 | AlertVM | loadState={"device_address":"D8:5C:08:30:00:1E","heart_rate":{"low_enabled":false,"low_threshold":50,"resting_enabled":false,"resting_threshold":150,"workout_enabled":false,"workout_threshold":175},"pending_sync":{"heart_rate":false,"relaxation_prompt":false,"sedentary_reminder":false,"sleep_reminder":false,"spo2":false},"pressure_mode":{"relaxation_prompt_enabled":false,"stress_monitoring_enabled":false},"sedentary_reminder":{"end_hour":18,"end_minute":0,"interval":60,"repeat_count":0,"start_hour":9,"start_minute":0,"status":false},"sleep_reminder":{"hour":0,"millisecond":0,"minute":0,"second":0,"status":false},"snapshots":{"heart_rate":{},"sedentary_reminder":{}},"spo2":{"enabled":false,"threshold":75},"support":{"heart_rate":true,"high_stress_index":false,"relaxation_prompt":true,"sedentary_reminder":true,"sleep_reminder":true,"spo2":true,"wear_detection":false}}
2026-03-29 18:22:23.945 | ZhQuery | getHeartRateAlertSettings dispatched
2026-03-29 18:22:23.948 | ZhQuery | getSpo2AlertSettings dispatched
2026-03-29 18:22:23.956 | ZhQuery | getPressureModeSettings dispatched
2026-03-29 18:22:23.957 | ZhQuery | getSleepReminder dispatched
2026-03-29 18:22:23.982 | AlertVM | refreshFromBand dispatching alert queries
2026-03-29 18:22:23.992 | ZhQuery | getHeartRateAlertSettings dispatched
2026-03-29 18:22:23.995 | ZhQuery | getSpo2AlertSettings dispatched
2026-03-29 18:22:23.998 | ZhQuery | getPressureModeSettings dispatched
2026-03-29 18:22:24.003 | ZhQuery | getSleepReminder dispatched
2026-03-29 18:22:24.255 | AlertService | queryCallback type=UpdateFirmwareLogStatus
2026-03-29 18:22:24.262 | AlertVM | handleQueryCallback type=UpdateFirmwareLogStatus
2026-03-29 18:22:24.265 | AlertVM | handleQueryCallback type=Default
2026-03-29 18:22:25.348 | AlertService | queryCallback type=UpdateFirmwareLogStatus
2026-03-29 18:22:25.351 | AlertVM | handleQueryCallback type=UpdateFirmwareLogStatus
2026-03-29 18:22:25.354 | AlertVM | handleQueryCallback type=Default
2026-03-29 18:22:26.141 | AlertService | queryCallback type=UpdateFirmwareLogStatus
2026-03-29 18:22:26.147 | AlertVM | handleQueryCallback type=UpdateFirmwareLogStatus
2026-03-29 18:22:26.149 | AlertVM | handleQueryCallback type=Default
2026-03-29 18:22:27.692 | AlertService | queryCallback type=UpdateFirmwareLogStatus
2026-03-29 18:22:27.759 | AlertService | queryCallback type=FirmwareVersionObtained
2026-03-29 18:22:27.762 | AlertService | queryCallback type=BatteryDataObtained
2026-03-29 18:22:27.794 | AlertService | queryCallback type=UpdateFirmwareLogStatus
2026-03-29 18:22:29.107 | AlertService | queryCallback type=UpdateFirmwareLogStatus
2026-03-29 18:22:30.385 | AlertService | queryCallback type=UpdateFirmwareLogStatus
2026-03-29 18:22:31.110 | AlertService | queryCallback type=UpdateFirmwareLogStatus
2026-03-29 18:22:31.470 | AlertUI | BlankTestFragment alert panel initialized
2026-03-29 18:22:31.476 | AlertVM | handleQueryCallback type=Default
2026-03-29 18:22:31.479 | AlertVM | onConnectedStateChanged state=ConnectSuccess
2026-03-29 18:22:31.482 | AlertVM | refreshFromBand dispatching alert queries
2026-03-29 18:22:31.483 | AlertVM | loadState={"device_address":"D8:5C:08:30:00:1E","heart_rate":{"low_enabled":false,"low_threshold":50,"resting_enabled":false,"resting_threshold":150,"workout_enabled":false,"workout_threshold":175},"pending_sync":{"heart_rate":false,"relaxation_prompt":false,"sedentary_reminder":false,"sleep_reminder":false,"spo2":false},"pressure_mode":{"relaxation_prompt_enabled":false,"stress_monitoring_enabled":false},"sedentary_reminder":{"end_hour":18,"end_minute":0,"interval":60,"repeat_count":0,"start_hour":9,"start_minute":0,"status":false},"sleep_reminder":{"hour":0,"millisecond":0,"minute":0,"second":0,"status":false},"snapshots":{"heart_rate":{},"sedentary_reminder":{}},"spo2":{"enabled":false,"threshold":75},"support":{"heart_rate":true,"high_stress_index":false,"relaxation_prompt":true,"sedentary_reminder":true,"sleep_reminder":true,"spo2":true,"wear_detection":false}}
2026-03-29 18:22:31.636 | ZhQuery | onHeartRateMonitorResult={"continuousHeartRateMode":0,"frequency":5,"isSportWarning":false,"isWarning":false,"lowWarningValue":0,"mode":0,"sportWarningValue":0,"warningValue":220}
2026-03-29 18:22:31.637 | AlertService | queryCallback type=HeartRateAlertDataObtained
2026-03-29 18:22:31.639 | AlertService | queryCallback type=HeartRateAlertSettingsObtained
2026-03-29 18:22:31.640 | AlertService | saveAlertSettings={"device_address":"D8:5C:08:30:00:1E","heart_rate":{"low_enabled":false,"low_threshold":50,"resting_enabled":false,"resting_threshold":150,"workout_enabled":false,"workout_threshold":175},"pending_sync":{"heart_rate":false,"relaxation_prompt":false,"sedentary_reminder":false,"sleep_reminder":false,"spo2":false},"pressure_mode":{"relaxation_prompt_enabled":false,"stress_monitoring_enabled":false},"sedentary_reminder":{"end_hour":18,"end_minute":0,"interval":60,"repeat_count":0,"start_hour":9,"start_minute":0,"status":false},"sleep_reminder":{"hour":0,"millisecond":0,"minute":0,"second":0,"status":false},"snapshots":{"heart_rate":{"continuous_heart_rate_mode":0,"frequency":5,"mode":0},"sedentary_reminder":{}},"spo2":{"enabled":false,"threshold":75},"support":{"heart_rate":true,"high_stress_index":false,"relaxation_prompt":true,"sedentary_reminder":true,"sleep_reminder":true,"spo2":true,"wear_detection":false}}
2026-03-29 18:22:31.647 | AlertService | queryCallback type=AlertFeatureSupportObtained
2026-03-29 18:22:31.652 | AlertService | saveAlertSettings={"device_address":"D8:5C:08:30:00:1E","heart_rate":{"low_enabled":false,"low_threshold":50,"resting_enabled":false,"resting_threshold":150,"workout_enabled":false,"workout_threshold":175},"pending_sync":{"heart_rate":false,"relaxation_prompt":false,"sedentary_reminder":false,"sleep_reminder":false,"spo2":false},"pressure_mode":{"relaxation_prompt_enabled":false,"stress_monitoring_enabled":false},"sedentary_reminder":{"end_hour":18,"end_minute":0,"interval":60,"repeat_count":0,"start_hour":9,"start_minute":0,"status":false},"sleep_reminder":{"hour":0,"millisecond":0,"minute":0,"second":0,"status":false},"snapshots":{"heart_rate":{"continuous_heart_rate_mode":0,"frequency":5,"mode":0},"sedentary_reminder":{}},"spo2":{"enabled":false,"threshold":75},"support":{"heart_rate":true,"high_stress_index":false,"relaxation_prompt":true,"sedentary_reminder":true,"sleep_reminder":true,"spo2":true,"wear_detection":false}}
2026-03-29 18:22:31.672 | ZhQuery | getHeartRateAlertSettings dispatched
2026-03-29 18:22:31.679 | ZhQuery | getSpo2AlertSettings dispatched
2026-03-29 18:22:31.684 | ZhQuery | getPressureModeSettings dispatched
2026-03-29 18:22:31.690 | ZhQuery | getSleepReminder dispatched
2026-03-29 18:22:31.695 | AlertVM | refreshFromBand dispatching alert queries
2026-03-29 18:22:31.699 | ZhQuery | getHeartRateAlertSettings state=SUCCEED
2026-03-29 18:22:31.705 | ZhQuery | getHeartRateAlertSettings state=SUCCEED
2026-03-29 18:22:31.713 | AlertVM | handleQueryCallback type=HeartRateAlertDataObtained
2026-03-29 18:22:31.721 | AlertVM | handleQueryCallback type=Default
2026-03-29 18:22:31.729 | AlertVM | handleQueryCallback type=HeartRateAlertSettingsObtained
2026-03-29 18:22:31.732 | AlertVM | heartRate query matchesStored=true pending=false phase=null
2026-03-29 18:22:31.734 | AlertVM | heartRate query value={"low_enabled":false,"low_threshold":0,"resting_enabled":false,"resting_threshold":220,"workout_enabled":false,"workout_threshold":0}
2026-03-29 18:22:31.736 | AlertVM | handleQueryCallback type=Default
2026-03-29 18:22:31.739 | AlertVM | handleQueryCallback type=AlertFeatureSupportObtained
2026-03-29 18:22:31.740 | AlertVM | support feature=HEART_RATE supported=true
2026-03-29 18:22:31.741 | AlertVM | handleQueryCallback type=Default
2026-03-29 18:22:31.754 | ZhQuery | getHeartRateAlertSettings dispatched
2026-03-29 18:22:31.756 | ZhQuery | getSpo2AlertSettings dispatched
2026-03-29 18:22:31.757 | ZhQuery | getPressureModeSettings dispatched
2026-03-29 18:22:31.760 | ZhQuery | getSleepReminder dispatched
2026-03-29 18:22:31.962 | AlertService | queryCallback type=UpdateFirmwareLogStatus
2026-03-29 18:22:31.974 | AlertVM | handleQueryCallback type=UpdateFirmwareLogStatus
2026-03-29 18:22:31.977 | AlertVM | handleQueryCallback type=Default
2026-03-29 18:22:32.350 | ZhQuery | onSWSPO2Monitor={"isWarning":true,"warningValue":90}
2026-03-29 18:22:32.352 | AlertService | queryCallback type=Spo2AlertSettingsObtained
2026-03-29 18:22:32.354 | AlertService | saveAlertSettings={"device_address":"D8:5C:08:30:00:1E","heart_rate":{"low_enabled":false,"low_threshold":50,"resting_enabled":false,"resting_threshold":150,"workout_enabled":false,"workout_threshold":175},"pending_sync":{"heart_rate":false,"relaxation_prompt":false,"sedentary_reminder":false,"sleep_reminder":false,"spo2":false},"pressure_mode":{"relaxation_prompt_enabled":false,"stress_monitoring_enabled":false},"sedentary_reminder":{"end_hour":18,"end_minute":0,"interval":60,"repeat_count":0,"start_hour":9,"start_minute":0,"status":false},"sleep_reminder":{"hour":0,"millisecond":0,"minute":0,"second":0,"status":false},"snapshots":{"heart_rate":{"continuous_heart_rate_mode":0,"frequency":5,"mode":0},"sedentary_reminder":{}},"spo2":{"enabled":true,"threshold":90},"support":{"heart_rate":true,"high_stress_index":false,"relaxation_prompt":true,"sedentary_reminder":true,"sleep_reminder":true,"spo2":true,"wear_detection":false}}
2026-03-29 18:22:32.361 | AlertService | queryCallback type=AlertFeatureSupportObtained
2026-03-29 18:22:32.363 | AlertService | saveAlertSettings={"device_address":"D8:5C:08:30:00:1E","heart_rate":{"low_enabled":false,"low_threshold":50,"resting_enabled":false,"resting_threshold":150,"workout_enabled":false,"workout_threshold":175},"pending_sync":{"heart_rate":false,"relaxation_prompt":false,"sedentary_reminder":false,"sleep_reminder":false,"spo2":false},"pressure_mode":{"relaxation_prompt_enabled":false,"stress_monitoring_enabled":false},"sedentary_reminder":{"end_hour":18,"end_minute":0,"interval":60,"repeat_count":0,"start_hour":9,"start_minute":0,"status":false},"sleep_reminder":{"hour":0,"millisecond":0,"minute":0,"second":0,"status":false},"snapshots":{"heart_rate":{"continuous_heart_rate_mode":0,"frequency":5,"mode":0},"sedentary_reminder":{}},"spo2":{"enabled":true,"threshold":90},"support":{"heart_rate":true,"high_stress_index":false,"relaxation_prompt":true,"sedentary_reminder":true,"sleep_reminder":true,"spo2":true,"wear_detection":false}}
2026-03-29 18:22:32.367 | ZhQuery | getSpo2AlertSettings state=SUCCEED
2026-03-29 18:22:32.369 | ZhQuery | getSpo2AlertSettings state=SUCCEED
2026-03-29 18:22:32.371 | ZhQuery | getSpo2AlertSettings state=SUCCEED
2026-03-29 18:22:32.372 | ZhQuery | getSpo2AlertSettings state=SUCCEED
2026-03-29 18:22:32.374 | AlertVM | handleQueryCallback type=Spo2AlertSettingsObtained
2026-03-29 18:22:32.375 | AlertVM | spo2 query matchesStored=true pending=false phase=null
2026-03-29 18:22:32.377 | AlertVM | spo2 query value={"enabled":true,"threshold":90}
2026-03-29 18:22:32.378 | AlertVM | handleQueryCallback type=Default
2026-03-29 18:22:32.380 | AlertVM | handleQueryCallback type=AlertFeatureSupportObtained
2026-03-29 18:22:32.381 | AlertVM | support feature=SPO2 supported=true
2026-03-29 18:22:32.383 | AlertVM | handleQueryCallback type=Default
2026-03-29 18:22:32.714 | AlertService | queryCallback type=UpdateFirmwareLogStatus
2026-03-29 18:22:32.728 | AlertVM | handleQueryCallback type=UpdateFirmwareLogStatus
2026-03-29 18:22:32.731 | AlertVM | handleQueryCallback type=Default
2026-03-29 18:22:32.936 | ZhQuery | getPressureModeSettings state=NOT_SUPPORT
2026-03-29 18:22:32.942 | AlertService | queryCallback type=AlertFeatureSupportObtained
2026-03-29 18:22:32.943 | AlertService | onAlertFeatureUnsupported feature=RELAXATION_PROMPT
2026-03-29 18:22:32.945 | AlertService | saveAlertSettings={"device_address":"D8:5C:08:30:00:1E","heart_rate":{"low_enabled":false,"low_threshold":50,"resting_enabled":false,"resting_threshold":150,"workout_enabled":false,"workout_threshold":175},"pending_sync":{"heart_rate":false,"relaxation_prompt":false,"sedentary_reminder":false,"sleep_reminder":false,"spo2":false},"pressure_mode":{"relaxation_prompt_enabled":false,"stress_monitoring_enabled":false},"sedentary_reminder":{"end_hour":18,"end_minute":0,"interval":60,"repeat_count":0,"start_hour":9,"start_minute":0,"status":false},"sleep_reminder":{"hour":0,"millisecond":0,"minute":0,"second":0,"status":false},"snapshots":{"heart_rate":{"continuous_heart_rate_mode":0,"frequency":5,"mode":0},"sedentary_reminder":{}},"spo2":{"enabled":true,"threshold":90},"support":{"heart_rate":true,"high_stress_index":false,"relaxation_prompt":false,"sedentary_reminder":true,"sleep_reminder":true,"spo2":true,"wear_detection":false}}
2026-03-29 18:22:32.948 | ZhQuery | getPressureModeSettings state=NOT_SUPPORT
2026-03-29 18:22:32.952 | AlertService | queryCallback type=AlertFeatureSupportObtained
2026-03-29 18:22:32.964 | AlertService | onAlertFeatureUnsupported feature=RELAXATION_PROMPT
2026-03-29 18:22:32.966 | AlertService | saveAlertSettings={"device_address":"D8:5C:08:30:00:1E","heart_rate":{"low_enabled":false,"low_threshold":50,"resting_enabled":false,"resting_threshold":150,"workout_enabled":false,"workout_threshold":175},"pending_sync":{"heart_rate":false,"relaxation_prompt":false,"sedentary_reminder":false,"sleep_reminder":false,"spo2":false},"pressure_mode":{"relaxation_prompt_enabled":false,"stress_monitoring_enabled":false},"sedentary_reminder":{"end_hour":18,"end_minute":0,"interval":60,"repeat_count":0,"start_hour":9,"start_minute":0,"status":false},"sleep_reminder":{"hour":0,"millisecond":0,"minute":0,"second":0,"status":false},"snapshots":{"heart_rate":{"continuous_heart_rate_mode":0,"frequency":5,"mode":0},"sedentary_reminder":{}},"spo2":{"enabled":true,"threshold":90},"support":{"heart_rate":true,"high_stress_index":false,"relaxation_prompt":false,"sedentary_reminder":true,"sleep_reminder":true,"spo2":true,"wear_detection":false}}
2026-03-29 18:22:32.968 | ZhQuery | getPressureModeSettings state=NOT_SUPPORT
2026-03-29 18:22:32.969 | AlertService | queryCallback type=AlertFeatureSupportObtained
2026-03-29 18:22:32.971 | AlertService | onAlertFeatureUnsupported feature=RELAXATION_PROMPT
2026-03-29 18:22:32.972 | AlertService | saveAlertSettings={"device_address":"D8:5C:08:30:00:1E","heart_rate":{"low_enabled":false,"low_threshold":50,"resting_enabled":false,"resting_threshold":150,"workout_enabled":false,"workout_threshold":175},"pending_sync":{"heart_rate":false,"relaxation_prompt":false,"sedentary_reminder":false,"sleep_reminder":false,"spo2":false},"pressure_mode":{"relaxation_prompt_enabled":false,"stress_monitoring_enabled":false},"sedentary_reminder":{"end_hour":18,"end_minute":0,"interval":60,"repeat_count":0,"start_hour":9,"start_minute":0,"status":false},"sleep_reminder":{"hour":0,"millisecond":0,"minute":0,"second":0,"status":false},"snapshots":{"heart_rate":{"continuous_heart_rate_mode":0,"frequency":5,"mode":0},"sedentary_reminder":{}},"spo2":{"enabled":true,"threshold":90},"support":{"heart_rate":true,"high_stress_index":false,"relaxation_prompt":false,"sedentary_reminder":true,"sleep_reminder":true,"spo2":true,"wear_detection":false}}
2026-03-29 18:22:32.974 | ZhQuery | getPressureModeSettings state=NOT_SUPPORT
2026-03-29 18:22:32.975 | AlertService | queryCallback type=AlertFeatureSupportObtained
2026-03-29 18:22:32.981 | AlertService | onAlertFeatureUnsupported feature=RELAXATION_PROMPT
2026-03-29 18:22:32.983 | AlertService | saveAlertSettings={"device_address":"D8:5C:08:30:00:1E","heart_rate":{"low_enabled":false,"low_threshold":50,"resting_enabled":false,"resting_threshold":150,"workout_enabled":false,"workout_threshold":175},"pending_sync":{"heart_rate":false,"relaxation_prompt":false,"sedentary_reminder":false,"sleep_reminder":false,"spo2":false},"pressure_mode":{"relaxation_prompt_enabled":false,"stress_monitoring_enabled":false},"sedentary_reminder":{"end_hour":18,"end_minute":0,"interval":60,"repeat_count":0,"start_hour":9,"start_minute":0,"status":false},"sleep_reminder":{"hour":0,"millisecond":0,"minute":0,"second":0,"status":false},"snapshots":{"heart_rate":{"continuous_heart_rate_mode":0,"frequency":5,"mode":0},"sedentary_reminder":{}},"spo2":{"enabled":true,"threshold":90},"support":{"heart_rate":true,"high_stress_index":false,"relaxation_prompt":false,"sedentary_reminder":true,"sleep_reminder":true,"spo2":true,"wear_detection":false}}
2026-03-29 18:22:32.985 | AlertVM | handleQueryCallback type=AlertFeatureSupportObtained
2026-03-29 18:22:32.986 | AlertVM | support feature=RELAXATION_PROMPT supported=false
2026-03-29 18:22:32.988 | AlertVM | handleQueryCallback type=Default
2026-03-29 18:22:32.989 | AlertVM | handleQueryCallback type=AlertFeatureSupportObtained
2026-03-29 18:22:32.990 | AlertVM | support feature=RELAXATION_PROMPT supported=false
2026-03-29 18:22:32.992 | AlertVM | handleQueryCallback type=Default
2026-03-29 18:22:32.993 | AlertVM | handleQueryCallback type=AlertFeatureSupportObtained
2026-03-29 18:22:32.994 | AlertVM | support feature=RELAXATION_PROMPT supported=false
2026-03-29 18:22:32.995 | AlertVM | handleQueryCallback type=Default
2026-03-29 18:22:32.997 | AlertVM | handleQueryCallback type=AlertFeatureSupportObtained
2026-03-29 18:22:32.998 | AlertVM | support feature=RELAXATION_PROMPT supported=false
2026-03-29 18:22:33.000 | AlertVM | handleQueryCallback type=Default
2026-03-29 18:22:33.342 | ZhQuery | getSleepReminder state=NOT_SUPPORT
2026-03-29 18:22:33.345 | AlertService | queryCallback type=AlertFeatureSupportObtained
2026-03-29 18:22:33.347 | AlertService | onAlertFeatureUnsupported feature=SLEEP_REMINDER
2026-03-29 18:22:33.351 | AlertService | saveAlertSettings={"device_address":"D8:5C:08:30:00:1E","heart_rate":{"low_enabled":false,"low_threshold":50,"resting_enabled":false,"resting_threshold":150,"workout_enabled":false,"workout_threshold":175},"pending_sync":{"heart_rate":false,"relaxation_prompt":false,"sedentary_reminder":false,"sleep_reminder":false,"spo2":false},"pressure_mode":{"relaxation_prompt_enabled":false,"stress_monitoring_enabled":false},"sedentary_reminder":{"end_hour":18,"end_minute":0,"interval":60,"repeat_count":0,"start_hour":9,"start_minute":0,"status":false},"sleep_reminder":{"hour":0,"millisecond":0,"minute":0,"second":0,"status":false},"snapshots":{"heart_rate":{"continuous_heart_rate_mode":0,"frequency":5,"mode":0},"sedentary_reminder":{}},"spo2":{"enabled":true,"threshold":90},"support":{"heart_rate":true,"high_stress_index":false,"relaxation_prompt":false,"sedentary_reminder":true,"sleep_reminder":false,"spo2":true,"wear_detection":false}}
2026-03-29 18:22:33.359 | ZhQuery | getSleepReminder state=NOT_SUPPORT
2026-03-29 18:22:33.361 | AlertService | queryCallback type=AlertFeatureSupportObtained
2026-03-29 18:22:33.363 | AlertService | onAlertFeatureUnsupported feature=SLEEP_REMINDER
2026-03-29 18:22:33.365 | AlertService | saveAlertSettings={"device_address":"D8:5C:08:30:00:1E","heart_rate":{"low_enabled":false,"low_threshold":50,"resting_enabled":false,"resting_threshold":150,"workout_enabled":false,"workout_threshold":175},"pending_sync":{"heart_rate":false,"relaxation_prompt":false,"sedentary_reminder":false,"sleep_reminder":false,"spo2":false},"pressure_mode":{"relaxation_prompt_enabled":false,"stress_monitoring_enabled":false},"sedentary_reminder":{"end_hour":18,"end_minute":0,"interval":60,"repeat_count":0,"start_hour":9,"start_minute":0,"status":false},"sleep_reminder":{"hour":0,"millisecond":0,"minute":0,"second":0,"status":false},"snapshots":{"heart_rate":{"continuous_heart_rate_mode":0,"frequency":5,"mode":0},"sedentary_reminder":{}},"spo2":{"enabled":true,"threshold":90},"support":{"heart_rate":true,"high_stress_index":false,"relaxation_prompt":false,"sedentary_reminder":true,"sleep_reminder":false,"spo2":true,"wear_detection":false}}
2026-03-29 18:22:33.367 | ZhQuery | getSleepReminder state=NOT_SUPPORT
2026-03-29 18:22:33.370 | AlertService | queryCallback type=AlertFeatureSupportObtained
2026-03-29 18:22:33.372 | AlertService | onAlertFeatureUnsupported feature=SLEEP_REMINDER
2026-03-29 18:22:33.374 | AlertService | saveAlertSettings={"device_address":"D8:5C:08:30:00:1E","heart_rate":{"low_enabled":false,"low_threshold":50,"resting_enabled":false,"resting_threshold":150,"workout_enabled":false,"workout_threshold":175},"pending_sync":{"heart_rate":false,"relaxation_prompt":false,"sedentary_reminder":false,"sleep_reminder":false,"spo2":false},"pressure_mode":{"relaxation_prompt_enabled":false,"stress_monitoring_enabled":false},"sedentary_reminder":{"end_hour":18,"end_minute":0,"interval":60,"repeat_count":0,"start_hour":9,"start_minute":0,"status":false},"sleep_reminder":{"hour":0,"millisecond":0,"minute":0,"second":0,"status":false},"snapshots":{"heart_rate":{"continuous_heart_rate_mode":0,"frequency":5,"mode":0},"sedentary_reminder":{}},"spo2":{"enabled":true,"threshold":90},"support":{"heart_rate":true,"high_stress_index":false,"relaxation_prompt":false,"sedentary_reminder":true,"sleep_reminder":false,"spo2":true,"wear_detection":false}}
2026-03-29 18:22:33.379 | ZhQuery | getSleepReminder state=NOT_SUPPORT
2026-03-29 18:22:33.381 | AlertService | queryCallback type=AlertFeatureSupportObtained
2026-03-29 18:22:33.382 | AlertService | onAlertFeatureUnsupported feature=SLEEP_REMINDER
2026-03-29 18:22:33.384 | AlertService | saveAlertSettings={"device_address":"D8:5C:08:30:00:1E","heart_rate":{"low_enabled":false,"low_threshold":50,"resting_enabled":false,"resting_threshold":150,"workout_enabled":false,"workout_threshold":175},"pending_sync":{"heart_rate":false,"relaxation_prompt":false,"sedentary_reminder":false,"sleep_reminder":false,"spo2":false},"pressure_mode":{"relaxation_prompt_enabled":false,"stress_monitoring_enabled":false},"sedentary_reminder":{"end_hour":18,"end_minute":0,"interval":60,"repeat_count":0,"start_hour":9,"start_minute":0,"status":false},"sleep_reminder":{"hour":0,"millisecond":0,"minute":0,"second":0,"status":false},"snapshots":{"heart_rate":{"continuous_heart_rate_mode":0,"frequency":5,"mode":0},"sedentary_reminder":{}},"spo2":{"enabled":true,"threshold":90},"support":{"heart_rate":true,"high_stress_index":false,"relaxation_prompt":false,"sedentary_reminder":true,"sleep_reminder":false,"spo2":true,"wear_detection":false}}
2026-03-29 18:22:33.386 | AlertVM | handleQueryCallback type=AlertFeatureSupportObtained
2026-03-29 18:22:33.387 | AlertVM | support feature=SLEEP_REMINDER supported=false
2026-03-29 18:22:33.389 | AlertVM | handleQueryCallback type=Default
2026-03-29 18:22:33.390 | AlertVM | handleQueryCallback type=AlertFeatureSupportObtained
2026-03-29 18:22:33.392 | AlertVM | support feature=SLEEP_REMINDER supported=false
2026-03-29 18:22:33.394 | AlertVM | handleQueryCallback type=Default
2026-03-29 18:22:33.395 | AlertVM | handleQueryCallback type=AlertFeatureSupportObtained
2026-03-29 18:22:33.397 | AlertVM | support feature=SLEEP_REMINDER supported=false
2026-03-29 18:22:33.398 | AlertVM | handleQueryCallback type=Default
2026-03-29 18:22:33.400 | AlertVM | handleQueryCallback type=AlertFeatureSupportObtained
2026-03-29 18:22:33.401 | AlertVM | support feature=SLEEP_REMINDER supported=false
2026-03-29 18:22:33.403 | AlertVM | handleQueryCallback type=Default
2026-03-29 18:22:33.834 | AlertService | queryCallback type=UpdateFirmwareLogStatus
2026-03-29 18:22:33.842 | AlertVM | handleQueryCallback type=UpdateFirmwareLogStatus
2026-03-29 18:22:33.844 | AlertVM | handleQueryCallback type=Default
2026-03-29 18:22:34.209 | ZhQuery | onSedentaryReminderResult={"drinkWater":0,"endNoonTime":{"hour":0,"millisecond":0,"minuter":0,"second":0},"endTime":{"hour":0,"millisecond":0,"minuter":0,"second":0},"frequency":0,"isOn":false,"noDisturbInLaunch":false,"startNoonTime":{"hour":0,"millisecond":0,"minuter":0,"second":0},"startTime":{"hour":0,"millisecond":0,"minuter":0,"second":0}}
2026-03-29 18:22:34.212 | AlertService | queryCallback type=SedentaryDataObtained
2026-03-29 18:22:34.215 | AlertService | queryCallback type=SedentaryReminderSettingsObtained
2026-03-29 18:22:34.218 | AlertService | saveAlertSettings={"device_address":"D8:5C:08:30:00:1E","heart_rate":{"low_enabled":false,"low_threshold":50,"resting_enabled":false,"resting_threshold":150,"workout_enabled":false,"workout_threshold":175},"pending_sync":{"heart_rate":false,"relaxation_prompt":false,"sedentary_reminder":false,"sleep_reminder":false,"spo2":false},"pressure_mode":{"relaxation_prompt_enabled":false,"stress_monitoring_enabled":false},"sedentary_reminder":{"end_hour":18,"end_minute":0,"interval":60,"repeat_count":0,"start_hour":9,"start_minute":0,"status":false},"sleep_reminder":{"hour":0,"millisecond":0,"minute":0,"second":0,"status":false},"snapshots":{"heart_rate":{"continuous_heart_rate_mode":0,"frequency":5,"mode":0},"sedentary_reminder":{"end_noon_hour":0,"end_noon_minute":0,"no_disturb_in_launch":false,"start_noon_hour":0,"start_noon_minute":0}},"spo2":{"enabled":true,"threshold":90},"support":{"heart_rate":true,"high_stress_index":false,"relaxation_prompt":false,"sedentary_reminder":true,"sleep_reminder":false,"spo2":true,"wear_detection":false}}
2026-03-29 18:22:34.221 | AlertService | queryCallback type=AlertFeatureSupportObtained
2026-03-29 18:22:34.227 | AlertService | saveAlertSettings={"device_address":"D8:5C:08:30:00:1E","heart_rate":{"low_enabled":false,"low_threshold":50,"resting_enabled":false,"resting_threshold":150,"workout_enabled":false,"workout_threshold":175},"pending_sync":{"heart_rate":false,"relaxation_prompt":false,"sedentary_reminder":false,"sleep_reminder":false,"spo2":false},"pressure_mode":{"relaxation_prompt_enabled":false,"stress_monitoring_enabled":false},"sedentary_reminder":{"end_hour":18,"end_minute":0,"interval":60,"repeat_count":0,"start_hour":9,"start_minute":0,"status":false},"sleep_reminder":{"hour":0,"millisecond":0,"minute":0,"second":0,"status":false},"snapshots":{"heart_rate":{"continuous_heart_rate_mode":0,"frequency":5,"mode":0},"sedentary_reminder":{"end_noon_hour":0,"end_noon_minute":0,"no_disturb_in_launch":false,"start_noon_hour":0,"start_noon_minute":0}},"spo2":{"enabled":true,"threshold":90},"support":{"heart_rate":true,"high_stress_index":false,"relaxation_prompt":false,"sedentary_reminder":true,"sleep_reminder":false,"spo2":true,"wear_detection":false}}
2026-03-29 18:22:34.231 | AlertVM | handleQueryCallback type=SedentaryDataObtained
2026-03-29 18:22:34.233 | AlertVM | handleQueryCallback type=Default
2026-03-29 18:22:34.235 | AlertVM | handleQueryCallback type=SedentaryReminderSettingsObtained
2026-03-29 18:22:34.237 | AlertVM | sedentary query matchesStored=true pending=false phase=null
2026-03-29 18:22:34.239 | AlertVM | sedentary query value={"end_hour":0,"end_minute":0,"interval":0,"repeat_count":0,"start_hour":0,"start_minute":0,"status":false}
2026-03-29 18:22:34.240 | AlertVM | handleQueryCallback type=Default
2026-03-29 18:22:34.242 | AlertVM | handleQueryCallback type=AlertFeatureSupportObtained
2026-03-29 18:22:34.244 | AlertVM | support feature=SEDENTARY_REMINDER supported=true
2026-03-29 18:22:34.246 | AlertVM | handleQueryCallback type=Default
2026-03-29 18:22:34.608 | ZhQuery | onHeartRateMonitorResult={"continuousHeartRateMode":0,"frequency":5,"isSportWarning":false,"isWarning":false,"lowWarningValue":0,"mode":0,"sportWarningValue":0,"warningValue":220}
2026-03-29 18:22:34.610 | AlertService | queryCallback type=HeartRateAlertDataObtained
2026-03-29 18:22:34.612 | AlertService | queryCallback type=HeartRateAlertSettingsObtained
2026-03-29 18:22:34.618 | AlertService | saveAlertSettings={"device_address":"D8:5C:08:30:00:1E","heart_rate":{"low_enabled":false,"low_threshold":50,"resting_enabled":false,"resting_threshold":150,"workout_enabled":false,"workout_threshold":175},"pending_sync":{"heart_rate":false,"relaxation_prompt":false,"sedentary_reminder":false,"sleep_reminder":false,"spo2":false},"pressure_mode":{"relaxation_prompt_enabled":false,"stress_monitoring_enabled":false},"sedentary_reminder":{"end_hour":18,"end_minute":0,"interval":60,"repeat_count":0,"start_hour":9,"start_minute":0,"status":false},"sleep_reminder":{"hour":0,"millisecond":0,"minute":0,"second":0,"status":false},"snapshots":{"heart_rate":{"continuous_heart_rate_mode":0,"frequency":5,"mode":0},"sedentary_reminder":{"end_noon_hour":0,"end_noon_minute":0,"no_disturb_in_launch":false,"start_noon_hour":0,"start_noon_minute":0}},"spo2":{"enabled":true,"threshold":90},"support":{"heart_rate":true,"high_stress_index":false,"relaxation_prompt":false,"sedentary_reminder":true,"sleep_reminder":false,"spo2":true,"wear_detection":false}}
2026-03-29 18:22:34.620 | AlertService | queryCallback type=AlertFeatureSupportObtained
2026-03-29 18:22:34.623 | AlertService | saveAlertSettings={"device_address":"D8:5C:08:30:00:1E","heart_rate":{"low_enabled":false,"low_threshold":50,"resting_enabled":false,"resting_threshold":150,"workout_enabled":false,"workout_threshold":175},"pending_sync":{"heart_rate":false,"relaxation_prompt":false,"sedentary_reminder":false,"sleep_reminder":false,"spo2":false},"pressure_mode":{"relaxation_prompt_enabled":false,"stress_monitoring_enabled":false},"sedentary_reminder":{"end_hour":18,"end_minute":0,"interval":60,"repeat_count":0,"start_hour":9,"start_minute":0,"status":false},"sleep_reminder":{"hour":0,"millisecond":0,"minute":0,"second":0,"status":false},"snapshots":{"heart_rate":{"continuous_heart_rate_mode":0,"frequency":5,"mode":0},"sedentary_reminder":{"end_noon_hour":0,"end_noon_minute":0,"no_disturb_in_launch":false,"start_noon_hour":0,"start_noon_minute":0}},"spo2":{"enabled":true,"threshold":90},"support":{"heart_rate":true,"high_stress_index":false,"relaxation_prompt":false,"sedentary_reminder":true,"sleep_reminder":false,"spo2":true,"wear_detection":false}}
2026-03-29 18:22:34.624 | ZhQuery | getHeartRateAlertSettings state=SUCCEED
2026-03-29 18:22:34.627 | ZhQuery | getHeartRateAlertSettings state=SUCCEED
2026-03-29 18:22:34.628 | AlertVM | handleQueryCallback type=HeartRateAlertDataObtained
2026-03-29 18:22:34.629 | AlertVM | handleQueryCallback type=Default
2026-03-29 18:22:34.632 | AlertVM | handleQueryCallback type=HeartRateAlertSettingsObtained
2026-03-29 18:22:34.633 | AlertVM | heartRate query matchesStored=true pending=false phase=null
2026-03-29 18:22:34.635 | AlertVM | heartRate query value={"low_enabled":false,"low_threshold":0,"resting_enabled":false,"resting_threshold":220,"workout_enabled":false,"workout_threshold":0}
2026-03-29 18:22:34.637 | AlertVM | handleQueryCallback type=Default
2026-03-29 18:22:34.639 | AlertVM | handleQueryCallback type=AlertFeatureSupportObtained
2026-03-29 18:22:34.640 | AlertVM | support feature=HEART_RATE supported=true
2026-03-29 18:22:34.642 | AlertVM | handleQueryCallback type=Default
2026-03-29 18:22:34.908 | AlertService | queryCallback type=UpdateFirmwareLogStatus
2026-03-29 18:22:34.914 | AlertVM | handleQueryCallback type=UpdateFirmwareLogStatus
2026-03-29 18:22:34.915 | AlertVM | handleQueryCallback type=Default
2026-03-29 18:22:35.194 | ZhQuery | onSWSPO2Monitor={"isWarning":true,"warningValue":90}
2026-03-29 18:22:35.197 | AlertService | queryCallback type=Spo2AlertSettingsObtained
2026-03-29 18:22:35.198 | AlertService | saveAlertSettings={"device_address":"D8:5C:08:30:00:1E","heart_rate":{"low_enabled":false,"low_threshold":50,"resting_enabled":false,"resting_threshold":150,"workout_enabled":false,"workout_threshold":175},"pending_sync":{"heart_rate":false,"relaxation_prompt":false,"sedentary_reminder":false,"sleep_reminder":false,"spo2":false},"pressure_mode":{"relaxation_prompt_enabled":false,"stress_monitoring_enabled":false},"sedentary_reminder":{"end_hour":18,"end_minute":0,"interval":60,"repeat_count":0,"start_hour":9,"start_minute":0,"status":false},"sleep_reminder":{"hour":0,"millisecond":0,"minute":0,"second":0,"status":false},"snapshots":{"heart_rate":{"continuous_heart_rate_mode":0,"frequency":5,"mode":0},"sedentary_reminder":{"end_noon_hour":0,"end_noon_minute":0,"no_disturb_in_launch":false,"start_noon_hour":0,"start_noon_minute":0}},"spo2":{"enabled":true,"threshold":90},"support":{"heart_rate":true,"high_stress_index":false,"relaxation_prompt":false,"sedentary_reminder":true,"sleep_reminder":false,"spo2":true,"wear_detection":false}}
2026-03-29 18:22:35.200 | AlertService | queryCallback type=AlertFeatureSupportObtained
2026-03-29 18:22:35.201 | AlertService | saveAlertSettings={"device_address":"D8:5C:08:30:00:1E","heart_rate":{"low_enabled":false,"low_threshold":50,"resting_enabled":false,"resting_threshold":150,"workout_enabled":false,"workout_threshold":175},"pending_sync":{"heart_rate":false,"relaxation_prompt":false,"sedentary_reminder":false,"sleep_reminder":false,"spo2":false},"pressure_mode":{"relaxation_prompt_enabled":false,"stress_monitoring_enabled":false},"sedentary_reminder":{"end_hour":18,"end_minute":0,"interval":60,"repeat_count":0,"start_hour":9,"start_minute":0,"status":false},"sleep_reminder":{"hour":0,"millisecond":0,"minute":0,"second":0,"status":false},"snapshots":{"heart_rate":{"continuous_heart_rate_mode":0,"frequency":5,"mode":0},"sedentary_reminder":{"end_noon_hour":0,"end_noon_minute":0,"no_disturb_in_launch":false,"start_noon_hour":0,"start_noon_minute":0}},"spo2":{"enabled":true,"threshold":90},"support":{"heart_rate":true,"high_stress_index":false,"relaxation_prompt":false,"sedentary_reminder":true,"sleep_reminder":false,"spo2":true,"wear_detection":false}}
2026-03-29 18:22:35.207 | AlertVM | handleQueryCallback type=Spo2AlertSettingsObtained
2026-03-29 18:22:35.211 | AlertVM | spo2 query matchesStored=true pending=false phase=null
2026-03-29 18:22:35.213 | AlertVM | spo2 query value={"enabled":true,"threshold":90}
2026-03-29 18:22:35.214 | AlertVM | handleQueryCallback type=Default
2026-03-29 18:22:35.215 | AlertVM | handleQueryCallback type=AlertFeatureSupportObtained
2026-03-29 18:22:35.217 | AlertVM | support feature=SPO2 supported=true
2026-03-29 18:22:35.218 | AlertVM | handleQueryCallback type=Default
2026-03-29 18:22:35.811 | AlertService | queryCallback type=UpdateFirmwareLogStatus
2026-03-29 18:22:35.821 | AlertVM | handleQueryCallback type=UpdateFirmwareLogStatus
2026-03-29 18:22:35.824 | AlertVM | handleQueryCallback type=Default
2026-03-29 18:22:36.402 | ZhQuery | onSedentaryReminderResult={"drinkWater":0,"endNoonTime":{"hour":0,"millisecond":0,"minuter":0,"second":0},"endTime":{"hour":0,"millisecond":0,"minuter":0,"second":0},"frequency":0,"isOn":false,"noDisturbInLaunch":false,"startNoonTime":{"hour":0,"millisecond":0,"minuter":0,"second":0},"startTime":{"hour":0,"millisecond":0,"minuter":0,"second":0}}
2026-03-29 18:22:36.403 | AlertService | queryCallback type=SedentaryDataObtained
2026-03-29 18:22:36.405 | AlertService | queryCallback type=SedentaryReminderSettingsObtained
2026-03-29 18:22:36.407 | AlertService | saveAlertSettings={"device_address":"D8:5C:08:30:00:1E","heart_rate":{"low_enabled":false,"low_threshold":50,"resting_enabled":false,"resting_threshold":150,"workout_enabled":false,"workout_threshold":175},"pending_sync":{"heart_rate":false,"relaxation_prompt":false,"sedentary_reminder":false,"sleep_reminder":false,"spo2":false},"pressure_mode":{"relaxation_prompt_enabled":false,"stress_monitoring_enabled":false},"sedentary_reminder":{"end_hour":18,"end_minute":0,"interval":60,"repeat_count":0,"start_hour":9,"start_minute":0,"status":false},"sleep_reminder":{"hour":0,"millisecond":0,"minute":0,"second":0,"status":false},"snapshots":{"heart_rate":{"continuous_heart_rate_mode":0,"frequency":5,"mode":0},"sedentary_reminder":{"end_noon_hour":0,"end_noon_minute":0,"no_disturb_in_launch":false,"start_noon_hour":0,"start_noon_minute":0}},"spo2":{"enabled":true,"threshold":90},"support":{"heart_rate":true,"high_stress_index":false,"relaxation_prompt":false,"sedentary_reminder":true,"sleep_reminder":false,"spo2":true,"wear_detection":false}}
2026-03-29 18:22:36.408 | AlertService | queryCallback type=AlertFeatureSupportObtained
2026-03-29 18:22:36.410 | AlertService | saveAlertSettings={"device_address":"D8:5C:08:30:00:1E","heart_rate":{"low_enabled":false,"low_threshold":50,"resting_enabled":false,"resting_threshold":150,"workout_enabled":false,"workout_threshold":175},"pending_sync":{"heart_rate":false,"relaxation_prompt":false,"sedentary_reminder":false,"sleep_reminder":false,"spo2":false},"pressure_mode":{"relaxation_prompt_enabled":false,"stress_monitoring_enabled":false},"sedentary_reminder":{"end_hour":18,"end_minute":0,"interval":60,"repeat_count":0,"start_hour":9,"start_minute":0,"status":false},"sleep_reminder":{"hour":0,"millisecond":0,"minute":0,"second":0,"status":false},"snapshots":{"heart_rate":{"continuous_heart_rate_mode":0,"frequency":5,"mode":0},"sedentary_reminder":{"end_noon_hour":0,"end_noon_minute":0,"no_disturb_in_launch":false,"start_noon_hour":0,"start_noon_minute":0}},"spo2":{"enabled":true,"threshold":90},"support":{"heart_rate":true,"high_stress_index":false,"relaxation_prompt":false,"sedentary_reminder":true,"sleep_reminder":false,"spo2":true,"wear_detection":false}}
2026-03-29 18:22:36.414 | AlertVM | handleQueryCallback type=SedentaryDataObtained
2026-03-29 18:22:36.419 | AlertVM | handleQueryCallback type=Default
2026-03-29 18:22:36.420 | AlertVM | handleQueryCallback type=SedentaryReminderSettingsObtained
2026-03-29 18:22:36.421 | AlertVM | sedentary query matchesStored=true pending=false phase=null
2026-03-29 18:22:36.423 | AlertVM | sedentary query value={"end_hour":0,"end_minute":0,"interval":0,"repeat_count":0,"start_hour":0,"start_minute":0,"status":false}
2026-03-29 18:22:36.424 | AlertVM | handleQueryCallback type=Default
2026-03-29 18:22:36.426 | AlertVM | handleQueryCallback type=AlertFeatureSupportObtained
2026-03-29 18:22:36.427 | AlertVM | support feature=SEDENTARY_REMINDER supported=true
2026-03-29 18:22:36.429 | AlertVM | handleQueryCallback type=Default
2026-03-29 18:22:36.703 | AlertService | queryCallback type=UpdateFirmwareLogStatus
2026-03-29 18:22:36.709 | AlertVM | handleQueryCallback type=UpdateFirmwareLogStatus
2026-03-29 18:22:36.711 | AlertVM | handleQueryCallback type=Default
2026-03-29 18:22:37.297 | AlertService | queryCallback type=FirmwareVersionObtained
2026-03-29 18:22:37.302 | AlertService | queryCallback type=BatteryDataObtained
2026-03-29 18:22:37.305 | AlertVM | handleQueryCallback type=FirmwareVersionObtained
2026-03-29 18:22:37.306 | AlertVM | handleQueryCallback type=Default
2026-03-29 18:22:37.308 | AlertVM | handleQueryCallback type=BatteryDataObtained
2026-03-29 18:22:37.310 | AlertVM | handleQueryCallback type=Default
2026-03-29 18:22:37.708 | AlertService | queryCallback type=UpdateFirmwareLogStatus
2026-03-29 18:22:37.721 | AlertVM | handleQueryCallback type=UpdateFirmwareLogStatus
2026-03-29 18:22:37.726 | AlertVM | handleQueryCallback type=Default
2026-03-29 18:22:38.917 | AlertService | queryCallback type=UpdateFirmwareLogStatus
2026-03-29 18:22:38.923 | AlertVM | handleQueryCallback type=UpdateFirmwareLogStatus
2026-03-29 18:22:38.925 | AlertVM | handleQueryCallback type=Default
2026-03-29 18:22:39.178 | ZhQuery | onHeartRateMonitorResult={"continuousHeartRateMode":0,"frequency":5,"isSportWarning":false,"isWarning":false,"lowWarningValue":0,"mode":0,"sportWarningValue":0,"warningValue":220}
2026-03-29 18:22:39.180 | AlertService | queryCallback type=HeartRateAlertDataObtained
2026-03-29 18:22:39.182 | AlertService | queryCallback type=HeartRateAlertSettingsObtained
2026-03-29 18:22:39.183 | AlertService | saveAlertSettings={"device_address":"D8:5C:08:30:00:1E","heart_rate":{"low_enabled":false,"low_threshold":50,"resting_enabled":false,"resting_threshold":150,"workout_enabled":false,"workout_threshold":175},"pending_sync":{"heart_rate":false,"relaxation_prompt":false,"sedentary_reminder":false,"sleep_reminder":false,"spo2":false},"pressure_mode":{"relaxation_prompt_enabled":false,"stress_monitoring_enabled":false},"sedentary_reminder":{"end_hour":18,"end_minute":0,"interval":60,"repeat_count":0,"start_hour":9,"start_minute":0,"status":false},"sleep_reminder":{"hour":0,"millisecond":0,"minute":0,"second":0,"status":false},"snapshots":{"heart_rate":{"continuous_heart_rate_mode":0,"frequency":5,"mode":0},"sedentary_reminder":{"end_noon_hour":0,"end_noon_minute":0,"no_disturb_in_launch":false,"start_noon_hour":0,"start_noon_minute":0}},"spo2":{"enabled":true,"threshold":90},"support":{"heart_rate":true,"high_stress_index":false,"relaxation_prompt":false,"sedentary_reminder":true,"sleep_reminder":false,"spo2":true,"wear_detection":false}}
2026-03-29 18:22:39.185 | AlertService | queryCallback type=AlertFeatureSupportObtained
2026-03-29 18:22:39.187 | AlertService | saveAlertSettings={"device_address":"D8:5C:08:30:00:1E","heart_rate":{"low_enabled":false,"low_threshold":50,"resting_enabled":false,"resting_threshold":150,"workout_enabled":false,"workout_threshold":175},"pending_sync":{"heart_rate":false,"relaxation_prompt":false,"sedentary_reminder":false,"sleep_reminder":false,"spo2":false},"pressure_mode":{"relaxation_prompt_enabled":false,"stress_monitoring_enabled":false},"sedentary_reminder":{"end_hour":18,"end_minute":0,"interval":60,"repeat_count":0,"start_hour":9,"start_minute":0,"status":false},"sleep_reminder":{"hour":0,"millisecond":0,"minute":0,"second":0,"status":false},"snapshots":{"heart_rate":{"continuous_heart_rate_mode":0,"frequency":5,"mode":0},"sedentary_reminder":{"end_noon_hour":0,"end_noon_minute":0,"no_disturb_in_launch":false,"start_noon_hour":0,"start_noon_minute":0}},"spo2":{"enabled":true,"threshold":90},"support":{"heart_rate":true,"high_stress_index":false,"relaxation_prompt":false,"sedentary_reminder":true,"sleep_reminder":false,"spo2":true,"wear_detection":false}}
2026-03-29 18:22:39.189 | AlertVM | handleQueryCallback type=HeartRateAlertDataObtained
2026-03-29 18:22:39.190 | AlertVM | handleQueryCallback type=Default
2026-03-29 18:22:39.192 | AlertVM | handleQueryCallback type=HeartRateAlertSettingsObtained
2026-03-29 18:22:39.193 | AlertVM | heartRate query matchesStored=true pending=false phase=null
2026-03-29 18:22:39.196 | AlertVM | heartRate query value={"low_enabled":false,"low_threshold":0,"resting_enabled":false,"resting_threshold":220,"workout_enabled":false,"workout_threshold":0}
2026-03-29 18:22:39.198 | AlertVM | handleQueryCallback type=Default
2026-03-29 18:22:39.199 | AlertVM | handleQueryCallback type=AlertFeatureSupportObtained
2026-03-29 18:22:39.201 | AlertVM | support feature=HEART_RATE supported=true
2026-03-29 18:22:39.202 | AlertVM | handleQueryCallback type=Default
2026-03-29 18:22:39.504 | ZhQuery | onSWSPO2Monitor={"isWarning":true,"warningValue":90}
2026-03-29 18:22:39.506 | AlertService | queryCallback type=Spo2AlertSettingsObtained
2026-03-29 18:22:39.508 | AlertService | saveAlertSettings={"device_address":"D8:5C:08:30:00:1E","heart_rate":{"low_enabled":false,"low_threshold":50,"resting_enabled":false,"resting_threshold":150,"workout_enabled":false,"workout_threshold":175},"pending_sync":{"heart_rate":false,"relaxation_prompt":false,"sedentary_reminder":false,"sleep_reminder":false,"spo2":false},"pressure_mode":{"relaxation_prompt_enabled":false,"stress_monitoring_enabled":false},"sedentary_reminder":{"end_hour":18,"end_minute":0,"interval":60,"repeat_count":0,"start_hour":9,"start_minute":0,"status":false},"sleep_reminder":{"hour":0,"millisecond":0,"minute":0,"second":0,"status":false},"snapshots":{"heart_rate":{"continuous_heart_rate_mode":0,"frequency":5,"mode":0},"sedentary_reminder":{"end_noon_hour":0,"end_noon_minute":0,"no_disturb_in_launch":false,"start_noon_hour":0,"start_noon_minute":0}},"spo2":{"enabled":true,"threshold":90},"support":{"heart_rate":true,"high_stress_index":false,"relaxation_prompt":false,"sedentary_reminder":true,"sleep_reminder":false,"spo2":true,"wear_detection":false}}
2026-03-29 18:22:39.509 | AlertService | queryCallback type=AlertFeatureSupportObtained
2026-03-29 18:22:39.511 | AlertService | saveAlertSettings={"device_address":"D8:5C:08:30:00:1E","heart_rate":{"low_enabled":false,"low_threshold":50,"resting_enabled":false,"resting_threshold":150,"workout_enabled":false,"workout_threshold":175},"pending_sync":{"heart_rate":false,"relaxation_prompt":false,"sedentary_reminder":false,"sleep_reminder":false,"spo2":false},"pressure_mode":{"relaxation_prompt_enabled":false,"stress_monitoring_enabled":false},"sedentary_reminder":{"end_hour":18,"end_minute":0,"interval":60,"repeat_count":0,"start_hour":9,"start_minute":0,"status":false},"sleep_reminder":{"hour":0,"millisecond":0,"minute":0,"second":0,"status":false},"snapshots":{"heart_rate":{"continuous_heart_rate_mode":0,"frequency":5,"mode":0},"sedentary_reminder":{"end_noon_hour":0,"end_noon_minute":0,"no_disturb_in_launch":false,"start_noon_hour":0,"start_noon_minute":0}},"spo2":{"enabled":true,"threshold":90},"support":{"heart_rate":true,"high_stress_index":false,"relaxation_prompt":false,"sedentary_reminder":true,"sleep_reminder":false,"spo2":true,"wear_detection":false}}
2026-03-29 18:22:39.512 | AlertVM | handleQueryCallback type=Spo2AlertSettingsObtained
2026-03-29 18:22:39.514 | AlertVM | spo2 query matchesStored=true pending=false phase=null
2026-03-29 18:22:39.518 | AlertVM | spo2 query value={"enabled":true,"threshold":90}
2026-03-29 18:22:39.522 | AlertVM | handleQueryCallback type=Default
2026-03-29 18:22:39.524 | AlertVM | handleQueryCallback type=AlertFeatureSupportObtained
2026-03-29 18:22:39.527 | AlertVM | support feature=SPO2 supported=true
2026-03-29 18:22:39.529 | AlertVM | handleQueryCallback type=Default
2026-03-29 18:22:39.822 | AlertService | queryCallback type=UpdateFirmwareLogStatus
2026-03-29 18:22:39.829 | AlertVM | handleQueryCallback type=UpdateFirmwareLogStatus
2026-03-29 18:22:39.831 | AlertVM | handleQueryCallback type=Default
2026-03-29 18:22:40.761 | AlertService | queryCallback type=UpdateFirmwareLogStatus
2026-03-29 18:22:40.768 | AlertVM | handleQueryCallback type=UpdateFirmwareLogStatus
2026-03-29 18:22:40.770 | AlertVM | handleQueryCallback type=Default
2026-03-29 18:22:41.096 | ZhQuery | onSedentaryReminderResult={"drinkWater":0,"endNoonTime":{"hour":0,"millisecond":0,"minuter":0,"second":0},"endTime":{"hour":0,"millisecond":0,"minuter":0,"second":0},"frequency":0,"isOn":false,"noDisturbInLaunch":false,"startNoonTime":{"hour":0,"millisecond":0,"minuter":0,"second":0},"startTime":{"hour":0,"millisecond":0,"minuter":0,"second":0}}
2026-03-29 18:22:41.098 | AlertService | queryCallback type=SedentaryDataObtained
2026-03-29 18:22:41.100 | AlertService | queryCallback type=SedentaryReminderSettingsObtained
2026-03-29 18:22:41.104 | AlertService | saveAlertSettings={"device_address":"D8:5C:08:30:00:1E","heart_rate":{"low_enabled":false,"low_threshold":50,"resting_enabled":false,"resting_threshold":150,"workout_enabled":false,"workout_threshold":175},"pending_sync":{"heart_rate":false,"relaxation_prompt":false,"sedentary_reminder":false,"sleep_reminder":false,"spo2":false},"pressure_mode":{"relaxation_prompt_enabled":false,"stress_monitoring_enabled":false},"sedentary_reminder":{"end_hour":18,"end_minute":0,"interval":60,"repeat_count":0,"start_hour":9,"start_minute":0,"status":false},"sleep_reminder":{"hour":0,"millisecond":0,"minute":0,"second":0,"status":false},"snapshots":{"heart_rate":{"continuous_heart_rate_mode":0,"frequency":5,"mode":0},"sedentary_reminder":{"end_noon_hour":0,"end_noon_minute":0,"no_disturb_in_launch":false,"start_noon_hour":0,"start_noon_minute":0}},"spo2":{"enabled":true,"threshold":90},"support":{"heart_rate":true,"high_stress_index":false,"relaxation_prompt":false,"sedentary_reminder":true,"sleep_reminder":false,"spo2":true,"wear_detection":false}}
2026-03-29 18:22:41.106 | AlertService | queryCallback type=AlertFeatureSupportObtained
2026-03-29 18:22:41.110 | AlertService | saveAlertSettings={"device_address":"D8:5C:08:30:00:1E","heart_rate":{"low_enabled":false,"low_threshold":50,"resting_enabled":false,"resting_threshold":150,"workout_enabled":false,"workout_threshold":175},"pending_sync":{"heart_rate":false,"relaxation_prompt":false,"sedentary_reminder":false,"sleep_reminder":false,"spo2":false},"pressure_mode":{"relaxation_prompt_enabled":false,"stress_monitoring_enabled":false},"sedentary_reminder":{"end_hour":18,"end_minute":0,"interval":60,"repeat_count":0,"start_hour":9,"start_minute":0,"status":false},"sleep_reminder":{"hour":0,"millisecond":0,"minute":0,"second":0,"status":false},"snapshots":{"heart_rate":{"continuous_heart_rate_mode":0,"frequency":5,"mode":0},"sedentary_reminder":{"end_noon_hour":0,"end_noon_minute":0,"no_disturb_in_launch":false,"start_noon_hour":0,"start_noon_minute":0}},"spo2":{"enabled":true,"threshold":90},"support":{"heart_rate":true,"high_stress_index":false,"relaxation_prompt":false,"sedentary_reminder":true,"sleep_reminder":false,"spo2":true,"wear_detection":false}}
2026-03-29 18:22:41.111 | AlertVM | handleQueryCallback type=SedentaryDataObtained
2026-03-29 18:22:41.113 | AlertVM | handleQueryCallback type=Default
2026-03-29 18:22:41.115 | AlertVM | handleQueryCallback type=SedentaryReminderSettingsObtained
2026-03-29 18:22:41.116 | AlertVM | sedentary query matchesStored=true pending=false phase=null
2026-03-29 18:22:41.118 | AlertVM | sedentary query value={"end_hour":0,"end_minute":0,"interval":0,"repeat_count":0,"start_hour":0,"start_minute":0,"status":false}
2026-03-29 18:22:41.120 | AlertVM | handleQueryCallback type=Default
2026-03-29 18:22:41.121 | AlertVM | handleQueryCallback type=AlertFeatureSupportObtained
2026-03-29 18:22:41.123 | AlertVM | support feature=SEDENTARY_REMINDER supported=true
2026-03-29 18:22:41.124 | AlertVM | handleQueryCallback type=Default
2026-03-29 18:22:41.390 | ZhQuery | onHeartRateMonitorResult={"continuousHeartRateMode":0,"frequency":5,"isSportWarning":false,"isWarning":false,"lowWarningValue":0,"mode":0,"sportWarningValue":0,"warningValue":220}
2026-03-29 18:22:41.392 | AlertService | queryCallback type=HeartRateAlertDataObtained
2026-03-29 18:22:41.394 | AlertService | queryCallback type=HeartRateAlertSettingsObtained
2026-03-29 18:22:41.395 | AlertService | saveAlertSettings={"device_address":"D8:5C:08:30:00:1E","heart_rate":{"low_enabled":false,"low_threshold":50,"resting_enabled":false,"resting_threshold":150,"workout_enabled":false,"workout_threshold":175},"pending_sync":{"heart_rate":false,"relaxation_prompt":false,"sedentary_reminder":false,"sleep_reminder":false,"spo2":false},"pressure_mode":{"relaxation_prompt_enabled":false,"stress_monitoring_enabled":false},"sedentary_reminder":{"end_hour":18,"end_minute":0,"interval":60,"repeat_count":0,"start_hour":9,"start_minute":0,"status":false},"sleep_reminder":{"hour":0,"millisecond":0,"minute":0,"second":0,"status":false},"snapshots":{"heart_rate":{"continuous_heart_rate_mode":0,"frequency":5,"mode":0},"sedentary_reminder":{"end_noon_hour":0,"end_noon_minute":0,"no_disturb_in_launch":false,"start_noon_hour":0,"start_noon_minute":0}},"spo2":{"enabled":true,"threshold":90},"support":{"heart_rate":true,"high_stress_index":false,"relaxation_prompt":false,"sedentary_reminder":true,"sleep_reminder":false,"spo2":true,"wear_detection":false}}
2026-03-29 18:22:41.407 | AlertService | queryCallback type=AlertFeatureSupportObtained
2026-03-29 18:22:41.408 | AlertService | saveAlertSettings={"device_address":"D8:5C:08:30:00:1E","heart_rate":{"low_enabled":false,"low_threshold":50,"resting_enabled":false,"resting_threshold":150,"workout_enabled":false,"workout_threshold":175},"pending_sync":{"heart_rate":false,"relaxation_prompt":false,"sedentary_reminder":false,"sleep_reminder":false,"spo2":false},"pressure_mode":{"relaxation_prompt_enabled":false,"stress_monitoring_enabled":false},"sedentary_reminder":{"end_hour":18,"end_minute":0,"interval":60,"repeat_count":0,"start_hour":9,"start_minute":0,"status":false},"sleep_reminder":{"hour":0,"millisecond":0,"minute":0,"second":0,"status":false},"snapshots":{"heart_rate":{"continuous_heart_rate_mode":0,"frequency":5,"mode":0},"sedentary_reminder":{"end_noon_hour":0,"end_noon_minute":0,"no_disturb_in_launch":false,"start_noon_hour":0,"start_noon_minute":0}},"spo2":{"enabled":true,"threshold":90},"support":{"heart_rate":true,"high_stress_index":false,"relaxation_prompt":false,"sedentary_reminder":true,"sleep_reminder":false,"spo2":true,"wear_detection":false}}
2026-03-29 18:22:41.410 | AlertVM | handleQueryCallback type=HeartRateAlertDataObtained
2026-03-29 18:22:41.411 | AlertVM | handleQueryCallback type=Default
2026-03-29 18:22:41.412 | AlertVM | handleQueryCallback type=HeartRateAlertSettingsObtained
2026-03-29 18:22:41.414 | AlertVM | heartRate query matchesStored=true pending=false phase=null
2026-03-29 18:22:41.415 | AlertVM | heartRate query value={"low_enabled":false,"low_threshold":0,"resting_enabled":false,"resting_threshold":220,"workout_enabled":false,"workout_threshold":0}
2026-03-29 18:22:41.417 | AlertVM | handleQueryCallback type=Default
2026-03-29 18:22:41.418 | AlertVM | handleQueryCallback type=AlertFeatureSupportObtained
2026-03-29 18:22:41.420 | AlertVM | support feature=HEART_RATE supported=true
2026-03-29 18:22:41.422 | AlertVM | handleQueryCallback type=Default
2026-03-29 18:22:41.713 | AlertService | queryCallback type=UpdateFirmwareLogStatus
2026-03-29 18:22:41.716 | AlertVM | handleQueryCallback type=UpdateFirmwareLogStatus
2026-03-29 18:22:41.718 | AlertVM | handleQueryCallback type=Default
2026-03-29 18:22:41.884 | ZhQuery | onSWSPO2Monitor={"isWarning":true,"warningValue":90}
2026-03-29 18:22:41.885 | AlertService | queryCallback type=Spo2AlertSettingsObtained
2026-03-29 18:22:41.887 | AlertService | saveAlertSettings={"device_address":"D8:5C:08:30:00:1E","heart_rate":{"low_enabled":false,"low_threshold":50,"resting_enabled":false,"resting_threshold":150,"workout_enabled":false,"workout_threshold":175},"pending_sync":{"heart_rate":false,"relaxation_prompt":false,"sedentary_reminder":false,"sleep_reminder":false,"spo2":false},"pressure_mode":{"relaxation_prompt_enabled":false,"stress_monitoring_enabled":false},"sedentary_reminder":{"end_hour":18,"end_minute":0,"interval":60,"repeat_count":0,"start_hour":9,"start_minute":0,"status":false},"sleep_reminder":{"hour":0,"millisecond":0,"minute":0,"second":0,"status":false},"snapshots":{"heart_rate":{"continuous_heart_rate_mode":0,"frequency":5,"mode":0},"sedentary_reminder":{"end_noon_hour":0,"end_noon_minute":0,"no_disturb_in_launch":false,"start_noon_hour":0,"start_noon_minute":0}},"spo2":{"enabled":true,"threshold":90},"support":{"heart_rate":true,"high_stress_index":false,"relaxation_prompt":false,"sedentary_reminder":true,"sleep_reminder":false,"spo2":true,"wear_detection":false}}
2026-03-29 18:22:41.889 | AlertService | queryCallback type=AlertFeatureSupportObtained
2026-03-29 18:22:41.890 | AlertService | saveAlertSettings={"device_address":"D8:5C:08:30:00:1E","heart_rate":{"low_enabled":false,"low_threshold":50,"resting_enabled":false,"resting_threshold":150,"workout_enabled":false,"workout_threshold":175},"pending_sync":{"heart_rate":false,"relaxation_prompt":false,"sedentary_reminder":false,"sleep_reminder":false,"spo2":false},"pressure_mode":{"relaxation_prompt_enabled":false,"stress_monitoring_enabled":false},"sedentary_reminder":{"end_hour":18,"end_minute":0,"interval":60,"repeat_count":0,"start_hour":9,"start_minute":0,"status":false},"sleep_reminder":{"hour":0,"millisecond":0,"minute":0,"second":0,"status":false},"snapshots":{"heart_rate":{"continuous_heart_rate_mode":0,"frequency":5,"mode":0},"sedentary_reminder":{"end_noon_hour":0,"end_noon_minute":0,"no_disturb_in_launch":false,"start_noon_hour":0,"start_noon_minute":0}},"spo2":{"enabled":true,"threshold":90},"support":{"heart_rate":true,"high_stress_index":false,"relaxation_prompt":false,"sedentary_reminder":true,"sleep_reminder":false,"spo2":true,"wear_detection":false}}
2026-03-29 18:22:41.893 | AlertVM | handleQueryCallback type=Spo2AlertSettingsObtained
2026-03-29 18:22:41.895 | AlertVM | spo2 query matchesStored=true pending=false phase=null
2026-03-29 18:22:41.897 | AlertVM | spo2 query value={"enabled":true,"threshold":90}
2026-03-29 18:22:41.899 | AlertVM | handleQueryCallback type=Default
2026-03-29 18:22:41.902 | AlertVM | handleQueryCallback type=AlertFeatureSupportObtained
2026-03-29 18:22:41.904 | AlertVM | support feature=SPO2 supported=true
2026-03-29 18:22:41.905 | AlertVM | handleQueryCallback type=Default
2026-03-29 18:22:42.782 | AlertService | queryCallback type=UpdateFirmwareLogStatus
2026-03-29 18:22:42.786 | AlertVM | handleQueryCallback type=UpdateFirmwareLogStatus
2026-03-29 18:22:42.790 | AlertVM | handleQueryCallback type=Default
2026-03-29 18:22:43.059 | ZhQuery | onSedentaryReminderResult={"drinkWater":0,"endNoonTime":{"hour":0,"millisecond":0,"minuter":0,"second":0},"endTime":{"hour":0,"millisecond":0,"minuter":0,"second":0},"frequency":0,"isOn":false,"noDisturbInLaunch":false,"startNoonTime":{"hour":0,"millisecond":0,"minuter":0,"second":0},"startTime":{"hour":0,"millisecond":0,"minuter":0,"second":0}}
2026-03-29 18:22:43.061 | AlertService | queryCallback type=SedentaryDataObtained
2026-03-29 18:22:43.062 | AlertService | queryCallback type=SedentaryReminderSettingsObtained
2026-03-29 18:22:43.064 | AlertService | saveAlertSettings={"device_address":"D8:5C:08:30:00:1E","heart_rate":{"low_enabled":false,"low_threshold":50,"resting_enabled":false,"resting_threshold":150,"workout_enabled":false,"workout_threshold":175},"pending_sync":{"heart_rate":false,"relaxation_prompt":false,"sedentary_reminder":false,"sleep_reminder":false,"spo2":false},"pressure_mode":{"relaxation_prompt_enabled":false,"stress_monitoring_enabled":false},"sedentary_reminder":{"end_hour":18,"end_minute":0,"interval":60,"repeat_count":0,"start_hour":9,"start_minute":0,"status":false},"sleep_reminder":{"hour":0,"millisecond":0,"minute":0,"second":0,"status":false},"snapshots":{"heart_rate":{"continuous_heart_rate_mode":0,"frequency":5,"mode":0},"sedentary_reminder":{"end_noon_hour":0,"end_noon_minute":0,"no_disturb_in_launch":false,"start_noon_hour":0,"start_noon_minute":0}},"spo2":{"enabled":true,"threshold":90},"support":{"heart_rate":true,"high_stress_index":false,"relaxation_prompt":false,"sedentary_reminder":true,"sleep_reminder":false,"spo2":true,"wear_detection":false}}
2026-03-29 18:22:43.065 | AlertService | queryCallback type=AlertFeatureSupportObtained
2026-03-29 18:22:43.070 | AlertService | saveAlertSettings={"device_address":"D8:5C:08:30:00:1E","heart_rate":{"low_enabled":false,"low_threshold":50,"resting_enabled":false,"resting_threshold":150,"workout_enabled":false,"workout_threshold":175},"pending_sync":{"heart_rate":false,"relaxation_prompt":false,"sedentary_reminder":false,"sleep_reminder":false,"spo2":false},"pressure_mode":{"relaxation_prompt_enabled":false,"stress_monitoring_enabled":false},"sedentary_reminder":{"end_hour":18,"end_minute":0,"interval":60,"repeat_count":0,"start_hour":9,"start_minute":0,"status":false},"sleep_reminder":{"hour":0,"millisecond":0,"minute":0,"second":0,"status":false},"snapshots":{"heart_rate":{"continuous_heart_rate_mode":0,"frequency":5,"mode":0},"sedentary_reminder":{"end_noon_hour":0,"end_noon_minute":0,"no_disturb_in_launch":false,"start_noon_hour":0,"start_noon_minute":0}},"spo2":{"enabled":true,"threshold":90},"support":{"heart_rate":true,"high_stress_index":false,"relaxation_prompt":false,"sedentary_reminder":true,"sleep_reminder":false,"spo2":true,"wear_detection":false}}
2026-03-29 18:22:43.072 | AlertVM | handleQueryCallback type=SedentaryDataObtained
2026-03-29 18:22:43.073 | AlertVM | handleQueryCallback type=Default
2026-03-29 18:22:43.075 | AlertVM | handleQueryCallback type=SedentaryReminderSettingsObtained
2026-03-29 18:22:43.077 | AlertVM | sedentary query matchesStored=true pending=false phase=null
2026-03-29 18:22:43.080 | AlertVM | sedentary query value={"end_hour":0,"end_minute":0,"interval":0,"repeat_count":0,"start_hour":0,"start_minute":0,"status":false}
2026-03-29 18:22:43.081 | AlertVM | handleQueryCallback type=Default
2026-03-29 18:22:43.082 | AlertVM | handleQueryCallback type=AlertFeatureSupportObtained
2026-03-29 18:22:43.084 | AlertVM | support feature=SEDENTARY_REMINDER supported=true
2026-03-29 18:22:43.085 | AlertVM | handleQueryCallback type=Default
2026-03-29 18:22:43.735 | AlertService | queryCallback type=UpdateFirmwareLogStatus
2026-03-29 18:22:43.743 | AlertVM | handleQueryCallback type=UpdateFirmwareLogStatus
2026-03-29 18:22:43.745 | AlertVM | handleQueryCallback type=Default
2026-03-29 18:22:44.805 | AlertService | queryCallback type=UpdateFirmwareLogStatus
2026-03-29 18:22:44.810 | AlertVM | handleQueryCallback type=UpdateFirmwareLogStatus
2026-03-29 18:22:44.812 | AlertVM | handleQueryCallback type=Default
2026-03-29 18:22:45.716 | AlertService | queryCallback type=UpdateFirmwareLogStatus
2026-03-29 18:22:45.719 | AlertVM | handleQueryCallback type=UpdateFirmwareLogStatus
2026-03-29 18:22:45.720 | AlertVM | handleQueryCallback type=Default
2026-03-29 18:22:46.844 | AlertService | queryCallback type=UpdateFirmwareLogStatus
2026-03-29 18:22:46.854 | AlertVM | handleQueryCallback type=UpdateFirmwareLogStatus
2026-03-29 18:22:46.856 | AlertVM | handleQueryCallback type=Default
2026-03-29 18:22:48.067 | AlertService | queryCallback type=UpdateFirmwareLogStatus
2026-03-29 18:22:48.796 | AlertService | queryCallback type=UpdateFirmwareLogStatus
2026-03-29 18:22:49.746 | AlertService | queryCallback type=UpdateFirmwareLogStatus
2026-03-29 18:22:50.891 | AlertService | queryCallback type=UpdateFirmwareLogStatus
2026-03-29 18:22:51.265 | AlertService | queryCallback type=BatteryDataObtained
2026-03-29 18:22:51.923 | AlertService | queryCallback type=UpdateFirmwareLogStatus
2026-03-29 18:22:52.724 | AlertService | queryCallback type=UpdateFirmwareLogStatus
2026-03-29 18:22:53.909 | AlertService | queryCallback type=UpdateFirmwareLogStatus
2026-03-29 18:22:55.521 | AlertService | queryCallback type=UpdateFirmwareLogStatus
2026-03-29 18:22:56.121 | AlertService | queryCallback type=UpdateFirmwareLogStatus
2026-03-29 18:22:56.512 | AlertService | queryCallback type=UpdateFirmwareLogStatus
2026-03-29 18:22:57.467 | AlertService | queryCallback type=UpdateFirmwareLogStatus
2026-03-29 18:22:58.416 | AlertService | queryCallback type=UpdateFirmwareLogStatus
2026-03-29 18:22:59.482 | AlertService | queryCallback type=UpdateFirmwareLogStatus
2026-03-29 18:23:00.385 | AlertService | queryCallback type=UpdateFirmwareLogStatus
2026-03-29 18:23:01.431 | AlertService | queryCallback type=UpdateFirmwareLogStatus
2026-03-29 18:23:01.714 | AlertUI | BlankTestFragment alert panel initialized
2026-03-29 18:23:01.716 | AlertVM | handleQueryCallback type=Default
2026-03-29 18:23:01.717 | AlertVM | onConnectedStateChanged state=ConnectSuccess
2026-03-29 18:23:01.719 | AlertVM | refreshFromBand dispatching alert queries
2026-03-29 18:23:01.720 | AlertVM | loadState={"device_address":"D8:5C:08:30:00:1E","heart_rate":{"low_enabled":false,"low_threshold":50,"resting_enabled":false,"resting_threshold":150,"workout_enabled":false,"workout_threshold":175},"pending_sync":{"heart_rate":false,"relaxation_prompt":false,"sedentary_reminder":false,"sleep_reminder":false,"spo2":false},"pressure_mode":{"relaxation_prompt_enabled":false,"stress_monitoring_enabled":false},"sedentary_reminder":{"end_hour":18,"end_minute":0,"interval":60,"repeat_count":0,"start_hour":9,"start_minute":0,"status":false},"sleep_reminder":{"hour":0,"millisecond":0,"minute":0,"second":0,"status":false},"snapshots":{"heart_rate":{"continuous_heart_rate_mode":0,"frequency":5,"mode":0},"sedentary_reminder":{"end_noon_hour":0,"end_noon_minute":0,"no_disturb_in_launch":false,"start_noon_hour":0,"start_noon_minute":0}},"spo2":{"enabled":true,"threshold":90},"support":{"heart_rate":true,"high_stress_index":false,"relaxation_prompt":false,"sedentary_reminder":true,"sleep_reminder":false,"spo2":true,"wear_detection":false}}
2026-03-29 18:23:01.802 | ZhQuery | getHeartRateAlertSettings dispatched
2026-03-29 18:23:01.803 | ZhQuery | getSpo2AlertSettings dispatched
2026-03-29 18:23:01.805 | ZhQuery | getPressureModeSettings dispatched
2026-03-29 18:23:01.806 | ZhQuery | getSleepReminder dispatched
2026-03-29 18:23:01.831 | AlertVM | refreshFromBand dispatching alert queries
2026-03-29 18:23:01.856 | ZhQuery | getHeartRateAlertSettings dispatched
2026-03-29 18:23:01.863 | ZhQuery | getSpo2AlertSettings dispatched
2026-03-29 18:23:01.864 | ZhQuery | getPressureModeSettings dispatched
2026-03-29 18:23:01.867 | ZhQuery | getSleepReminder dispatched
2026-03-29 18:23:02.812 | AlertService | queryCallback type=UpdateFirmwareLogStatus
2026-03-29 18:23:02.819 | AlertVM | handleQueryCallback type=UpdateFirmwareLogStatus
2026-03-29 18:23:02.822 | AlertVM | handleQueryCallback type=Default
2026-03-29 18:23:03.706 | AlertService | queryCallback type=UpdateFirmwareLogStatus
2026-03-29 18:23:03.714 | AlertVM | handleQueryCallback type=UpdateFirmwareLogStatus
2026-03-29 18:23:03.716 | AlertVM | handleQueryCallback type=Default
2026-03-29 18:23:04.703 | AlertService | queryCallback type=UpdateFirmwareLogStatus
2026-03-29 18:23:04.727 | AlertVM | handleQueryCallback type=UpdateFirmwareLogStatus
2026-03-29 18:23:04.730 | AlertVM | handleQueryCallback type=Default
2026-03-29 18:23:05.471 | AlertService | queryCallback type=UpdateFirmwareLogStatus
2026-03-29 18:23:05.488 | AlertVM | handleQueryCallback type=UpdateFirmwareLogStatus
2026-03-29 18:23:05.490 | AlertVM | handleQueryCallback type=Default
2026-03-29 18:23:05.748 | ZhQuery | onHeartRateMonitorResult={"continuousHeartRateMode":0,"frequency":5,"isSportWarning":false,"isWarning":false,"lowWarningValue":0,"mode":0,"sportWarningValue":0,"warningValue":220}
2026-03-29 18:23:05.751 | AlertService | queryCallback type=HeartRateAlertDataObtained
2026-03-29 18:23:05.757 | AlertService | queryCallback type=HeartRateAlertSettingsObtained
2026-03-29 18:23:05.760 | AlertService | saveAlertSettings={"device_address":"D8:5C:08:30:00:1E","heart_rate":{"low_enabled":false,"low_threshold":50,"resting_enabled":false,"resting_threshold":150,"workout_enabled":false,"workout_threshold":175},"pending_sync":{"heart_rate":false,"relaxation_prompt":false,"sedentary_reminder":false,"sleep_reminder":false,"spo2":false},"pressure_mode":{"relaxation_prompt_enabled":false,"stress_monitoring_enabled":false},"sedentary_reminder":{"end_hour":18,"end_minute":0,"interval":60,"repeat_count":0,"start_hour":9,"start_minute":0,"status":false},"sleep_reminder":{"hour":0,"millisecond":0,"minute":0,"second":0,"status":false},"snapshots":{"heart_rate":{"continuous_heart_rate_mode":0,"frequency":5,"mode":0},"sedentary_reminder":{"end_noon_hour":0,"end_noon_minute":0,"no_disturb_in_launch":false,"start_noon_hour":0,"start_noon_minute":0}},"spo2":{"enabled":true,"threshold":90},"support":{"heart_rate":true,"high_stress_index":false,"relaxation_prompt":false,"sedentary_reminder":true,"sleep_reminder":false,"spo2":true,"wear_detection":false}}
2026-03-29 18:23:05.766 | AlertService | queryCallback type=AlertFeatureSupportObtained
2026-03-29 18:23:05.773 | AlertService | saveAlertSettings={"device_address":"D8:5C:08:30:00:1E","heart_rate":{"low_enabled":false,"low_threshold":50,"resting_enabled":false,"resting_threshold":150,"workout_enabled":false,"workout_threshold":175},"pending_sync":{"heart_rate":false,"relaxation_prompt":false,"sedentary_reminder":false,"sleep_reminder":false,"spo2":false},"pressure_mode":{"relaxation_prompt_enabled":false,"stress_monitoring_enabled":false},"sedentary_reminder":{"end_hour":18,"end_minute":0,"interval":60,"repeat_count":0,"start_hour":9,"start_minute":0,"status":false},"sleep_reminder":{"hour":0,"millisecond":0,"minute":0,"second":0,"status":false},"snapshots":{"heart_rate":{"continuous_heart_rate_mode":0,"frequency":5,"mode":0},"sedentary_reminder":{"end_noon_hour":0,"end_noon_minute":0,"no_disturb_in_launch":false,"start_noon_hour":0,"start_noon_minute":0}},"spo2":{"enabled":true,"threshold":90},"support":{"heart_rate":true,"high_stress_index":false,"relaxation_prompt":false,"sedentary_reminder":true,"sleep_reminder":false,"spo2":true,"wear_detection":false}}
2026-03-29 18:23:05.775 | ZhQuery | getHeartRateAlertSettings state=SUCCEED
2026-03-29 18:23:05.777 | ZhQuery | getHeartRateAlertSettings state=SUCCEED
2026-03-29 18:23:05.779 | AlertVM | handleQueryCallback type=HeartRateAlertDataObtained
2026-03-29 18:23:05.781 | AlertVM | handleQueryCallback type=Default
2026-03-29 18:23:05.783 | AlertVM | handleQueryCallback type=HeartRateAlertSettingsObtained
2026-03-29 18:23:05.784 | AlertVM | heartRate query matchesStored=true pending=false phase=null
2026-03-29 18:23:05.786 | AlertVM | heartRate query value={"low_enabled":false,"low_threshold":0,"resting_enabled":false,"resting_threshold":220,"workout_enabled":false,"workout_threshold":0}
2026-03-29 18:23:05.787 | AlertVM | handleQueryCallback type=Default
2026-03-29 18:23:05.789 | AlertVM | handleQueryCallback type=AlertFeatureSupportObtained
2026-03-29 18:23:05.790 | AlertVM | support feature=HEART_RATE supported=true
2026-03-29 18:23:05.791 | AlertVM | handleQueryCallback type=Default
2026-03-29 18:23:06.072 | ZhQuery | onSWSPO2Monitor={"isWarning":true,"warningValue":90}
2026-03-29 18:23:06.077 | AlertService | queryCallback type=Spo2AlertSettingsObtained
2026-03-29 18:23:06.079 | AlertService | saveAlertSettings={"device_address":"D8:5C:08:30:00:1E","heart_rate":{"low_enabled":false,"low_threshold":50,"resting_enabled":false,"resting_threshold":150,"workout_enabled":false,"workout_threshold":175},"pending_sync":{"heart_rate":false,"relaxation_prompt":false,"sedentary_reminder":false,"sleep_reminder":false,"spo2":false},"pressure_mode":{"relaxation_prompt_enabled":false,"stress_monitoring_enabled":false},"sedentary_reminder":{"end_hour":18,"end_minute":0,"interval":60,"repeat_count":0,"start_hour":9,"start_minute":0,"status":false},"sleep_reminder":{"hour":0,"millisecond":0,"minute":0,"second":0,"status":false},"snapshots":{"heart_rate":{"continuous_heart_rate_mode":0,"frequency":5,"mode":0},"sedentary_reminder":{"end_noon_hour":0,"end_noon_minute":0,"no_disturb_in_launch":false,"start_noon_hour":0,"start_noon_minute":0}},"spo2":{"enabled":true,"threshold":90},"support":{"heart_rate":true,"high_stress_index":false,"relaxation_prompt":false,"sedentary_reminder":true,"sleep_reminder":false,"spo2":true,"wear_detection":false}}
2026-03-29 18:23:06.082 | AlertService | queryCallback type=AlertFeatureSupportObtained
2026-03-29 18:23:06.089 | AlertService | saveAlertSettings={"device_address":"D8:5C:08:30:00:1E","heart_rate":{"low_enabled":false,"low_threshold":50,"resting_enabled":false,"resting_threshold":150,"workout_enabled":false,"workout_threshold":175},"pending_sync":{"heart_rate":false,"relaxation_prompt":false,"sedentary_reminder":false,"sleep_reminder":false,"spo2":false},"pressure_mode":{"relaxation_prompt_enabled":false,"stress_monitoring_enabled":false},"sedentary_reminder":{"end_hour":18,"end_minute":0,"interval":60,"repeat_count":0,"start_hour":9,"start_minute":0,"status":false},"sleep_reminder":{"hour":0,"millisecond":0,"minute":0,"second":0,"status":false},"snapshots":{"heart_rate":{"continuous_heart_rate_mode":0,"frequency":5,"mode":0},"sedentary_reminder":{"end_noon_hour":0,"end_noon_minute":0,"no_disturb_in_launch":false,"start_noon_hour":0,"start_noon_minute":0}},"spo2":{"enabled":true,"threshold":90},"support":{"heart_rate":true,"high_stress_index":false,"relaxation_prompt":false,"sedentary_reminder":true,"sleep_reminder":false,"spo2":true,"wear_detection":false}}
2026-03-29 18:23:06.091 | ZhQuery | getSpo2AlertSettings state=SUCCEED
2026-03-29 18:23:06.093 | ZhQuery | getSpo2AlertSettings state=SUCCEED
2026-03-29 18:23:06.095 | AlertVM | handleQueryCallback type=Spo2AlertSettingsObtained
2026-03-29 18:23:06.097 | AlertVM | spo2 query matchesStored=true pending=false phase=null
2026-03-29 18:23:06.099 | AlertVM | spo2 query value={"enabled":true,"threshold":90}
2026-03-29 18:23:06.101 | AlertVM | handleQueryCallback type=Default
2026-03-29 18:23:06.102 | AlertVM | handleQueryCallback type=AlertFeatureSupportObtained
2026-03-29 18:23:06.104 | AlertVM | support feature=SPO2 supported=true
2026-03-29 18:23:06.105 | AlertVM | handleQueryCallback type=Default
2026-03-29 18:23:06.397 | AlertService | queryCallback type=UpdateFirmwareLogStatus
2026-03-29 18:23:06.414 | AlertVM | handleQueryCallback type=UpdateFirmwareLogStatus
2026-03-29 18:23:06.416 | AlertVM | handleQueryCallback type=Default
2026-03-29 18:23:06.790 | ZhQuery | getPressureModeSettings state=NOT_SUPPORT
2026-03-29 18:23:06.793 | AlertService | queryCallback type=AlertFeatureSupportObtained
2026-03-29 18:23:06.797 | AlertService | onAlertFeatureUnsupported feature=RELAXATION_PROMPT
2026-03-29 18:23:06.802 | AlertService | saveAlertSettings={"device_address":"D8:5C:08:30:00:1E","heart_rate":{"low_enabled":false,"low_threshold":50,"resting_enabled":false,"resting_threshold":150,"workout_enabled":false,"workout_threshold":175},"pending_sync":{"heart_rate":false,"relaxation_prompt":false,"sedentary_reminder":false,"sleep_reminder":false,"spo2":false},"pressure_mode":{"relaxation_prompt_enabled":false,"stress_monitoring_enabled":false},"sedentary_reminder":{"end_hour":18,"end_minute":0,"interval":60,"repeat_count":0,"start_hour":9,"start_minute":0,"status":false},"sleep_reminder":{"hour":0,"millisecond":0,"minute":0,"second":0,"status":false},"snapshots":{"heart_rate":{"continuous_heart_rate_mode":0,"frequency":5,"mode":0},"sedentary_reminder":{"end_noon_hour":0,"end_noon_minute":0,"no_disturb_in_launch":false,"start_noon_hour":0,"start_noon_minute":0}},"spo2":{"enabled":true,"threshold":90},"support":{"heart_rate":true,"high_stress_index":false,"relaxation_prompt":false,"sedentary_reminder":true,"sleep_reminder":false,"spo2":true,"wear_detection":false}}
2026-03-29 18:23:06.805 | ZhQuery | getPressureModeSettings state=NOT_SUPPORT
2026-03-29 18:23:06.811 | AlertService | queryCallback type=AlertFeatureSupportObtained
2026-03-29 18:23:06.813 | AlertService | onAlertFeatureUnsupported feature=RELAXATION_PROMPT
2026-03-29 18:23:06.815 | AlertService | saveAlertSettings={"device_address":"D8:5C:08:30:00:1E","heart_rate":{"low_enabled":false,"low_threshold":50,"resting_enabled":false,"resting_threshold":150,"workout_enabled":false,"workout_threshold":175},"pending_sync":{"heart_rate":false,"relaxation_prompt":false,"sedentary_reminder":false,"sleep_reminder":false,"spo2":false},"pressure_mode":{"relaxation_prompt_enabled":false,"stress_monitoring_enabled":false},"sedentary_reminder":{"end_hour":18,"end_minute":0,"interval":60,"repeat_count":0,"start_hour":9,"start_minute":0,"status":false},"sleep_reminder":{"hour":0,"millisecond":0,"minute":0,"second":0,"status":false},"snapshots":{"heart_rate":{"continuous_heart_rate_mode":0,"frequency":5,"mode":0},"sedentary_reminder":{"end_noon_hour":0,"end_noon_minute":0,"no_disturb_in_launch":false,"start_noon_hour":0,"start_noon_minute":0}},"spo2":{"enabled":true,"threshold":90},"support":{"heart_rate":true,"high_stress_index":false,"relaxation_prompt":false,"sedentary_reminder":true,"sleep_reminder":false,"spo2":true,"wear_detection":false}}
2026-03-29 18:23:06.817 | AlertVM | handleQueryCallback type=AlertFeatureSupportObtained
2026-03-29 18:23:06.819 | AlertVM | support feature=RELAXATION_PROMPT supported=false
2026-03-29 18:23:06.821 | AlertVM | handleQueryCallback type=Default
2026-03-29 18:23:06.823 | AlertVM | handleQueryCallback type=AlertFeatureSupportObtained
2026-03-29 18:23:06.825 | AlertVM | support feature=RELAXATION_PROMPT supported=false
2026-03-29 18:23:06.826 | AlertVM | handleQueryCallback type=Default
2026-03-29 18:23:07.098 | ZhQuery | getSleepReminder state=NOT_SUPPORT
2026-03-29 18:23:07.101 | AlertService | queryCallback type=AlertFeatureSupportObtained
2026-03-29 18:23:07.114 | AlertService | onAlertFeatureUnsupported feature=SLEEP_REMINDER
2026-03-29 18:23:07.119 | AlertService | saveAlertSettings={"device_address":"D8:5C:08:30:00:1E","heart_rate":{"low_enabled":false,"low_threshold":50,"resting_enabled":false,"resting_threshold":150,"workout_enabled":false,"workout_threshold":175},"pending_sync":{"heart_rate":false,"relaxation_prompt":false,"sedentary_reminder":false,"sleep_reminder":false,"spo2":false},"pressure_mode":{"relaxation_prompt_enabled":false,"stress_monitoring_enabled":false},"sedentary_reminder":{"end_hour":18,"end_minute":0,"interval":60,"repeat_count":0,"start_hour":9,"start_minute":0,"status":false},"sleep_reminder":{"hour":0,"millisecond":0,"minute":0,"second":0,"status":false},"snapshots":{"heart_rate":{"continuous_heart_rate_mode":0,"frequency":5,"mode":0},"sedentary_reminder":{"end_noon_hour":0,"end_noon_minute":0,"no_disturb_in_launch":false,"start_noon_hour":0,"start_noon_minute":0}},"spo2":{"enabled":true,"threshold":90},"support":{"heart_rate":true,"high_stress_index":false,"relaxation_prompt":false,"sedentary_reminder":true,"sleep_reminder":false,"spo2":true,"wear_detection":false}}
2026-03-29 18:23:07.121 | ZhQuery | getSleepReminder state=NOT_SUPPORT
2026-03-29 18:23:07.125 | AlertService | queryCallback type=AlertFeatureSupportObtained
2026-03-29 18:23:07.127 | AlertService | onAlertFeatureUnsupported feature=SLEEP_REMINDER
2026-03-29 18:23:07.129 | AlertService | saveAlertSettings={"device_address":"D8:5C:08:30:00:1E","heart_rate":{"low_enabled":false,"low_threshold":50,"resting_enabled":false,"resting_threshold":150,"workout_enabled":false,"workout_threshold":175},"pending_sync":{"heart_rate":false,"relaxation_prompt":false,"sedentary_reminder":false,"sleep_reminder":false,"spo2":false},"pressure_mode":{"relaxation_prompt_enabled":false,"stress_monitoring_enabled":false},"sedentary_reminder":{"end_hour":18,"end_minute":0,"interval":60,"repeat_count":0,"start_hour":9,"start_minute":0,"status":false},"sleep_reminder":{"hour":0,"millisecond":0,"minute":0,"second":0,"status":false},"snapshots":{"heart_rate":{"continuous_heart_rate_mode":0,"frequency":5,"mode":0},"sedentary_reminder":{"end_noon_hour":0,"end_noon_minute":0,"no_disturb_in_launch":false,"start_noon_hour":0,"start_noon_minute":0}},"spo2":{"enabled":true,"threshold":90},"support":{"heart_rate":true,"high_stress_index":false,"relaxation_prompt":false,"sedentary_reminder":true,"sleep_reminder":false,"spo2":true,"wear_detection":false}}
2026-03-29 18:23:07.131 | AlertVM | handleQueryCallback type=AlertFeatureSupportObtained
2026-03-29 18:23:07.133 | AlertVM | support feature=SLEEP_REMINDER supported=false
2026-03-29 18:23:07.135 | AlertVM | handleQueryCallback type=Default
2026-03-29 18:23:07.137 | AlertVM | handleQueryCallback type=AlertFeatureSupportObtained
2026-03-29 18:23:07.139 | AlertVM | support feature=SLEEP_REMINDER supported=false
2026-03-29 18:23:07.141 | AlertVM | handleQueryCallback type=Default
2026-03-29 18:23:07.406 | AlertService | queryCallback type=UpdateFirmwareLogStatus
2026-03-29 18:23:07.417 | AlertVM | handleQueryCallback type=UpdateFirmwareLogStatus
2026-03-29 18:23:07.422 | AlertVM | handleQueryCallback type=Default
2026-03-29 18:23:07.682 | ZhQuery | onSedentaryReminderResult={"drinkWater":0,"endNoonTime":{"hour":0,"millisecond":0,"minuter":0,"second":0},"endTime":{"hour":0,"millisecond":0,"minuter":0,"second":0},"frequency":0,"isOn":false,"noDisturbInLaunch":false,"startNoonTime":{"hour":0,"millisecond":0,"minuter":0,"second":0},"startTime":{"hour":0,"millisecond":0,"minuter":0,"second":0}}
2026-03-29 18:23:07.687 | AlertService | queryCallback type=SedentaryDataObtained
2026-03-29 18:23:07.689 | AlertService | queryCallback type=SedentaryReminderSettingsObtained
2026-03-29 18:23:07.692 | AlertService | saveAlertSettings={"device_address":"D8:5C:08:30:00:1E","heart_rate":{"low_enabled":false,"low_threshold":50,"resting_enabled":false,"resting_threshold":150,"workout_enabled":false,"workout_threshold":175},"pending_sync":{"heart_rate":false,"relaxation_prompt":false,"sedentary_reminder":false,"sleep_reminder":false,"spo2":false},"pressure_mode":{"relaxation_prompt_enabled":false,"stress_monitoring_enabled":false},"sedentary_reminder":{"end_hour":18,"end_minute":0,"interval":60,"repeat_count":0,"start_hour":9,"start_minute":0,"status":false},"sleep_reminder":{"hour":0,"millisecond":0,"minute":0,"second":0,"status":false},"snapshots":{"heart_rate":{"continuous_heart_rate_mode":0,"frequency":5,"mode":0},"sedentary_reminder":{"end_noon_hour":0,"end_noon_minute":0,"no_disturb_in_launch":false,"start_noon_hour":0,"start_noon_minute":0}},"spo2":{"enabled":true,"threshold":90},"support":{"heart_rate":true,"high_stress_index":false,"relaxation_prompt":false,"sedentary_reminder":true,"sleep_reminder":false,"spo2":true,"wear_detection":false}}
2026-03-29 18:23:07.704 | AlertService | queryCallback type=AlertFeatureSupportObtained
2026-03-29 18:23:07.706 | AlertService | saveAlertSettings={"device_address":"D8:5C:08:30:00:1E","heart_rate":{"low_enabled":false,"low_threshold":50,"resting_enabled":false,"resting_threshold":150,"workout_enabled":false,"workout_threshold":175},"pending_sync":{"heart_rate":false,"relaxation_prompt":false,"sedentary_reminder":false,"sleep_reminder":false,"spo2":false},"pressure_mode":{"relaxation_prompt_enabled":false,"stress_monitoring_enabled":false},"sedentary_reminder":{"end_hour":18,"end_minute":0,"interval":60,"repeat_count":0,"start_hour":9,"start_minute":0,"status":false},"sleep_reminder":{"hour":0,"millisecond":0,"minute":0,"second":0,"status":false},"snapshots":{"heart_rate":{"continuous_heart_rate_mode":0,"frequency":5,"mode":0},"sedentary_reminder":{"end_noon_hour":0,"end_noon_minute":0,"no_disturb_in_launch":false,"start_noon_hour":0,"start_noon_minute":0}},"spo2":{"enabled":true,"threshold":90},"support":{"heart_rate":true,"high_stress_index":false,"relaxation_prompt":false,"sedentary_reminder":true,"sleep_reminder":false,"spo2":true,"wear_detection":false}}
2026-03-29 18:23:07.707 | AlertVM | handleQueryCallback type=SedentaryDataObtained
2026-03-29 18:23:07.709 | AlertVM | handleQueryCallback type=Default
2026-03-29 18:23:07.711 | AlertVM | handleQueryCallback type=SedentaryReminderSettingsObtained
2026-03-29 18:23:07.712 | AlertVM | sedentary query matchesStored=true pending=false phase=null
2026-03-29 18:23:07.714 | AlertVM | sedentary query value={"end_hour":0,"end_minute":0,"interval":0,"repeat_count":0,"start_hour":0,"start_minute":0,"status":false}
2026-03-29 18:23:07.716 | AlertVM | handleQueryCallback type=Default
2026-03-29 18:23:07.717 | AlertVM | handleQueryCallback type=AlertFeatureSupportObtained
2026-03-29 18:23:07.719 | AlertVM | support feature=SEDENTARY_REMINDER supported=true
2026-03-29 18:23:07.721 | AlertVM | handleQueryCallback type=Default
2026-03-29 18:23:08.126 | ZhQuery | onHeartRateMonitorResult={"continuousHeartRateMode":0,"frequency":5,"isSportWarning":false,"isWarning":false,"lowWarningValue":0,"mode":0,"sportWarningValue":0,"warningValue":220}
2026-03-29 18:23:08.131 | AlertService | queryCallback type=HeartRateAlertDataObtained
2026-03-29 18:23:08.134 | AlertService | queryCallback type=HeartRateAlertSettingsObtained
2026-03-29 18:23:08.137 | AlertService | saveAlertSettings={"device_address":"D8:5C:08:30:00:1E","heart_rate":{"low_enabled":false,"low_threshold":50,"resting_enabled":false,"resting_threshold":150,"workout_enabled":false,"workout_threshold":175},"pending_sync":{"heart_rate":false,"relaxation_prompt":false,"sedentary_reminder":false,"sleep_reminder":false,"spo2":false},"pressure_mode":{"relaxation_prompt_enabled":false,"stress_monitoring_enabled":false},"sedentary_reminder":{"end_hour":18,"end_minute":0,"interval":60,"repeat_count":0,"start_hour":9,"start_minute":0,"status":false},"sleep_reminder":{"hour":0,"millisecond":0,"minute":0,"second":0,"status":false},"snapshots":{"heart_rate":{"continuous_heart_rate_mode":0,"frequency":5,"mode":0},"sedentary_reminder":{"end_noon_hour":0,"end_noon_minute":0,"no_disturb_in_launch":false,"start_noon_hour":0,"start_noon_minute":0}},"spo2":{"enabled":true,"threshold":90},"support":{"heart_rate":true,"high_stress_index":false,"relaxation_prompt":false,"sedentary_reminder":true,"sleep_reminder":false,"spo2":true,"wear_detection":false}}
2026-03-29 18:23:08.139 | AlertService | queryCallback type=AlertFeatureSupportObtained
2026-03-29 18:23:08.144 | AlertService | saveAlertSettings={"device_address":"D8:5C:08:30:00:1E","heart_rate":{"low_enabled":false,"low_threshold":50,"resting_enabled":false,"resting_threshold":150,"workout_enabled":false,"workout_threshold":175},"pending_sync":{"heart_rate":false,"relaxation_prompt":false,"sedentary_reminder":false,"sleep_reminder":false,"spo2":false},"pressure_mode":{"relaxation_prompt_enabled":false,"stress_monitoring_enabled":false},"sedentary_reminder":{"end_hour":18,"end_minute":0,"interval":60,"repeat_count":0,"start_hour":9,"start_minute":0,"status":false},"sleep_reminder":{"hour":0,"millisecond":0,"minute":0,"second":0,"status":false},"snapshots":{"heart_rate":{"continuous_heart_rate_mode":0,"frequency":5,"mode":0},"sedentary_reminder":{"end_noon_hour":0,"end_noon_minute":0,"no_disturb_in_launch":false,"start_noon_hour":0,"start_noon_minute":0}},"spo2":{"enabled":true,"threshold":90},"support":{"heart_rate":true,"high_stress_index":false,"relaxation_prompt":false,"sedentary_reminder":true,"sleep_reminder":false,"spo2":true,"wear_detection":false}}
2026-03-29 18:23:08.150 | AlertVM | handleQueryCallback type=HeartRateAlertDataObtained
2026-03-29 18:23:08.152 | AlertVM | handleQueryCallback type=Default
2026-03-29 18:23:08.155 | AlertVM | handleQueryCallback type=HeartRateAlertSettingsObtained
2026-03-29 18:23:08.157 | AlertVM | heartRate query matchesStored=true pending=false phase=null
2026-03-29 18:23:08.159 | AlertVM | heartRate query value={"low_enabled":false,"low_threshold":0,"resting_enabled":false,"resting_threshold":220,"workout_enabled":false,"workout_threshold":0}
2026-03-29 18:23:08.160 | AlertVM | handleQueryCallback type=Default
2026-03-29 18:23:08.162 | AlertVM | handleQueryCallback type=AlertFeatureSupportObtained
2026-03-29 18:23:08.163 | AlertVM | support feature=HEART_RATE supported=true
2026-03-29 18:23:08.165 | AlertVM | handleQueryCallback type=Default
2026-03-29 18:23:08.493 | AlertService | queryCallback type=UpdateFirmwareLogStatus
2026-03-29 18:23:08.503 | AlertVM | handleQueryCallback type=UpdateFirmwareLogStatus
2026-03-29 18:23:08.505 | AlertVM | handleQueryCallback type=Default
2026-03-29 18:23:08.755 | ZhQuery | onSWSPO2Monitor={"isWarning":true,"warningValue":90}
2026-03-29 18:23:08.758 | AlertService | queryCallback type=Spo2AlertSettingsObtained
2026-03-29 18:23:08.761 | AlertService | saveAlertSettings={"device_address":"D8:5C:08:30:00:1E","heart_rate":{"low_enabled":false,"low_threshold":50,"resting_enabled":false,"resting_threshold":150,"workout_enabled":false,"workout_threshold":175},"pending_sync":{"heart_rate":false,"relaxation_prompt":false,"sedentary_reminder":false,"sleep_reminder":false,"spo2":false},"pressure_mode":{"relaxation_prompt_enabled":false,"stress_monitoring_enabled":false},"sedentary_reminder":{"end_hour":18,"end_minute":0,"interval":60,"repeat_count":0,"start_hour":9,"start_minute":0,"status":false},"sleep_reminder":{"hour":0,"millisecond":0,"minute":0,"second":0,"status":false},"snapshots":{"heart_rate":{"continuous_heart_rate_mode":0,"frequency":5,"mode":0},"sedentary_reminder":{"end_noon_hour":0,"end_noon_minute":0,"no_disturb_in_launch":false,"start_noon_hour":0,"start_noon_minute":0}},"spo2":{"enabled":true,"threshold":90},"support":{"heart_rate":true,"high_stress_index":false,"relaxation_prompt":false,"sedentary_reminder":true,"sleep_reminder":false,"spo2":true,"wear_detection":false}}
2026-03-29 18:23:08.778 | AlertService | queryCallback type=AlertFeatureSupportObtained
2026-03-29 18:23:08.782 | AlertService | saveAlertSettings={"device_address":"D8:5C:08:30:00:1E","heart_rate":{"low_enabled":false,"low_threshold":50,"resting_enabled":false,"resting_threshold":150,"workout_enabled":false,"workout_threshold":175},"pending_sync":{"heart_rate":false,"relaxation_prompt":false,"sedentary_reminder":false,"sleep_reminder":false,"spo2":false},"pressure_mode":{"relaxation_prompt_enabled":false,"stress_monitoring_enabled":false},"sedentary_reminder":{"end_hour":18,"end_minute":0,"interval":60,"repeat_count":0,"start_hour":9,"start_minute":0,"status":false},"sleep_reminder":{"hour":0,"millisecond":0,"minute":0,"second":0,"status":false},"snapshots":{"heart_rate":{"continuous_heart_rate_mode":0,"frequency":5,"mode":0},"sedentary_reminder":{"end_noon_hour":0,"end_noon_minute":0,"no_disturb_in_launch":false,"start_noon_hour":0,"start_noon_minute":0}},"spo2":{"enabled":true,"threshold":90},"support":{"heart_rate":true,"high_stress_index":false,"relaxation_prompt":false,"sedentary_reminder":true,"sleep_reminder":false,"spo2":true,"wear_detection":false}}
2026-03-29 18:23:08.785 | AlertVM | handleQueryCallback type=Spo2AlertSettingsObtained
2026-03-29 18:23:08.787 | AlertVM | spo2 query matchesStored=true pending=false phase=null
2026-03-29 18:23:08.791 | AlertVM | spo2 query value={"enabled":true,"threshold":90}
2026-03-29 18:23:08.793 | AlertVM | handleQueryCallback type=Default
2026-03-29 18:23:08.795 | AlertVM | handleQueryCallback type=AlertFeatureSupportObtained
2026-03-29 18:23:08.797 | AlertVM | support feature=SPO2 supported=true
2026-03-29 18:23:08.798 | AlertVM | handleQueryCallback type=Default
2026-03-29 18:23:09.384 | AlertService | queryCallback type=UpdateFirmwareLogStatus
2026-03-29 18:23:09.401 | AlertVM | handleQueryCallback type=UpdateFirmwareLogStatus
2026-03-29 18:23:09.405 | AlertVM | handleQueryCallback type=Default
2026-03-29 18:23:10.022 | ZhQuery | onSedentaryReminderResult={"drinkWater":0,"endNoonTime":{"hour":0,"millisecond":0,"minuter":0,"second":0},"endTime":{"hour":0,"millisecond":0,"minuter":0,"second":0},"frequency":0,"isOn":false,"noDisturbInLaunch":false,"startNoonTime":{"hour":0,"millisecond":0,"minuter":0,"second":0},"startTime":{"hour":0,"millisecond":0,"minuter":0,"second":0}}
2026-03-29 18:23:10.025 | AlertService | queryCallback type=SedentaryDataObtained
2026-03-29 18:23:10.028 | AlertService | queryCallback type=SedentaryReminderSettingsObtained
2026-03-29 18:23:10.043 | AlertService | saveAlertSettings={"device_address":"D8:5C:08:30:00:1E","heart_rate":{"low_enabled":false,"low_threshold":50,"resting_enabled":false,"resting_threshold":150,"workout_enabled":false,"workout_threshold":175},"pending_sync":{"heart_rate":false,"relaxation_prompt":false,"sedentary_reminder":false,"sleep_reminder":false,"spo2":false},"pressure_mode":{"relaxation_prompt_enabled":false,"stress_monitoring_enabled":false},"sedentary_reminder":{"end_hour":18,"end_minute":0,"interval":60,"repeat_count":0,"start_hour":9,"start_minute":0,"status":false},"sleep_reminder":{"hour":0,"millisecond":0,"minute":0,"second":0,"status":false},"snapshots":{"heart_rate":{"continuous_heart_rate_mode":0,"frequency":5,"mode":0},"sedentary_reminder":{"end_noon_hour":0,"end_noon_minute":0,"no_disturb_in_launch":false,"start_noon_hour":0,"start_noon_minute":0}},"spo2":{"enabled":true,"threshold":90},"support":{"heart_rate":true,"high_stress_index":false,"relaxation_prompt":false,"sedentary_reminder":true,"sleep_reminder":false,"spo2":true,"wear_detection":false}}
2026-03-29 18:23:10.045 | AlertService | queryCallback type=AlertFeatureSupportObtained
2026-03-29 18:23:10.050 | AlertService | saveAlertSettings={"device_address":"D8:5C:08:30:00:1E","heart_rate":{"low_enabled":false,"low_threshold":50,"resting_enabled":false,"resting_threshold":150,"workout_enabled":false,"workout_threshold":175},"pending_sync":{"heart_rate":false,"relaxation_prompt":false,"sedentary_reminder":false,"sleep_reminder":false,"spo2":false},"pressure_mode":{"relaxation_prompt_enabled":false,"stress_monitoring_enabled":false},"sedentary_reminder":{"end_hour":18,"end_minute":0,"interval":60,"repeat_count":0,"start_hour":9,"start_minute":0,"status":false},"sleep_reminder":{"hour":0,"millisecond":0,"minute":0,"second":0,"status":false},"snapshots":{"heart_rate":{"continuous_heart_rate_mode":0,"frequency":5,"mode":0},"sedentary_reminder":{"end_noon_hour":0,"end_noon_minute":0,"no_disturb_in_launch":false,"start_noon_hour":0,"start_noon_minute":0}},"spo2":{"enabled":true,"threshold":90},"support":{"heart_rate":true,"high_stress_index":false,"relaxation_prompt":false,"sedentary_reminder":true,"sleep_reminder":false,"spo2":true,"wear_detection":false}}
2026-03-29 18:23:10.052 | AlertVM | handleQueryCallback type=SedentaryDataObtained
2026-03-29 18:23:10.054 | AlertVM | handleQueryCallback type=Default
2026-03-29 18:23:10.056 | AlertVM | handleQueryCallback type=SedentaryReminderSettingsObtained
2026-03-29 18:23:10.058 | AlertVM | sedentary query matchesStored=true pending=false phase=null
2026-03-29 18:23:10.060 | AlertVM | sedentary query value={"end_hour":0,"end_minute":0,"interval":0,"repeat_count":0,"start_hour":0,"start_minute":0,"status":false}
2026-03-29 18:23:10.062 | AlertVM | handleQueryCallback type=Default
2026-03-29 18:23:10.063 | AlertVM | handleQueryCallback type=AlertFeatureSupportObtained
2026-03-29 18:23:10.065 | AlertVM | support feature=SEDENTARY_REMINDER supported=true
2026-03-29 18:23:10.066 | AlertVM | handleQueryCallback type=Default
2026-03-29 18:23:10.384 | AlertService | queryCallback type=UpdateFirmwareLogStatus
2026-03-29 18:23:10.394 | AlertVM | handleQueryCallback type=UpdateFirmwareLogStatus
2026-03-29 18:23:10.396 | AlertVM | handleQueryCallback type=Default
2026-03-29 18:23:11.502 | AlertService | queryCallback type=UpdateFirmwareLogStatus
2026-03-29 18:23:11.517 | AlertVM | handleQueryCallback type=UpdateFirmwareLogStatus
2026-03-29 18:23:11.520 | AlertVM | handleQueryCallback type=Default
2026-03-29 18:23:12.408 | AlertService | queryCallback type=UpdateFirmwareLogStatus
2026-03-29 18:23:12.416 | AlertVM | handleQueryCallback type=UpdateFirmwareLogStatus
2026-03-29 18:23:12.418 | AlertVM | handleQueryCallback type=Default
2026-03-29 18:23:13.410 | AlertService | queryCallback type=UpdateFirmwareLogStatus
2026-03-29 18:23:13.420 | AlertVM | handleQueryCallback type=UpdateFirmwareLogStatus
2026-03-29 18:23:13.422 | AlertVM | handleQueryCallback type=Default
2026-03-29 18:23:14.440 | AlertService | queryCallback type=UpdateFirmwareLogStatus
2026-03-29 18:23:14.454 | AlertVM | handleQueryCallback type=UpdateFirmwareLogStatus
2026-03-29 18:23:14.457 | AlertVM | handleQueryCallback type=Default
2026-03-29 18:23:15.707 | AlertService | queryCallback type=UpdateFirmwareLogStatus
2026-03-29 18:23:15.720 | AlertVM | handleQueryCallback type=UpdateFirmwareLogStatus
2026-03-29 18:23:15.723 | AlertVM | handleQueryCallback type=Default
2026-03-29 18:23:17.274 | AlertService | queryCallback type=UpdateFirmwareLogStatus
2026-03-29 18:23:17.284 | AlertVM | handleQueryCallback type=UpdateFirmwareLogStatus
2026-03-29 18:23:17.287 | AlertVM | handleQueryCallback type=Default
2026-03-29 18:23:18.947 | AlertService | queryCallback type=UpdateFirmwareLogStatus
2026-03-29 18:23:18.963 | AlertVM | handleQueryCallback type=UpdateFirmwareLogStatus
2026-03-29 18:23:18.966 | AlertVM | handleQueryCallback type=Default
2026-03-29 18:23:19.786 | AlertService | queryCallback type=UpdateFirmwareLogStatus
2026-03-29 18:23:19.799 | AlertVM | handleQueryCallback type=UpdateFirmwareLogStatus
2026-03-29 18:23:19.802 | AlertVM | handleQueryCallback type=Default
2026-03-29 18:23:20.635 | AlertService | queryCallback type=UpdateFirmwareLogStatus
2026-03-29 18:23:20.650 | AlertVM | handleQueryCallback type=UpdateFirmwareLogStatus
2026-03-29 18:23:20.653 | AlertVM | handleQueryCallback type=Default
2026-03-29 18:23:21.220 | AlertService | queryCallback type=BatteryDataObtained
2026-03-29 18:23:21.225 | AlertVM | handleQueryCallback type=BatteryDataObtained
2026-03-29 18:23:21.227 | AlertVM | handleQueryCallback type=Default
2026-03-29 18:23:21.618 | AlertService | queryCallback type=UpdateFirmwareLogStatus
2026-03-29 18:23:21.629 | AlertVM | handleQueryCallback type=UpdateFirmwareLogStatus
2026-03-29 18:23:21.631 | AlertVM | handleQueryCallback type=Default
2026-03-29 18:23:22.527 | AlertService | queryCallback type=UpdateFirmwareLogStatus
2026-03-29 18:23:22.532 | AlertVM | handleQueryCallback type=UpdateFirmwareLogStatus
2026-03-29 18:23:22.533 | AlertVM | handleQueryCallback type=Default
2026-03-29 18:23:23.472 | AlertService | queryCallback type=UpdateFirmwareLogStatus
2026-03-29 18:23:23.482 | AlertVM | handleQueryCallback type=UpdateFirmwareLogStatus
2026-03-29 18:23:23.484 | AlertVM | handleQueryCallback type=Default
2026-03-29 18:23:26.023 | AlertService | queryCallback type=UpdateFirmwareLogStatus
2026-03-29 18:23:26.037 | AlertVM | handleQueryCallback type=UpdateFirmwareLogStatus
2026-03-29 18:23:26.040 | AlertVM | handleQueryCallback type=Default
2026-03-29 18:23:26.718 | AlertService | queryCallback type=UpdateFirmwareLogStatus
2026-03-29 18:23:26.734 | AlertVM | handleQueryCallback type=UpdateFirmwareLogStatus
2026-03-29 18:23:26.737 | AlertVM | handleQueryCallback type=Default
2026-03-29 18:23:27.431 | AlertService | queryCallback type=UpdateFirmwareLogStatus
2026-03-29 18:23:27.439 | AlertVM | handleQueryCallback type=UpdateFirmwareLogStatus
2026-03-29 18:23:27.442 | AlertVM | handleQueryCallback type=Default
2026-03-29 18:23:28.021 | AlertService | queryCallback type=UpdateFirmwareLogStatus
2026-03-29 18:23:28.034 | AlertVM | handleQueryCallback type=UpdateFirmwareLogStatus
2026-03-29 18:23:28.037 | AlertVM | handleQueryCallback type=Default
2026-03-29 18:23:28.421 | AlertService | queryCallback type=UpdateFirmwareLogStatus
2026-03-29 18:23:28.433 | AlertVM | handleQueryCallback type=UpdateFirmwareLogStatus
2026-03-29 18:23:28.436 | AlertVM | handleQueryCallback type=Default
2026-03-29 18:23:29.370 | AlertService | queryCallback type=UpdateFirmwareLogStatus
2026-03-29 18:23:29.382 | AlertVM | handleQueryCallback type=UpdateFirmwareLogStatus
2026-03-29 18:23:29.385 | AlertVM | handleQueryCallback type=Default
2026-03-29 18:23:31.082 | AlertService | queryCallback type=UpdateFirmwareLogStatus
2026-03-29 18:23:31.093 | AlertVM | handleQueryCallback type=UpdateFirmwareLogStatus
2026-03-29 18:23:31.096 | AlertVM | handleQueryCallback type=Default
2026-03-29 18:23:31.367 | AlertService | queryCallback type=BatteryDataObtained
2026-03-29 18:23:31.371 | AlertVM | handleQueryCallback type=BatteryDataObtained
2026-03-29 18:23:31.373 | AlertVM | handleQueryCallback type=Default
2026-03-29 18:23:32.163 | AlertService | queryCallback type=UpdateFirmwareLogStatus
2026-03-29 18:23:32.166 | AlertVM | handleQueryCallback type=UpdateFirmwareLogStatus
2026-03-29 18:23:32.168 | AlertVM | handleQueryCallback type=Default
2026-03-29 18:23:34.152 | AlertService | queryCallback type=UpdateFirmwareLogStatus
2026-03-29 18:23:34.159 | AlertVM | handleQueryCallback type=UpdateFirmwareLogStatus
2026-03-29 18:23:34.161 | AlertVM | handleQueryCallback type=Default
2026-03-29 18:23:34.822 | AlertService | queryCallback type=UpdateFirmwareLogStatus
2026-03-29 18:23:34.838 | AlertVM | handleQueryCallback type=UpdateFirmwareLogStatus
2026-03-29 18:23:34.841 | AlertVM | handleQueryCallback type=Default
2026-03-29 18:23:35.672 | AlertService | queryCallback type=UpdateFirmwareLogStatus
2026-03-29 18:23:35.680 | AlertVM | handleQueryCallback type=UpdateFirmwareLogStatus
2026-03-29 18:23:35.683 | AlertVM | handleQueryCallback type=Default
2026-03-29 18:23:36.467 | AlertService | queryCallback type=UpdateFirmwareLogStatus
2026-03-29 18:23:36.470 | AlertVM | handleQueryCallback type=UpdateFirmwareLogStatus
2026-03-29 18:23:36.473 | AlertVM | handleQueryCallback type=Default
2026-03-29 18:23:37.620 | AlertService | queryCallback type=UpdateFirmwareLogStatus
2026-03-29 18:23:37.638 | AlertVM | handleQueryCallback type=UpdateFirmwareLogStatus
2026-03-29 18:23:37.641 | AlertVM | handleQueryCallback type=Default
2026-03-29 18:23:38.349 | AlertService | queryCallback type=UpdateFirmwareLogStatus
2026-03-29 18:23:38.362 | AlertVM | handleQueryCallback type=UpdateFirmwareLogStatus
2026-03-29 18:23:38.365 | AlertVM | handleQueryCallback type=Default
2026-03-29 18:23:38.791 | AlertService | queryCallback type=UpdateFirmwareLogStatus
2026-03-29 18:23:38.794 | AlertVM | handleQueryCallback type=UpdateFirmwareLogStatus
2026-03-29 18:23:38.796 | AlertVM | handleQueryCallback type=Default
2026-03-29 18:23:39.187 | AlertService | queryCallback type=UpdateFirmwareLogStatus
2026-03-29 18:23:39.206 | AlertVM | handleQueryCallback type=UpdateFirmwareLogStatus
2026-03-29 18:23:39.209 | AlertVM | handleQueryCallback type=Default
2026-03-29 18:23:40.719 | AlertService | queryCallback type=UpdateFirmwareLogStatus
2026-03-29 18:23:40.732 | AlertVM | handleQueryCallback type=UpdateFirmwareLogStatus
2026-03-29 18:23:40.736 | AlertVM | handleQueryCallback type=Default
2026-03-29 18:23:41.259 | AlertService | queryCallback type=UpdateFirmwareLogStatus
2026-03-29 18:23:41.268 | AlertVM | handleQueryCallback type=UpdateFirmwareLogStatus
2026-03-29 18:23:41.271 | AlertVM | handleQueryCallback type=Default
2026-03-29 18:23:42.064 | AlertService | queryCallback type=UpdateFirmwareLogStatus
2026-03-29 18:23:42.075 | AlertVM | handleQueryCallback type=UpdateFirmwareLogStatus
2026-03-29 18:23:42.078 | AlertVM | handleQueryCallback type=Default
2026-03-29 18:23:42.913 | AlertService | queryCallback type=UpdateFirmwareLogStatus
2026-03-29 18:23:42.920 | AlertVM | handleQueryCallback type=UpdateFirmwareLogStatus
2026-03-29 18:23:42.923 | AlertVM | handleQueryCallback type=Default
2026-03-29 18:23:44.043 | AlertService | queryCallback type=UpdateFirmwareLogStatus
2026-03-29 18:23:44.053 | AlertVM | handleQueryCallback type=UpdateFirmwareLogStatus
2026-03-29 18:23:44.056 | AlertVM | handleQueryCallback type=Default
2026-03-29 18:23:44.989 | AlertService | queryCallback type=UpdateFirmwareLogStatus
2026-03-29 18:23:44.999 | AlertVM | handleQueryCallback type=UpdateFirmwareLogStatus
2026-03-29 18:23:45.001 | AlertVM | handleQueryCallback type=Default
2026-03-29 18:23:46.070 | AlertService | queryCallback type=UpdateFirmwareLogStatus
2026-03-29 18:23:46.080 | AlertVM | handleQueryCallback type=UpdateFirmwareLogStatus
2026-03-29 18:23:46.083 | AlertVM | handleQueryCallback type=Default
2026-03-29 18:23:46.932 | AlertService | queryCallback type=UpdateFirmwareLogStatus
2026-03-29 18:23:46.934 | AlertVM | handleQueryCallback type=UpdateFirmwareLogStatus
2026-03-29 18:23:46.935 | AlertVM | handleQueryCallback type=Default
2026-03-29 18:23:47.951 | AlertService | queryCallback type=UpdateFirmwareLogStatus
2026-03-29 18:23:47.960 | AlertVM | handleQueryCallback type=UpdateFirmwareLogStatus
2026-03-29 18:23:47.966 | AlertVM | handleQueryCallback type=Default
2026-03-29 18:23:48.899 | AlertService | queryCallback type=UpdateFirmwareLogStatus
2026-03-29 18:23:48.909 | AlertVM | handleQueryCallback type=UpdateFirmwareLogStatus
2026-03-29 18:23:48.911 | AlertVM | handleQueryCallback type=Default
2026-03-29 18:23:50.026 | AlertService | queryCallback type=UpdateFirmwareLogStatus
2026-03-29 18:23:50.034 | AlertVM | handleQueryCallback type=UpdateFirmwareLogStatus
2026-03-29 18:23:50.036 | AlertVM | handleQueryCallback type=Default
2026-03-29 18:23:50.928 | AlertService | queryCallback type=UpdateFirmwareLogStatus
2026-03-29 18:23:50.936 | AlertVM | handleQueryCallback type=UpdateFirmwareLogStatus
2026-03-29 18:23:50.938 | AlertVM | handleQueryCallback type=Default
2026-03-29 18:23:51.103 | AlertService | queryCallback type=BatteryDataObtained
2026-03-29 18:23:51.108 | AlertVM | handleQueryCallback type=BatteryDataObtained
2026-03-29 18:23:51.110 | AlertVM | handleQueryCallback type=Default
2026-03-29 18:23:52.191 | AlertService | queryCallback type=UpdateFirmwareLogStatus
2026-03-29 18:23:53.031 | AlertService | queryCallback type=UpdateFirmwareLogStatus
2026-03-29 18:23:54.210 | AlertService | queryCallback type=UpdateFirmwareLogStatus
2026-03-29 18:23:55.067 | AlertService | queryCallback type=UpdateFirmwareLogStatus
2026-03-29 18:23:56.052 | AlertService | queryCallback type=UpdateFirmwareLogStatus
2026-03-29 18:23:57.246 | AlertService | queryCallback type=UpdateFirmwareLogStatus
2026-03-29 18:23:58.536 | AlertService | queryCallback type=UpdateFirmwareLogStatus
2026-03-29 18:23:58.962 | AlertService | queryCallback type=UpdateFirmwareLogStatus
2026-03-29 18:24:00.051 | AlertService | queryCallback type=UpdateFirmwareLogStatus
2026-03-29 18:24:01.203 | AlertService | queryCallback type=UpdateFirmwareLogStatus
2026-03-29 18:24:01.335 | AlertService | queryCallback type=BatteryDataObtained
2026-03-29 18:24:02.252 | AlertService | queryCallback type=UpdateFirmwareLogStatus
2026-03-29 18:24:03.063 | AlertService | queryCallback type=UpdateFirmwareLogStatus
2026-03-29 18:24:03.968 | AlertService | queryCallback type=UpdateFirmwareLogStatus
2026-03-29 18:24:04.412 | AlertService | queryCallback type=BatteryDataObtained
2026-03-29 18:24:04.919 | AlertService | queryCallback type=UpdateFirmwareLogStatus
2026-03-29 18:24:05.315 | AlertService | queryCallback type=BatteryDataObtained
2026-03-29 18:24:06.132 | AlertService | queryCallback type=UpdateFirmwareLogStatus
2026-03-29 18:24:07.081 | AlertService | queryCallback type=UpdateFirmwareLogStatus
2026-03-29 18:24:07.887 | AlertService | queryCallback type=UpdateFirmwareLogStatus
2026-03-29 18:24:09.171 | AlertService | queryCallback type=UpdateFirmwareLogStatus
2026-03-29 18:24:10.043 | AlertService | queryCallback type=UpdateFirmwareLogStatus
2026-03-29 18:24:11.164 | AlertService | queryCallback type=UpdateFirmwareLogStatus
2026-03-29 18:24:12.114 | AlertService | queryCallback type=UpdateFirmwareLogStatus
2026-03-29 18:24:13.323 | AlertService | queryCallback type=UpdateFirmwareLogStatus
2026-03-29 18:24:14.262 | AlertService | queryCallback type=UpdateFirmwareLogStatus
2026-03-29 18:24:14.593 | AlertService | queryCallback type=BatteryDataObtained
2026-03-29 18:24:15.032 | AlertService | queryCallback type=UpdateFirmwareLogStatus
2026-03-29 18:24:15.521 | AlertService | queryCallback type=BatteryDataObtained
2026-03-29 18:24:15.812 | AlertService | updateCallback type=OngoingWorkoutData
2026-03-29 18:24:15.825 | AlertService | updateCallback type=WorkoutStartState
2026-03-29 18:24:17.113 | AlertService | updateCallback type=WorkoutRealTimeDataObtained
2026-03-29 18:24:17.738 | AlertService | queryCallback type=UpdateFirmwareLogStatus
2026-03-29 18:24:18.769 | AlertService | queryCallback type=UpdateFirmwareLogStatus
2026-03-29 18:24:19.082 | AlertService | updateCallback type=WorkoutRealTimeDataObtained
2026-03-29 18:24:19.719 | AlertService | queryCallback type=UpdateFirmwareLogStatus
2026-03-29 18:24:20.810 | AlertService | queryCallback type=UpdateFirmwareLogStatus
2026-03-29 18:24:21.131 | AlertService | updateCallback type=WorkoutRealTimeDataObtained
2026-03-29 18:24:21.890 | AlertService | queryCallback type=UpdateFirmwareLogStatus
2026-03-29 18:24:22.750 | AlertService | queryCallback type=UpdateFirmwareLogStatus
2026-03-29 18:24:23.112 | AlertService | updateCallback type=WorkoutRealTimeDataObtained
2026-03-29 18:24:23.740 | AlertService | queryCallback type=UpdateFirmwareLogStatus
2026-03-29 18:24:24.783 | AlertService | queryCallback type=UpdateFirmwareLogStatus
2026-03-29 18:24:25.129 | AlertService | updateCallback type=WorkoutRealTimeDataObtained
2026-03-29 18:24:25.796 | AlertService | queryCallback type=UpdateFirmwareLogStatus
2026-03-29 18:24:26.717 | AlertService | queryCallback type=UpdateFirmwareLogStatus
2026-03-29 18:24:27.119 | AlertService | updateCallback type=WorkoutRealTimeDataObtained
2026-03-29 18:24:27.743 | AlertService | queryCallback type=UpdateFirmwareLogStatus
2026-03-29 18:24:28.901 | AlertService | queryCallback type=UpdateFirmwareLogStatus
2026-03-29 18:24:29.097 | AlertService | updateCallback type=WorkoutRealTimeDataObtained
2026-03-29 18:24:29.809 | AlertService | queryCallback type=UpdateFirmwareLogStatus
2026-03-29 18:24:30.769 | AlertService | queryCallback type=UpdateFirmwareLogStatus
2026-03-29 18:24:31.164 | AlertService | updateCallback type=WorkoutRealTimeDataObtained
2026-03-29 18:24:31.693 | AlertService | queryCallback type=UpdateFirmwareLogStatus
2026-03-29 18:24:32.727 | AlertService | queryCallback type=UpdateFirmwareLogStatus
2026-03-29 18:24:33.104 | AlertService | updateCallback type=WorkoutRealTimeDataObtained
2026-03-29 18:24:33.723 | AlertService | queryCallback type=UpdateFirmwareLogStatus
2026-03-29 18:24:34.713 | AlertService | queryCallback type=UpdateFirmwareLogStatus
2026-03-29 18:24:35.123 | AlertService | updateCallback type=WorkoutRealTimeDataObtained
2026-03-29 18:24:35.742 | AlertService | queryCallback type=UpdateFirmwareLogStatus
2026-03-29 18:24:36.694 | AlertService | queryCallback type=UpdateFirmwareLogStatus
2026-03-29 18:24:37.108 | AlertService | updateCallback type=WorkoutRealTimeDataObtained
2026-03-29 18:24:37.889 | AlertService | queryCallback type=UpdateFirmwareLogStatus
2026-03-29 18:24:38.728 | AlertService | queryCallback type=UpdateFirmwareLogStatus
2026-03-29 18:24:39.133 | AlertService | updateCallback type=WorkoutRealTimeDataObtained
2026-03-29 18:24:39.846 | AlertService | queryCallback type=UpdateFirmwareLogStatus
2026-03-29 18:24:40.752 | AlertService | queryCallback type=UpdateFirmwareLogStatus
2026-03-29 18:24:41.189 | AlertService | updateCallback type=WorkoutRealTimeDataObtained
2026-03-29 18:24:41.685 | AlertService | queryCallback type=UpdateFirmwareLogStatus
2026-03-29 18:24:42.717 | AlertService | queryCallback type=UpdateFirmwareLogStatus
2026-03-29 18:24:43.115 | AlertService | updateCallback type=WorkoutRealTimeDataObtained
2026-03-29 18:24:43.762 | AlertService | queryCallback type=UpdateFirmwareLogStatus
2026-03-29 18:24:44.696 | AlertService | queryCallback type=UpdateFirmwareLogStatus
2026-03-29 18:24:45.117 | AlertService | updateCallback type=WorkoutRealTimeDataObtained
2026-03-29 18:24:45.700 | AlertService | queryCallback type=UpdateFirmwareLogStatus
2026-03-29 18:24:46.719 | AlertService | queryCallback type=UpdateFirmwareLogStatus
2026-03-29 18:24:47.056 | AlertService | queryCallback type=UpdateFirmwareLogStatus
2026-03-29 18:24:47.276 | AlertService | updateCallback type=WorkoutRealTimeDataObtained
2026-03-29 18:24:48.753 | AlertService | queryCallback type=UpdateFirmwareLogStatus
2026-03-29 18:24:49.169 | AlertService | updateCallback type=WorkoutRealTimeDataObtained
2026-03-29 18:24:49.738 | AlertService | queryCallback type=UpdateFirmwareLogStatus
2026-03-29 18:24:50.696 | AlertService | queryCallback type=UpdateFirmwareLogStatus
2026-03-29 18:24:51.107 | AlertService | updateCallback type=WorkoutRealTimeDataObtained
2026-03-29 18:24:51.720 | AlertService | queryCallback type=UpdateFirmwareLogStatus
2026-03-29 18:24:51.992 | AlertService | queryCallback type=UpdateFirmwareLogStatus
2026-03-29 18:24:53.116 | AlertService | updateCallback type=WorkoutRealTimeDataObtained
2026-03-29 18:24:53.696 | AlertService | queryCallback type=UpdateFirmwareLogStatus
2026-03-29 18:24:54.697 | AlertService | queryCallback type=UpdateFirmwareLogStatus
2026-03-29 18:24:55.114 | AlertService | updateCallback type=WorkoutRealTimeDataObtained
2026-03-29 18:24:55.700 | AlertService | queryCallback type=UpdateFirmwareLogStatus
2026-03-29 18:24:56.750 | AlertService | queryCallback type=UpdateFirmwareLogStatus
2026-03-29 18:24:57.170 | AlertService | updateCallback type=WorkoutRealTimeDataObtained
2026-03-29 18:24:57.759 | AlertService | queryCallback type=UpdateFirmwareLogStatus
2026-03-29 18:24:58.702 | AlertService | queryCallback type=UpdateFirmwareLogStatus
2026-03-29 18:24:59.155 | AlertService | updateCallback type=WorkoutRealTimeDataObtained
2026-03-29 18:24:59.683 | AlertService | queryCallback type=UpdateFirmwareLogStatus
2026-03-29 18:25:00.670 | AlertService | queryCallback type=UpdateFirmwareLogStatus
2026-03-29 18:25:01.092 | AlertService | updateCallback type=WorkoutRealTimeDataObtained
2026-03-29 18:25:01.752 | AlertService | queryCallback type=UpdateFirmwareLogStatus
2026-03-29 18:25:02.750 | AlertService | queryCallback type=UpdateFirmwareLogStatus
2026-03-29 18:25:03.115 | AlertService | updateCallback type=WorkoutRealTimeDataObtained
2026-03-29 18:25:03.688 | AlertService | queryCallback type=UpdateFirmwareLogStatus
2026-03-29 18:25:04.677 | AlertService | queryCallback type=UpdateFirmwareLogStatus
2026-03-29 18:25:05.101 | AlertService | updateCallback type=WorkoutRealTimeDataObtained
2026-03-29 18:25:05.768 | AlertService | queryCallback type=UpdateFirmwareLogStatus
2026-03-29 18:25:06.710 | AlertService | queryCallback type=UpdateFirmwareLogStatus
2026-03-29 18:25:07.114 | AlertService | updateCallback type=WorkoutRealTimeDataObtained
2026-03-29 18:25:07.777 | AlertService | queryCallback type=UpdateFirmwareLogStatus
2026-03-29 18:25:08.689 | AlertService | queryCallback type=UpdateFirmwareLogStatus
2026-03-29 18:25:09.110 | AlertService | updateCallback type=WorkoutRealTimeDataObtained
2026-03-29 18:25:09.698 | AlertService | queryCallback type=UpdateFirmwareLogStatus
2026-03-29 18:25:10.719 | AlertService | queryCallback type=UpdateFirmwareLogStatus
2026-03-29 18:25:11.116 | AlertService | updateCallback type=WorkoutRealTimeDataObtained
2026-03-29 18:25:11.706 | AlertService | queryCallback type=UpdateFirmwareLogStatus
2026-03-29 18:25:12.750 | AlertService | queryCallback type=UpdateFirmwareLogStatus
2026-03-29 18:25:13.112 | AlertService | updateCallback type=WorkoutRealTimeDataObtained
2026-03-29 18:25:13.930 | AlertService | queryCallback type=UpdateFirmwareLogStatus
2026-03-29 18:25:14.727 | AlertService | queryCallback type=UpdateFirmwareLogStatus
2026-03-29 18:25:15.080 | AlertService | updateCallback type=WorkoutRealTimeDataObtained
2026-03-29 18:25:15.706 | AlertService | queryCallback type=UpdateFirmwareLogStatus
2026-03-29 18:25:16.756 | AlertService | queryCallback type=UpdateFirmwareLogStatus
2026-03-29 18:25:17.113 | AlertService | updateCallback type=WorkoutRealTimeDataObtained
2026-03-29 18:25:17.847 | AlertService | queryCallback type=UpdateFirmwareLogStatus
2026-03-29 18:25:18.680 | AlertService | queryCallback type=UpdateFirmwareLogStatus
2026-03-29 18:25:19.101 | AlertService | updateCallback type=WorkoutRealTimeDataObtained
2026-03-29 18:25:19.669 | AlertService | queryCallback type=UpdateFirmwareLogStatus
2026-03-29 18:25:20.786 | AlertService | queryCallback type=UpdateFirmwareLogStatus
2026-03-29 18:25:21.252 | AlertService | updateCallback type=WorkoutRealTimeDataObtained
2026-03-29 18:25:21.820 | AlertService | queryCallback type=UpdateFirmwareLogStatus
2026-03-29 18:25:22.622 | AlertService | updateCallback type=WorkoutStopped
2026-03-29 18:25:23.109 | AlertService | queryCallback type=UpdateFirmwareLogStatus
2026-03-29 18:25:23.732 | AlertService | queryCallback type=UpdateFirmwareLogStatus
2026-03-29 18:25:24.972 | AlertService | queryCallback type=UpdateFirmwareLogStatus
2026-03-29 18:25:25.833 | AlertService | queryCallback type=UpdateFirmwareLogStatus
2026-03-29 18:25:26.692 | AlertService | queryCallback type=UpdateFirmwareLogStatus
2026-03-29 18:25:27.816 | AlertService | queryCallback type=UpdateFirmwareLogStatus
2026-03-29 18:25:29.113 | AlertService | queryCallback type=UpdateFirmwareLogStatus
2026-03-29 18:25:29.149 | AlertService | updateCallback type=DeviceTimeSynced
2026-03-29 18:25:29.746 | AlertService | queryCallback type=UpdateFirmwareLogStatus
2026-03-29 18:25:30.236 | AlertService | queryCallback type=BatteryDataObtained
2026-03-29 18:25:30.478 | AlertUI | BlankTestFragment alert panel initialized
2026-03-29 18:25:30.479 | AlertVM | handleQueryCallback type=Default
2026-03-29 18:25:30.481 | AlertVM | handleUpdateCallback type=DeviceTimeSynced
2026-03-29 18:25:30.483 | AlertVM | onConnectedStateChanged state=ConnectSuccess
2026-03-29 18:25:30.488 | AlertVM | refreshFromBand dispatching alert queries
2026-03-29 18:25:30.492 | AlertVM | loadState={"device_address":"D8:5C:08:30:00:1E","heart_rate":{"low_enabled":false,"low_threshold":50,"resting_enabled":false,"resting_threshold":150,"workout_enabled":false,"workout_threshold":175},"pending_sync":{"heart_rate":false,"relaxation_prompt":false,"sedentary_reminder":false,"sleep_reminder":false,"spo2":false},"pressure_mode":{"relaxation_prompt_enabled":false,"stress_monitoring_enabled":false},"sedentary_reminder":{"end_hour":18,"end_minute":0,"interval":60,"repeat_count":0,"start_hour":9,"start_minute":0,"status":false},"sleep_reminder":{"hour":0,"millisecond":0,"minute":0,"second":0,"status":false},"snapshots":{"heart_rate":{"continuous_heart_rate_mode":0,"frequency":5,"mode":0},"sedentary_reminder":{"end_noon_hour":0,"end_noon_minute":0,"no_disturb_in_launch":false,"start_noon_hour":0,"start_noon_minute":0}},"spo2":{"enabled":true,"threshold":90},"support":{"heart_rate":true,"high_stress_index":false,"relaxation_prompt":false,"sedentary_reminder":true,"sleep_reminder":false,"spo2":true,"wear_detection":false}}
2026-03-29 18:25:30.587 | ZhQuery | getHeartRateAlertSettings dispatched
2026-03-29 18:25:30.589 | ZhQuery | getSpo2AlertSettings dispatched
2026-03-29 18:25:30.595 | ZhQuery | getPressureModeSettings dispatched
2026-03-29 18:25:30.601 | ZhQuery | getSleepReminder dispatched
2026-03-29 18:25:30.605 | AlertVM | refreshFromBand dispatching alert queries
2026-03-29 18:25:30.629 | ZhQuery | getHeartRateAlertSettings dispatched
2026-03-29 18:25:30.632 | ZhQuery | getSpo2AlertSettings dispatched
2026-03-29 18:25:30.645 | ZhQuery | getPressureModeSettings dispatched
2026-03-29 18:25:30.646 | ZhQuery | getSleepReminder dispatched
2026-03-29 18:25:30.898 | AlertService | queryCallback type=UpdateFirmwareLogStatus
2026-03-29 18:25:30.905 | AlertVM | handleQueryCallback type=UpdateFirmwareLogStatus
2026-03-29 18:25:30.908 | AlertVM | handleQueryCallback type=Default
2026-03-29 18:25:31.862 | AlertService | queryCallback type=UpdateFirmwareLogStatus
2026-03-29 18:25:31.873 | AlertVM | handleQueryCallback type=UpdateFirmwareLogStatus
2026-03-29 18:25:31.877 | AlertVM | handleQueryCallback type=Default
2026-03-29 18:25:32.902 | AlertService | queryCallback type=UpdateFirmwareLogStatus
2026-03-29 18:25:32.904 | AlertVM | handleQueryCallback type=UpdateFirmwareLogStatus
2026-03-29 18:25:32.906 | AlertVM | handleQueryCallback type=Default
2026-03-29 18:25:33.791 | AlertService | queryCallback type=UpdateFirmwareLogStatus
2026-03-29 18:25:33.794 | AlertVM | handleQueryCallback type=UpdateFirmwareLogStatus
2026-03-29 18:25:33.795 | AlertVM | handleQueryCallback type=Default
2026-03-29 18:25:34.779 | AlertService | queryCallback type=UpdateFirmwareLogStatus
2026-03-29 18:25:34.787 | AlertVM | handleQueryCallback type=UpdateFirmwareLogStatus
2026-03-29 18:25:34.788 | AlertVM | handleQueryCallback type=Default
2026-03-29 18:25:35.445 | ZhQuery | onHeartRateMonitorResult={"continuousHeartRateMode":0,"frequency":5,"isSportWarning":false,"isWarning":false,"lowWarningValue":0,"mode":0,"sportWarningValue":0,"warningValue":220}
2026-03-29 18:25:35.448 | AlertService | queryCallback type=HeartRateAlertDataObtained
2026-03-29 18:25:35.449 | AlertService | queryCallback type=HeartRateAlertSettingsObtained
2026-03-29 18:25:35.454 | AlertService | saveAlertSettings={"device_address":"D8:5C:08:30:00:1E","heart_rate":{"low_enabled":false,"low_threshold":50,"resting_enabled":false,"resting_threshold":150,"workout_enabled":false,"workout_threshold":175},"pending_sync":{"heart_rate":false,"relaxation_prompt":false,"sedentary_reminder":false,"sleep_reminder":false,"spo2":false},"pressure_mode":{"relaxation_prompt_enabled":false,"stress_monitoring_enabled":false},"sedentary_reminder":{"end_hour":18,"end_minute":0,"interval":60,"repeat_count":0,"start_hour":9,"start_minute":0,"status":false},"sleep_reminder":{"hour":0,"millisecond":0,"minute":0,"second":0,"status":false},"snapshots":{"heart_rate":{"continuous_heart_rate_mode":0,"frequency":5,"mode":0},"sedentary_reminder":{"end_noon_hour":0,"end_noon_minute":0,"no_disturb_in_launch":false,"start_noon_hour":0,"start_noon_minute":0}},"spo2":{"enabled":true,"threshold":90},"support":{"heart_rate":true,"high_stress_index":false,"relaxation_prompt":false,"sedentary_reminder":true,"sleep_reminder":false,"spo2":true,"wear_detection":false}}
2026-03-29 18:25:35.456 | AlertService | queryCallback type=AlertFeatureSupportObtained
2026-03-29 18:25:35.458 | AlertService | saveAlertSettings={"device_address":"D8:5C:08:30:00:1E","heart_rate":{"low_enabled":false,"low_threshold":50,"resting_enabled":false,"resting_threshold":150,"workout_enabled":false,"workout_threshold":175},"pending_sync":{"heart_rate":false,"relaxation_prompt":false,"sedentary_reminder":false,"sleep_reminder":false,"spo2":false},"pressure_mode":{"relaxation_prompt_enabled":false,"stress_monitoring_enabled":false},"sedentary_reminder":{"end_hour":18,"end_minute":0,"interval":60,"repeat_count":0,"start_hour":9,"start_minute":0,"status":false},"sleep_reminder":{"hour":0,"millisecond":0,"minute":0,"second":0,"status":false},"snapshots":{"heart_rate":{"continuous_heart_rate_mode":0,"frequency":5,"mode":0},"sedentary_reminder":{"end_noon_hour":0,"end_noon_minute":0,"no_disturb_in_launch":false,"start_noon_hour":0,"start_noon_minute":0}},"spo2":{"enabled":true,"threshold":90},"support":{"heart_rate":true,"high_stress_index":false,"relaxation_prompt":false,"sedentary_reminder":true,"sleep_reminder":false,"spo2":true,"wear_detection":false}}
2026-03-29 18:25:35.459 | ZhQuery | getHeartRateAlertSettings state=SUCCEED
2026-03-29 18:25:35.461 | ZhQuery | getHeartRateAlertSettings state=SUCCEED
2026-03-29 18:25:35.463 | AlertVM | handleQueryCallback type=HeartRateAlertDataObtained
2026-03-29 18:25:35.465 | AlertVM | handleQueryCallback type=Default
2026-03-29 18:25:35.467 | AlertVM | handleQueryCallback type=HeartRateAlertSettingsObtained
2026-03-29 18:25:35.468 | AlertVM | heartRate query matchesStored=true pending=false phase=null
2026-03-29 18:25:35.470 | AlertVM | heartRate query value={"low_enabled":false,"low_threshold":0,"resting_enabled":false,"resting_threshold":220,"workout_enabled":false,"workout_threshold":0}
2026-03-29 18:25:35.472 | AlertVM | handleQueryCallback type=Default
2026-03-29 18:25:35.474 | AlertVM | handleQueryCallback type=AlertFeatureSupportObtained
2026-03-29 18:25:35.475 | AlertVM | support feature=HEART_RATE supported=true
2026-03-29 18:25:35.476 | AlertVM | handleQueryCallback type=Default
2026-03-29 18:25:35.726 | AlertService | queryCallback type=UpdateFirmwareLogStatus
2026-03-29 18:25:35.733 | AlertVM | handleQueryCallback type=UpdateFirmwareLogStatus
2026-03-29 18:25:35.734 | AlertVM | handleQueryCallback type=Default
2026-03-29 18:25:35.984 | ZhQuery | onSWSPO2Monitor={"isWarning":true,"warningValue":90}
2026-03-29 18:25:35.991 | AlertService | queryCallback type=Spo2AlertSettingsObtained
2026-03-29 18:25:35.994 | AlertService | saveAlertSettings={"device_address":"D8:5C:08:30:00:1E","heart_rate":{"low_enabled":false,"low_threshold":50,"resting_enabled":false,"resting_threshold":150,"workout_enabled":false,"workout_threshold":175},"pending_sync":{"heart_rate":false,"relaxation_prompt":false,"sedentary_reminder":false,"sleep_reminder":false,"spo2":false},"pressure_mode":{"relaxation_prompt_enabled":false,"stress_monitoring_enabled":false},"sedentary_reminder":{"end_hour":18,"end_minute":0,"interval":60,"repeat_count":0,"start_hour":9,"start_minute":0,"status":false},"sleep_reminder":{"hour":0,"millisecond":0,"minute":0,"second":0,"status":false},"snapshots":{"heart_rate":{"continuous_heart_rate_mode":0,"frequency":5,"mode":0},"sedentary_reminder":{"end_noon_hour":0,"end_noon_minute":0,"no_disturb_in_launch":false,"start_noon_hour":0,"start_noon_minute":0}},"spo2":{"enabled":true,"threshold":90},"support":{"heart_rate":true,"high_stress_index":false,"relaxation_prompt":false,"sedentary_reminder":true,"sleep_reminder":false,"spo2":true,"wear_detection":false}}
2026-03-29 18:25:35.997 | AlertService | queryCallback type=AlertFeatureSupportObtained
2026-03-29 18:25:35.999 | AlertService | saveAlertSettings={"device_address":"D8:5C:08:30:00:1E","heart_rate":{"low_enabled":false,"low_threshold":50,"resting_enabled":false,"resting_threshold":150,"workout_enabled":false,"workout_threshold":175},"pending_sync":{"heart_rate":false,"relaxation_prompt":false,"sedentary_reminder":false,"sleep_reminder":false,"spo2":false},"pressure_mode":{"relaxation_prompt_enabled":false,"stress_monitoring_enabled":false},"sedentary_reminder":{"end_hour":18,"end_minute":0,"interval":60,"repeat_count":0,"start_hour":9,"start_minute":0,"status":false},"sleep_reminder":{"hour":0,"millisecond":0,"minute":0,"second":0,"status":false},"snapshots":{"heart_rate":{"continuous_heart_rate_mode":0,"frequency":5,"mode":0},"sedentary_reminder":{"end_noon_hour":0,"end_noon_minute":0,"no_disturb_in_launch":false,"start_noon_hour":0,"start_noon_minute":0}},"spo2":{"enabled":true,"threshold":90},"support":{"heart_rate":true,"high_stress_index":false,"relaxation_prompt":false,"sedentary_reminder":true,"sleep_reminder":false,"spo2":true,"wear_detection":false}}
2026-03-29 18:25:36.002 | ZhQuery | getSpo2AlertSettings state=SUCCEED
2026-03-29 18:25:36.005 | ZhQuery | getSpo2AlertSettings state=SUCCEED
2026-03-29 18:25:36.009 | AlertVM | handleQueryCallback type=Spo2AlertSettingsObtained
2026-03-29 18:25:36.012 | AlertVM | spo2 query matchesStored=true pending=false phase=null
2026-03-29 18:25:36.016 | AlertVM | spo2 query value={"enabled":true,"threshold":90}
2026-03-29 18:25:36.019 | AlertVM | handleQueryCallback type=Default
2026-03-29 18:25:36.023 | AlertVM | handleQueryCallback type=AlertFeatureSupportObtained
2026-03-29 18:25:36.026 | AlertVM | support feature=SPO2 supported=true
2026-03-29 18:25:36.030 | AlertVM | handleQueryCallback type=Default
2026-03-29 18:25:36.265 | ZhQuery | getPressureModeSettings state=NOT_SUPPORT
2026-03-29 18:25:36.268 | AlertService | queryCallback type=AlertFeatureSupportObtained
2026-03-29 18:25:36.270 | AlertService | onAlertFeatureUnsupported feature=RELAXATION_PROMPT
2026-03-29 18:25:36.274 | AlertService | saveAlertSettings={"device_address":"D8:5C:08:30:00:1E","heart_rate":{"low_enabled":false,"low_threshold":50,"resting_enabled":false,"resting_threshold":150,"workout_enabled":false,"workout_threshold":175},"pending_sync":{"heart_rate":false,"relaxation_prompt":false,"sedentary_reminder":false,"sleep_reminder":false,"spo2":false},"pressure_mode":{"relaxation_prompt_enabled":false,"stress_monitoring_enabled":false},"sedentary_reminder":{"end_hour":18,"end_minute":0,"interval":60,"repeat_count":0,"start_hour":9,"start_minute":0,"status":false},"sleep_reminder":{"hour":0,"millisecond":0,"minute":0,"second":0,"status":false},"snapshots":{"heart_rate":{"continuous_heart_rate_mode":0,"frequency":5,"mode":0},"sedentary_reminder":{"end_noon_hour":0,"end_noon_minute":0,"no_disturb_in_launch":false,"start_noon_hour":0,"start_noon_minute":0}},"spo2":{"enabled":true,"threshold":90},"support":{"heart_rate":true,"high_stress_index":false,"relaxation_prompt":false,"sedentary_reminder":true,"sleep_reminder":false,"spo2":true,"wear_detection":false}}
2026-03-29 18:25:36.277 | ZhQuery | getPressureModeSettings state=NOT_SUPPORT
2026-03-29 18:25:36.283 | AlertService | queryCallback type=AlertFeatureSupportObtained
2026-03-29 18:25:36.285 | AlertService | onAlertFeatureUnsupported feature=RELAXATION_PROMPT
2026-03-29 18:25:36.289 | AlertService | saveAlertSettings={"device_address":"D8:5C:08:30:00:1E","heart_rate":{"low_enabled":false,"low_threshold":50,"resting_enabled":false,"resting_threshold":150,"workout_enabled":false,"workout_threshold":175},"pending_sync":{"heart_rate":false,"relaxation_prompt":false,"sedentary_reminder":false,"sleep_reminder":false,"spo2":false},"pressure_mode":{"relaxation_prompt_enabled":false,"stress_monitoring_enabled":false},"sedentary_reminder":{"end_hour":18,"end_minute":0,"interval":60,"repeat_count":0,"start_hour":9,"start_minute":0,"status":false},"sleep_reminder":{"hour":0,"millisecond":0,"minute":0,"second":0,"status":false},"snapshots":{"heart_rate":{"continuous_heart_rate_mode":0,"frequency":5,"mode":0},"sedentary_reminder":{"end_noon_hour":0,"end_noon_minute":0,"no_disturb_in_launch":false,"start_noon_hour":0,"start_noon_minute":0}},"spo2":{"enabled":true,"threshold":90},"support":{"heart_rate":true,"high_stress_index":false,"relaxation_prompt":false,"sedentary_reminder":true,"sleep_reminder":false,"spo2":true,"wear_detection":false}}
2026-03-29 18:25:36.291 | AlertVM | handleQueryCallback type=AlertFeatureSupportObtained
2026-03-29 18:25:36.293 | AlertVM | support feature=RELAXATION_PROMPT supported=false
2026-03-29 18:25:36.295 | AlertVM | handleQueryCallback type=Default
2026-03-29 18:25:36.297 | AlertVM | handleQueryCallback type=AlertFeatureSupportObtained
2026-03-29 18:25:36.299 | AlertVM | support feature=RELAXATION_PROMPT supported=false
2026-03-29 18:25:36.301 | AlertVM | handleQueryCallback type=Default
2026-03-29 18:25:36.581 | ZhQuery | getSleepReminder state=NOT_SUPPORT
2026-03-29 18:25:36.584 | AlertService | queryCallback type=AlertFeatureSupportObtained
2026-03-29 18:25:36.586 | AlertService | onAlertFeatureUnsupported feature=SLEEP_REMINDER
2026-03-29 18:25:36.590 | AlertService | saveAlertSettings={"device_address":"D8:5C:08:30:00:1E","heart_rate":{"low_enabled":false,"low_threshold":50,"resting_enabled":false,"resting_threshold":150,"workout_enabled":false,"workout_threshold":175},"pending_sync":{"heart_rate":false,"relaxation_prompt":false,"sedentary_reminder":false,"sleep_reminder":false,"spo2":false},"pressure_mode":{"relaxation_prompt_enabled":false,"stress_monitoring_enabled":false},"sedentary_reminder":{"end_hour":18,"end_minute":0,"interval":60,"repeat_count":0,"start_hour":9,"start_minute":0,"status":false},"sleep_reminder":{"hour":0,"millisecond":0,"minute":0,"second":0,"status":false},"snapshots":{"heart_rate":{"continuous_heart_rate_mode":0,"frequency":5,"mode":0},"sedentary_reminder":{"end_noon_hour":0,"end_noon_minute":0,"no_disturb_in_launch":false,"start_noon_hour":0,"start_noon_minute":0}},"spo2":{"enabled":true,"threshold":90},"support":{"heart_rate":true,"high_stress_index":false,"relaxation_prompt":false,"sedentary_reminder":true,"sleep_reminder":false,"spo2":true,"wear_detection":false}}
2026-03-29 18:25:36.598 | ZhQuery | getSleepReminder state=NOT_SUPPORT
2026-03-29 18:25:36.600 | AlertService | queryCallback type=AlertFeatureSupportObtained
2026-03-29 18:25:36.603 | AlertService | onAlertFeatureUnsupported feature=SLEEP_REMINDER
2026-03-29 18:25:36.605 | AlertService | saveAlertSettings={"device_address":"D8:5C:08:30:00:1E","heart_rate":{"low_enabled":false,"low_threshold":50,"resting_enabled":false,"resting_threshold":150,"workout_enabled":false,"workout_threshold":175},"pending_sync":{"heart_rate":false,"relaxation_prompt":false,"sedentary_reminder":false,"sleep_reminder":false,"spo2":false},"pressure_mode":{"relaxation_prompt_enabled":false,"stress_monitoring_enabled":false},"sedentary_reminder":{"end_hour":18,"end_minute":0,"interval":60,"repeat_count":0,"start_hour":9,"start_minute":0,"status":false},"sleep_reminder":{"hour":0,"millisecond":0,"minute":0,"second":0,"status":false},"snapshots":{"heart_rate":{"continuous_heart_rate_mode":0,"frequency":5,"mode":0},"sedentary_reminder":{"end_noon_hour":0,"end_noon_minute":0,"no_disturb_in_launch":false,"start_noon_hour":0,"start_noon_minute":0}},"spo2":{"enabled":true,"threshold":90},"support":{"heart_rate":true,"high_stress_index":false,"relaxation_prompt":false,"sedentary_reminder":true,"sleep_reminder":false,"spo2":true,"wear_detection":false}}
2026-03-29 18:25:36.608 | AlertVM | handleQueryCallback type=AlertFeatureSupportObtained
2026-03-29 18:25:36.610 | AlertVM | support feature=SLEEP_REMINDER supported=false
2026-03-29 18:25:36.612 | AlertVM | handleQueryCallback type=Default
2026-03-29 18:25:36.614 | AlertVM | handleQueryCallback type=AlertFeatureSupportObtained
2026-03-29 18:25:36.616 | AlertVM | support feature=SLEEP_REMINDER supported=false
2026-03-29 18:25:36.617 | AlertVM | handleQueryCallback type=Default
2026-03-29 18:25:36.865 | AlertService | queryCallback type=UpdateFirmwareLogStatus
2026-03-29 18:25:36.875 | AlertVM | handleQueryCallback type=UpdateFirmwareLogStatus
2026-03-29 18:25:36.878 | AlertVM | handleQueryCallback type=Default
2026-03-29 18:25:37.216 | ZhQuery | onSedentaryReminderResult={"drinkWater":0,"endNoonTime":{"hour":0,"millisecond":0,"minuter":0,"second":0},"endTime":{"hour":0,"millisecond":0,"minuter":0,"second":0},"frequency":0,"isOn":false,"noDisturbInLaunch":false,"startNoonTime":{"hour":0,"millisecond":0,"minuter":0,"second":0},"startTime":{"hour":0,"millisecond":0,"minuter":0,"second":0}}
2026-03-29 18:25:37.220 | AlertService | queryCallback type=SedentaryDataObtained
2026-03-29 18:25:37.224 | AlertService | queryCallback type=SedentaryReminderSettingsObtained
2026-03-29 18:25:37.235 | AlertService | saveAlertSettings={"device_address":"D8:5C:08:30:00:1E","heart_rate":{"low_enabled":false,"low_threshold":50,"resting_enabled":false,"resting_threshold":150,"workout_enabled":false,"workout_threshold":175},"pending_sync":{"heart_rate":false,"relaxation_prompt":false,"sedentary_reminder":false,"sleep_reminder":false,"spo2":false},"pressure_mode":{"relaxation_prompt_enabled":false,"stress_monitoring_enabled":false},"sedentary_reminder":{"end_hour":18,"end_minute":0,"interval":60,"repeat_count":0,"start_hour":9,"start_minute":0,"status":false},"sleep_reminder":{"hour":0,"millisecond":0,"minute":0,"second":0,"status":false},"snapshots":{"heart_rate":{"continuous_heart_rate_mode":0,"frequency":5,"mode":0},"sedentary_reminder":{"end_noon_hour":0,"end_noon_minute":0,"no_disturb_in_launch":false,"start_noon_hour":0,"start_noon_minute":0}},"spo2":{"enabled":true,"threshold":90},"support":{"heart_rate":true,"high_stress_index":false,"relaxation_prompt":false,"sedentary_reminder":true,"sleep_reminder":false,"spo2":true,"wear_detection":false}}
2026-03-29 18:25:37.237 | AlertService | queryCallback type=AlertFeatureSupportObtained
2026-03-29 18:25:37.238 | AlertService | saveAlertSettings={"device_address":"D8:5C:08:30:00:1E","heart_rate":{"low_enabled":false,"low_threshold":50,"resting_enabled":false,"resting_threshold":150,"workout_enabled":false,"workout_threshold":175},"pending_sync":{"heart_rate":false,"relaxation_prompt":false,"sedentary_reminder":false,"sleep_reminder":false,"spo2":false},"pressure_mode":{"relaxation_prompt_enabled":false,"stress_monitoring_enabled":false},"sedentary_reminder":{"end_hour":18,"end_minute":0,"interval":60,"repeat_count":0,"start_hour":9,"start_minute":0,"status":false},"sleep_reminder":{"hour":0,"millisecond":0,"minute":0,"second":0,"status":false},"snapshots":{"heart_rate":{"continuous_heart_rate_mode":0,"frequency":5,"mode":0},"sedentary_reminder":{"end_noon_hour":0,"end_noon_minute":0,"no_disturb_in_launch":false,"start_noon_hour":0,"start_noon_minute":0}},"spo2":{"enabled":true,"threshold":90},"support":{"heart_rate":true,"high_stress_index":false,"relaxation_prompt":false,"sedentary_reminder":true,"sleep_reminder":false,"spo2":true,"wear_detection":false}}
2026-03-29 18:25:37.240 | AlertVM | handleQueryCallback type=SedentaryDataObtained
2026-03-29 18:25:37.242 | AlertVM | handleQueryCallback type=Default
2026-03-29 18:25:37.244 | AlertVM | handleQueryCallback type=SedentaryReminderSettingsObtained
2026-03-29 18:25:37.246 | AlertVM | sedentary query matchesStored=true pending=false phase=null
2026-03-29 18:25:37.247 | AlertVM | sedentary query value={"end_hour":0,"end_minute":0,"interval":0,"repeat_count":0,"start_hour":0,"start_minute":0,"status":false}
2026-03-29 18:25:37.249 | AlertVM | handleQueryCallback type=Default
2026-03-29 18:25:37.250 | AlertVM | handleQueryCallback type=AlertFeatureSupportObtained
2026-03-29 18:25:37.252 | AlertVM | support feature=SEDENTARY_REMINDER supported=true
2026-03-29 18:25:37.253 | AlertVM | handleQueryCallback type=Default
2026-03-29 18:25:37.527 | ZhQuery | onHeartRateMonitorResult={"continuousHeartRateMode":0,"frequency":5,"isSportWarning":false,"isWarning":false,"lowWarningValue":0,"mode":0,"sportWarningValue":0,"warningValue":220}
2026-03-29 18:25:37.529 | AlertService | queryCallback type=HeartRateAlertDataObtained
2026-03-29 18:25:37.533 | AlertService | queryCallback type=HeartRateAlertSettingsObtained
2026-03-29 18:25:37.545 | AlertService | saveAlertSettings={"device_address":"D8:5C:08:30:00:1E","heart_rate":{"low_enabled":false,"low_threshold":50,"resting_enabled":false,"resting_threshold":150,"workout_enabled":false,"workout_threshold":175},"pending_sync":{"heart_rate":false,"relaxation_prompt":false,"sedentary_reminder":false,"sleep_reminder":false,"spo2":false},"pressure_mode":{"relaxation_prompt_enabled":false,"stress_monitoring_enabled":false},"sedentary_reminder":{"end_hour":18,"end_minute":0,"interval":60,"repeat_count":0,"start_hour":9,"start_minute":0,"status":false},"sleep_reminder":{"hour":0,"millisecond":0,"minute":0,"second":0,"status":false},"snapshots":{"heart_rate":{"continuous_heart_rate_mode":0,"frequency":5,"mode":0},"sedentary_reminder":{"end_noon_hour":0,"end_noon_minute":0,"no_disturb_in_launch":false,"start_noon_hour":0,"start_noon_minute":0}},"spo2":{"enabled":true,"threshold":90},"support":{"heart_rate":true,"high_stress_index":false,"relaxation_prompt":false,"sedentary_reminder":true,"sleep_reminder":false,"spo2":true,"wear_detection":false}}
2026-03-29 18:25:37.548 | AlertService | queryCallback type=AlertFeatureSupportObtained
2026-03-29 18:25:37.551 | AlertService | saveAlertSettings={"device_address":"D8:5C:08:30:00:1E","heart_rate":{"low_enabled":false,"low_threshold":50,"resting_enabled":false,"resting_threshold":150,"workout_enabled":false,"workout_threshold":175},"pending_sync":{"heart_rate":false,"relaxation_prompt":false,"sedentary_reminder":false,"sleep_reminder":false,"spo2":false},"pressure_mode":{"relaxation_prompt_enabled":false,"stress_monitoring_enabled":false},"sedentary_reminder":{"end_hour":18,"end_minute":0,"interval":60,"repeat_count":0,"start_hour":9,"start_minute":0,"status":false},"sleep_reminder":{"hour":0,"millisecond":0,"minute":0,"second":0,"status":false},"snapshots":{"heart_rate":{"continuous_heart_rate_mode":0,"frequency":5,"mode":0},"sedentary_reminder":{"end_noon_hour":0,"end_noon_minute":0,"no_disturb_in_launch":false,"start_noon_hour":0,"start_noon_minute":0}},"spo2":{"enabled":true,"threshold":90},"support":{"heart_rate":true,"high_stress_index":false,"relaxation_prompt":false,"sedentary_reminder":true,"sleep_reminder":false,"spo2":true,"wear_detection":false}}
2026-03-29 18:25:37.555 | AlertVM | handleQueryCallback type=HeartRateAlertDataObtained
2026-03-29 18:25:37.556 | AlertVM | handleQueryCallback type=Default
2026-03-29 18:25:37.558 | AlertVM | handleQueryCallback type=HeartRateAlertSettingsObtained
2026-03-29 18:25:37.560 | AlertVM | heartRate query matchesStored=true pending=false phase=null
2026-03-29 18:25:37.562 | AlertVM | heartRate query value={"low_enabled":false,"low_threshold":0,"resting_enabled":false,"resting_threshold":220,"workout_enabled":false,"workout_threshold":0}
2026-03-29 18:25:37.564 | AlertVM | handleQueryCallback type=Default
2026-03-29 18:25:37.565 | AlertVM | handleQueryCallback type=AlertFeatureSupportObtained
2026-03-29 18:25:37.567 | AlertVM | support feature=HEART_RATE supported=true
2026-03-29 18:25:37.568 | AlertVM | handleQueryCallback type=Default
2026-03-29 18:25:37.843 | AlertService | queryCallback type=UpdateFirmwareLogStatus
2026-03-29 18:25:37.845 | AlertVM | handleQueryCallback type=UpdateFirmwareLogStatus
2026-03-29 18:25:37.847 | AlertVM | handleQueryCallback type=Default
2026-03-29 18:25:38.201 | ZhQuery | onSWSPO2Monitor={"isWarning":true,"warningValue":90}
2026-03-29 18:25:38.203 | AlertService | queryCallback type=Spo2AlertSettingsObtained
2026-03-29 18:25:38.205 | AlertService | saveAlertSettings={"device_address":"D8:5C:08:30:00:1E","heart_rate":{"low_enabled":false,"low_threshold":50,"resting_enabled":false,"resting_threshold":150,"workout_enabled":false,"workout_threshold":175},"pending_sync":{"heart_rate":false,"relaxation_prompt":false,"sedentary_reminder":false,"sleep_reminder":false,"spo2":false},"pressure_mode":{"relaxation_prompt_enabled":false,"stress_monitoring_enabled":false},"sedentary_reminder":{"end_hour":18,"end_minute":0,"interval":60,"repeat_count":0,"start_hour":9,"start_minute":0,"status":false},"sleep_reminder":{"hour":0,"millisecond":0,"minute":0,"second":0,"status":false},"snapshots":{"heart_rate":{"continuous_heart_rate_mode":0,"frequency":5,"mode":0},"sedentary_reminder":{"end_noon_hour":0,"end_noon_minute":0,"no_disturb_in_launch":false,"start_noon_hour":0,"start_noon_minute":0}},"spo2":{"enabled":true,"threshold":90},"support":{"heart_rate":true,"high_stress_index":false,"relaxation_prompt":false,"sedentary_reminder":true,"sleep_reminder":false,"spo2":true,"wear_detection":false}}
2026-03-29 18:25:38.206 | AlertService | queryCallback type=AlertFeatureSupportObtained
2026-03-29 18:25:38.208 | AlertService | saveAlertSettings={"device_address":"D8:5C:08:30:00:1E","heart_rate":{"low_enabled":false,"low_threshold":50,"resting_enabled":false,"resting_threshold":150,"workout_enabled":false,"workout_threshold":175},"pending_sync":{"heart_rate":false,"relaxation_prompt":false,"sedentary_reminder":false,"sleep_reminder":false,"spo2":false},"pressure_mode":{"relaxation_prompt_enabled":false,"stress_monitoring_enabled":false},"sedentary_reminder":{"end_hour":18,"end_minute":0,"interval":60,"repeat_count":0,"start_hour":9,"start_minute":0,"status":false},"sleep_reminder":{"hour":0,"millisecond":0,"minute":0,"second":0,"status":false},"snapshots":{"heart_rate":{"continuous_heart_rate_mode":0,"frequency":5,"mode":0},"sedentary_reminder":{"end_noon_hour":0,"end_noon_minute":0,"no_disturb_in_launch":false,"start_noon_hour":0,"start_noon_minute":0}},"spo2":{"enabled":true,"threshold":90},"support":{"heart_rate":true,"high_stress_index":false,"relaxation_prompt":false,"sedentary_reminder":true,"sleep_reminder":false,"spo2":true,"wear_detection":false}}
2026-03-29 18:25:38.209 | AlertVM | handleQueryCallback type=Spo2AlertSettingsObtained
2026-03-29 18:25:38.211 | AlertVM | spo2 query matchesStored=true pending=false phase=null
2026-03-29 18:25:38.214 | AlertVM | spo2 query value={"enabled":true,"threshold":90}
2026-03-29 18:25:38.217 | AlertVM | handleQueryCallback type=Default
2026-03-29 18:25:38.218 | AlertVM | handleQueryCallback type=AlertFeatureSupportObtained
2026-03-29 18:25:38.221 | AlertVM | support feature=SPO2 supported=true
2026-03-29 18:25:38.223 | AlertVM | handleQueryCallback type=Default
2026-03-29 18:25:38.847 | AlertService | queryCallback type=UpdateFirmwareLogStatus
2026-03-29 18:25:38.856 | AlertVM | handleQueryCallback type=UpdateFirmwareLogStatus
2026-03-29 18:25:38.858 | AlertVM | handleQueryCallback type=Default
2026-03-29 18:25:39.407 | ZhQuery | onSedentaryReminderResult={"drinkWater":0,"endNoonTime":{"hour":0,"millisecond":0,"minuter":0,"second":0},"endTime":{"hour":0,"millisecond":0,"minuter":0,"second":0},"frequency":0,"isOn":false,"noDisturbInLaunch":false,"startNoonTime":{"hour":0,"millisecond":0,"minuter":0,"second":0},"startTime":{"hour":0,"millisecond":0,"minuter":0,"second":0}}
2026-03-29 18:25:39.408 | AlertService | queryCallback type=SedentaryDataObtained
2026-03-29 18:25:39.410 | AlertService | queryCallback type=SedentaryReminderSettingsObtained
2026-03-29 18:25:39.411 | AlertService | saveAlertSettings={"device_address":"D8:5C:08:30:00:1E","heart_rate":{"low_enabled":false,"low_threshold":50,"resting_enabled":false,"resting_threshold":150,"workout_enabled":false,"workout_threshold":175},"pending_sync":{"heart_rate":false,"relaxation_prompt":false,"sedentary_reminder":false,"sleep_reminder":false,"spo2":false},"pressure_mode":{"relaxation_prompt_enabled":false,"stress_monitoring_enabled":false},"sedentary_reminder":{"end_hour":18,"end_minute":0,"interval":60,"repeat_count":0,"start_hour":9,"start_minute":0,"status":false},"sleep_reminder":{"hour":0,"millisecond":0,"minute":0,"second":0,"status":false},"snapshots":{"heart_rate":{"continuous_heart_rate_mode":0,"frequency":5,"mode":0},"sedentary_reminder":{"end_noon_hour":0,"end_noon_minute":0,"no_disturb_in_launch":false,"start_noon_hour":0,"start_noon_minute":0}},"spo2":{"enabled":true,"threshold":90},"support":{"heart_rate":true,"high_stress_index":false,"relaxation_prompt":false,"sedentary_reminder":true,"sleep_reminder":false,"spo2":true,"wear_detection":false}}
2026-03-29 18:25:39.417 | AlertService | queryCallback type=AlertFeatureSupportObtained
2026-03-29 18:25:39.419 | AlertService | saveAlertSettings={"device_address":"D8:5C:08:30:00:1E","heart_rate":{"low_enabled":false,"low_threshold":50,"resting_enabled":false,"resting_threshold":150,"workout_enabled":false,"workout_threshold":175},"pending_sync":{"heart_rate":false,"relaxation_prompt":false,"sedentary_reminder":false,"sleep_reminder":false,"spo2":false},"pressure_mode":{"relaxation_prompt_enabled":false,"stress_monitoring_enabled":false},"sedentary_reminder":{"end_hour":18,"end_minute":0,"interval":60,"repeat_count":0,"start_hour":9,"start_minute":0,"status":false},"sleep_reminder":{"hour":0,"millisecond":0,"minute":0,"second":0,"status":false},"snapshots":{"heart_rate":{"continuous_heart_rate_mode":0,"frequency":5,"mode":0},"sedentary_reminder":{"end_noon_hour":0,"end_noon_minute":0,"no_disturb_in_launch":false,"start_noon_hour":0,"start_noon_minute":0}},"spo2":{"enabled":true,"threshold":90},"support":{"heart_rate":true,"high_stress_index":false,"relaxation_prompt":false,"sedentary_reminder":true,"sleep_reminder":false,"spo2":true,"wear_detection":false}}
2026-03-29 18:25:39.420 | AlertVM | handleQueryCallback type=SedentaryDataObtained
2026-03-29 18:25:39.423 | AlertVM | handleQueryCallback type=Default
2026-03-29 18:25:39.425 | AlertVM | handleQueryCallback type=SedentaryReminderSettingsObtained
2026-03-29 18:25:39.426 | AlertVM | sedentary query matchesStored=true pending=false phase=null
2026-03-29 18:25:39.428 | AlertVM | sedentary query value={"end_hour":0,"end_minute":0,"interval":0,"repeat_count":0,"start_hour":0,"start_minute":0,"status":false}
2026-03-29 18:25:39.430 | AlertVM | handleQueryCallback type=Default
2026-03-29 18:25:39.432 | AlertVM | handleQueryCallback type=AlertFeatureSupportObtained
2026-03-29 18:25:39.434 | AlertVM | support feature=SEDENTARY_REMINDER supported=true
2026-03-29 18:25:39.435 | AlertVM | handleQueryCallback type=Default
2026-03-29 18:25:39.781 | AlertService | queryCallback type=UpdateFirmwareLogStatus
2026-03-29 18:25:39.782 | AlertVM | handleQueryCallback type=UpdateFirmwareLogStatus
2026-03-29 18:25:39.784 | AlertVM | handleQueryCallback type=Default
2026-03-29 18:25:40.057 | AlertService | queryCallback type=UpdateFirmwareLogStatus
2026-03-29 18:25:40.066 | AlertVM | handleQueryCallback type=UpdateFirmwareLogStatus
2026-03-29 18:25:40.068 | AlertVM | handleQueryCallback type=Default
2026-03-29 18:25:41.711 | AlertService | queryCallback type=UpdateFirmwareLogStatus
2026-03-29 18:25:41.720 | AlertVM | handleQueryCallback type=UpdateFirmwareLogStatus
2026-03-29 18:25:41.722 | AlertVM | handleQueryCallback type=Default
2026-03-29 18:25:42.790 | AlertService | queryCallback type=UpdateFirmwareLogStatus
2026-03-29 18:25:42.801 | AlertVM | handleQueryCallback type=UpdateFirmwareLogStatus
2026-03-29 18:25:42.804 | AlertVM | handleQueryCallback type=Default
2026-03-29 18:25:43.741 | AlertService | queryCallback type=UpdateFirmwareLogStatus
2026-03-29 18:25:43.749 | AlertVM | handleQueryCallback type=UpdateFirmwareLogStatus
2026-03-29 18:25:43.752 | AlertVM | handleQueryCallback type=Default
2026-03-29 18:25:44.773 | AlertService | queryCallback type=UpdateFirmwareLogStatus
2026-03-29 18:25:44.783 | AlertVM | handleQueryCallback type=UpdateFirmwareLogStatus
2026-03-29 18:25:44.787 | AlertVM | handleQueryCallback type=Default
2026-03-29 18:25:45.671 | AlertService | queryCallback type=UpdateFirmwareLogStatus
2026-03-29 18:25:45.672 | AlertVM | handleQueryCallback type=UpdateFirmwareLogStatus
2026-03-29 18:25:45.674 | AlertVM | handleQueryCallback type=Default
2026-03-29 18:25:46.719 | AlertService | queryCallback type=UpdateFirmwareLogStatus
2026-03-29 18:25:46.724 | AlertVM | handleQueryCallback type=UpdateFirmwareLogStatus
2026-03-29 18:25:46.726 | AlertVM | handleQueryCallback type=Default
2026-03-29 18:25:47.796 | AlertService | queryCallback type=UpdateFirmwareLogStatus
2026-03-29 18:25:47.800 | AlertVM | handleQueryCallback type=UpdateFirmwareLogStatus
2026-03-29 18:25:47.806 | AlertVM | handleQueryCallback type=Default
2026-03-29 18:25:48.654 | AlertService | queryCallback type=UpdateFirmwareLogStatus
2026-03-29 18:25:48.656 | AlertVM | handleQueryCallback type=UpdateFirmwareLogStatus
2026-03-29 18:25:48.658 | AlertVM | handleQueryCallback type=Default
2026-03-29 18:25:50.532 | AlertService | queryCallback type=UpdateFirmwareLogStatus
2026-03-29 18:25:50.537 | AlertVM | handleQueryCallback type=UpdateFirmwareLogStatus
2026-03-29 18:25:50.539 | AlertVM | handleQueryCallback type=Default
2026-03-29 18:25:51.243 | AlertService | queryCallback type=UpdateFirmwareLogStatus
2026-03-29 18:25:51.246 | AlertVM | handleQueryCallback type=UpdateFirmwareLogStatus
2026-03-29 18:25:51.248 | AlertVM | handleQueryCallback type=Default
2026-03-29 18:25:51.756 | AlertService | queryCallback type=UpdateFirmwareLogStatus
2026-03-29 18:25:51.763 | AlertVM | handleQueryCallback type=UpdateFirmwareLogStatus
2026-03-29 18:25:51.764 | AlertVM | handleQueryCallback type=Default
2026-03-29 18:25:52.374 | AlertService | queryCallback type=UpdateFirmwareLogStatus
2026-03-29 18:25:52.385 | AlertVM | handleQueryCallback type=UpdateFirmwareLogStatus
2026-03-29 18:25:52.388 | AlertVM | handleQueryCallback type=Default
2026-03-29 18:25:52.663 | AlertService | queryCallback type=UpdateFirmwareLogStatus
2026-03-29 18:25:52.677 | AlertVM | handleQueryCallback type=UpdateFirmwareLogStatus
2026-03-29 18:25:52.680 | AlertVM | handleQueryCallback type=Default
2026-03-29 18:25:54.420 | AlertService | queryCallback type=UpdateFirmwareLogStatus
2026-03-29 18:25:54.423 | AlertVM | handleQueryCallback type=UpdateFirmwareLogStatus
2026-03-29 18:25:54.427 | AlertVM | handleQueryCallback type=Default
2026-03-29 18:25:55.395 | AlertService | queryCallback type=UpdateFirmwareLogStatus
2026-03-29 18:25:55.400 | AlertVM | handleQueryCallback type=UpdateFirmwareLogStatus
2026-03-29 18:25:55.402 | AlertVM | handleQueryCallback type=Default
2026-03-29 18:25:56.346 | AlertService | queryCallback type=UpdateFirmwareLogStatus
2026-03-29 18:25:56.352 | AlertVM | handleQueryCallback type=UpdateFirmwareLogStatus
2026-03-29 18:25:56.354 | AlertVM | handleQueryCallback type=Default
2026-03-29 18:25:57.425 | AlertService | queryCallback type=UpdateFirmwareLogStatus
2026-03-29 18:25:57.431 | AlertVM | handleQueryCallback type=UpdateFirmwareLogStatus
2026-03-29 18:25:57.433 | AlertVM | handleQueryCallback type=Default
2026-03-29 18:25:58.401 | AlertService | queryCallback type=UpdateFirmwareLogStatus
2026-03-29 18:25:58.413 | AlertVM | handleQueryCallback type=UpdateFirmwareLogStatus
2026-03-29 18:25:58.415 | AlertVM | handleQueryCallback type=Default
2026-03-29 18:25:59.431 | AlertService | queryCallback type=UpdateFirmwareLogStatus
2026-03-29 18:25:59.442 | AlertVM | handleQueryCallback type=UpdateFirmwareLogStatus
2026-03-29 18:25:59.445 | AlertVM | handleQueryCallback type=Default
2026-03-29 18:26:00.365 | AlertService | queryCallback type=UpdateFirmwareLogStatus
2026-03-29 18:26:00.371 | AlertVM | handleQueryCallback type=UpdateFirmwareLogStatus
2026-03-29 18:26:00.374 | AlertVM | handleQueryCallback type=Default
2026-03-29 18:26:01.416 | AlertService | queryCallback type=UpdateFirmwareLogStatus
2026-03-29 18:26:01.426 | AlertVM | handleQueryCallback type=UpdateFirmwareLogStatus
2026-03-29 18:26:01.429 | AlertVM | handleQueryCallback type=Default
2026-03-29 18:26:02.393 | AlertService | queryCallback type=UpdateFirmwareLogStatus
2026-03-29 18:26:02.402 | AlertVM | handleQueryCallback type=UpdateFirmwareLogStatus
2026-03-29 18:26:02.404 | AlertVM | handleQueryCallback type=Default
2026-03-29 18:26:03.381 | AlertService | queryCallback type=UpdateFirmwareLogStatus
2026-03-29 18:26:03.397 | AlertVM | handleQueryCallback type=UpdateFirmwareLogStatus
2026-03-29 18:26:03.401 | AlertVM | handleQueryCallback type=Default
2026-03-29 18:26:04.376 | AlertService | queryCallback type=UpdateFirmwareLogStatus
2026-03-29 18:26:04.385 | AlertVM | handleQueryCallback type=UpdateFirmwareLogStatus
2026-03-29 18:26:04.387 | AlertVM | handleQueryCallback type=Default
2026-03-29 18:26:05.348 | AlertService | queryCallback type=UpdateFirmwareLogStatus
2026-03-29 18:26:05.356 | AlertVM | handleQueryCallback type=UpdateFirmwareLogStatus
2026-03-29 18:26:05.358 | AlertVM | handleQueryCallback type=Default
2026-03-29 18:26:06.335 | AlertService | queryCallback type=UpdateFirmwareLogStatus
2026-03-29 18:26:06.349 | AlertVM | handleQueryCallback type=UpdateFirmwareLogStatus
2026-03-29 18:26:06.351 | AlertVM | handleQueryCallback type=Default
2026-03-29 18:26:07.413 | AlertService | queryCallback type=UpdateFirmwareLogStatus
2026-03-29 18:26:07.422 | AlertVM | handleQueryCallback type=UpdateFirmwareLogStatus
2026-03-29 18:26:07.424 | AlertVM | handleQueryCallback type=Default
2026-03-29 18:26:08.403 | AlertService | queryCallback type=UpdateFirmwareLogStatus
2026-03-29 18:26:08.405 | AlertVM | handleQueryCallback type=UpdateFirmwareLogStatus
2026-03-29 18:26:08.408 | AlertVM | handleQueryCallback type=Default
2026-03-29 18:26:09.407 | AlertService | queryCallback type=UpdateFirmwareLogStatus
2026-03-29 18:26:09.418 | AlertVM | handleQueryCallback type=UpdateFirmwareLogStatus
2026-03-29 18:26:09.421 | AlertVM | handleQueryCallback type=Default
2026-03-29 18:26:10.347 | AlertService | queryCallback type=UpdateFirmwareLogStatus
2026-03-29 18:26:10.358 | AlertVM | handleQueryCallback type=UpdateFirmwareLogStatus
2026-03-29 18:26:10.361 | AlertVM | handleQueryCallback type=Default
2026-03-29 18:26:11.328 | AlertService | queryCallback type=UpdateFirmwareLogStatus
2026-03-29 18:26:11.334 | AlertVM | handleQueryCallback type=UpdateFirmwareLogStatus
2026-03-29 18:26:11.336 | AlertVM | handleQueryCallback type=Default
2026-03-29 18:26:12.316 | AlertService | queryCallback type=UpdateFirmwareLogStatus
2026-03-29 18:26:12.323 | AlertVM | handleQueryCallback type=UpdateFirmwareLogStatus
2026-03-29 18:26:12.325 | AlertVM | handleQueryCallback type=Default
2026-03-29 18:26:13.344 | AlertService | queryCallback type=UpdateFirmwareLogStatus
2026-03-29 18:26:13.349 | AlertVM | handleQueryCallback type=UpdateFirmwareLogStatus
2026-03-29 18:26:13.351 | AlertVM | handleQueryCallback type=Default
2026-03-29 18:26:14.339 | AlertService | queryCallback type=UpdateFirmwareLogStatus
2026-03-29 18:26:14.343 | AlertVM | handleQueryCallback type=UpdateFirmwareLogStatus
2026-03-29 18:26:14.345 | AlertVM | handleQueryCallback type=Default
2026-03-29 18:26:15.455 | AlertService | queryCallback type=UpdateFirmwareLogStatus
2026-03-29 18:26:15.465 | AlertVM | handleQueryCallback type=UpdateFirmwareLogStatus
2026-03-29 18:26:15.466 | AlertVM | handleQueryCallback type=Default
2026-03-29 18:26:16.365 | AlertService | queryCallback type=UpdateFirmwareLogStatus
2026-03-29 18:26:16.369 | AlertVM | handleQueryCallback type=UpdateFirmwareLogStatus
2026-03-29 18:26:16.371 | AlertVM | handleQueryCallback type=Default
2026-03-29 18:26:17.329 | AlertService | queryCallback type=UpdateFirmwareLogStatus
2026-03-29 18:26:17.340 | AlertVM | handleQueryCallback type=UpdateFirmwareLogStatus
2026-03-29 18:26:17.345 | AlertVM | handleQueryCallback type=Default
2026-03-29 18:26:18.356 | AlertService | queryCallback type=UpdateFirmwareLogStatus
2026-03-29 18:26:18.374 | AlertVM | handleQueryCallback type=UpdateFirmwareLogStatus
2026-03-29 18:26:18.377 | AlertVM | handleQueryCallback type=Default
2026-03-29 18:26:19.334 | AlertService | queryCallback type=UpdateFirmwareLogStatus
2026-03-29 18:26:19.339 | AlertVM | handleQueryCallback type=UpdateFirmwareLogStatus
2026-03-29 18:26:19.341 | AlertVM | handleQueryCallback type=Default
2026-03-29 18:26:20.011 | AlertService | queryCallback type=BatteryDataObtained
2026-03-29 18:26:20.016 | AlertVM | handleQueryCallback type=BatteryDataObtained
2026-03-29 18:26:20.019 | AlertVM | handleQueryCallback type=Default
2026-03-29 18:26:20.334 | AlertService | queryCallback type=UpdateFirmwareLogStatus
2026-03-29 18:26:20.344 | AlertVM | handleQueryCallback type=UpdateFirmwareLogStatus
2026-03-29 18:26:20.346 | AlertVM | handleQueryCallback type=Default
2026-03-29 18:26:21.309 | AlertService | queryCallback type=UpdateFirmwareLogStatus
2026-03-29 18:26:21.317 | AlertVM | handleQueryCallback type=UpdateFirmwareLogStatus
2026-03-29 18:26:21.319 | AlertVM | handleQueryCallback type=Default
2026-03-29 18:26:22.335 | AlertService | queryCallback type=UpdateFirmwareLogStatus
2026-03-29 18:26:22.340 | AlertVM | handleQueryCallback type=UpdateFirmwareLogStatus
2026-03-29 18:26:22.341 | AlertVM | handleQueryCallback type=Default
2026-03-29 18:26:23.347 | AlertService | queryCallback type=UpdateFirmwareLogStatus
2026-03-29 18:26:23.354 | AlertVM | handleQueryCallback type=UpdateFirmwareLogStatus
2026-03-29 18:26:23.357 | AlertVM | handleQueryCallback type=Default
2026-03-29 18:26:24.383 | AlertService | queryCallback type=UpdateFirmwareLogStatus
2026-03-29 18:26:24.384 | AlertVM | handleQueryCallback type=UpdateFirmwareLogStatus
2026-03-29 18:26:24.387 | AlertVM | handleQueryCallback type=Default
2026-03-29 18:26:25.323 | AlertService | queryCallback type=UpdateFirmwareLogStatus
2026-03-29 18:26:25.327 | AlertVM | handleQueryCallback type=UpdateFirmwareLogStatus
2026-03-29 18:26:25.330 | AlertVM | handleQueryCallback type=Default
2026-03-29 18:26:26.355 | AlertService | queryCallback type=UpdateFirmwareLogStatus
2026-03-29 18:26:26.368 | AlertVM | handleQueryCallback type=UpdateFirmwareLogStatus
2026-03-29 18:26:26.370 | AlertVM | handleQueryCallback type=Default
2026-03-29 18:26:27.296 | AlertService | queryCallback type=UpdateFirmwareLogStatus
2026-03-29 18:26:27.308 | AlertVM | handleQueryCallback type=UpdateFirmwareLogStatus
2026-03-29 18:26:27.309 | AlertVM | handleQueryCallback type=Default
2026-03-29 18:26:28.390 | AlertService | queryCallback type=UpdateFirmwareLogStatus
2026-03-29 18:26:28.399 | AlertVM | handleQueryCallback type=UpdateFirmwareLogStatus
2026-03-29 18:26:28.402 | AlertVM | handleQueryCallback type=Default
2026-03-29 18:26:29.500 | AlertService | queryCallback type=UpdateFirmwareLogStatus
2026-03-29 18:26:29.503 | AlertVM | handleQueryCallback type=UpdateFirmwareLogStatus
2026-03-29 18:26:29.507 | AlertVM | handleQueryCallback type=Default
2026-03-29 18:26:30.317 | AlertService | queryCallback type=UpdateFirmwareLogStatus
2026-03-29 18:26:30.324 | AlertVM | handleQueryCallback type=UpdateFirmwareLogStatus
2026-03-29 18:26:30.326 | AlertVM | handleQueryCallback type=Default
2026-03-29 18:26:31.365 | AlertService | queryCallback type=UpdateFirmwareLogStatus
2026-03-29 18:26:31.373 | AlertVM | handleQueryCallback type=UpdateFirmwareLogStatus
2026-03-29 18:26:31.376 | AlertVM | handleQueryCallback type=Default
2026-03-29 18:26:32.336 | AlertService | queryCallback type=UpdateFirmwareLogStatus
2026-03-29 18:26:32.346 | AlertVM | handleQueryCallback type=UpdateFirmwareLogStatus
2026-03-29 18:26:32.348 | AlertVM | handleQueryCallback type=Default
2026-03-29 18:26:33.412 | AlertService | queryCallback type=UpdateFirmwareLogStatus
2026-03-29 18:26:33.413 | AlertVM | handleQueryCallback type=UpdateFirmwareLogStatus
2026-03-29 18:26:33.415 | AlertVM | handleQueryCallback type=Default
2026-03-29 18:26:34.320 | AlertService | queryCallback type=UpdateFirmwareLogStatus
2026-03-29 18:26:34.328 | AlertVM | handleQueryCallback type=UpdateFirmwareLogStatus
2026-03-29 18:26:34.330 | AlertVM | handleQueryCallback type=Default
2026-03-29 18:26:35.417 | AlertService | queryCallback type=UpdateFirmwareLogStatus
2026-03-29 18:26:35.420 | AlertVM | handleQueryCallback type=UpdateFirmwareLogStatus
2026-03-29 18:26:35.422 | AlertVM | handleQueryCallback type=Default
2026-03-29 18:26:36.305 | AlertService | queryCallback type=UpdateFirmwareLogStatus
2026-03-29 18:26:36.311 | AlertVM | handleQueryCallback type=UpdateFirmwareLogStatus
2026-03-29 18:26:36.313 | AlertVM | handleQueryCallback type=Default
2026-03-29 18:26:37.376 | AlertService | queryCallback type=UpdateFirmwareLogStatus
2026-03-29 18:26:37.382 | AlertVM | handleQueryCallback type=UpdateFirmwareLogStatus
2026-03-29 18:26:37.383 | AlertVM | handleQueryCallback type=Default
2026-03-29 18:26:38.352 | AlertService | queryCallback type=UpdateFirmwareLogStatus
2026-03-29 18:26:38.361 | AlertVM | handleQueryCallback type=UpdateFirmwareLogStatus
2026-03-29 18:26:38.364 | AlertVM | handleQueryCallback type=Default
2026-03-29 18:26:39.338 | AlertService | queryCallback type=UpdateFirmwareLogStatus
2026-03-29 18:26:39.346 | AlertVM | handleQueryCallback type=UpdateFirmwareLogStatus
2026-03-29 18:26:39.350 | AlertVM | handleQueryCallback type=Default
2026-03-29 18:26:40.357 | AlertService | queryCallback type=UpdateFirmwareLogStatus
2026-03-29 18:26:40.364 | AlertVM | handleQueryCallback type=UpdateFirmwareLogStatus
2026-03-29 18:26:40.366 | AlertVM | handleQueryCallback type=Default
2026-03-29 18:26:41.322 | AlertService | queryCallback type=UpdateFirmwareLogStatus
2026-03-29 18:26:41.335 | AlertVM | handleQueryCallback type=UpdateFirmwareLogStatus
2026-03-29 18:26:41.338 | AlertVM | handleQueryCallback type=Default
2026-03-29 18:26:42.441 | AlertService | queryCallback type=UpdateFirmwareLogStatus
2026-03-29 18:26:42.452 | AlertVM | handleQueryCallback type=UpdateFirmwareLogStatus
2026-03-29 18:26:42.455 | AlertVM | handleQueryCallback type=Default
2026-03-29 18:26:43.376 | AlertService | queryCallback type=UpdateFirmwareLogStatus
2026-03-29 18:26:43.383 | AlertVM | handleQueryCallback type=UpdateFirmwareLogStatus
2026-03-29 18:26:43.385 | AlertVM | handleQueryCallback type=Default
2026-03-29 18:26:44.353 | AlertService | queryCallback type=UpdateFirmwareLogStatus
2026-03-29 18:26:44.360 | AlertVM | handleQueryCallback type=UpdateFirmwareLogStatus
2026-03-29 18:26:44.362 | AlertVM | handleQueryCallback type=Default
2026-03-29 18:26:45.361 | AlertService | queryCallback type=UpdateFirmwareLogStatus
2026-03-29 18:26:45.365 | AlertVM | handleQueryCallback type=UpdateFirmwareLogStatus
2026-03-29 18:26:45.367 | AlertVM | handleQueryCallback type=Default
2026-03-29 18:26:46.350 | AlertService | queryCallback type=UpdateFirmwareLogStatus
2026-03-29 18:26:46.359 | AlertVM | handleQueryCallback type=UpdateFirmwareLogStatus
2026-03-29 18:26:46.362 | AlertVM | handleQueryCallback type=Default
2026-03-29 18:26:47.369 | AlertService | queryCallback type=UpdateFirmwareLogStatus
2026-03-29 18:26:47.379 | AlertVM | handleQueryCallback type=UpdateFirmwareLogStatus
2026-03-29 18:26:47.380 | AlertVM | handleQueryCallback type=Default
2026-03-29 18:26:48.333 | AlertService | queryCallback type=UpdateFirmwareLogStatus
2026-03-29 18:26:48.343 | AlertVM | handleQueryCallback type=UpdateFirmwareLogStatus
2026-03-29 18:26:48.347 | AlertVM | handleQueryCallback type=Default
2026-03-29 18:26:49.400 | AlertService | queryCallback type=UpdateFirmwareLogStatus
2026-03-29 18:26:49.408 | AlertVM | handleQueryCallback type=UpdateFirmwareLogStatus
2026-03-29 18:26:49.409 | AlertVM | handleQueryCallback type=Default
2026-03-29 18:26:50.292 | AlertService | queryCallback type=UpdateFirmwareLogStatus
2026-03-29 18:26:50.301 | AlertVM | handleQueryCallback type=UpdateFirmwareLogStatus
2026-03-29 18:26:50.307 | AlertVM | handleQueryCallback type=Default
2026-03-29 18:26:51.347 | AlertService | queryCallback type=UpdateFirmwareLogStatus
2026-03-29 18:26:51.354 | AlertVM | handleQueryCallback type=UpdateFirmwareLogStatus
2026-03-29 18:26:51.356 | AlertVM | handleQueryCallback type=Default
2026-03-29 18:26:52.321 | AlertService | queryCallback type=UpdateFirmwareLogStatus
2026-03-29 18:26:52.331 | AlertVM | handleQueryCallback type=UpdateFirmwareLogStatus
2026-03-29 18:26:52.332 | AlertVM | handleQueryCallback type=Default
2026-03-29 18:26:53.309 | AlertService | queryCallback type=UpdateFirmwareLogStatus
2026-03-29 18:26:53.316 | AlertVM | handleQueryCallback type=UpdateFirmwareLogStatus
2026-03-29 18:26:53.318 | AlertVM | handleQueryCallback type=Default
2026-03-29 18:26:54.545 | AlertService | queryCallback type=UpdateFirmwareLogStatus
2026-03-29 18:26:55.318 | AlertService | queryCallback type=UpdateFirmwareLogStatus
2026-03-29 18:26:56.349 | AlertService | queryCallback type=UpdateFirmwareLogStatus
2026-03-29 18:26:57.623 | AlertService | queryCallback type=UpdateFirmwareLogStatus
2026-03-29 18:26:58.389 | AlertService | queryCallback type=UpdateFirmwareLogStatus
2026-03-29 18:26:59.395 | AlertService | queryCallback type=UpdateFirmwareLogStatus
2026-03-29 18:27:00.377 | AlertService | queryCallback type=UpdateFirmwareLogStatus
2026-03-29 18:27:01.564 | AlertService | queryCallback type=UpdateFirmwareLogStatus
2026-03-29 18:27:02.470 | AlertService | queryCallback type=UpdateFirmwareLogStatus
2026-03-29 18:27:03.346 | AlertService | queryCallback type=UpdateFirmwareLogStatus
2026-03-29 18:27:04.282 | AlertService | queryCallback type=UpdateFirmwareLogStatus
2026-03-29 18:27:05.281 | AlertService | queryCallback type=UpdateFirmwareLogStatus
2026-03-29 18:27:06.308 | AlertService | queryCallback type=UpdateFirmwareLogStatus
2026-03-29 18:27:07.365 | AlertService | queryCallback type=UpdateFirmwareLogStatus
2026-03-29 18:27:08.386 | AlertService | queryCallback type=UpdateFirmwareLogStatus
2026-03-29 18:27:09.293 | AlertService | queryCallback type=UpdateFirmwareLogStatus
2026-03-29 18:27:10.283 | AlertService | queryCallback type=UpdateFirmwareLogStatus
2026-03-29 18:27:11.379 | AlertService | queryCallback type=UpdateFirmwareLogStatus
2026-03-29 18:27:12.309 | AlertService | queryCallback type=UpdateFirmwareLogStatus
2026-03-29 18:27:13.308 | AlertService | queryCallback type=UpdateFirmwareLogStatus
2026-03-29 18:27:14.293 | AlertService | queryCallback type=UpdateFirmwareLogStatus
2026-03-29 18:27:15.288 | AlertService | queryCallback type=UpdateFirmwareLogStatus
2026-03-29 18:27:16.312 | AlertService | queryCallback type=UpdateFirmwareLogStatus
2026-03-29 18:27:17.317 | AlertService | queryCallback type=UpdateFirmwareLogStatus
2026-03-29 18:27:18.298 | AlertService | queryCallback type=UpdateFirmwareLogStatus
2026-03-29 18:27:19.288 | AlertService | queryCallback type=UpdateFirmwareLogStatus
2026-03-29 18:27:20.348 | AlertService | queryCallback type=UpdateFirmwareLogStatus
2026-03-29 18:27:21.308 | AlertService | queryCallback type=UpdateFirmwareLogStatus
2026-03-29 18:27:22.307 | AlertService | queryCallback type=UpdateFirmwareLogStatus
2026-03-29 18:27:23.303 | AlertService | queryCallback type=UpdateFirmwareLogStatus
2026-03-29 18:27:24.297 | AlertService | queryCallback type=UpdateFirmwareLogStatus
2026-03-29 18:27:25.341 | AlertService | queryCallback type=UpdateFirmwareLogStatus
2026-03-29 18:27:26.373 | AlertService | queryCallback type=UpdateFirmwareLogStatus
2026-03-29 18:27:27.288 | AlertService | queryCallback type=UpdateFirmwareLogStatus
2026-03-29 18:27:28.290 | AlertService | queryCallback type=UpdateFirmwareLogStatus
2026-03-29 18:27:29.277 | AlertService | queryCallback type=UpdateFirmwareLogStatus
2026-03-29 18:27:30.376 | AlertService | queryCallback type=UpdateFirmwareLogStatus
2026-03-29 18:27:31.307 | AlertService | queryCallback type=UpdateFirmwareLogStatus
2026-03-29 18:27:32.289 | AlertService | queryCallback type=UpdateFirmwareLogStatus
2026-03-29 18:27:33.306 | AlertService | queryCallback type=UpdateFirmwareLogStatus
2026-03-29 18:27:34.287 | AlertService | queryCallback type=UpdateFirmwareLogStatus
2026-03-29 18:27:35.347 | AlertService | queryCallback type=UpdateFirmwareLogStatus
2026-03-29 18:27:36.303 | AlertService | queryCallback type=UpdateFirmwareLogStatus
2026-03-29 18:27:37.294 | AlertService | queryCallback type=UpdateFirmwareLogStatus
2026-03-29 18:27:38.268 | AlertService | queryCallback type=UpdateFirmwareLogStatus
2026-03-29 18:27:39.288 | AlertService | queryCallback type=UpdateFirmwareLogStatus
2026-03-29 18:27:40.401 | AlertService | queryCallback type=UpdateFirmwareLogStatus
2026-03-29 18:27:41.303 | AlertService | queryCallback type=UpdateFirmwareLogStatus
2026-03-29 18:27:42.290 | AlertService | queryCallback type=UpdateFirmwareLogStatus
2026-03-29 18:27:43.267 | AlertService | queryCallback type=UpdateFirmwareLogStatus
2026-03-29 18:27:44.309 | AlertService | queryCallback type=UpdateFirmwareLogStatus
2026-03-29 18:27:45.312 | AlertService | queryCallback type=UpdateFirmwareLogStatus
2026-03-29 18:27:46.381 | AlertService | queryCallback type=UpdateFirmwareLogStatus
2026-03-29 18:27:47.274 | AlertService | queryCallback type=UpdateFirmwareLogStatus
2026-03-29 18:27:48.310 | AlertService | queryCallback type=UpdateFirmwareLogStatus
2026-03-29 18:27:49.313 | AlertService | queryCallback type=UpdateFirmwareLogStatus
2026-03-29 18:27:50.292 | AlertService | queryCallback type=UpdateFirmwareLogStatus
2026-03-29 18:27:51.297 | AlertService | queryCallback type=UpdateFirmwareLogStatus
2026-03-29 18:27:52.277 | AlertService | queryCallback type=UpdateFirmwareLogStatus
2026-03-29 18:27:53.275 | AlertService | queryCallback type=UpdateFirmwareLogStatus
2026-03-29 18:27:54.280 | AlertService | queryCallback type=UpdateFirmwareLogStatus
2026-03-29 18:27:55.271 | AlertService | queryCallback type=UpdateFirmwareLogStatus
2026-03-29 18:27:56.274 | AlertService | queryCallback type=UpdateFirmwareLogStatus
2026-03-29 18:27:57.256 | AlertService | queryCallback type=UpdateFirmwareLogStatus
2026-03-29 18:27:58.259 | AlertService | queryCallback type=UpdateFirmwareLogStatus
2026-03-29 18:27:59.292 | AlertService | queryCallback type=UpdateFirmwareLogStatus
2026-03-29 18:28:00.288 | AlertService | queryCallback type=UpdateFirmwareLogStatus
2026-03-29 18:28:01.268 | AlertService | queryCallback type=UpdateFirmwareLogStatus
2026-03-29 18:28:02.282 | AlertService | queryCallback type=UpdateFirmwareLogStatus
2026-03-29 18:28:03.250 | AlertService | queryCallback type=UpdateFirmwareLogStatus
2026-03-29 18:28:04.283 | AlertService | queryCallback type=UpdateFirmwareLogStatus
2026-03-29 18:28:05.253 | AlertService | queryCallback type=UpdateFirmwareLogStatus
2026-03-29 18:28:06.273 | AlertService | queryCallback type=UpdateFirmwareLogStatus
2026-03-29 18:28:07.268 | AlertService | queryCallback type=UpdateFirmwareLogStatus
2026-03-29 18:28:08.295 | AlertService | queryCallback type=UpdateFirmwareLogStatus
2026-03-29 18:28:09.301 | AlertService | queryCallback type=UpdateFirmwareLogStatus
2026-03-29 18:28:10.273 | AlertService | queryCallback type=UpdateFirmwareLogStatus
2026-03-29 18:28:11.287 | AlertService | queryCallback type=UpdateFirmwareLogStatus
2026-03-29 18:28:12.257 | AlertService | queryCallback type=UpdateFirmwareLogStatus
2026-03-29 18:28:13.301 | AlertService | queryCallback type=UpdateFirmwareLogStatus
2026-03-29 18:28:14.291 | AlertService | queryCallback type=UpdateFirmwareLogStatus
2026-03-29 18:28:15.268 | AlertService | queryCallback type=UpdateFirmwareLogStatus
2026-03-29 18:28:16.267 | AlertService | queryCallback type=UpdateFirmwareLogStatus
2026-03-29 18:28:17.242 | AlertService | queryCallback type=UpdateFirmwareLogStatus
2026-03-29 18:28:18.292 | AlertService | queryCallback type=UpdateFirmwareLogStatus
2026-03-29 18:28:19.291 | AlertService | queryCallback type=UpdateFirmwareLogStatus
2026-03-29 18:28:20.288 | AlertService | queryCallback type=UpdateFirmwareLogStatus
2026-03-29 18:28:21.249 | AlertService | queryCallback type=UpdateFirmwareLogStatus
2026-03-29 18:28:22.258 | AlertService | queryCallback type=UpdateFirmwareLogStatus
2026-03-29 18:28:23.296 | AlertService | queryCallback type=UpdateFirmwareLogStatus
2026-03-29 18:28:24.282 | AlertService | queryCallback type=UpdateFirmwareLogStatus
2026-03-29 18:28:25.238 | AlertService | queryCallback type=UpdateFirmwareLogStatus
2026-03-29 18:28:26.452 | AlertService | queryCallback type=UpdateFirmwareLogStatus
2026-03-29 18:28:27.214 | AlertService | queryCallback type=UpdateFirmwareLogStatus
2026-03-29 18:28:28.346 | AlertService | queryCallback type=UpdateFirmwareLogStatus
2026-03-29 18:28:28.639 | AlertService | queryCallback type=BatteryDataObtained
2026-03-29 18:28:29.021 | AlertService | queryCallback type=BatteryDataObtained
2026-03-29 18:28:29.515 | AlertService | queryCallback type=UpdateFirmwareLogStatus
2026-03-29 18:28:30.327 | AlertService | queryCallback type=UpdateFirmwareLogStatus
2026-03-29 18:28:31.224 | AlertService | queryCallback type=UpdateFirmwareLogStatus
2026-03-29 18:28:32.301 | AlertService | queryCallback type=UpdateFirmwareLogStatus
2026-03-29 18:28:33.256 | AlertService | queryCallback type=UpdateFirmwareLogStatus
2026-03-29 18:28:34.393 | AlertService | queryCallback type=UpdateFirmwareLogStatus
2026-03-29 18:28:35.609 | AlertService | queryCallback type=UpdateFirmwareLogStatus
2026-03-29 18:28:36.360 | AlertUI | BlankTestFragment alert panel initialized
2026-03-29 18:28:36.362 | AlertVM | handleQueryCallback type=Default
2026-03-29 18:28:36.364 | AlertVM | onConnectedStateChanged state=ConnectSuccess
2026-03-29 18:28:36.369 | AlertVM | loadState={"device_address":"D8:5C:08:30:00:1E","heart_rate":{"low_enabled":false,"low_threshold":50,"resting_enabled":false,"resting_threshold":150,"workout_enabled":false,"workout_threshold":175},"pending_sync":{"heart_rate":false,"relaxation_prompt":false,"sedentary_reminder":false,"sleep_reminder":false,"spo2":false},"pressure_mode":{"relaxation_prompt_enabled":false,"stress_monitoring_enabled":false},"sedentary_reminder":{"end_hour":18,"end_minute":0,"interval":60,"repeat_count":0,"start_hour":9,"start_minute":0,"status":false},"sleep_reminder":{"hour":0,"millisecond":0,"minute":0,"second":0,"status":false},"snapshots":{"heart_rate":{"continuous_heart_rate_mode":0,"frequency":5,"mode":0},"sedentary_reminder":{"end_noon_hour":0,"end_noon_minute":0,"no_disturb_in_launch":false,"start_noon_hour":0,"start_noon_minute":0}},"spo2":{"enabled":true,"threshold":90},"support":{"heart_rate":true,"high_stress_index":false,"relaxation_prompt":false,"sedentary_reminder":true,"sleep_reminder":false,"spo2":true,"wear_detection":false}}
2026-03-29 18:28:36.371 | AlertVM | refreshFromBand dispatching alert queries
2026-03-29 18:28:36.416 | AlertService | queryCallback type=UpdateFirmwareLogStatus
2026-03-29 18:28:36.458 | ZhQuery | getHeartRateAlertSettings dispatched
2026-03-29 18:28:36.460 | ZhQuery | getSpo2AlertSettings dispatched
2026-03-29 18:28:36.461 | ZhQuery | getPressureModeSettings dispatched
2026-03-29 18:28:36.463 | ZhQuery | getSleepReminder dispatched
2026-03-29 18:28:36.469 | AlertVM | refreshFromBand dispatching alert queries
2026-03-29 18:28:36.485 | AlertVM | handleQueryCallback type=UpdateFirmwareLogStatus
2026-03-29 18:28:36.487 | AlertVM | handleQueryCallback type=Default
2026-03-29 18:28:36.492 | ZhQuery | getHeartRateAlertSettings dispatched
2026-03-29 18:28:36.496 | ZhQuery | getSpo2AlertSettings dispatched
2026-03-29 18:28:36.500 | ZhQuery | getPressureModeSettings dispatched
2026-03-29 18:28:36.504 | ZhQuery | getSleepReminder dispatched
2026-03-29 18:28:37.485 | AlertService | queryCallback type=UpdateFirmwareLogStatus
2026-03-29 18:28:37.490 | AlertVM | handleQueryCallback type=UpdateFirmwareLogStatus
2026-03-29 18:28:37.492 | AlertVM | handleQueryCallback type=Default
2026-03-29 18:28:38.165 | AlertService | queryCallback type=BatteryDataObtained
2026-03-29 18:28:38.169 | AlertVM | handleQueryCallback type=BatteryDataObtained
2026-03-29 18:28:38.170 | AlertVM | handleQueryCallback type=Default
2026-03-29 18:28:38.689 | AlertService | queryCallback type=UpdateFirmwareLogStatus
2026-03-29 18:28:38.694 | AlertVM | handleQueryCallback type=UpdateFirmwareLogStatus
2026-03-29 18:28:38.695 | AlertVM | handleQueryCallback type=Default
2026-03-29 18:28:39.383 | AlertService | queryCallback type=UpdateFirmwareLogStatus
2026-03-29 18:28:39.390 | AlertVM | handleQueryCallback type=UpdateFirmwareLogStatus
2026-03-29 18:28:39.392 | AlertVM | handleQueryCallback type=Default
2026-03-29 18:28:39.548 | ZhQuery | onHeartRateMonitorResult={"continuousHeartRateMode":0,"frequency":5,"isSportWarning":false,"isWarning":false,"lowWarningValue":0,"mode":0,"sportWarningValue":0,"warningValue":220}
2026-03-29 18:28:39.550 | AlertService | queryCallback type=HeartRateAlertDataObtained
2026-03-29 18:28:39.551 | AlertService | queryCallback type=HeartRateAlertSettingsObtained
2026-03-29 18:28:39.553 | AlertService | saveAlertSettings={"device_address":"D8:5C:08:30:00:1E","heart_rate":{"low_enabled":false,"low_threshold":50,"resting_enabled":false,"resting_threshold":150,"workout_enabled":false,"workout_threshold":175},"pending_sync":{"heart_rate":false,"relaxation_prompt":false,"sedentary_reminder":false,"sleep_reminder":false,"spo2":false},"pressure_mode":{"relaxation_prompt_enabled":false,"stress_monitoring_enabled":false},"sedentary_reminder":{"end_hour":18,"end_minute":0,"interval":60,"repeat_count":0,"start_hour":9,"start_minute":0,"status":false},"sleep_reminder":{"hour":0,"millisecond":0,"minute":0,"second":0,"status":false},"snapshots":{"heart_rate":{"continuous_heart_rate_mode":0,"frequency":5,"mode":0},"sedentary_reminder":{"end_noon_hour":0,"end_noon_minute":0,"no_disturb_in_launch":false,"start_noon_hour":0,"start_noon_minute":0}},"spo2":{"enabled":true,"threshold":90},"support":{"heart_rate":true,"high_stress_index":false,"relaxation_prompt":false,"sedentary_reminder":true,"sleep_reminder":false,"spo2":true,"wear_detection":false}}
2026-03-29 18:28:39.556 | AlertService | queryCallback type=AlertFeatureSupportObtained
2026-03-29 18:28:39.558 | AlertService | saveAlertSettings={"device_address":"D8:5C:08:30:00:1E","heart_rate":{"low_enabled":false,"low_threshold":50,"resting_enabled":false,"resting_threshold":150,"workout_enabled":false,"workout_threshold":175},"pending_sync":{"heart_rate":false,"relaxation_prompt":false,"sedentary_reminder":false,"sleep_reminder":false,"spo2":false},"pressure_mode":{"relaxation_prompt_enabled":false,"stress_monitoring_enabled":false},"sedentary_reminder":{"end_hour":18,"end_minute":0,"interval":60,"repeat_count":0,"start_hour":9,"start_minute":0,"status":false},"sleep_reminder":{"hour":0,"millisecond":0,"minute":0,"second":0,"status":false},"snapshots":{"heart_rate":{"continuous_heart_rate_mode":0,"frequency":5,"mode":0},"sedentary_reminder":{"end_noon_hour":0,"end_noon_minute":0,"no_disturb_in_launch":false,"start_noon_hour":0,"start_noon_minute":0}},"spo2":{"enabled":true,"threshold":90},"support":{"heart_rate":true,"high_stress_index":false,"relaxation_prompt":false,"sedentary_reminder":true,"sleep_reminder":false,"spo2":true,"wear_detection":false}}
2026-03-29 18:28:39.560 | ZhQuery | getHeartRateAlertSettings state=SUCCEED
2026-03-29 18:28:39.562 | ZhQuery | getHeartRateAlertSettings state=SUCCEED
2026-03-29 18:28:39.564 | AlertVM | handleQueryCallback type=HeartRateAlertDataObtained
2026-03-29 18:28:39.565 | AlertVM | handleQueryCallback type=Default
2026-03-29 18:28:39.567 | AlertVM | handleQueryCallback type=HeartRateAlertSettingsObtained
2026-03-29 18:28:39.568 | AlertVM | heartRate query matchesStored=true pending=false phase=null
2026-03-29 18:28:39.570 | AlertVM | heartRate query value={"low_enabled":false,"low_threshold":0,"resting_enabled":false,"resting_threshold":220,"workout_enabled":false,"workout_threshold":0}
2026-03-29 18:28:39.571 | AlertVM | handleQueryCallback type=Default
2026-03-29 18:28:39.573 | AlertVM | handleQueryCallback type=AlertFeatureSupportObtained
2026-03-29 18:28:39.574 | AlertVM | support feature=HEART_RATE supported=true
2026-03-29 18:28:39.575 | AlertVM | handleQueryCallback type=Default
2026-03-29 18:28:39.863 | ZhQuery | onSWSPO2Monitor={"isWarning":true,"warningValue":90}
2026-03-29 18:28:39.864 | AlertService | queryCallback type=Spo2AlertSettingsObtained
2026-03-29 18:28:39.866 | AlertService | saveAlertSettings={"device_address":"D8:5C:08:30:00:1E","heart_rate":{"low_enabled":false,"low_threshold":50,"resting_enabled":false,"resting_threshold":150,"workout_enabled":false,"workout_threshold":175},"pending_sync":{"heart_rate":false,"relaxation_prompt":false,"sedentary_reminder":false,"sleep_reminder":false,"spo2":false},"pressure_mode":{"relaxation_prompt_enabled":false,"stress_monitoring_enabled":false},"sedentary_reminder":{"end_hour":18,"end_minute":0,"interval":60,"repeat_count":0,"start_hour":9,"start_minute":0,"status":false},"sleep_reminder":{"hour":0,"millisecond":0,"minute":0,"second":0,"status":false},"snapshots":{"heart_rate":{"continuous_heart_rate_mode":0,"frequency":5,"mode":0},"sedentary_reminder":{"end_noon_hour":0,"end_noon_minute":0,"no_disturb_in_launch":false,"start_noon_hour":0,"start_noon_minute":0}},"spo2":{"enabled":true,"threshold":90},"support":{"heart_rate":true,"high_stress_index":false,"relaxation_prompt":false,"sedentary_reminder":true,"sleep_reminder":false,"spo2":true,"wear_detection":false}}
2026-03-29 18:28:39.868 | AlertService | queryCallback type=AlertFeatureSupportObtained
2026-03-29 18:28:39.869 | AlertService | saveAlertSettings={"device_address":"D8:5C:08:30:00:1E","heart_rate":{"low_enabled":false,"low_threshold":50,"resting_enabled":false,"resting_threshold":150,"workout_enabled":false,"workout_threshold":175},"pending_sync":{"heart_rate":false,"relaxation_prompt":false,"sedentary_reminder":false,"sleep_reminder":false,"spo2":false},"pressure_mode":{"relaxation_prompt_enabled":false,"stress_monitoring_enabled":false},"sedentary_reminder":{"end_hour":18,"end_minute":0,"interval":60,"repeat_count":0,"start_hour":9,"start_minute":0,"status":false},"sleep_reminder":{"hour":0,"millisecond":0,"minute":0,"second":0,"status":false},"snapshots":{"heart_rate":{"continuous_heart_rate_mode":0,"frequency":5,"mode":0},"sedentary_reminder":{"end_noon_hour":0,"end_noon_minute":0,"no_disturb_in_launch":false,"start_noon_hour":0,"start_noon_minute":0}},"spo2":{"enabled":true,"threshold":90},"support":{"heart_rate":true,"high_stress_index":false,"relaxation_prompt":false,"sedentary_reminder":true,"sleep_reminder":false,"spo2":true,"wear_detection":false}}
2026-03-29 18:28:39.871 | ZhQuery | getSpo2AlertSettings state=SUCCEED
2026-03-29 18:28:39.875 | ZhQuery | getSpo2AlertSettings state=SUCCEED
2026-03-29 18:28:39.877 | AlertVM | handleQueryCallback type=Spo2AlertSettingsObtained
2026-03-29 18:28:39.878 | AlertVM | spo2 query matchesStored=true pending=false phase=null
2026-03-29 18:28:39.879 | AlertVM | spo2 query value={"enabled":true,"threshold":90}
2026-03-29 18:28:39.881 | AlertVM | handleQueryCallback type=Default
2026-03-29 18:28:39.882 | AlertVM | handleQueryCallback type=AlertFeatureSupportObtained
2026-03-29 18:28:39.883 | AlertVM | support feature=SPO2 supported=true
2026-03-29 18:28:39.884 | AlertVM | handleQueryCallback type=Default
2026-03-29 18:28:40.124 | ZhQuery | getPressureModeSettings state=NOT_SUPPORT
2026-03-29 18:28:40.126 | AlertService | queryCallback type=AlertFeatureSupportObtained
2026-03-29 18:28:40.128 | AlertService | onAlertFeatureUnsupported feature=RELAXATION_PROMPT
2026-03-29 18:28:40.129 | AlertService | saveAlertSettings={"device_address":"D8:5C:08:30:00:1E","heart_rate":{"low_enabled":false,"low_threshold":50,"resting_enabled":false,"resting_threshold":150,"workout_enabled":false,"workout_threshold":175},"pending_sync":{"heart_rate":false,"relaxation_prompt":false,"sedentary_reminder":false,"sleep_reminder":false,"spo2":false},"pressure_mode":{"relaxation_prompt_enabled":false,"stress_monitoring_enabled":false},"sedentary_reminder":{"end_hour":18,"end_minute":0,"interval":60,"repeat_count":0,"start_hour":9,"start_minute":0,"status":false},"sleep_reminder":{"hour":0,"millisecond":0,"minute":0,"second":0,"status":false},"snapshots":{"heart_rate":{"continuous_heart_rate_mode":0,"frequency":5,"mode":0},"sedentary_reminder":{"end_noon_hour":0,"end_noon_minute":0,"no_disturb_in_launch":false,"start_noon_hour":0,"start_noon_minute":0}},"spo2":{"enabled":true,"threshold":90},"support":{"heart_rate":true,"high_stress_index":false,"relaxation_prompt":false,"sedentary_reminder":true,"sleep_reminder":false,"spo2":true,"wear_detection":false}}
2026-03-29 18:28:40.134 | ZhQuery | getPressureModeSettings state=NOT_SUPPORT
2026-03-29 18:28:40.135 | AlertService | queryCallback type=AlertFeatureSupportObtained
2026-03-29 18:28:40.139 | AlertService | onAlertFeatureUnsupported feature=RELAXATION_PROMPT
2026-03-29 18:28:40.142 | AlertService | saveAlertSettings={"device_address":"D8:5C:08:30:00:1E","heart_rate":{"low_enabled":false,"low_threshold":50,"resting_enabled":false,"resting_threshold":150,"workout_enabled":false,"workout_threshold":175},"pending_sync":{"heart_rate":false,"relaxation_prompt":false,"sedentary_reminder":false,"sleep_reminder":false,"spo2":false},"pressure_mode":{"relaxation_prompt_enabled":false,"stress_monitoring_enabled":false},"sedentary_reminder":{"end_hour":18,"end_minute":0,"interval":60,"repeat_count":0,"start_hour":9,"start_minute":0,"status":false},"sleep_reminder":{"hour":0,"millisecond":0,"minute":0,"second":0,"status":false},"snapshots":{"heart_rate":{"continuous_heart_rate_mode":0,"frequency":5,"mode":0},"sedentary_reminder":{"end_noon_hour":0,"end_noon_minute":0,"no_disturb_in_launch":false,"start_noon_hour":0,"start_noon_minute":0}},"spo2":{"enabled":true,"threshold":90},"support":{"heart_rate":true,"high_stress_index":false,"relaxation_prompt":false,"sedentary_reminder":true,"sleep_reminder":false,"spo2":true,"wear_detection":false}}
2026-03-29 18:28:40.144 | AlertVM | handleQueryCallback type=AlertFeatureSupportObtained
2026-03-29 18:28:40.145 | AlertVM | support feature=RELAXATION_PROMPT supported=false
2026-03-29 18:28:40.148 | AlertVM | handleQueryCallback type=Default
2026-03-29 18:28:40.149 | AlertVM | handleQueryCallback type=AlertFeatureSupportObtained
2026-03-29 18:28:40.150 | AlertVM | support feature=RELAXATION_PROMPT supported=false
2026-03-29 18:28:40.151 | AlertVM | handleQueryCallback type=Default
2026-03-29 18:28:40.407 | AlertService | queryCallback type=UpdateFirmwareLogStatus
2026-03-29 18:28:40.411 | AlertVM | handleQueryCallback type=UpdateFirmwareLogStatus
2026-03-29 18:28:40.413 | AlertVM | handleQueryCallback type=Default
2026-03-29 18:28:40.698 | ZhQuery | getSleepReminder state=NOT_SUPPORT
2026-03-29 18:28:40.699 | AlertService | queryCallback type=AlertFeatureSupportObtained
2026-03-29 18:28:40.701 | AlertService | onAlertFeatureUnsupported feature=SLEEP_REMINDER
2026-03-29 18:28:40.703 | AlertService | saveAlertSettings={"device_address":"D8:5C:08:30:00:1E","heart_rate":{"low_enabled":false,"low_threshold":50,"resting_enabled":false,"resting_threshold":150,"workout_enabled":false,"workout_threshold":175},"pending_sync":{"heart_rate":false,"relaxation_prompt":false,"sedentary_reminder":false,"sleep_reminder":false,"spo2":false},"pressure_mode":{"relaxation_prompt_enabled":false,"stress_monitoring_enabled":false},"sedentary_reminder":{"end_hour":18,"end_minute":0,"interval":60,"repeat_count":0,"start_hour":9,"start_minute":0,"status":false},"sleep_reminder":{"hour":0,"millisecond":0,"minute":0,"second":0,"status":false},"snapshots":{"heart_rate":{"continuous_heart_rate_mode":0,"frequency":5,"mode":0},"sedentary_reminder":{"end_noon_hour":0,"end_noon_minute":0,"no_disturb_in_launch":false,"start_noon_hour":0,"start_noon_minute":0}},"spo2":{"enabled":true,"threshold":90},"support":{"heart_rate":true,"high_stress_index":false,"relaxation_prompt":false,"sedentary_reminder":true,"sleep_reminder":false,"spo2":true,"wear_detection":false}}
2026-03-29 18:28:40.704 | ZhQuery | getSleepReminder state=NOT_SUPPORT
2026-03-29 18:28:40.706 | AlertService | queryCallback type=AlertFeatureSupportObtained
2026-03-29 18:28:40.708 | AlertService | onAlertFeatureUnsupported feature=SLEEP_REMINDER
2026-03-29 18:28:40.710 | AlertService | saveAlertSettings={"device_address":"D8:5C:08:30:00:1E","heart_rate":{"low_enabled":false,"low_threshold":50,"resting_enabled":false,"resting_threshold":150,"workout_enabled":false,"workout_threshold":175},"pending_sync":{"heart_rate":false,"relaxation_prompt":false,"sedentary_reminder":false,"sleep_reminder":false,"spo2":false},"pressure_mode":{"relaxation_prompt_enabled":false,"stress_monitoring_enabled":false},"sedentary_reminder":{"end_hour":18,"end_minute":0,"interval":60,"repeat_count":0,"start_hour":9,"start_minute":0,"status":false},"sleep_reminder":{"hour":0,"millisecond":0,"minute":0,"second":0,"status":false},"snapshots":{"heart_rate":{"continuous_heart_rate_mode":0,"frequency":5,"mode":0},"sedentary_reminder":{"end_noon_hour":0,"end_noon_minute":0,"no_disturb_in_launch":false,"start_noon_hour":0,"start_noon_minute":0}},"spo2":{"enabled":true,"threshold":90},"support":{"heart_rate":true,"high_stress_index":false,"relaxation_prompt":false,"sedentary_reminder":true,"sleep_reminder":false,"spo2":true,"wear_detection":false}}
2026-03-29 18:28:40.711 | AlertVM | handleQueryCallback type=AlertFeatureSupportObtained
2026-03-29 18:28:40.714 | AlertVM | support feature=SLEEP_REMINDER supported=false
2026-03-29 18:28:40.715 | AlertVM | handleQueryCallback type=Default
2026-03-29 18:28:40.716 | AlertVM | handleQueryCallback type=AlertFeatureSupportObtained
2026-03-29 18:28:40.717 | AlertVM | support feature=SLEEP_REMINDER supported=false
2026-03-29 18:28:40.719 | AlertVM | handleQueryCallback type=Default
2026-03-29 18:28:40.983 | ZhQuery | onSedentaryReminderResult={"drinkWater":0,"endNoonTime":{"hour":0,"millisecond":0,"minuter":0,"second":0},"endTime":{"hour":0,"millisecond":0,"minuter":0,"second":0},"frequency":0,"isOn":false,"noDisturbInLaunch":false,"startNoonTime":{"hour":0,"millisecond":0,"minuter":0,"second":0},"startTime":{"hour":0,"millisecond":0,"minuter":0,"second":0}}
2026-03-29 18:28:40.985 | AlertService | queryCallback type=SedentaryDataObtained
2026-03-29 18:28:40.987 | AlertService | queryCallback type=SedentaryReminderSettingsObtained
2026-03-29 18:28:40.995 | AlertService | saveAlertSettings={"device_address":"D8:5C:08:30:00:1E","heart_rate":{"low_enabled":false,"low_threshold":50,"resting_enabled":false,"resting_threshold":150,"workout_enabled":false,"workout_threshold":175},"pending_sync":{"heart_rate":false,"relaxation_prompt":false,"sedentary_reminder":false,"sleep_reminder":false,"spo2":false},"pressure_mode":{"relaxation_prompt_enabled":false,"stress_monitoring_enabled":false},"sedentary_reminder":{"end_hour":18,"end_minute":0,"interval":60,"repeat_count":0,"start_hour":9,"start_minute":0,"status":false},"sleep_reminder":{"hour":0,"millisecond":0,"minute":0,"second":0,"status":false},"snapshots":{"heart_rate":{"continuous_heart_rate_mode":0,"frequency":5,"mode":0},"sedentary_reminder":{"end_noon_hour":0,"end_noon_minute":0,"no_disturb_in_launch":false,"start_noon_hour":0,"start_noon_minute":0}},"spo2":{"enabled":true,"threshold":90},"support":{"heart_rate":true,"high_stress_index":false,"relaxation_prompt":false,"sedentary_reminder":true,"sleep_reminder":false,"spo2":true,"wear_detection":false}}
2026-03-29 18:28:40.996 | AlertService | queryCallback type=AlertFeatureSupportObtained
2026-03-29 18:28:40.998 | AlertService | saveAlertSettings={"device_address":"D8:5C:08:30:00:1E","heart_rate":{"low_enabled":false,"low_threshold":50,"resting_enabled":false,"resting_threshold":150,"workout_enabled":false,"workout_threshold":175},"pending_sync":{"heart_rate":false,"relaxation_prompt":false,"sedentary_reminder":false,"sleep_reminder":false,"spo2":false},"pressure_mode":{"relaxation_prompt_enabled":false,"stress_monitoring_enabled":false},"sedentary_reminder":{"end_hour":18,"end_minute":0,"interval":60,"repeat_count":0,"start_hour":9,"start_minute":0,"status":false},"sleep_reminder":{"hour":0,"millisecond":0,"minute":0,"second":0,"status":false},"snapshots":{"heart_rate":{"continuous_heart_rate_mode":0,"frequency":5,"mode":0},"sedentary_reminder":{"end_noon_hour":0,"end_noon_minute":0,"no_disturb_in_launch":false,"start_noon_hour":0,"start_noon_minute":0}},"spo2":{"enabled":true,"threshold":90},"support":{"heart_rate":true,"high_stress_index":false,"relaxation_prompt":false,"sedentary_reminder":true,"sleep_reminder":false,"spo2":true,"wear_detection":false}}
2026-03-29 18:28:41.001 | AlertVM | handleQueryCallback type=SedentaryDataObtained
2026-03-29 18:28:41.002 | AlertVM | handleQueryCallback type=Default
2026-03-29 18:28:41.004 | AlertVM | handleQueryCallback type=SedentaryReminderSettingsObtained
2026-03-29 18:28:41.005 | AlertVM | sedentary query matchesStored=true pending=false phase=null
2026-03-29 18:28:41.007 | AlertVM | sedentary query value={"end_hour":0,"end_minute":0,"interval":0,"repeat_count":0,"start_hour":0,"start_minute":0,"status":false}
2026-03-29 18:28:41.008 | AlertVM | handleQueryCallback type=Default
2026-03-29 18:28:41.010 | AlertVM | handleQueryCallback type=AlertFeatureSupportObtained
2026-03-29 18:28:41.011 | AlertVM | support feature=SEDENTARY_REMINDER supported=true
2026-03-29 18:28:41.012 | AlertVM | handleQueryCallback type=Default
2026-03-29 18:28:41.258 | AlertService | queryCallback type=UpdateFirmwareLogStatus
2026-03-29 18:28:41.269 | AlertVM | handleQueryCallback type=UpdateFirmwareLogStatus
2026-03-29 18:28:41.271 | AlertVM | handleQueryCallback type=Default
2026-03-29 18:28:41.567 | ZhQuery | onHeartRateMonitorResult={"continuousHeartRateMode":0,"frequency":5,"isSportWarning":false,"isWarning":false,"lowWarningValue":0,"mode":0,"sportWarningValue":0,"warningValue":220}
2026-03-29 18:28:41.568 | AlertService | queryCallback type=HeartRateAlertDataObtained
2026-03-29 18:28:41.570 | AlertService | queryCallback type=HeartRateAlertSettingsObtained
2026-03-29 18:28:41.573 | AlertService | saveAlertSettings={"device_address":"D8:5C:08:30:00:1E","heart_rate":{"low_enabled":false,"low_threshold":50,"resting_enabled":false,"resting_threshold":150,"workout_enabled":false,"workout_threshold":175},"pending_sync":{"heart_rate":false,"relaxation_prompt":false,"sedentary_reminder":false,"sleep_reminder":false,"spo2":false},"pressure_mode":{"relaxation_prompt_enabled":false,"stress_monitoring_enabled":false},"sedentary_reminder":{"end_hour":18,"end_minute":0,"interval":60,"repeat_count":0,"start_hour":9,"start_minute":0,"status":false},"sleep_reminder":{"hour":0,"millisecond":0,"minute":0,"second":0,"status":false},"snapshots":{"heart_rate":{"continuous_heart_rate_mode":0,"frequency":5,"mode":0},"sedentary_reminder":{"end_noon_hour":0,"end_noon_minute":0,"no_disturb_in_launch":false,"start_noon_hour":0,"start_noon_minute":0}},"spo2":{"enabled":true,"threshold":90},"support":{"heart_rate":true,"high_stress_index":false,"relaxation_prompt":false,"sedentary_reminder":true,"sleep_reminder":false,"spo2":true,"wear_detection":false}}
2026-03-29 18:28:41.575 | AlertService | queryCallback type=AlertFeatureSupportObtained
2026-03-29 18:28:41.576 | AlertService | saveAlertSettings={"device_address":"D8:5C:08:30:00:1E","heart_rate":{"low_enabled":false,"low_threshold":50,"resting_enabled":false,"resting_threshold":150,"workout_enabled":false,"workout_threshold":175},"pending_sync":{"heart_rate":false,"relaxation_prompt":false,"sedentary_reminder":false,"sleep_reminder":false,"spo2":false},"pressure_mode":{"relaxation_prompt_enabled":false,"stress_monitoring_enabled":false},"sedentary_reminder":{"end_hour":18,"end_minute":0,"interval":60,"repeat_count":0,"start_hour":9,"start_minute":0,"status":false},"sleep_reminder":{"hour":0,"millisecond":0,"minute":0,"second":0,"status":false},"snapshots":{"heart_rate":{"continuous_heart_rate_mode":0,"frequency":5,"mode":0},"sedentary_reminder":{"end_noon_hour":0,"end_noon_minute":0,"no_disturb_in_launch":false,"start_noon_hour":0,"start_noon_minute":0}},"spo2":{"enabled":true,"threshold":90},"support":{"heart_rate":true,"high_stress_index":false,"relaxation_prompt":false,"sedentary_reminder":true,"sleep_reminder":false,"spo2":true,"wear_detection":false}}
2026-03-29 18:28:41.578 | AlertVM | handleQueryCallback type=HeartRateAlertDataObtained
2026-03-29 18:28:41.580 | AlertVM | handleQueryCallback type=Default
2026-03-29 18:28:41.581 | AlertVM | handleQueryCallback type=HeartRateAlertSettingsObtained
2026-03-29 18:28:41.582 | AlertVM | heartRate query matchesStored=true pending=false phase=null
2026-03-29 18:28:41.583 | AlertVM | heartRate query value={"low_enabled":false,"low_threshold":0,"resting_enabled":false,"resting_threshold":220,"workout_enabled":false,"workout_threshold":0}
2026-03-29 18:28:41.585 | AlertVM | handleQueryCallback type=Default
2026-03-29 18:28:41.586 | AlertVM | handleQueryCallback type=AlertFeatureSupportObtained
2026-03-29 18:28:41.587 | AlertVM | support feature=HEART_RATE supported=true
2026-03-29 18:28:41.588 | AlertVM | handleQueryCallback type=Default
2026-03-29 18:28:41.887 | ZhQuery | onSWSPO2Monitor={"isWarning":true,"warningValue":90}
2026-03-29 18:28:41.889 | AlertService | queryCallback type=Spo2AlertSettingsObtained
2026-03-29 18:28:41.891 | AlertService | saveAlertSettings={"device_address":"D8:5C:08:30:00:1E","heart_rate":{"low_enabled":false,"low_threshold":50,"resting_enabled":false,"resting_threshold":150,"workout_enabled":false,"workout_threshold":175},"pending_sync":{"heart_rate":false,"relaxation_prompt":false,"sedentary_reminder":false,"sleep_reminder":false,"spo2":false},"pressure_mode":{"relaxation_prompt_enabled":false,"stress_monitoring_enabled":false},"sedentary_reminder":{"end_hour":18,"end_minute":0,"interval":60,"repeat_count":0,"start_hour":9,"start_minute":0,"status":false},"sleep_reminder":{"hour":0,"millisecond":0,"minute":0,"second":0,"status":false},"snapshots":{"heart_rate":{"continuous_heart_rate_mode":0,"frequency":5,"mode":0},"sedentary_reminder":{"end_noon_hour":0,"end_noon_minute":0,"no_disturb_in_launch":false,"start_noon_hour":0,"start_noon_minute":0}},"spo2":{"enabled":true,"threshold":90},"support":{"heart_rate":true,"high_stress_index":false,"relaxation_prompt":false,"sedentary_reminder":true,"sleep_reminder":false,"spo2":true,"wear_detection":false}}
2026-03-29 18:28:41.892 | AlertService | queryCallback type=AlertFeatureSupportObtained
2026-03-29 18:28:41.894 | AlertService | saveAlertSettings={"device_address":"D8:5C:08:30:00:1E","heart_rate":{"low_enabled":false,"low_threshold":50,"resting_enabled":false,"resting_threshold":150,"workout_enabled":false,"workout_threshold":175},"pending_sync":{"heart_rate":false,"relaxation_prompt":false,"sedentary_reminder":false,"sleep_reminder":false,"spo2":false},"pressure_mode":{"relaxation_prompt_enabled":false,"stress_monitoring_enabled":false},"sedentary_reminder":{"end_hour":18,"end_minute":0,"interval":60,"repeat_count":0,"start_hour":9,"start_minute":0,"status":false},"sleep_reminder":{"hour":0,"millisecond":0,"minute":0,"second":0,"status":false},"snapshots":{"heart_rate":{"continuous_heart_rate_mode":0,"frequency":5,"mode":0},"sedentary_reminder":{"end_noon_hour":0,"end_noon_minute":0,"no_disturb_in_launch":false,"start_noon_hour":0,"start_noon_minute":0}},"spo2":{"enabled":true,"threshold":90},"support":{"heart_rate":true,"high_stress_index":false,"relaxation_prompt":false,"sedentary_reminder":true,"sleep_reminder":false,"spo2":true,"wear_detection":false}}
2026-03-29 18:28:41.896 | AlertVM | handleQueryCallback type=Spo2AlertSettingsObtained
2026-03-29 18:28:41.897 | AlertVM | spo2 query matchesStored=true pending=false phase=null
2026-03-29 18:28:41.900 | AlertVM | spo2 query value={"enabled":true,"threshold":90}
2026-03-29 18:28:41.901 | AlertVM | handleQueryCallback type=Default
2026-03-29 18:28:41.902 | AlertVM | handleQueryCallback type=AlertFeatureSupportObtained
2026-03-29 18:28:41.904 | AlertVM | support feature=SPO2 supported=true
2026-03-29 18:28:41.905 | AlertVM | handleQueryCallback type=Default
2026-03-29 18:28:42.295 | AlertService | queryCallback type=UpdateFirmwareLogStatus
2026-03-29 18:28:42.304 | AlertVM | handleQueryCallback type=UpdateFirmwareLogStatus
2026-03-29 18:28:42.306 | AlertVM | handleQueryCallback type=Default
2026-03-29 18:28:43.094 | ZhQuery | onSedentaryReminderResult={"drinkWater":0,"endNoonTime":{"hour":0,"millisecond":0,"minuter":0,"second":0},"endTime":{"hour":0,"millisecond":0,"minuter":0,"second":0},"frequency":0,"isOn":false,"noDisturbInLaunch":false,"startNoonTime":{"hour":0,"millisecond":0,"minuter":0,"second":0},"startTime":{"hour":0,"millisecond":0,"minuter":0,"second":0}}
2026-03-29 18:28:43.097 | AlertService | queryCallback type=SedentaryDataObtained
2026-03-29 18:28:43.099 | AlertService | queryCallback type=SedentaryReminderSettingsObtained
2026-03-29 18:28:43.103 | AlertService | saveAlertSettings={"device_address":"D8:5C:08:30:00:1E","heart_rate":{"low_enabled":false,"low_threshold":50,"resting_enabled":false,"resting_threshold":150,"workout_enabled":false,"workout_threshold":175},"pending_sync":{"heart_rate":false,"relaxation_prompt":false,"sedentary_reminder":false,"sleep_reminder":false,"spo2":false},"pressure_mode":{"relaxation_prompt_enabled":false,"stress_monitoring_enabled":false},"sedentary_reminder":{"end_hour":18,"end_minute":0,"interval":60,"repeat_count":0,"start_hour":9,"start_minute":0,"status":false},"sleep_reminder":{"hour":0,"millisecond":0,"minute":0,"second":0,"status":false},"snapshots":{"heart_rate":{"continuous_heart_rate_mode":0,"frequency":5,"mode":0},"sedentary_reminder":{"end_noon_hour":0,"end_noon_minute":0,"no_disturb_in_launch":false,"start_noon_hour":0,"start_noon_minute":0}},"spo2":{"enabled":true,"threshold":90},"support":{"heart_rate":true,"high_stress_index":false,"relaxation_prompt":false,"sedentary_reminder":true,"sleep_reminder":false,"spo2":true,"wear_detection":false}}
2026-03-29 18:28:43.104 | AlertService | queryCallback type=AlertFeatureSupportObtained
2026-03-29 18:28:43.106 | AlertService | saveAlertSettings={"device_address":"D8:5C:08:30:00:1E","heart_rate":{"low_enabled":false,"low_threshold":50,"resting_enabled":false,"resting_threshold":150,"workout_enabled":false,"workout_threshold":175},"pending_sync":{"heart_rate":false,"relaxation_prompt":false,"sedentary_reminder":false,"sleep_reminder":false,"spo2":false},"pressure_mode":{"relaxation_prompt_enabled":false,"stress_monitoring_enabled":false},"sedentary_reminder":{"end_hour":18,"end_minute":0,"interval":60,"repeat_count":0,"start_hour":9,"start_minute":0,"status":false},"sleep_reminder":{"hour":0,"millisecond":0,"minute":0,"second":0,"status":false},"snapshots":{"heart_rate":{"continuous_heart_rate_mode":0,"frequency":5,"mode":0},"sedentary_reminder":{"end_noon_hour":0,"end_noon_minute":0,"no_disturb_in_launch":false,"start_noon_hour":0,"start_noon_minute":0}},"spo2":{"enabled":true,"threshold":90},"support":{"heart_rate":true,"high_stress_index":false,"relaxation_prompt":false,"sedentary_reminder":true,"sleep_reminder":false,"spo2":true,"wear_detection":false}}
2026-03-29 18:28:43.110 | AlertVM | handleQueryCallback type=SedentaryDataObtained
2026-03-29 18:28:43.112 | AlertVM | handleQueryCallback type=Default
2026-03-29 18:28:43.113 | AlertVM | handleQueryCallback type=SedentaryReminderSettingsObtained
2026-03-29 18:28:43.114 | AlertVM | sedentary query matchesStored=true pending=false phase=null
2026-03-29 18:28:43.116 | AlertVM | sedentary query value={"end_hour":0,"end_minute":0,"interval":0,"repeat_count":0,"start_hour":0,"start_minute":0,"status":false}
2026-03-29 18:28:43.117 | AlertVM | handleQueryCallback type=Default
2026-03-29 18:28:43.118 | AlertVM | handleQueryCallback type=AlertFeatureSupportObtained
2026-03-29 18:28:43.119 | AlertVM | support feature=SEDENTARY_REMINDER supported=true
2026-03-29 18:28:43.120 | AlertVM | handleQueryCallback type=Default
2026-03-29 18:28:43.372 | AlertService | queryCallback type=UpdateFirmwareLogStatus
2026-03-29 18:28:43.380 | AlertVM | handleQueryCallback type=UpdateFirmwareLogStatus
2026-03-29 18:28:43.382 | AlertVM | handleQueryCallback type=Default
2026-03-29 18:28:44.235 | AlertService | queryCallback type=UpdateFirmwareLogStatus
2026-03-29 18:28:44.240 | AlertVM | handleQueryCallback type=UpdateFirmwareLogStatus
2026-03-29 18:28:44.242 | AlertVM | handleQueryCallback type=Default
2026-03-29 18:28:45.439 | AlertService | queryCallback type=UpdateFirmwareLogStatus
2026-03-29 18:28:45.443 | AlertVM | handleQueryCallback type=UpdateFirmwareLogStatus
2026-03-29 18:28:45.445 | AlertVM | handleQueryCallback type=Default
2026-03-29 18:28:46.266 | AlertService | queryCallback type=UpdateFirmwareLogStatus
2026-03-29 18:28:46.275 | AlertVM | handleQueryCallback type=UpdateFirmwareLogStatus
2026-03-29 18:28:46.276 | AlertVM | handleQueryCallback type=Default
2026-03-29 18:28:46.891 | AlertVM | saveHeartRateSettings requested={"low_enabled":false,"low_threshold":50,"resting_enabled":true,"resting_threshold":50,"workout_enabled":false,"workout_threshold":175}
2026-03-29 18:28:46.893 | AlertVM | persistFeature feature=HEART_RATE connected=true
2026-03-29 18:28:46.895 | AlertVM | persistFeature state={"device_address":"D8:5C:08:30:00:1E","heart_rate":{"low_enabled":false,"low_threshold":50,"resting_enabled":true,"resting_threshold":50,"workout_enabled":false,"workout_threshold":175},"pending_sync":{"heart_rate":true,"relaxation_prompt":false,"sedentary_reminder":false,"sleep_reminder":false,"spo2":false},"pressure_mode":{"relaxation_prompt_enabled":false,"stress_monitoring_enabled":false},"sedentary_reminder":{"end_hour":18,"end_minute":0,"interval":60,"repeat_count":0,"start_hour":9,"start_minute":0,"status":false},"sleep_reminder":{"hour":0,"millisecond":0,"minute":0,"second":0,"status":false},"snapshots":{"heart_rate":{"continuous_heart_rate_mode":0,"frequency":5,"mode":0},"sedentary_reminder":{"end_noon_hour":0,"end_noon_minute":0,"no_disturb_in_launch":false,"start_noon_hour":0,"start_noon_minute":0}},"spo2":{"enabled":true,"threshold":90},"support":{"heart_rate":true,"high_stress_index":false,"relaxation_prompt":false,"sedentary_reminder":true,"sleep_reminder":false,"spo2":true,"wear_detection":false}}
2026-03-29 18:28:46.907 | AlertVM | syncQueuedFeatures feature=HEART_RATE requiresSnapshot=false
2026-03-29 18:28:46.908 | AlertVM | sendUpdate feature=HEART_RATE
2026-03-29 18:28:46.910 | AlertVM | sendUpdate state={"device_address":"D8:5C:08:30:00:1E","heart_rate":{"low_enabled":false,"low_threshold":50,"resting_enabled":true,"resting_threshold":50,"workout_enabled":false,"workout_threshold":175},"pending_sync":{"heart_rate":true,"relaxation_prompt":false,"sedentary_reminder":false,"sleep_reminder":false,"spo2":false},"pressure_mode":{"relaxation_prompt_enabled":false,"stress_monitoring_enabled":false},"sedentary_reminder":{"end_hour":18,"end_minute":0,"interval":60,"repeat_count":0,"start_hour":9,"start_minute":0,"status":false},"sleep_reminder":{"hour":0,"millisecond":0,"minute":0,"second":0,"status":false},"snapshots":{"heart_rate":{"continuous_heart_rate_mode":0,"frequency":5,"mode":0},"sedentary_reminder":{"end_noon_hour":0,"end_noon_minute":0,"no_disturb_in_launch":false,"start_noon_hour":0,"start_noon_minute":0}},"spo2":{"enabled":true,"threshold":90},"support":{"heart_rate":true,"high_stress_index":false,"relaxation_prompt":false,"sedentary_reminder":true,"sleep_reminder":false,"spo2":true,"wear_detection":false}}
2026-03-29 18:28:46.949 | ZhUpdate | setHeartRateAlertSettings={"low_enabled":false,"low_threshold":50,"resting_enabled":true,"resting_threshold":50,"workout_enabled":false,"workout_threshold":175}
2026-03-29 18:28:46.951 | ZhUpdate | setHeartRateAlertSettings bean={"continuousHeartRateMode":0,"frequency":0,"isSportWarning":false,"isWarning":true,"lowWarningValue":0,"mode":0,"sportWarningValue":175,"warningValue":50}
2026-03-29 18:28:47.438 | AlertService | queryCallback type=UpdateFirmwareLogStatus
2026-03-29 18:28:47.454 | AlertVM | handleQueryCallback type=UpdateFirmwareLogStatus
2026-03-29 18:28:47.457 | AlertVM | handleQueryCallback type=Default
2026-03-29 18:28:48.184 | ZhUpdate | setHeartRateAlertSettings state=SUCCEED
2026-03-29 18:28:48.185 | AlertService | updateCallback type=HeartRateAlertUpdated
2026-03-29 18:28:48.188 | AlertService | updateCallback type=HeartRateAlertSettingsUpdated
2026-03-29 18:28:48.196 | AlertService | onAlertUpdateCompleted feature=HEART_RATE success=true
2026-03-29 18:28:48.199 | AlertService | updateCallback type=HeartRateMeasureIntervalSet
2026-03-29 18:28:48.200 | AlertVM | handleUpdateCallback type=HeartRateAlertUpdated
2026-03-29 18:28:48.202 | AlertVM | handleUpdateCallback type=HeartRateAlertSettingsUpdated
2026-03-29 18:28:48.205 | AlertVM | heartRate update success=true
2026-03-29 18:28:48.206 | AlertVM | handleScreenUpdateCompletion feature=HEART_RATE success=true
2026-03-29 18:28:48.207 | AlertVM | sendQuery feature=HEART_RATE
2026-03-29 18:28:48.209 | AlertVM | handleUpdateCallback type=HeartRateMeasureIntervalSet
2026-03-29 18:28:48.211 | ZhQuery | getHeartRateAlertSettings dispatched
2026-03-29 18:28:48.689 | AlertService | queryCallback type=UpdateFirmwareLogStatus
2026-03-29 18:28:48.695 | AlertVM | handleQueryCallback type=UpdateFirmwareLogStatus
2026-03-29 18:28:48.699 | AlertVM | handleQueryCallback type=Default
2026-03-29 18:28:49.400 | AlertService | queryCallback type=UpdateFirmwareLogStatus
2026-03-29 18:28:49.408 | AlertVM | handleQueryCallback type=UpdateFirmwareLogStatus
2026-03-29 18:28:49.410 | AlertVM | handleQueryCallback type=Default
2026-03-29 18:28:49.716 | AlertVM | saveHeartRateSettings requested={"low_enabled":false,"low_threshold":50,"resting_enabled":true,"resting_threshold":50,"workout_enabled":false,"workout_threshold":175}
2026-03-29 18:28:49.717 | AlertVM | persistFeature feature=HEART_RATE connected=true
2026-03-29 18:28:49.719 | AlertVM | persistFeature state={"device_address":"D8:5C:08:30:00:1E","heart_rate":{"low_enabled":false,"low_threshold":50,"resting_enabled":true,"resting_threshold":50,"workout_enabled":false,"workout_threshold":175},"pending_sync":{"heart_rate":true,"relaxation_prompt":false,"sedentary_reminder":false,"sleep_reminder":false,"spo2":false},"pressure_mode":{"relaxation_prompt_enabled":false,"stress_monitoring_enabled":false},"sedentary_reminder":{"end_hour":18,"end_minute":0,"interval":60,"repeat_count":0,"start_hour":9,"start_minute":0,"status":false},"sleep_reminder":{"hour":0,"millisecond":0,"minute":0,"second":0,"status":false},"snapshots":{"heart_rate":{"continuous_heart_rate_mode":0,"frequency":5,"mode":0},"sedentary_reminder":{"end_noon_hour":0,"end_noon_minute":0,"no_disturb_in_launch":false,"start_noon_hour":0,"start_noon_minute":0}},"spo2":{"enabled":true,"threshold":90},"support":{"heart_rate":true,"high_stress_index":false,"relaxation_prompt":false,"sedentary_reminder":true,"sleep_reminder":false,"spo2":true,"wear_detection":false}}
2026-03-29 18:28:49.721 | AlertVM | syncQueuedFeatures skipped activePhase=VERIFY_QUERY feature=HEART_RATE
2026-03-29 18:28:50.166 | ZhQuery | onHeartRateMonitorResult={"continuousHeartRateMode":0,"frequency":5,"isSportWarning":false,"isWarning":false,"lowWarningValue":0,"mode":0,"sportWarningValue":0,"warningValue":220}
2026-03-29 18:28:50.168 | AlertService | queryCallback type=HeartRateAlertDataObtained
2026-03-29 18:28:50.173 | AlertService | queryCallback type=HeartRateAlertSettingsObtained
2026-03-29 18:28:50.175 | AlertService | heartRate passive query preserving pending local value
2026-03-29 18:28:50.180 | AlertService | saveAlertSettings={"device_address":"D8:5C:08:30:00:1E","heart_rate":{"low_enabled":false,"low_threshold":50,"resting_enabled":true,"resting_threshold":50,"workout_enabled":false,"workout_threshold":175},"pending_sync":{"heart_rate":true,"relaxation_prompt":false,"sedentary_reminder":false,"sleep_reminder":false,"spo2":false},"pressure_mode":{"relaxation_prompt_enabled":false,"stress_monitoring_enabled":false},"sedentary_reminder":{"end_hour":18,"end_minute":0,"interval":60,"repeat_count":0,"start_hour":9,"start_minute":0,"status":false},"sleep_reminder":{"hour":0,"millisecond":0,"minute":0,"second":0,"status":false},"snapshots":{"heart_rate":{"continuous_heart_rate_mode":0,"frequency":5,"mode":0},"sedentary_reminder":{"end_noon_hour":0,"end_noon_minute":0,"no_disturb_in_launch":false,"start_noon_hour":0,"start_noon_minute":0}},"spo2":{"enabled":true,"threshold":90},"support":{"heart_rate":true,"high_stress_index":false,"relaxation_prompt":false,"sedentary_reminder":true,"sleep_reminder":false,"spo2":true,"wear_detection":false}}
2026-03-29 18:28:50.187 | AlertService | queryCallback type=AlertFeatureSupportObtained
2026-03-29 18:28:50.188 | AlertService | saveAlertSettings={"device_address":"D8:5C:08:30:00:1E","heart_rate":{"low_enabled":false,"low_threshold":50,"resting_enabled":true,"resting_threshold":50,"workout_enabled":false,"workout_threshold":175},"pending_sync":{"heart_rate":true,"relaxation_prompt":false,"sedentary_reminder":false,"sleep_reminder":false,"spo2":false},"pressure_mode":{"relaxation_prompt_enabled":false,"stress_monitoring_enabled":false},"sedentary_reminder":{"end_hour":18,"end_minute":0,"interval":60,"repeat_count":0,"start_hour":9,"start_minute":0,"status":false},"sleep_reminder":{"hour":0,"millisecond":0,"minute":0,"second":0,"status":false},"snapshots":{"heart_rate":{"continuous_heart_rate_mode":0,"frequency":5,"mode":0},"sedentary_reminder":{"end_noon_hour":0,"end_noon_minute":0,"no_disturb_in_launch":false,"start_noon_hour":0,"start_noon_minute":0}},"spo2":{"enabled":true,"threshold":90},"support":{"heart_rate":true,"high_stress_index":false,"relaxation_prompt":false,"sedentary_reminder":true,"sleep_reminder":false,"spo2":true,"wear_detection":false}}
2026-03-29 18:28:50.190 | ZhQuery | getHeartRateAlertSettings state=SUCCEED
2026-03-29 18:28:50.192 | AlertVM | handleQueryCallback type=HeartRateAlertDataObtained
2026-03-29 18:28:50.194 | AlertVM | handleQueryCallback type=Default
2026-03-29 18:28:50.195 | AlertVM | handleQueryCallback type=HeartRateAlertSettingsObtained
2026-03-29 18:28:50.197 | AlertVM | heartRate query matchesStored=false pending=true phase=VERIFY_QUERY
2026-03-29 18:28:50.199 | AlertVM | heartRate query value={"low_enabled":false,"low_threshold":0,"resting_enabled":false,"resting_threshold":220,"workout_enabled":false,"workout_threshold":0}
2026-03-29 18:28:50.201 | AlertVM | heartRate verify mismatch preserving local value
2026-03-29 18:28:50.202 | AlertVM | handleScreenQueryCompletion feature=HEART_RATE phase=VERIFY_QUERY matchesStored=false
2026-03-29 18:28:50.204 | AlertVM | handleQueryCallback type=Default
2026-03-29 18:28:50.205 | AlertVM | handleQueryCallback type=AlertFeatureSupportObtained
2026-03-29 18:28:50.207 | AlertVM | support feature=HEART_RATE supported=true
2026-03-29 18:28:50.210 | AlertVM | handleQueryCallback type=Default
2026-03-29 18:28:50.499 | AlertService | queryCallback type=UpdateFirmwareLogStatus
2026-03-29 18:28:50.506 | AlertVM | handleQueryCallback type=UpdateFirmwareLogStatus
2026-03-29 18:28:50.507 | AlertVM | handleQueryCallback type=Default
2026-03-29 18:28:51.350 | AlertService | queryCallback type=UpdateFirmwareLogStatus
2026-03-29 18:28:51.363 | AlertVM | handleQueryCallback type=UpdateFirmwareLogStatus
2026-03-29 18:28:51.366 | AlertVM | handleQueryCallback type=Default
2026-03-29 18:28:52.247 | AlertService | queryCallback type=UpdateFirmwareLogStatus
2026-03-29 18:28:52.254 | AlertVM | handleQueryCallback type=UpdateFirmwareLogStatus
2026-03-29 18:28:52.257 | AlertVM | handleQueryCallback type=Default
2026-03-29 18:28:53.224 | AlertService | queryCallback type=UpdateFirmwareLogStatus
2026-03-29 18:28:53.231 | AlertVM | handleQueryCallback type=UpdateFirmwareLogStatus
2026-03-29 18:28:53.233 | AlertVM | handleQueryCallback type=Default
2026-03-29 18:28:54.352 | AlertService | queryCallback type=UpdateFirmwareLogStatus
2026-03-29 18:28:54.363 | AlertVM | handleQueryCallback type=UpdateFirmwareLogStatus
2026-03-29 18:28:54.365 | AlertVM | handleQueryCallback type=Default
2026-03-29 18:28:55.275 | AlertService | queryCallback type=UpdateFirmwareLogStatus
2026-03-29 18:28:55.280 | AlertVM | handleQueryCallback type=UpdateFirmwareLogStatus
2026-03-29 18:28:55.282 | AlertVM | handleQueryCallback type=Default
2026-03-29 18:28:56.605 | AlertService | queryCallback type=UpdateFirmwareLogStatus
2026-03-29 18:28:56.609 | AlertVM | handleQueryCallback type=UpdateFirmwareLogStatus
2026-03-29 18:28:56.611 | AlertVM | handleQueryCallback type=Default
2026-03-29 18:28:57.019 | AlertService | queryCallback type=UpdateFirmwareLogStatus
2026-03-29 18:28:57.034 | AlertVM | handleQueryCallback type=UpdateFirmwareLogStatus
2026-03-29 18:28:57.036 | AlertVM | handleQueryCallback type=Default
2026-03-29 18:28:57.535 | AlertService | queryCallback type=UpdateFirmwareLogStatus
2026-03-29 18:28:57.547 | AlertVM | handleQueryCallback type=UpdateFirmwareLogStatus
2026-03-29 18:28:57.550 | AlertVM | handleQueryCallback type=Default
2026-03-29 18:28:58.512 | AlertService | queryCallback type=UpdateFirmwareLogStatus
2026-03-29 18:28:58.525 | AlertVM | handleQueryCallback type=UpdateFirmwareLogStatus
2026-03-29 18:28:58.527 | AlertVM | handleQueryCallback type=Default
2026-03-29 18:28:59.530 | AlertService | queryCallback type=UpdateFirmwareLogStatus
2026-03-29 18:28:59.547 | AlertVM | handleQueryCallback type=UpdateFirmwareLogStatus
2026-03-29 18:28:59.550 | AlertVM | handleQueryCallback type=Default
2026-03-29 18:29:00.549 | AlertService | queryCallback type=UpdateFirmwareLogStatus
2026-03-29 18:29:00.563 | AlertVM | handleQueryCallback type=UpdateFirmwareLogStatus
2026-03-29 18:29:00.567 | AlertVM | handleQueryCallback type=Default
2026-03-29 18:29:01.537 | AlertService | queryCallback type=UpdateFirmwareLogStatus
2026-03-29 18:29:01.551 | AlertVM | handleQueryCallback type=UpdateFirmwareLogStatus
2026-03-29 18:29:01.554 | AlertVM | handleQueryCallback type=Default
2026-03-29 18:29:02.558 | AlertService | queryCallback type=UpdateFirmwareLogStatus
2026-03-29 18:29:02.563 | AlertVM | handleQueryCallback type=UpdateFirmwareLogStatus
2026-03-29 18:29:02.566 | AlertVM | handleQueryCallback type=Default
2026-03-29 18:29:03.514 | AlertService | queryCallback type=UpdateFirmwareLogStatus
2026-03-29 18:29:03.524 | AlertVM | handleQueryCallback type=UpdateFirmwareLogStatus
2026-03-29 18:29:03.527 | AlertVM | handleQueryCallback type=Default
2026-03-29 18:29:04.486 | AlertService | queryCallback type=UpdateFirmwareLogStatus
2026-03-29 18:29:04.487 | AlertVM | handleQueryCallback type=UpdateFirmwareLogStatus
2026-03-29 18:29:04.488 | AlertVM | handleQueryCallback type=Default
2026-03-29 18:29:05.532 | AlertService | queryCallback type=UpdateFirmwareLogStatus
2026-03-29 18:29:05.542 | AlertVM | handleQueryCallback type=UpdateFirmwareLogStatus
2026-03-29 18:29:05.544 | AlertVM | handleQueryCallback type=Default
2026-03-29 18:29:06.513 | AlertService | queryCallback type=UpdateFirmwareLogStatus
2026-03-29 18:29:06.524 | AlertVM | handleQueryCallback type=UpdateFirmwareLogStatus
2026-03-29 18:29:06.526 | AlertVM | handleQueryCallback type=Default
2026-03-29 18:29:07.508 | AlertService | queryCallback type=UpdateFirmwareLogStatus
2026-03-29 18:29:07.521 | AlertVM | handleQueryCallback type=UpdateFirmwareLogStatus
2026-03-29 18:29:07.524 | AlertVM | handleQueryCallback type=Default
2026-03-29 18:29:08.512 | AlertService | queryCallback type=UpdateFirmwareLogStatus
2026-03-29 18:29:08.514 | AlertVM | handleQueryCallback type=UpdateFirmwareLogStatus
2026-03-29 18:29:08.517 | AlertVM | handleQueryCallback type=Default
2026-03-29 18:29:09.493 | AlertService | queryCallback type=UpdateFirmwareLogStatus
2026-03-29 18:29:09.503 | AlertVM | handleQueryCallback type=UpdateFirmwareLogStatus
2026-03-29 18:29:09.506 | AlertVM | handleQueryCallback type=Default
2026-03-29 18:29:10.527 | AlertService | queryCallback type=UpdateFirmwareLogStatus
2026-03-29 18:29:10.543 | AlertVM | handleQueryCallback type=UpdateFirmwareLogStatus
2026-03-29 18:29:10.545 | AlertVM | handleQueryCallback type=Default
2026-03-29 18:29:11.521 | AlertService | queryCallback type=UpdateFirmwareLogStatus
2026-03-29 18:29:11.530 | AlertVM | handleQueryCallback type=UpdateFirmwareLogStatus
2026-03-29 18:29:11.535 | AlertVM | handleQueryCallback type=Default
2026-03-29 18:29:12.502 | AlertService | queryCallback type=UpdateFirmwareLogStatus
2026-03-29 18:29:12.510 | AlertVM | handleQueryCallback type=UpdateFirmwareLogStatus
2026-03-29 18:29:12.512 | AlertVM | handleQueryCallback type=Default
2026-03-29 18:29:13.485 | AlertService | queryCallback type=UpdateFirmwareLogStatus
2026-03-29 18:29:13.496 | AlertVM | handleQueryCallback type=UpdateFirmwareLogStatus
2026-03-29 18:29:13.499 | AlertVM | handleQueryCallback type=Default
2026-03-29 18:29:14.476 | AlertService | queryCallback type=UpdateFirmwareLogStatus
2026-03-29 18:29:14.481 | AlertVM | handleQueryCallback type=UpdateFirmwareLogStatus
2026-03-29 18:29:14.483 | AlertVM | handleQueryCallback type=Default
2026-03-29 18:29:14.702 | AlertVM | saveHeartRateSettings requested={"low_enabled":false,"low_threshold":50,"resting_enabled":true,"resting_threshold":50,"workout_enabled":false,"workout_threshold":175}
2026-03-29 18:29:14.712 | AlertVM | persistFeature feature=HEART_RATE connected=true
2026-03-29 18:29:14.726 | AlertVM | persistFeature state={"device_address":"D8:5C:08:30:00:1E","heart_rate":{"low_enabled":false,"low_threshold":50,"resting_enabled":true,"resting_threshold":50,"workout_enabled":false,"workout_threshold":175},"pending_sync":{"heart_rate":true,"relaxation_prompt":false,"sedentary_reminder":false,"sleep_reminder":false,"spo2":false},"pressure_mode":{"relaxation_prompt_enabled":false,"stress_monitoring_enabled":false},"sedentary_reminder":{"end_hour":18,"end_minute":0,"interval":60,"repeat_count":0,"start_hour":9,"start_minute":0,"status":false},"sleep_reminder":{"hour":0,"millisecond":0,"minute":0,"second":0,"status":false},"snapshots":{"heart_rate":{"continuous_heart_rate_mode":0,"frequency":5,"mode":0},"sedentary_reminder":{"end_noon_hour":0,"end_noon_minute":0,"no_disturb_in_launch":false,"start_noon_hour":0,"start_noon_minute":0}},"spo2":{"enabled":true,"threshold":90},"support":{"heart_rate":true,"high_stress_index":false,"relaxation_prompt":false,"sedentary_reminder":true,"sleep_reminder":false,"spo2":true,"wear_detection":false}}
2026-03-29 18:29:14.728 | AlertVM | syncQueuedFeatures feature=HEART_RATE requiresSnapshot=false
2026-03-29 18:29:14.730 | AlertVM | sendUpdate feature=HEART_RATE
2026-03-29 18:29:14.731 | AlertVM | sendUpdate state={"device_address":"D8:5C:08:30:00:1E","heart_rate":{"low_enabled":false,"low_threshold":50,"resting_enabled":true,"resting_threshold":50,"workout_enabled":false,"workout_threshold":175},"pending_sync":{"heart_rate":true,"relaxation_prompt":false,"sedentary_reminder":false,"sleep_reminder":false,"spo2":false},"pressure_mode":{"relaxation_prompt_enabled":false,"stress_monitoring_enabled":false},"sedentary_reminder":{"end_hour":18,"end_minute":0,"interval":60,"repeat_count":0,"start_hour":9,"start_minute":0,"status":false},"sleep_reminder":{"hour":0,"millisecond":0,"minute":0,"second":0,"status":false},"snapshots":{"heart_rate":{"continuous_heart_rate_mode":0,"frequency":5,"mode":0},"sedentary_reminder":{"end_noon_hour":0,"end_noon_minute":0,"no_disturb_in_launch":false,"start_noon_hour":0,"start_noon_minute":0}},"spo2":{"enabled":true,"threshold":90},"support":{"heart_rate":true,"high_stress_index":false,"relaxation_prompt":false,"sedentary_reminder":true,"sleep_reminder":false,"spo2":true,"wear_detection":false}}
2026-03-29 18:29:14.732 | ZhUpdate | setHeartRateAlertSettings={"low_enabled":false,"low_threshold":50,"resting_enabled":true,"resting_threshold":50,"workout_enabled":false,"workout_threshold":175}
2026-03-29 18:29:14.734 | ZhUpdate | setHeartRateAlertSettings bean={"continuousHeartRateMode":0,"frequency":0,"isSportWarning":false,"isWarning":true,"lowWarningValue":0,"mode":0,"sportWarningValue":175,"warningValue":50}
2026-03-29 18:29:15.003 | ZhUpdate | setHeartRateAlertSettings state=SUCCEED
2026-03-29 18:29:15.005 | AlertService | updateCallback type=HeartRateAlertUpdated
2026-03-29 18:29:15.007 | AlertService | updateCallback type=HeartRateAlertSettingsUpdated
2026-03-29 18:29:15.009 | AlertService | onAlertUpdateCompleted feature=HEART_RATE success=true
2026-03-29 18:29:15.013 | AlertService | updateCallback type=HeartRateMeasureIntervalSet
2026-03-29 18:29:15.018 | AlertVM | handleUpdateCallback type=HeartRateAlertUpdated
2026-03-29 18:29:15.020 | AlertVM | handleUpdateCallback type=HeartRateAlertSettingsUpdated
2026-03-29 18:29:15.022 | AlertVM | heartRate update success=true
2026-03-29 18:29:15.024 | AlertVM | handleScreenUpdateCompletion feature=HEART_RATE success=true
2026-03-29 18:29:15.025 | AlertVM | sendQuery feature=HEART_RATE
2026-03-29 18:29:15.027 | AlertVM | handleUpdateCallback type=HeartRateMeasureIntervalSet
2026-03-29 18:29:15.028 | ZhQuery | getHeartRateAlertSettings dispatched
2026-03-29 18:29:15.437 | ZhQuery | onHeartRateMonitorResult={"continuousHeartRateMode":0,"frequency":5,"isSportWarning":false,"isWarning":false,"lowWarningValue":0,"mode":0,"sportWarningValue":0,"warningValue":220}
2026-03-29 18:29:15.439 | AlertService | queryCallback type=HeartRateAlertDataObtained
2026-03-29 18:29:15.441 | AlertService | queryCallback type=HeartRateAlertSettingsObtained
2026-03-29 18:29:15.445 | AlertService | heartRate passive query preserving pending local value
2026-03-29 18:29:15.449 | AlertService | saveAlertSettings={"device_address":"D8:5C:08:30:00:1E","heart_rate":{"low_enabled":false,"low_threshold":50,"resting_enabled":true,"resting_threshold":50,"workout_enabled":false,"workout_threshold":175},"pending_sync":{"heart_rate":true,"relaxation_prompt":false,"sedentary_reminder":false,"sleep_reminder":false,"spo2":false},"pressure_mode":{"relaxation_prompt_enabled":false,"stress_monitoring_enabled":false},"sedentary_reminder":{"end_hour":18,"end_minute":0,"interval":60,"repeat_count":0,"start_hour":9,"start_minute":0,"status":false},"sleep_reminder":{"hour":0,"millisecond":0,"minute":0,"second":0,"status":false},"snapshots":{"heart_rate":{"continuous_heart_rate_mode":0,"frequency":5,"mode":0},"sedentary_reminder":{"end_noon_hour":0,"end_noon_minute":0,"no_disturb_in_launch":false,"start_noon_hour":0,"start_noon_minute":0}},"spo2":{"enabled":true,"threshold":90},"support":{"heart_rate":true,"high_stress_index":false,"relaxation_prompt":false,"sedentary_reminder":true,"sleep_reminder":false,"spo2":true,"wear_detection":false}}
2026-03-29 18:29:15.451 | AlertService | queryCallback type=AlertFeatureSupportObtained
2026-03-29 18:29:15.452 | AlertService | saveAlertSettings={"device_address":"D8:5C:08:30:00:1E","heart_rate":{"low_enabled":false,"low_threshold":50,"resting_enabled":true,"resting_threshold":50,"workout_enabled":false,"workout_threshold":175},"pending_sync":{"heart_rate":true,"relaxation_prompt":false,"sedentary_reminder":false,"sleep_reminder":false,"spo2":false},"pressure_mode":{"relaxation_prompt_enabled":false,"stress_monitoring_enabled":false},"sedentary_reminder":{"end_hour":18,"end_minute":0,"interval":60,"repeat_count":0,"start_hour":9,"start_minute":0,"status":false},"sleep_reminder":{"hour":0,"millisecond":0,"minute":0,"second":0,"status":false},"snapshots":{"heart_rate":{"continuous_heart_rate_mode":0,"frequency":5,"mode":0},"sedentary_reminder":{"end_noon_hour":0,"end_noon_minute":0,"no_disturb_in_launch":false,"start_noon_hour":0,"start_noon_minute":0}},"spo2":{"enabled":true,"threshold":90},"support":{"heart_rate":true,"high_stress_index":false,"relaxation_prompt":false,"sedentary_reminder":true,"sleep_reminder":false,"spo2":true,"wear_detection":false}}
2026-03-29 18:29:15.454 | AlertVM | handleQueryCallback type=HeartRateAlertDataObtained
2026-03-29 18:29:15.456 | AlertVM | handleQueryCallback type=Default
2026-03-29 18:29:15.457 | AlertVM | handleQueryCallback type=HeartRateAlertSettingsObtained
2026-03-29 18:29:15.459 | AlertVM | heartRate query matchesStored=false pending=true phase=VERIFY_QUERY
2026-03-29 18:29:15.460 | AlertVM | heartRate query value={"low_enabled":false,"low_threshold":0,"resting_enabled":false,"resting_threshold":220,"workout_enabled":false,"workout_threshold":0}
2026-03-29 18:29:15.461 | AlertVM | heartRate verify mismatch preserving local value
2026-03-29 18:29:15.463 | AlertVM | handleScreenQueryCompletion feature=HEART_RATE phase=VERIFY_QUERY matchesStored=false
2026-03-29 18:29:15.464 | AlertVM | handleQueryCallback type=Default
2026-03-29 18:29:15.465 | AlertVM | handleQueryCallback type=AlertFeatureSupportObtained
2026-03-29 18:29:15.466 | AlertVM | support feature=HEART_RATE supported=true
2026-03-29 18:29:15.467 | AlertVM | handleQueryCallback type=Default
2026-03-29 18:29:15.469 | ZhQuery | getHeartRateAlertSettings state=SUCCEED
2026-03-29 18:29:15.622 | AlertVM | saveHeartRateSettings requested={"low_enabled":false,"low_threshold":50,"resting_enabled":true,"resting_threshold":50,"workout_enabled":false,"workout_threshold":175}
2026-03-29 18:29:15.626 | AlertVM | persistFeature feature=HEART_RATE connected=true
2026-03-29 18:29:15.628 | AlertVM | persistFeature state={"device_address":"D8:5C:08:30:00:1E","heart_rate":{"low_enabled":false,"low_threshold":50,"resting_enabled":true,"resting_threshold":50,"workout_enabled":false,"workout_threshold":175},"pending_sync":{"heart_rate":true,"relaxation_prompt":false,"sedentary_reminder":false,"sleep_reminder":false,"spo2":false},"pressure_mode":{"relaxation_prompt_enabled":false,"stress_monitoring_enabled":false},"sedentary_reminder":{"end_hour":18,"end_minute":0,"interval":60,"repeat_count":0,"start_hour":9,"start_minute":0,"status":false},"sleep_reminder":{"hour":0,"millisecond":0,"minute":0,"second":0,"status":false},"snapshots":{"heart_rate":{"continuous_heart_rate_mode":0,"frequency":5,"mode":0},"sedentary_reminder":{"end_noon_hour":0,"end_noon_minute":0,"no_disturb_in_launch":false,"start_noon_hour":0,"start_noon_minute":0}},"spo2":{"enabled":true,"threshold":90},"support":{"heart_rate":true,"high_stress_index":false,"relaxation_prompt":false,"sedentary_reminder":true,"sleep_reminder":false,"spo2":true,"wear_detection":false}}
2026-03-29 18:29:15.632 | AlertVM | syncQueuedFeatures feature=HEART_RATE requiresSnapshot=false
2026-03-29 18:29:15.633 | AlertVM | sendUpdate feature=HEART_RATE
2026-03-29 18:29:15.635 | AlertVM | sendUpdate state={"device_address":"D8:5C:08:30:00:1E","heart_rate":{"low_enabled":false,"low_threshold":50,"resting_enabled":true,"resting_threshold":50,"workout_enabled":false,"workout_threshold":175},"pending_sync":{"heart_rate":true,"relaxation_prompt":false,"sedentary_reminder":false,"sleep_reminder":false,"spo2":false},"pressure_mode":{"relaxation_prompt_enabled":false,"stress_monitoring_enabled":false},"sedentary_reminder":{"end_hour":18,"end_minute":0,"interval":60,"repeat_count":0,"start_hour":9,"start_minute":0,"status":false},"sleep_reminder":{"hour":0,"millisecond":0,"minute":0,"second":0,"status":false},"snapshots":{"heart_rate":{"continuous_heart_rate_mode":0,"frequency":5,"mode":0},"sedentary_reminder":{"end_noon_hour":0,"end_noon_minute":0,"no_disturb_in_launch":false,"start_noon_hour":0,"start_noon_minute":0}},"spo2":{"enabled":true,"threshold":90},"support":{"heart_rate":true,"high_stress_index":false,"relaxation_prompt":false,"sedentary_reminder":true,"sleep_reminder":false,"spo2":true,"wear_detection":false}}
2026-03-29 18:29:15.641 | ZhUpdate | setHeartRateAlertSettings={"low_enabled":false,"low_threshold":50,"resting_enabled":true,"resting_threshold":50,"workout_enabled":false,"workout_threshold":175}
2026-03-29 18:29:15.645 | ZhUpdate | setHeartRateAlertSettings bean={"continuousHeartRateMode":0,"frequency":0,"isSportWarning":false,"isWarning":true,"lowWarningValue":0,"mode":0,"sportWarningValue":175,"warningValue":50}
2026-03-29 18:29:15.647 | AlertService | queryCallback type=UpdateFirmwareLogStatus
2026-03-29 18:29:15.651 | AlertVM | handleQueryCallback type=UpdateFirmwareLogStatus
2026-03-29 18:29:15.652 | AlertVM | handleQueryCallback type=Default
2026-03-29 18:29:15.909 | ZhUpdate | setHeartRateAlertSettings state=SUCCEED
2026-03-29 18:29:15.911 | AlertService | updateCallback type=HeartRateAlertUpdated
2026-03-29 18:29:15.913 | AlertService | updateCallback type=HeartRateAlertSettingsUpdated
2026-03-29 18:29:15.914 | AlertService | onAlertUpdateCompleted feature=HEART_RATE success=true
2026-03-29 18:29:15.917 | AlertService | updateCallback type=HeartRateMeasureIntervalSet
2026-03-29 18:29:15.918 | AlertVM | handleUpdateCallback type=HeartRateAlertUpdated
2026-03-29 18:29:15.920 | AlertVM | handleUpdateCallback type=HeartRateAlertSettingsUpdated
2026-03-29 18:29:15.921 | AlertVM | heartRate update success=true
2026-03-29 18:29:15.924 | AlertVM | handleScreenUpdateCompletion feature=HEART_RATE success=true
2026-03-29 18:29:15.925 | AlertVM | sendQuery feature=HEART_RATE
2026-03-29 18:29:15.926 | AlertVM | handleUpdateCallback type=HeartRateMeasureIntervalSet
2026-03-29 18:29:15.928 | ZhQuery | getHeartRateAlertSettings dispatched
2026-03-29 18:29:16.249 | ZhQuery | onHeartRateMonitorResult={"continuousHeartRateMode":0,"frequency":5,"isSportWarning":false,"isWarning":false,"lowWarningValue":0,"mode":0,"sportWarningValue":0,"warningValue":220}
2026-03-29 18:29:16.252 | AlertService | queryCallback type=HeartRateAlertDataObtained
2026-03-29 18:29:16.255 | AlertService | queryCallback type=HeartRateAlertSettingsObtained
2026-03-29 18:29:16.258 | AlertService | heartRate passive query preserving pending local value
2026-03-29 18:29:16.262 | AlertService | saveAlertSettings={"device_address":"D8:5C:08:30:00:1E","heart_rate":{"low_enabled":false,"low_threshold":50,"resting_enabled":true,"resting_threshold":50,"workout_enabled":false,"workout_threshold":175},"pending_sync":{"heart_rate":true,"relaxation_prompt":false,"sedentary_reminder":false,"sleep_reminder":false,"spo2":false},"pressure_mode":{"relaxation_prompt_enabled":false,"stress_monitoring_enabled":false},"sedentary_reminder":{"end_hour":18,"end_minute":0,"interval":60,"repeat_count":0,"start_hour":9,"start_minute":0,"status":false},"sleep_reminder":{"hour":0,"millisecond":0,"minute":0,"second":0,"status":false},"snapshots":{"heart_rate":{"continuous_heart_rate_mode":0,"frequency":5,"mode":0},"sedentary_reminder":{"end_noon_hour":0,"end_noon_minute":0,"no_disturb_in_launch":false,"start_noon_hour":0,"start_noon_minute":0}},"spo2":{"enabled":true,"threshold":90},"support":{"heart_rate":true,"high_stress_index":false,"relaxation_prompt":false,"sedentary_reminder":true,"sleep_reminder":false,"spo2":true,"wear_detection":false}}
2026-03-29 18:29:16.265 | AlertService | queryCallback type=AlertFeatureSupportObtained
2026-03-29 18:29:16.269 | AlertService | saveAlertSettings={"device_address":"D8:5C:08:30:00:1E","heart_rate":{"low_enabled":false,"low_threshold":50,"resting_enabled":true,"resting_threshold":50,"workout_enabled":false,"workout_threshold":175},"pending_sync":{"heart_rate":true,"relaxation_prompt":false,"sedentary_reminder":false,"sleep_reminder":false,"spo2":false},"pressure_mode":{"relaxation_prompt_enabled":false,"stress_monitoring_enabled":false},"sedentary_reminder":{"end_hour":18,"end_minute":0,"interval":60,"repeat_count":0,"start_hour":9,"start_minute":0,"status":false},"sleep_reminder":{"hour":0,"millisecond":0,"minute":0,"second":0,"status":false},"snapshots":{"heart_rate":{"continuous_heart_rate_mode":0,"frequency":5,"mode":0},"sedentary_reminder":{"end_noon_hour":0,"end_noon_minute":0,"no_disturb_in_launch":false,"start_noon_hour":0,"start_noon_minute":0}},"spo2":{"enabled":true,"threshold":90},"support":{"heart_rate":true,"high_stress_index":false,"relaxation_prompt":false,"sedentary_reminder":true,"sleep_reminder":false,"spo2":true,"wear_detection":false}}
2026-03-29 18:29:16.272 | ZhQuery | getHeartRateAlertSettings state=SUCCEED
2026-03-29 18:29:16.277 | AlertVM | handleQueryCallback type=HeartRateAlertDataObtained
2026-03-29 18:29:16.280 | AlertVM | handleQueryCallback type=Default
2026-03-29 18:29:16.282 | AlertVM | handleQueryCallback type=HeartRateAlertSettingsObtained
2026-03-29 18:29:16.285 | AlertVM | heartRate query matchesStored=false pending=true phase=VERIFY_QUERY
2026-03-29 18:29:16.288 | AlertVM | heartRate query value={"low_enabled":false,"low_threshold":0,"resting_enabled":false,"resting_threshold":220,"workout_enabled":false,"workout_threshold":0}
2026-03-29 18:29:16.290 | AlertVM | heartRate verify mismatch preserving local value
2026-03-29 18:29:16.293 | AlertVM | handleScreenQueryCompletion feature=HEART_RATE phase=VERIFY_QUERY matchesStored=false
2026-03-29 18:29:16.295 | AlertVM | handleQueryCallback type=Default
2026-03-29 18:29:16.299 | AlertVM | handleQueryCallback type=AlertFeatureSupportObtained
2026-03-29 18:29:16.301 | AlertVM | support feature=HEART_RATE supported=true
2026-03-29 18:29:16.303 | AlertVM | handleQueryCallback type=Default
2026-03-29 18:29:16.500 | AlertService | queryCallback type=UpdateFirmwareLogStatus
2026-03-29 18:29:16.512 | AlertVM | handleQueryCallback type=UpdateFirmwareLogStatus
2026-03-29 18:29:16.514 | AlertVM | handleQueryCallback type=Default
2026-03-29 18:29:17.516 | AlertService | queryCallback type=UpdateFirmwareLogStatus
2026-03-29 18:29:17.525 | AlertVM | handleQueryCallback type=UpdateFirmwareLogStatus
2026-03-29 18:29:17.527 | AlertVM | handleQueryCallback type=Default
2026-03-29 18:29:18.001 | AlertService | queryCallback type=BatteryDataObtained
2026-03-29 18:29:18.006 | AlertVM | handleQueryCallback type=BatteryDataObtained
2026-03-29 18:29:18.008 | AlertVM | handleQueryCallback type=Default
2026-03-29 18:29:18.485 | AlertService | queryCallback type=UpdateFirmwareLogStatus
2026-03-29 18:29:18.494 | AlertVM | handleQueryCallback type=UpdateFirmwareLogStatus
2026-03-29 18:29:18.495 | AlertVM | handleQueryCallback type=Default
2026-03-29 18:29:19.513 | AlertService | queryCallback type=UpdateFirmwareLogStatus
2026-03-29 18:29:19.521 | AlertVM | handleQueryCallback type=UpdateFirmwareLogStatus
2026-03-29 18:29:19.524 | AlertVM | handleQueryCallback type=Default
2026-03-29 18:29:20.510 | AlertService | queryCallback type=UpdateFirmwareLogStatus
2026-03-29 18:29:20.523 | AlertVM | handleQueryCallback type=UpdateFirmwareLogStatus
2026-03-29 18:29:20.525 | AlertVM | handleQueryCallback type=Default
2026-03-29 18:29:21.518 | AlertService | queryCallback type=UpdateFirmwareLogStatus
2026-03-29 18:29:21.527 | AlertVM | handleQueryCallback type=UpdateFirmwareLogStatus
2026-03-29 18:29:21.529 | AlertVM | handleQueryCallback type=Default
2026-03-29 18:29:22.544 | AlertService | queryCallback type=UpdateFirmwareLogStatus
2026-03-29 18:29:22.557 | AlertVM | handleQueryCallback type=UpdateFirmwareLogStatus
2026-03-29 18:29:22.560 | AlertVM | handleQueryCallback type=Default
2026-03-29 18:29:24.505 | AlertService | queryCallback type=UpdateFirmwareLogStatus
2026-03-29 18:29:24.518 | AlertVM | handleQueryCallback type=UpdateFirmwareLogStatus
2026-03-29 18:29:24.520 | AlertVM | handleQueryCallback type=Default
2026-03-29 18:29:25.495 | AlertService | queryCallback type=UpdateFirmwareLogStatus
2026-03-29 18:29:25.500 | AlertVM | handleQueryCallback type=UpdateFirmwareLogStatus
2026-03-29 18:29:25.501 | AlertVM | handleQueryCallback type=Default
2026-03-29 18:29:25.966 | AlertVM | saveHeartRateSettings requested={"low_enabled":false,"low_threshold":50,"resting_enabled":true,"resting_threshold":50,"workout_enabled":false,"workout_threshold":175}
2026-03-29 18:29:25.968 | AlertVM | persistFeature feature=HEART_RATE connected=true
2026-03-29 18:29:25.970 | AlertVM | persistFeature state={"device_address":"D8:5C:08:30:00:1E","heart_rate":{"low_enabled":false,"low_threshold":50,"resting_enabled":true,"resting_threshold":50,"workout_enabled":false,"workout_threshold":175},"pending_sync":{"heart_rate":true,"relaxation_prompt":false,"sedentary_reminder":false,"sleep_reminder":false,"spo2":false},"pressure_mode":{"relaxation_prompt_enabled":false,"stress_monitoring_enabled":false},"sedentary_reminder":{"end_hour":18,"end_minute":0,"interval":60,"repeat_count":0,"start_hour":9,"start_minute":0,"status":false},"sleep_reminder":{"hour":0,"millisecond":0,"minute":0,"second":0,"status":false},"snapshots":{"heart_rate":{"continuous_heart_rate_mode":0,"frequency":5,"mode":0},"sedentary_reminder":{"end_noon_hour":0,"end_noon_minute":0,"no_disturb_in_launch":false,"start_noon_hour":0,"start_noon_minute":0}},"spo2":{"enabled":true,"threshold":90},"support":{"heart_rate":true,"high_stress_index":false,"relaxation_prompt":false,"sedentary_reminder":true,"sleep_reminder":false,"spo2":true,"wear_detection":false}}
2026-03-29 18:29:25.972 | AlertVM | syncQueuedFeatures feature=HEART_RATE requiresSnapshot=false
2026-03-29 18:29:25.973 | AlertVM | sendUpdate feature=HEART_RATE
2026-03-29 18:29:25.975 | AlertVM | sendUpdate state={"device_address":"D8:5C:08:30:00:1E","heart_rate":{"low_enabled":false,"low_threshold":50,"resting_enabled":true,"resting_threshold":50,"workout_enabled":false,"workout_threshold":175},"pending_sync":{"heart_rate":true,"relaxation_prompt":false,"sedentary_reminder":false,"sleep_reminder":false,"spo2":false},"pressure_mode":{"relaxation_prompt_enabled":false,"stress_monitoring_enabled":false},"sedentary_reminder":{"end_hour":18,"end_minute":0,"interval":60,"repeat_count":0,"start_hour":9,"start_minute":0,"status":false},"sleep_reminder":{"hour":0,"millisecond":0,"minute":0,"second":0,"status":false},"snapshots":{"heart_rate":{"continuous_heart_rate_mode":0,"frequency":5,"mode":0},"sedentary_reminder":{"end_noon_hour":0,"end_noon_minute":0,"no_disturb_in_launch":false,"start_noon_hour":0,"start_noon_minute":0}},"spo2":{"enabled":true,"threshold":90},"support":{"heart_rate":true,"high_stress_index":false,"relaxation_prompt":false,"sedentary_reminder":true,"sleep_reminder":false,"spo2":true,"wear_detection":false}}
2026-03-29 18:29:25.985 | ZhUpdate | setHeartRateAlertSettings={"low_enabled":false,"low_threshold":50,"resting_enabled":true,"resting_threshold":50,"workout_enabled":false,"workout_threshold":175}
2026-03-29 18:29:25.990 | ZhUpdate | setHeartRateAlertSettings bean={"continuousHeartRateMode":0,"frequency":0,"isSportWarning":false,"isWarning":true,"lowWarningValue":0,"mode":0,"sportWarningValue":175,"warningValue":50}
2026-03-29 18:29:26.270 | ZhUpdate | setHeartRateAlertSettings state=SUCCEED
2026-03-29 18:29:26.271 | AlertService | updateCallback type=HeartRateAlertUpdated
2026-03-29 18:29:26.273 | AlertService | updateCallback type=HeartRateAlertSettingsUpdated
2026-03-29 18:29:26.274 | AlertService | onAlertUpdateCompleted feature=HEART_RATE success=true
2026-03-29 18:29:26.279 | AlertService | updateCallback type=HeartRateMeasureIntervalSet
2026-03-29 18:29:26.280 | AlertVM | handleUpdateCallback type=HeartRateAlertUpdated
2026-03-29 18:29:26.282 | AlertVM | handleUpdateCallback type=HeartRateAlertSettingsUpdated
2026-03-29 18:29:26.284 | AlertVM | heartRate update success=true
2026-03-29 18:29:26.286 | AlertVM | handleScreenUpdateCompletion feature=HEART_RATE success=true
2026-03-29 18:29:26.287 | AlertVM | sendQuery feature=HEART_RATE
2026-03-29 18:29:26.289 | AlertVM | handleUpdateCallback type=HeartRateMeasureIntervalSet
2026-03-29 18:29:26.291 | ZhQuery | getHeartRateAlertSettings dispatched
2026-03-29 18:29:26.541 | AlertService | queryCallback type=UpdateFirmwareLogStatus
2026-03-29 18:29:26.561 | AlertVM | handleQueryCallback type=UpdateFirmwareLogStatus
2026-03-29 18:29:26.565 | AlertVM | handleQueryCallback type=Default
2026-03-29 18:29:26.837 | ZhQuery | onHeartRateMonitorResult={"continuousHeartRateMode":0,"frequency":5,"isSportWarning":false,"isWarning":false,"lowWarningValue":0,"mode":0,"sportWarningValue":0,"warningValue":220}
2026-03-29 18:29:26.841 | AlertService | queryCallback type=HeartRateAlertDataObtained
2026-03-29 18:29:26.844 | AlertService | queryCallback type=HeartRateAlertSettingsObtained
2026-03-29 18:29:26.847 | AlertService | heartRate passive query preserving pending local value
2026-03-29 18:29:26.851 | AlertService | saveAlertSettings={"device_address":"D8:5C:08:30:00:1E","heart_rate":{"low_enabled":false,"low_threshold":50,"resting_enabled":true,"resting_threshold":50,"workout_enabled":false,"workout_threshold":175},"pending_sync":{"heart_rate":true,"relaxation_prompt":false,"sedentary_reminder":false,"sleep_reminder":false,"spo2":false},"pressure_mode":{"relaxation_prompt_enabled":false,"stress_monitoring_enabled":false},"sedentary_reminder":{"end_hour":18,"end_minute":0,"interval":60,"repeat_count":0,"start_hour":9,"start_minute":0,"status":false},"sleep_reminder":{"hour":0,"millisecond":0,"minute":0,"second":0,"status":false},"snapshots":{"heart_rate":{"continuous_heart_rate_mode":0,"frequency":5,"mode":0},"sedentary_reminder":{"end_noon_hour":0,"end_noon_minute":0,"no_disturb_in_launch":false,"start_noon_hour":0,"start_noon_minute":0}},"spo2":{"enabled":true,"threshold":90},"support":{"heart_rate":true,"high_stress_index":false,"relaxation_prompt":false,"sedentary_reminder":true,"sleep_reminder":false,"spo2":true,"wear_detection":false}}
2026-03-29 18:29:26.854 | AlertService | queryCallback type=AlertFeatureSupportObtained
2026-03-29 18:29:26.857 | AlertService | saveAlertSettings={"device_address":"D8:5C:08:30:00:1E","heart_rate":{"low_enabled":false,"low_threshold":50,"resting_enabled":true,"resting_threshold":50,"workout_enabled":false,"workout_threshold":175},"pending_sync":{"heart_rate":true,"relaxation_prompt":false,"sedentary_reminder":false,"sleep_reminder":false,"spo2":false},"pressure_mode":{"relaxation_prompt_enabled":false,"stress_monitoring_enabled":false},"sedentary_reminder":{"end_hour":18,"end_minute":0,"interval":60,"repeat_count":0,"start_hour":9,"start_minute":0,"status":false},"sleep_reminder":{"hour":0,"millisecond":0,"minute":0,"second":0,"status":false},"snapshots":{"heart_rate":{"continuous_heart_rate_mode":0,"frequency":5,"mode":0},"sedentary_reminder":{"end_noon_hour":0,"end_noon_minute":0,"no_disturb_in_launch":false,"start_noon_hour":0,"start_noon_minute":0}},"spo2":{"enabled":true,"threshold":90},"support":{"heart_rate":true,"high_stress_index":false,"relaxation_prompt":false,"sedentary_reminder":true,"sleep_reminder":false,"spo2":true,"wear_detection":false}}
2026-03-29 18:29:26.861 | ZhQuery | getHeartRateAlertSettings state=SUCCEED
2026-03-29 18:29:26.864 | AlertVM | handleQueryCallback type=HeartRateAlertDataObtained
2026-03-29 18:29:26.866 | AlertVM | handleQueryCallback type=Default
2026-03-29 18:29:26.868 | AlertVM | handleQueryCallback type=HeartRateAlertSettingsObtained
2026-03-29 18:29:26.871 | AlertVM | heartRate query matchesStored=false pending=true phase=VERIFY_QUERY
2026-03-29 18:29:26.873 | AlertVM | heartRate query value={"low_enabled":false,"low_threshold":0,"resting_enabled":false,"resting_threshold":220,"workout_enabled":false,"workout_threshold":0}
2026-03-29 18:29:26.875 | AlertVM | heartRate verify mismatch preserving local value
2026-03-29 18:29:26.877 | AlertVM | handleScreenQueryCompletion feature=HEART_RATE phase=VERIFY_QUERY matchesStored=false
2026-03-29 18:29:26.879 | AlertVM | handleQueryCallback type=Default
2026-03-29 18:29:26.881 | AlertVM | handleQueryCallback type=AlertFeatureSupportObtained
2026-03-29 18:29:26.882 | AlertVM | support feature=HEART_RATE supported=true
2026-03-29 18:29:26.884 | AlertVM | handleQueryCallback type=Default
2026-03-29 18:29:27.001 | AlertVM | saveSpo2Settings requested={"enabled":true,"threshold":90}
2026-03-29 18:29:27.003 | AlertVM | persistFeature feature=SPO2 connected=true
2026-03-29 18:29:27.005 | AlertVM | persistFeature state={"device_address":"D8:5C:08:30:00:1E","heart_rate":{"low_enabled":false,"low_threshold":50,"resting_enabled":true,"resting_threshold":50,"workout_enabled":false,"workout_threshold":175},"pending_sync":{"heart_rate":true,"relaxation_prompt":false,"sedentary_reminder":false,"sleep_reminder":false,"spo2":true},"pressure_mode":{"relaxation_prompt_enabled":false,"stress_monitoring_enabled":false},"sedentary_reminder":{"end_hour":18,"end_minute":0,"interval":60,"repeat_count":0,"start_hour":9,"start_minute":0,"status":false},"sleep_reminder":{"hour":0,"millisecond":0,"minute":0,"second":0,"status":false},"snapshots":{"heart_rate":{"continuous_heart_rate_mode":0,"frequency":5,"mode":0},"sedentary_reminder":{"end_noon_hour":0,"end_noon_minute":0,"no_disturb_in_launch":false,"start_noon_hour":0,"start_noon_minute":0}},"spo2":{"enabled":true,"threshold":90},"support":{"heart_rate":true,"high_stress_index":false,"relaxation_prompt":false,"sedentary_reminder":true,"sleep_reminder":false,"spo2":true,"wear_detection":false}}
2026-03-29 18:29:27.007 | AlertVM | syncQueuedFeatures feature=SPO2 requiresSnapshot=false
2026-03-29 18:29:27.009 | AlertVM | sendUpdate feature=SPO2
2026-03-29 18:29:27.012 | AlertVM | sendUpdate state={"device_address":"D8:5C:08:30:00:1E","heart_rate":{"low_enabled":false,"low_threshold":50,"resting_enabled":true,"resting_threshold":50,"workout_enabled":false,"workout_threshold":175},"pending_sync":{"heart_rate":true,"relaxation_prompt":false,"sedentary_reminder":false,"sleep_reminder":false,"spo2":true},"pressure_mode":{"relaxation_prompt_enabled":false,"stress_monitoring_enabled":false},"sedentary_reminder":{"end_hour":18,"end_minute":0,"interval":60,"repeat_count":0,"start_hour":9,"start_minute":0,"status":false},"sleep_reminder":{"hour":0,"millisecond":0,"minute":0,"second":0,"status":false},"snapshots":{"heart_rate":{"continuous_heart_rate_mode":0,"frequency":5,"mode":0},"sedentary_reminder":{"end_noon_hour":0,"end_noon_minute":0,"no_disturb_in_launch":false,"start_noon_hour":0,"start_noon_minute":0}},"spo2":{"enabled":true,"threshold":90},"support":{"heart_rate":true,"high_stress_index":false,"relaxation_prompt":false,"sedentary_reminder":true,"sleep_reminder":false,"spo2":true,"wear_detection":false}}
2026-03-29 18:29:27.018 | ZhUpdate | setSpo2AlertSettings={"enabled":true,"threshold":90}
2026-03-29 18:29:27.336 | ZhUpdate | setSpo2AlertSettings state=SUCCEED
2026-03-29 18:29:27.337 | AlertService | updateCallback type=Spo2AlertSettingsUpdated
2026-03-29 18:29:27.343 | AlertService | onAlertUpdateCompleted feature=SPO2 success=true
2026-03-29 18:29:27.348 | AlertService | updateCallback type=Spo2SettingsUpdated
2026-03-29 18:29:27.349 | AlertVM | handleUpdateCallback type=Spo2AlertSettingsUpdated
2026-03-29 18:29:27.351 | AlertVM | spo2 update success=true
2026-03-29 18:29:27.355 | AlertVM | handleScreenUpdateCompletion feature=SPO2 success=true
2026-03-29 18:29:27.357 | AlertVM | sendQuery feature=SPO2
2026-03-29 18:29:27.359 | AlertVM | handleUpdateCallback type=Spo2SettingsUpdated
2026-03-29 18:29:27.360 | ZhQuery | getSpo2AlertSettings dispatched
2026-03-29 18:29:27.618 | AlertService | queryCallback type=UpdateFirmwareLogStatus
2026-03-29 18:29:27.627 | AlertVM | handleQueryCallback type=UpdateFirmwareLogStatus
2026-03-29 18:29:27.629 | AlertVM | handleQueryCallback type=Default
2026-03-29 18:29:27.923 | ZhQuery | onSWSPO2Monitor={"isWarning":true,"warningValue":90}
2026-03-29 18:29:27.926 | AlertService | queryCallback type=Spo2AlertSettingsObtained
2026-03-29 18:29:27.928 | AlertService | spo2 passive query preserving pending local value
2026-03-29 18:29:27.938 | AlertService | saveAlertSettings={"device_address":"D8:5C:08:30:00:1E","heart_rate":{"low_enabled":false,"low_threshold":50,"resting_enabled":true,"resting_threshold":50,"workout_enabled":false,"workout_threshold":175},"pending_sync":{"heart_rate":true,"relaxation_prompt":false,"sedentary_reminder":false,"sleep_reminder":false,"spo2":true},"pressure_mode":{"relaxation_prompt_enabled":false,"stress_monitoring_enabled":false},"sedentary_reminder":{"end_hour":18,"end_minute":0,"interval":60,"repeat_count":0,"start_hour":9,"start_minute":0,"status":false},"sleep_reminder":{"hour":0,"millisecond":0,"minute":0,"second":0,"status":false},"snapshots":{"heart_rate":{"continuous_heart_rate_mode":0,"frequency":5,"mode":0},"sedentary_reminder":{"end_noon_hour":0,"end_noon_minute":0,"no_disturb_in_launch":false,"start_noon_hour":0,"start_noon_minute":0}},"spo2":{"enabled":true,"threshold":90},"support":{"heart_rate":true,"high_stress_index":false,"relaxation_prompt":false,"sedentary_reminder":true,"sleep_reminder":false,"spo2":true,"wear_detection":false}}
2026-03-29 18:29:27.942 | AlertService | queryCallback type=AlertFeatureSupportObtained
2026-03-29 18:29:27.944 | AlertService | saveAlertSettings={"device_address":"D8:5C:08:30:00:1E","heart_rate":{"low_enabled":false,"low_threshold":50,"resting_enabled":true,"resting_threshold":50,"workout_enabled":false,"workout_threshold":175},"pending_sync":{"heart_rate":true,"relaxation_prompt":false,"sedentary_reminder":false,"sleep_reminder":false,"spo2":true},"pressure_mode":{"relaxation_prompt_enabled":false,"stress_monitoring_enabled":false},"sedentary_reminder":{"end_hour":18,"end_minute":0,"interval":60,"repeat_count":0,"start_hour":9,"start_minute":0,"status":false},"sleep_reminder":{"hour":0,"millisecond":0,"minute":0,"second":0,"status":false},"snapshots":{"heart_rate":{"continuous_heart_rate_mode":0,"frequency":5,"mode":0},"sedentary_reminder":{"end_noon_hour":0,"end_noon_minute":0,"no_disturb_in_launch":false,"start_noon_hour":0,"start_noon_minute":0}},"spo2":{"enabled":true,"threshold":90},"support":{"heart_rate":true,"high_stress_index":false,"relaxation_prompt":false,"sedentary_reminder":true,"sleep_reminder":false,"spo2":true,"wear_detection":false}}
2026-03-29 18:29:27.947 | ZhQuery | getSpo2AlertSettings state=SUCCEED
2026-03-29 18:29:27.948 | AlertVM | handleQueryCallback type=Spo2AlertSettingsObtained
2026-03-29 18:29:27.950 | AlertVM | spo2 query matchesStored=true pending=true phase=VERIFY_QUERY
2026-03-29 18:29:27.952 | AlertVM | spo2 query value={"enabled":true,"threshold":90}
2026-03-29 18:29:27.954 | AlertVM | handleScreenQueryCompletion feature=SPO2 phase=VERIFY_QUERY matchesStored=true
2026-03-29 18:29:27.956 | AlertVM | handleQueryCallback type=Default
2026-03-29 18:29:27.958 | AlertVM | handleQueryCallback type=AlertFeatureSupportObtained
2026-03-29 18:29:27.960 | AlertVM | support feature=SPO2 supported=true
2026-03-29 18:29:27.961 | AlertVM | handleQueryCallback type=Default
2026-03-29 18:29:28.470 | AlertService | queryCallback type=UpdateFirmwareLogStatus
2026-03-29 18:29:28.471 | AlertVM | handleQueryCallback type=UpdateFirmwareLogStatus
2026-03-29 18:29:28.472 | AlertVM | handleQueryCallback type=Default
2026-03-29 18:29:29.505 | AlertService | queryCallback type=UpdateFirmwareLogStatus
2026-03-29 18:29:29.512 | AlertVM | handleQueryCallback type=UpdateFirmwareLogStatus
2026-03-29 18:29:29.514 | AlertVM | handleQueryCallback type=Default
2026-03-29 18:29:30.508 | AlertService | queryCallback type=UpdateFirmwareLogStatus
2026-03-29 18:29:30.529 | AlertVM | handleQueryCallback type=UpdateFirmwareLogStatus
2026-03-29 18:29:30.531 | AlertVM | handleQueryCallback type=Default
2026-03-29 18:29:31.570 | AlertService | queryCallback type=UpdateFirmwareLogStatus
2026-03-29 18:29:31.583 | AlertVM | handleQueryCallback type=UpdateFirmwareLogStatus
2026-03-29 18:29:31.585 | AlertVM | handleQueryCallback type=Default
2026-03-29 18:29:32.480 | AlertService | queryCallback type=UpdateFirmwareLogStatus
2026-03-29 18:29:32.489 | AlertVM | handleQueryCallback type=UpdateFirmwareLogStatus
2026-03-29 18:29:32.491 | AlertVM | handleQueryCallback type=Default
2026-03-29 18:29:33.474 | AlertService | queryCallback type=UpdateFirmwareLogStatus
2026-03-29 18:29:33.483 | AlertVM | handleQueryCallback type=UpdateFirmwareLogStatus
2026-03-29 18:29:33.485 | AlertVM | handleQueryCallback type=Default
2026-03-29 18:29:34.552 | AlertService | queryCallback type=UpdateFirmwareLogStatus
2026-03-29 18:29:34.561 | AlertVM | handleQueryCallback type=UpdateFirmwareLogStatus
2026-03-29 18:29:34.564 | AlertVM | handleQueryCallback type=Default
2026-03-29 18:29:35.506 | AlertService | queryCallback type=UpdateFirmwareLogStatus
2026-03-29 18:29:35.508 | AlertVM | handleQueryCallback type=UpdateFirmwareLogStatus
2026-03-29 18:29:35.510 | AlertVM | handleQueryCallback type=Default
2026-03-29 18:29:36.500 | AlertService | queryCallback type=UpdateFirmwareLogStatus
2026-03-29 18:29:36.515 | AlertVM | handleQueryCallback type=UpdateFirmwareLogStatus
2026-03-29 18:29:36.518 | AlertVM | handleQueryCallback type=Default
2026-03-29 18:29:37.492 | AlertService | queryCallback type=UpdateFirmwareLogStatus
2026-03-29 18:29:37.507 | AlertVM | handleQueryCallback type=UpdateFirmwareLogStatus
2026-03-29 18:29:37.510 | AlertVM | handleQueryCallback type=Default
2026-03-29 18:29:38.475 | AlertService | queryCallback type=UpdateFirmwareLogStatus
2026-03-29 18:29:38.488 | AlertVM | handleQueryCallback type=UpdateFirmwareLogStatus
2026-03-29 18:29:38.491 | AlertVM | handleQueryCallback type=Default
2026-03-29 18:29:39.512 | AlertService | queryCallback type=UpdateFirmwareLogStatus
2026-03-29 18:29:39.524 | AlertVM | handleQueryCallback type=UpdateFirmwareLogStatus
2026-03-29 18:29:39.527 | AlertVM | handleQueryCallback type=Default
2026-03-29 18:29:40.493 | AlertService | queryCallback type=UpdateFirmwareLogStatus
2026-03-29 18:29:40.503 | AlertVM | handleQueryCallback type=UpdateFirmwareLogStatus
2026-03-29 18:29:40.505 | AlertVM | handleQueryCallback type=Default
2026-03-29 18:29:41.475 | AlertService | queryCallback type=UpdateFirmwareLogStatus
2026-03-29 18:29:41.482 | AlertVM | handleQueryCallback type=UpdateFirmwareLogStatus
2026-03-29 18:29:41.484 | AlertVM | handleQueryCallback type=Default
2026-03-29 18:29:42.456 | AlertService | queryCallback type=UpdateFirmwareLogStatus
2026-03-29 18:29:42.460 | AlertVM | handleQueryCallback type=UpdateFirmwareLogStatus
2026-03-29 18:29:42.462 | AlertVM | handleQueryCallback type=Default
2026-03-29 18:29:43.504 | AlertService | queryCallback type=UpdateFirmwareLogStatus
2026-03-29 18:29:43.510 | AlertVM | handleQueryCallback type=UpdateFirmwareLogStatus
2026-03-29 18:29:43.511 | AlertVM | handleQueryCallback type=Default
2026-03-29 18:29:44.487 | AlertService | queryCallback type=UpdateFirmwareLogStatus
2026-03-29 18:29:44.501 | AlertVM | handleQueryCallback type=UpdateFirmwareLogStatus
2026-03-29 18:29:44.504 | AlertVM | handleQueryCallback type=Default
2026-03-29 18:29:45.494 | AlertService | queryCallback type=UpdateFirmwareLogStatus
2026-03-29 18:29:45.507 | AlertVM | handleQueryCallback type=UpdateFirmwareLogStatus
2026-03-29 18:29:45.509 | AlertVM | handleQueryCallback type=Default
2026-03-29 18:29:46.493 | AlertService | queryCallback type=UpdateFirmwareLogStatus
2026-03-29 18:29:46.513 | AlertVM | handleQueryCallback type=UpdateFirmwareLogStatus
2026-03-29 18:29:46.516 | AlertVM | handleQueryCallback type=Default
2026-03-29 18:29:47.475 | AlertService | queryCallback type=UpdateFirmwareLogStatus
2026-03-29 18:29:47.476 | AlertVM | handleQueryCallback type=UpdateFirmwareLogStatus
2026-03-29 18:29:47.477 | AlertVM | handleQueryCallback type=Default
2026-03-29 18:29:48.491 | AlertService | queryCallback type=UpdateFirmwareLogStatus
2026-03-29 18:29:48.497 | AlertVM | handleQueryCallback type=UpdateFirmwareLogStatus
2026-03-29 18:29:48.499 | AlertVM | handleQueryCallback type=Default
2026-03-29 18:29:49.487 | AlertService | queryCallback type=UpdateFirmwareLogStatus
2026-03-29 18:29:49.495 | AlertVM | handleQueryCallback type=UpdateFirmwareLogStatus
2026-03-29 18:29:49.497 | AlertVM | handleQueryCallback type=Default
2026-03-29 18:29:50.492 | AlertService | queryCallback type=UpdateFirmwareLogStatus
2026-03-29 18:29:50.510 | AlertVM | handleQueryCallback type=UpdateFirmwareLogStatus
2026-03-29 18:29:50.513 | AlertVM | handleQueryCallback type=Default
2026-03-29 18:29:51.475 | AlertService | queryCallback type=UpdateFirmwareLogStatus
2026-03-29 18:29:51.496 | AlertVM | handleQueryCallback type=UpdateFirmwareLogStatus
2026-03-29 18:29:51.499 | AlertVM | handleQueryCallback type=Default
2026-03-29 18:29:52.463 | AlertService | queryCallback type=UpdateFirmwareLogStatus
2026-03-29 18:29:52.475 | AlertVM | handleQueryCallback type=UpdateFirmwareLogStatus
2026-03-29 18:29:52.477 | AlertVM | handleQueryCallback type=Default
2026-03-29 18:29:53.493 | AlertService | queryCallback type=UpdateFirmwareLogStatus
2026-03-29 18:29:53.504 | AlertVM | handleQueryCallback type=UpdateFirmwareLogStatus
2026-03-29 18:29:53.507 | AlertVM | handleQueryCallback type=Default
2026-03-29 18:29:54.482 | AlertService | queryCallback type=UpdateFirmwareLogStatus
2026-03-29 18:29:54.483 | AlertVM | handleQueryCallback type=UpdateFirmwareLogStatus
2026-03-29 18:29:54.484 | AlertVM | handleQueryCallback type=Default
2026-03-29 18:29:55.485 | AlertService | queryCallback type=UpdateFirmwareLogStatus
2026-03-29 18:29:55.495 | AlertVM | handleQueryCallback type=UpdateFirmwareLogStatus
2026-03-29 18:29:55.498 | AlertVM | handleQueryCallback type=Default
2026-03-29 18:29:56.475 | AlertService | queryCallback type=UpdateFirmwareLogStatus
2026-03-29 18:29:56.494 | AlertVM | handleQueryCallback type=UpdateFirmwareLogStatus
2026-03-29 18:29:56.497 | AlertVM | handleQueryCallback type=Default
2026-03-29 18:29:57.005 | AlertVM | saveSpo2Settings requested={"enabled":true,"threshold":90}
2026-03-29 18:29:57.010 | AlertVM | persistFeature feature=SPO2 connected=true
2026-03-29 18:29:57.015 | AlertVM | persistFeature state={"device_address":"D8:5C:08:30:00:1E","heart_rate":{"low_enabled":false,"low_threshold":50,"resting_enabled":true,"resting_threshold":50,"workout_enabled":false,"workout_threshold":175},"pending_sync":{"heart_rate":true,"relaxation_prompt":false,"sedentary_reminder":false,"sleep_reminder":false,"spo2":true},"pressure_mode":{"relaxation_prompt_enabled":false,"stress_monitoring_enabled":false},"sedentary_reminder":{"end_hour":18,"end_minute":0,"interval":60,"repeat_count":0,"start_hour":9,"start_minute":0,"status":false},"sleep_reminder":{"hour":0,"millisecond":0,"minute":0,"second":0,"status":false},"snapshots":{"heart_rate":{"continuous_heart_rate_mode":0,"frequency":5,"mode":0},"sedentary_reminder":{"end_noon_hour":0,"end_noon_minute":0,"no_disturb_in_launch":false,"start_noon_hour":0,"start_noon_minute":0}},"spo2":{"enabled":true,"threshold":90},"support":{"heart_rate":true,"high_stress_index":false,"relaxation_prompt":false,"sedentary_reminder":true,"sleep_reminder":false,"spo2":true,"wear_detection":false}}
2026-03-29 18:29:57.022 | AlertVM | syncQueuedFeatures feature=SPO2 requiresSnapshot=false
2026-03-29 18:29:57.024 | AlertVM | sendUpdate feature=SPO2
2026-03-29 18:29:57.031 | AlertVM | sendUpdate state={"device_address":"D8:5C:08:30:00:1E","heart_rate":{"low_enabled":false,"low_threshold":50,"resting_enabled":true,"resting_threshold":50,"workout_enabled":false,"workout_threshold":175},"pending_sync":{"heart_rate":true,"relaxation_prompt":false,"sedentary_reminder":false,"sleep_reminder":false,"spo2":true},"pressure_mode":{"relaxation_prompt_enabled":false,"stress_monitoring_enabled":false},"sedentary_reminder":{"end_hour":18,"end_minute":0,"interval":60,"repeat_count":0,"start_hour":9,"start_minute":0,"status":false},"sleep_reminder":{"hour":0,"millisecond":0,"minute":0,"second":0,"status":false},"snapshots":{"heart_rate":{"continuous_heart_rate_mode":0,"frequency":5,"mode":0},"sedentary_reminder":{"end_noon_hour":0,"end_noon_minute":0,"no_disturb_in_launch":false,"start_noon_hour":0,"start_noon_minute":0}},"spo2":{"enabled":true,"threshold":90},"support":{"heart_rate":true,"high_stress_index":false,"relaxation_prompt":false,"sedentary_reminder":true,"sleep_reminder":false,"spo2":true,"wear_detection":false}}
2026-03-29 18:29:57.037 | ZhUpdate | setSpo2AlertSettings={"enabled":true,"threshold":90}
2026-03-29 18:29:57.312 | ZhUpdate | setSpo2AlertSettings state=SUCCEED
2026-03-29 18:29:57.314 | AlertService | updateCallback type=Spo2AlertSettingsUpdated
2026-03-29 18:29:57.317 | AlertService | onAlertUpdateCompleted feature=SPO2 success=true
2026-03-29 18:29:57.320 | AlertService | updateCallback type=Spo2SettingsUpdated
2026-03-29 18:29:57.321 | AlertVM | handleUpdateCallback type=Spo2AlertSettingsUpdated
2026-03-29 18:29:57.324 | AlertVM | spo2 update success=true
2026-03-29 18:29:57.327 | AlertVM | handleScreenUpdateCompletion feature=SPO2 success=true
2026-03-29 18:29:57.329 | AlertVM | sendQuery feature=SPO2
2026-03-29 18:29:57.331 | AlertVM | handleUpdateCallback type=Spo2SettingsUpdated
2026-03-29 18:29:57.333 | ZhQuery | getSpo2AlertSettings dispatched
2026-03-29 18:29:57.587 | AlertService | queryCallback type=UpdateFirmwareLogStatus
2026-03-29 18:29:57.598 | AlertVM | handleQueryCallback type=UpdateFirmwareLogStatus
2026-03-29 18:29:57.601 | AlertVM | handleQueryCallback type=Default
2026-03-29 18:29:57.923 | ZhQuery | onSWSPO2Monitor={"isWarning":true,"warningValue":90}
2026-03-29 18:29:57.925 | AlertService | queryCallback type=Spo2AlertSettingsObtained
2026-03-29 18:29:57.927 | AlertService | spo2 passive query preserving pending local value
2026-03-29 18:29:57.928 | AlertService | saveAlertSettings={"device_address":"D8:5C:08:30:00:1E","heart_rate":{"low_enabled":false,"low_threshold":50,"resting_enabled":true,"resting_threshold":50,"workout_enabled":false,"workout_threshold":175},"pending_sync":{"heart_rate":true,"relaxation_prompt":false,"sedentary_reminder":false,"sleep_reminder":false,"spo2":true},"pressure_mode":{"relaxation_prompt_enabled":false,"stress_monitoring_enabled":false},"sedentary_reminder":{"end_hour":18,"end_minute":0,"interval":60,"repeat_count":0,"start_hour":9,"start_minute":0,"status":false},"sleep_reminder":{"hour":0,"millisecond":0,"minute":0,"second":0,"status":false},"snapshots":{"heart_rate":{"continuous_heart_rate_mode":0,"frequency":5,"mode":0},"sedentary_reminder":{"end_noon_hour":0,"end_noon_minute":0,"no_disturb_in_launch":false,"start_noon_hour":0,"start_noon_minute":0}},"spo2":{"enabled":true,"threshold":90},"support":{"heart_rate":true,"high_stress_index":false,"relaxation_prompt":false,"sedentary_reminder":true,"sleep_reminder":false,"spo2":true,"wear_detection":false}}
2026-03-29 18:29:57.930 | AlertService | queryCallback type=AlertFeatureSupportObtained
2026-03-29 18:29:57.931 | AlertService | saveAlertSettings={"device_address":"D8:5C:08:30:00:1E","heart_rate":{"low_enabled":false,"low_threshold":50,"resting_enabled":true,"resting_threshold":50,"workout_enabled":false,"workout_threshold":175},"pending_sync":{"heart_rate":true,"relaxation_prompt":false,"sedentary_reminder":false,"sleep_reminder":false,"spo2":true},"pressure_mode":{"relaxation_prompt_enabled":false,"stress_monitoring_enabled":false},"sedentary_reminder":{"end_hour":18,"end_minute":0,"interval":60,"repeat_count":0,"start_hour":9,"start_minute":0,"status":false},"sleep_reminder":{"hour":0,"millisecond":0,"minute":0,"second":0,"status":false},"snapshots":{"heart_rate":{"continuous_heart_rate_mode":0,"frequency":5,"mode":0},"sedentary_reminder":{"end_noon_hour":0,"end_noon_minute":0,"no_disturb_in_launch":false,"start_noon_hour":0,"start_noon_minute":0}},"spo2":{"enabled":true,"threshold":90},"support":{"heart_rate":true,"high_stress_index":false,"relaxation_prompt":false,"sedentary_reminder":true,"sleep_reminder":false,"spo2":true,"wear_detection":false}}
2026-03-29 18:29:57.933 | ZhQuery | getSpo2AlertSettings state=SUCCEED
2026-03-29 18:29:57.934 | AlertVM | handleQueryCallback type=Spo2AlertSettingsObtained
2026-03-29 18:29:57.936 | AlertVM | spo2 query matchesStored=true pending=true phase=VERIFY_QUERY
2026-03-29 18:29:57.937 | AlertVM | spo2 query value={"enabled":true,"threshold":90}
2026-03-29 18:29:57.939 | AlertVM | handleScreenQueryCompletion feature=SPO2 phase=VERIFY_QUERY matchesStored=true
2026-03-29 18:29:57.940 | AlertVM | handleQueryCallback type=Default
2026-03-29 18:29:57.942 | AlertVM | handleQueryCallback type=AlertFeatureSupportObtained
2026-03-29 18:29:57.944 | AlertVM | support feature=SPO2 supported=true
2026-03-29 18:29:57.945 | AlertVM | handleQueryCallback type=Default
2026-03-29 18:29:57.951 | AlertVM | saveSedentaryReminder requested={"end_hour":18,"end_minute":0,"interval":60,"repeat_count":0,"start_hour":9,"start_minute":0,"status":true}
2026-03-29 18:29:57.952 | AlertVM | persistFeature feature=SEDENTARY_REMINDER connected=true
2026-03-29 18:29:57.954 | AlertVM | persistFeature state={"device_address":"D8:5C:08:30:00:1E","heart_rate":{"low_enabled":false,"low_threshold":50,"resting_enabled":true,"resting_threshold":50,"workout_enabled":false,"workout_threshold":175},"pending_sync":{"heart_rate":true,"relaxation_prompt":false,"sedentary_reminder":true,"sleep_reminder":false,"spo2":false},"pressure_mode":{"relaxation_prompt_enabled":false,"stress_monitoring_enabled":false},"sedentary_reminder":{"end_hour":18,"end_minute":0,"interval":60,"repeat_count":0,"start_hour":9,"start_minute":0,"status":true},"sleep_reminder":{"hour":0,"millisecond":0,"minute":0,"second":0,"status":false},"snapshots":{"heart_rate":{"continuous_heart_rate_mode":0,"frequency":5,"mode":0},"sedentary_reminder":{"end_noon_hour":0,"end_noon_minute":0,"no_disturb_in_launch":false,"start_noon_hour":0,"start_noon_minute":0}},"spo2":{"enabled":true,"threshold":90},"support":{"heart_rate":true,"high_stress_index":false,"relaxation_prompt":false,"sedentary_reminder":true,"sleep_reminder":false,"spo2":true,"wear_detection":false}}
2026-03-29 18:29:57.956 | AlertVM | syncQueuedFeatures feature=SEDENTARY_REMINDER requiresSnapshot=false
2026-03-29 18:29:57.958 | AlertVM | sendUpdate feature=SEDENTARY_REMINDER
2026-03-29 18:29:57.959 | AlertVM | sendUpdate state={"device_address":"D8:5C:08:30:00:1E","heart_rate":{"low_enabled":false,"low_threshold":50,"resting_enabled":true,"resting_threshold":50,"workout_enabled":false,"workout_threshold":175},"pending_sync":{"heart_rate":true,"relaxation_prompt":false,"sedentary_reminder":true,"sleep_reminder":false,"spo2":false},"pressure_mode":{"relaxation_prompt_enabled":false,"stress_monitoring_enabled":false},"sedentary_reminder":{"end_hour":18,"end_minute":0,"interval":60,"repeat_count":0,"start_hour":9,"start_minute":0,"status":true},"sleep_reminder":{"hour":0,"millisecond":0,"minute":0,"second":0,"status":false},"snapshots":{"heart_rate":{"continuous_heart_rate_mode":0,"frequency":5,"mode":0},"sedentary_reminder":{"end_noon_hour":0,"end_noon_minute":0,"no_disturb_in_launch":false,"start_noon_hour":0,"start_noon_minute":0}},"spo2":{"enabled":true,"threshold":90},"support":{"heart_rate":true,"high_stress_index":false,"relaxation_prompt":false,"sedentary_reminder":true,"sleep_reminder":false,"spo2":true,"wear_detection":false}}
2026-03-29 18:29:57.966 | ZhUpdate | setSedentaryData={"end_hour":18,"end_minute":0,"interval":60,"repeat_count":0,"start_hour":9,"start_minute":0,"status":true}
2026-03-29 18:29:58.245 | ZhUpdate | setSedentaryData state=SUCCEED
2026-03-29 18:29:58.250 | AlertService | updateCallback type=SedentaryDataUpdated
2026-03-29 18:29:58.251 | AlertService | onAlertUpdateCompleted feature=SEDENTARY_REMINDER success=true
2026-03-29 18:29:58.253 | AlertVM | handleUpdateCallback type=SedentaryDataUpdated
2026-03-29 18:29:58.254 | AlertVM | sedentary update success=true
2026-03-29 18:29:58.255 | AlertVM | handleScreenUpdateCompletion feature=SEDENTARY_REMINDER success=true
2026-03-29 18:29:58.257 | AlertVM | sendQuery feature=SEDENTARY_REMINDER
2026-03-29 18:29:58.575 | AlertService | queryCallback type=UpdateFirmwareLogStatus
2026-03-29 18:29:58.588 | AlertVM | handleQueryCallback type=UpdateFirmwareLogStatus
2026-03-29 18:29:58.590 | AlertVM | handleQueryCallback type=Default
2026-03-29 18:29:58.956 | ZhQuery | onSedentaryReminderResult={"drinkWater":0,"endNoonTime":{"hour":0,"millisecond":0,"minuter":0,"second":0},"endTime":{"hour":0,"millisecond":0,"minuter":0,"second":0},"frequency":0,"isOn":false,"noDisturbInLaunch":false,"startNoonTime":{"hour":0,"millisecond":0,"minuter":0,"second":0},"startTime":{"hour":0,"millisecond":0,"minuter":0,"second":0}}
2026-03-29 18:29:58.963 | AlertService | queryCallback type=SedentaryDataObtained
2026-03-29 18:29:58.968 | AlertService | queryCallback type=SedentaryReminderSettingsObtained
2026-03-29 18:29:58.973 | AlertService | sedentary passive query preserving pending local value
2026-03-29 18:29:58.977 | AlertService | saveAlertSettings={"device_address":"D8:5C:08:30:00:1E","heart_rate":{"low_enabled":false,"low_threshold":50,"resting_enabled":true,"resting_threshold":50,"workout_enabled":false,"workout_threshold":175},"pending_sync":{"heart_rate":true,"relaxation_prompt":false,"sedentary_reminder":true,"sleep_reminder":false,"spo2":false},"pressure_mode":{"relaxation_prompt_enabled":false,"stress_monitoring_enabled":false},"sedentary_reminder":{"end_hour":18,"end_minute":0,"interval":60,"repeat_count":0,"start_hour":9,"start_minute":0,"status":true},"sleep_reminder":{"hour":0,"millisecond":0,"minute":0,"second":0,"status":false},"snapshots":{"heart_rate":{"continuous_heart_rate_mode":0,"frequency":5,"mode":0},"sedentary_reminder":{"end_noon_hour":0,"end_noon_minute":0,"no_disturb_in_launch":false,"start_noon_hour":0,"start_noon_minute":0}},"spo2":{"enabled":true,"threshold":90},"support":{"heart_rate":true,"high_stress_index":false,"relaxation_prompt":false,"sedentary_reminder":true,"sleep_reminder":false,"spo2":true,"wear_detection":false}}
2026-03-29 18:29:58.981 | AlertService | queryCallback type=AlertFeatureSupportObtained
2026-03-29 18:29:58.986 | AlertService | saveAlertSettings={"device_address":"D8:5C:08:30:00:1E","heart_rate":{"low_enabled":false,"low_threshold":50,"resting_enabled":true,"resting_threshold":50,"workout_enabled":false,"workout_threshold":175},"pending_sync":{"heart_rate":true,"relaxation_prompt":false,"sedentary_reminder":true,"sleep_reminder":false,"spo2":false},"pressure_mode":{"relaxation_prompt_enabled":false,"stress_monitoring_enabled":false},"sedentary_reminder":{"end_hour":18,"end_minute":0,"interval":60,"repeat_count":0,"start_hour":9,"start_minute":0,"status":true},"sleep_reminder":{"hour":0,"millisecond":0,"minute":0,"second":0,"status":false},"snapshots":{"heart_rate":{"continuous_heart_rate_mode":0,"frequency":5,"mode":0},"sedentary_reminder":{"end_noon_hour":0,"end_noon_minute":0,"no_disturb_in_launch":false,"start_noon_hour":0,"start_noon_minute":0}},"spo2":{"enabled":true,"threshold":90},"support":{"heart_rate":true,"high_stress_index":false,"relaxation_prompt":false,"sedentary_reminder":true,"sleep_reminder":false,"spo2":true,"wear_detection":false}}
2026-03-29 18:29:58.988 | AlertVM | handleQueryCallback type=SedentaryDataObtained
2026-03-29 18:29:58.990 | AlertVM | handleQueryCallback type=Default
2026-03-29 18:29:58.992 | AlertVM | handleQueryCallback type=SedentaryReminderSettingsObtained
2026-03-29 18:29:58.995 | AlertVM | sedentary query matchesStored=false pending=true phase=VERIFY_QUERY
2026-03-29 18:29:58.997 | AlertVM | sedentary query value={"end_hour":0,"end_minute":0,"interval":0,"repeat_count":0,"start_hour":0,"start_minute":0,"status":false}
2026-03-29 18:29:58.999 | AlertVM | sedentary verify mismatch preserving local value
2026-03-29 18:29:59.000 | AlertVM | handleScreenQueryCompletion feature=SEDENTARY_REMINDER phase=VERIFY_QUERY matchesStored=false
2026-03-29 18:29:59.002 | AlertVM | handleQueryCallback type=Default
2026-03-29 18:29:59.004 | AlertVM | handleQueryCallback type=AlertFeatureSupportObtained
2026-03-29 18:29:59.005 | AlertVM | support feature=SEDENTARY_REMINDER supported=true
2026-03-29 18:29:59.007 | AlertVM | handleQueryCallback type=Default
2026-03-29 18:29:59.537 | AlertService | queryCallback type=UpdateFirmwareLogStatus
2026-03-29 18:29:59.548 | AlertVM | handleQueryCallback type=UpdateFirmwareLogStatus
2026-03-29 18:29:59.553 | AlertVM | handleQueryCallback type=Default
2026-03-29 18:30:00.151 | AlertVM | saveSpo2Settings requested={"enabled":true,"threshold":90}
2026-03-29 18:30:00.153 | AlertVM | persistFeature feature=SPO2 connected=true
2026-03-29 18:30:00.155 | AlertVM | persistFeature state={"device_address":"D8:5C:08:30:00:1E","heart_rate":{"low_enabled":false,"low_threshold":50,"resting_enabled":true,"resting_threshold":50,"workout_enabled":false,"workout_threshold":175},"pending_sync":{"heart_rate":true,"relaxation_prompt":false,"sedentary_reminder":true,"sleep_reminder":false,"spo2":true},"pressure_mode":{"relaxation_prompt_enabled":false,"stress_monitoring_enabled":false},"sedentary_reminder":{"end_hour":18,"end_minute":0,"interval":60,"repeat_count":0,"start_hour":9,"start_minute":0,"status":true},"sleep_reminder":{"hour":0,"millisecond":0,"minute":0,"second":0,"status":false},"snapshots":{"heart_rate":{"continuous_heart_rate_mode":0,"frequency":5,"mode":0},"sedentary_reminder":{"end_noon_hour":0,"end_noon_minute":0,"no_disturb_in_launch":false,"start_noon_hour":0,"start_noon_minute":0}},"spo2":{"enabled":true,"threshold":90},"support":{"heart_rate":true,"high_stress_index":false,"relaxation_prompt":false,"sedentary_reminder":true,"sleep_reminder":false,"spo2":true,"wear_detection":false}}
2026-03-29 18:30:00.181 | AlertVM | syncQueuedFeatures feature=SPO2 requiresSnapshot=false
2026-03-29 18:30:00.183 | AlertVM | sendUpdate feature=SPO2
2026-03-29 18:30:00.184 | AlertVM | sendUpdate state={"device_address":"D8:5C:08:30:00:1E","heart_rate":{"low_enabled":false,"low_threshold":50,"resting_enabled":true,"resting_threshold":50,"workout_enabled":false,"workout_threshold":175},"pending_sync":{"heart_rate":true,"relaxation_prompt":false,"sedentary_reminder":true,"sleep_reminder":false,"spo2":true},"pressure_mode":{"relaxation_prompt_enabled":false,"stress_monitoring_enabled":false},"sedentary_reminder":{"end_hour":18,"end_minute":0,"interval":60,"repeat_count":0,"start_hour":9,"start_minute":0,"status":true},"sleep_reminder":{"hour":0,"millisecond":0,"minute":0,"second":0,"status":false},"snapshots":{"heart_rate":{"continuous_heart_rate_mode":0,"frequency":5,"mode":0},"sedentary_reminder":{"end_noon_hour":0,"end_noon_minute":0,"no_disturb_in_launch":false,"start_noon_hour":0,"start_noon_minute":0}},"spo2":{"enabled":true,"threshold":90},"support":{"heart_rate":true,"high_stress_index":false,"relaxation_prompt":false,"sedentary_reminder":true,"sleep_reminder":false,"spo2":true,"wear_detection":false}}
2026-03-29 18:30:00.195 | ZhUpdate | setSpo2AlertSettings={"enabled":true,"threshold":90}
2026-03-29 18:30:00.593 | AlertService | queryCallback type=UpdateFirmwareLogStatus
2026-03-29 18:30:00.599 | AlertVM | handleQueryCallback type=UpdateFirmwareLogStatus
2026-03-29 18:30:00.601 | AlertVM | handleQueryCallback type=Default
2026-03-29 18:30:00.932 | AlertVM | saveSedentaryReminder requested={"end_hour":18,"end_minute":0,"interval":60,"repeat_count":0,"start_hour":9,"start_minute":0,"status":true}
2026-03-29 18:30:00.934 | AlertVM | persistFeature feature=SEDENTARY_REMINDER connected=true
2026-03-29 18:30:00.936 | AlertVM | persistFeature state={"device_address":"D8:5C:08:30:00:1E","heart_rate":{"low_enabled":false,"low_threshold":50,"resting_enabled":true,"resting_threshold":50,"workout_enabled":false,"workout_threshold":175},"pending_sync":{"heart_rate":true,"relaxation_prompt":false,"sedentary_reminder":true,"sleep_reminder":false,"spo2":true},"pressure_mode":{"relaxation_prompt_enabled":false,"stress_monitoring_enabled":false},"sedentary_reminder":{"end_hour":18,"end_minute":0,"interval":60,"repeat_count":0,"start_hour":9,"start_minute":0,"status":true},"sleep_reminder":{"hour":0,"millisecond":0,"minute":0,"second":0,"status":false},"snapshots":{"heart_rate":{"continuous_heart_rate_mode":0,"frequency":5,"mode":0},"sedentary_reminder":{"end_noon_hour":0,"end_noon_minute":0,"no_disturb_in_launch":false,"start_noon_hour":0,"start_noon_minute":0}},"spo2":{"enabled":true,"threshold":90},"support":{"heart_rate":true,"high_stress_index":false,"relaxation_prompt":false,"sedentary_reminder":true,"sleep_reminder":false,"spo2":true,"wear_detection":false}}
2026-03-29 18:30:00.938 | AlertVM | syncQueuedFeatures skipped activePhase=UPDATE_SENT feature=SPO2
2026-03-29 18:30:00.993 | ZhUpdate | setSpo2AlertSettings state=SUCCEED
2026-03-29 18:30:00.995 | AlertService | updateCallback type=Spo2AlertSettingsUpdated
2026-03-29 18:30:00.997 | AlertService | onAlertUpdateCompleted feature=SPO2 success=true
2026-03-29 18:30:01.002 | AlertService | updateCallback type=Spo2SettingsUpdated
2026-03-29 18:30:01.004 | AlertVM | handleUpdateCallback type=Spo2AlertSettingsUpdated
2026-03-29 18:30:01.008 | AlertVM | spo2 update success=true
2026-03-29 18:30:01.009 | AlertVM | handleScreenUpdateCompletion feature=SPO2 success=true
2026-03-29 18:30:01.010 | AlertVM | sendQuery feature=SPO2
2026-03-29 18:30:01.013 | AlertVM | handleUpdateCallback type=Spo2SettingsUpdated
2026-03-29 18:30:01.015 | ZhQuery | getSpo2AlertSettings dispatched
2026-03-29 18:30:01.580 | AlertService | queryCallback type=UpdateFirmwareLogStatus
2026-03-29 18:30:01.583 | AlertVM | handleQueryCallback type=UpdateFirmwareLogStatus
2026-03-29 18:30:01.587 | AlertVM | handleQueryCallback type=Default
2026-03-29 18:30:01.808 | ZhQuery | onSWSPO2Monitor={"isWarning":true,"warningValue":90}
2026-03-29 18:30:01.810 | AlertService | queryCallback type=Spo2AlertSettingsObtained
2026-03-29 18:30:01.811 | AlertService | spo2 passive query preserving pending local value
2026-03-29 18:30:01.813 | AlertService | saveAlertSettings={"device_address":"D8:5C:08:30:00:1E","heart_rate":{"low_enabled":false,"low_threshold":50,"resting_enabled":true,"resting_threshold":50,"workout_enabled":false,"workout_threshold":175},"pending_sync":{"heart_rate":true,"relaxation_prompt":false,"sedentary_reminder":true,"sleep_reminder":false,"spo2":true},"pressure_mode":{"relaxation_prompt_enabled":false,"stress_monitoring_enabled":false},"sedentary_reminder":{"end_hour":18,"end_minute":0,"interval":60,"repeat_count":0,"start_hour":9,"start_minute":0,"status":true},"sleep_reminder":{"hour":0,"millisecond":0,"minute":0,"second":0,"status":false},"snapshots":{"heart_rate":{"continuous_heart_rate_mode":0,"frequency":5,"mode":0},"sedentary_reminder":{"end_noon_hour":0,"end_noon_minute":0,"no_disturb_in_launch":false,"start_noon_hour":0,"start_noon_minute":0}},"spo2":{"enabled":true,"threshold":90},"support":{"heart_rate":true,"high_stress_index":false,"relaxation_prompt":false,"sedentary_reminder":true,"sleep_reminder":false,"spo2":true,"wear_detection":false}}
2026-03-29 18:30:01.814 | AlertService | queryCallback type=AlertFeatureSupportObtained
2026-03-29 18:30:01.815 | AlertService | saveAlertSettings={"device_address":"D8:5C:08:30:00:1E","heart_rate":{"low_enabled":false,"low_threshold":50,"resting_enabled":true,"resting_threshold":50,"workout_enabled":false,"workout_threshold":175},"pending_sync":{"heart_rate":true,"relaxation_prompt":false,"sedentary_reminder":true,"sleep_reminder":false,"spo2":true},"pressure_mode":{"relaxation_prompt_enabled":false,"stress_monitoring_enabled":false},"sedentary_reminder":{"end_hour":18,"end_minute":0,"interval":60,"repeat_count":0,"start_hour":9,"start_minute":0,"status":true},"sleep_reminder":{"hour":0,"millisecond":0,"minute":0,"second":0,"status":false},"snapshots":{"heart_rate":{"continuous_heart_rate_mode":0,"frequency":5,"mode":0},"sedentary_reminder":{"end_noon_hour":0,"end_noon_minute":0,"no_disturb_in_launch":false,"start_noon_hour":0,"start_noon_minute":0}},"spo2":{"enabled":true,"threshold":90},"support":{"heart_rate":true,"high_stress_index":false,"relaxation_prompt":false,"sedentary_reminder":true,"sleep_reminder":false,"spo2":true,"wear_detection":false}}
2026-03-29 18:30:01.817 | ZhQuery | getSpo2AlertSettings state=SUCCEED
2026-03-29 18:30:01.818 | AlertVM | handleQueryCallback type=Spo2AlertSettingsObtained
2026-03-29 18:30:01.821 | AlertVM | spo2 query matchesStored=true pending=true phase=VERIFY_QUERY
2026-03-29 18:30:01.823 | AlertVM | spo2 query value={"enabled":true,"threshold":90}
2026-03-29 18:30:01.827 | AlertVM | handleScreenQueryCompletion feature=SPO2 phase=VERIFY_QUERY matchesStored=true
2026-03-29 18:30:01.829 | AlertVM | syncQueuedFeatures feature=SEDENTARY_REMINDER requiresSnapshot=false
2026-03-29 18:30:01.832 | AlertVM | sendUpdate feature=SEDENTARY_REMINDER
2026-03-29 18:30:01.833 | AlertVM | sendUpdate state={"device_address":"D8:5C:08:30:00:1E","heart_rate":{"low_enabled":false,"low_threshold":50,"resting_enabled":true,"resting_threshold":50,"workout_enabled":false,"workout_threshold":175},"pending_sync":{"heart_rate":true,"relaxation_prompt":false,"sedentary_reminder":true,"sleep_reminder":false,"spo2":false},"pressure_mode":{"relaxation_prompt_enabled":false,"stress_monitoring_enabled":false},"sedentary_reminder":{"end_hour":18,"end_minute":0,"interval":60,"repeat_count":0,"start_hour":9,"start_minute":0,"status":true},"sleep_reminder":{"hour":0,"millisecond":0,"minute":0,"second":0,"status":false},"snapshots":{"heart_rate":{"continuous_heart_rate_mode":0,"frequency":5,"mode":0},"sedentary_reminder":{"end_noon_hour":0,"end_noon_minute":0,"no_disturb_in_launch":false,"start_noon_hour":0,"start_noon_minute":0}},"spo2":{"enabled":true,"threshold":90},"support":{"heart_rate":true,"high_stress_index":false,"relaxation_prompt":false,"sedentary_reminder":true,"sleep_reminder":false,"spo2":true,"wear_detection":false}}
2026-03-29 18:30:01.836 | AlertVM | handleQueryCallback type=Default
2026-03-29 18:30:01.837 | AlertVM | handleQueryCallback type=AlertFeatureSupportObtained
2026-03-29 18:30:01.838 | AlertVM | support feature=SPO2 supported=true
2026-03-29 18:30:01.840 | AlertVM | handleQueryCallback type=Default
2026-03-29 18:30:01.841 | ZhUpdate | setSedentaryData={"end_hour":18,"end_minute":0,"interval":60,"repeat_count":0,"start_hour":9,"start_minute":0,"status":true}
2026-03-29 18:30:02.127 | ZhUpdate | setSedentaryData state=SUCCEED
2026-03-29 18:30:02.129 | AlertService | updateCallback type=SedentaryDataUpdated
2026-03-29 18:30:02.132 | AlertService | onAlertUpdateCompleted feature=SEDENTARY_REMINDER success=true
2026-03-29 18:30:02.134 | AlertVM | handleUpdateCallback type=SedentaryDataUpdated
2026-03-29 18:30:02.136 | AlertVM | sedentary update success=true
2026-03-29 18:30:02.137 | AlertVM | handleScreenUpdateCompletion feature=SEDENTARY_REMINDER success=true
2026-03-29 18:30:02.139 | AlertVM | sendQuery feature=SEDENTARY_REMINDER
2026-03-29 18:30:02.440 | AlertService | queryCallback type=UpdateFirmwareLogStatus
2026-03-29 18:30:02.446 | AlertVM | handleQueryCallback type=UpdateFirmwareLogStatus
2026-03-29 18:30:02.447 | AlertVM | handleQueryCallback type=Default
2026-03-29 18:30:02.617 | ZhQuery | onSedentaryReminderResult={"drinkWater":0,"endNoonTime":{"hour":0,"millisecond":0,"minuter":0,"second":0},"endTime":{"hour":0,"millisecond":0,"minuter":0,"second":0},"frequency":0,"isOn":false,"noDisturbInLaunch":false,"startNoonTime":{"hour":0,"millisecond":0,"minuter":0,"second":0},"startTime":{"hour":0,"millisecond":0,"minuter":0,"second":0}}
2026-03-29 18:30:02.619 | AlertService | queryCallback type=SedentaryDataObtained
2026-03-29 18:30:02.621 | AlertService | queryCallback type=SedentaryReminderSettingsObtained
2026-03-29 18:30:02.623 | AlertService | sedentary passive query preserving pending local value
2026-03-29 18:30:02.624 | AlertService | saveAlertSettings={"device_address":"D8:5C:08:30:00:1E","heart_rate":{"low_enabled":false,"low_threshold":50,"resting_enabled":true,"resting_threshold":50,"workout_enabled":false,"workout_threshold":175},"pending_sync":{"heart_rate":true,"relaxation_prompt":false,"sedentary_reminder":true,"sleep_reminder":false,"spo2":false},"pressure_mode":{"relaxation_prompt_enabled":false,"stress_monitoring_enabled":false},"sedentary_reminder":{"end_hour":18,"end_minute":0,"interval":60,"repeat_count":0,"start_hour":9,"start_minute":0,"status":true},"sleep_reminder":{"hour":0,"millisecond":0,"minute":0,"second":0,"status":false},"snapshots":{"heart_rate":{"continuous_heart_rate_mode":0,"frequency":5,"mode":0},"sedentary_reminder":{"end_noon_hour":0,"end_noon_minute":0,"no_disturb_in_launch":false,"start_noon_hour":0,"start_noon_minute":0}},"spo2":{"enabled":true,"threshold":90},"support":{"heart_rate":true,"high_stress_index":false,"relaxation_prompt":false,"sedentary_reminder":true,"sleep_reminder":false,"spo2":true,"wear_detection":false}}
2026-03-29 18:30:02.626 | AlertService | queryCallback type=AlertFeatureSupportObtained
2026-03-29 18:30:02.627 | AlertService | saveAlertSettings={"device_address":"D8:5C:08:30:00:1E","heart_rate":{"low_enabled":false,"low_threshold":50,"resting_enabled":true,"resting_threshold":50,"workout_enabled":false,"workout_threshold":175},"pending_sync":{"heart_rate":true,"relaxation_prompt":false,"sedentary_reminder":true,"sleep_reminder":false,"spo2":false},"pressure_mode":{"relaxation_prompt_enabled":false,"stress_monitoring_enabled":false},"sedentary_reminder":{"end_hour":18,"end_minute":0,"interval":60,"repeat_count":0,"start_hour":9,"start_minute":0,"status":true},"sleep_reminder":{"hour":0,"millisecond":0,"minute":0,"second":0,"status":false},"snapshots":{"heart_rate":{"continuous_heart_rate_mode":0,"frequency":5,"mode":0},"sedentary_reminder":{"end_noon_hour":0,"end_noon_minute":0,"no_disturb_in_launch":false,"start_noon_hour":0,"start_noon_minute":0}},"spo2":{"enabled":true,"threshold":90},"support":{"heart_rate":true,"high_stress_index":false,"relaxation_prompt":false,"sedentary_reminder":true,"sleep_reminder":false,"spo2":true,"wear_detection":false}}
2026-03-29 18:30:02.630 | AlertVM | handleQueryCallback type=SedentaryDataObtained
2026-03-29 18:30:02.631 | AlertVM | handleQueryCallback type=Default
2026-03-29 18:30:02.633 | AlertVM | handleQueryCallback type=SedentaryReminderSettingsObtained
2026-03-29 18:30:02.636 | AlertVM | sedentary query matchesStored=false pending=true phase=VERIFY_QUERY
2026-03-29 18:30:02.638 | AlertVM | sedentary query value={"end_hour":0,"end_minute":0,"interval":0,"repeat_count":0,"start_hour":0,"start_minute":0,"status":false}
2026-03-29 18:30:02.639 | AlertVM | sedentary verify mismatch preserving local value
2026-03-29 18:30:02.641 | AlertVM | handleScreenQueryCompletion feature=SEDENTARY_REMINDER phase=VERIFY_QUERY matchesStored=false
2026-03-29 18:30:02.642 | AlertVM | handleQueryCallback type=Default
2026-03-29 18:30:02.644 | AlertVM | handleQueryCallback type=AlertFeatureSupportObtained
2026-03-29 18:30:02.645 | AlertVM | support feature=SEDENTARY_REMINDER supported=true
2026-03-29 18:30:02.646 | AlertVM | handleQueryCallback type=Default
2026-03-29 18:30:03.522 | AlertService | queryCallback type=UpdateFirmwareLogStatus
2026-03-29 18:30:03.528 | AlertVM | handleQueryCallback type=UpdateFirmwareLogStatus
2026-03-29 18:30:03.529 | AlertVM | handleQueryCallback type=Default
2026-03-29 18:30:04.470 | AlertService | queryCallback type=UpdateFirmwareLogStatus
2026-03-29 18:30:04.477 | AlertVM | handleQueryCallback type=UpdateFirmwareLogStatus
2026-03-29 18:30:04.479 | AlertVM | handleQueryCallback type=Default
2026-03-29 18:30:05.489 | AlertService | queryCallback type=UpdateFirmwareLogStatus
2026-03-29 18:30:05.492 | AlertVM | handleQueryCallback type=UpdateFirmwareLogStatus
2026-03-29 18:30:05.494 | AlertVM | handleQueryCallback type=Default
2026-03-29 18:30:06.455 | AlertService | queryCallback type=UpdateFirmwareLogStatus
2026-03-29 18:30:06.465 | AlertVM | handleQueryCallback type=UpdateFirmwareLogStatus
2026-03-29 18:30:06.467 | AlertVM | handleQueryCallback type=Default
2026-03-29 18:30:07.435 | AlertService | queryCallback type=UpdateFirmwareLogStatus
2026-03-29 18:30:07.447 | AlertVM | handleQueryCallback type=UpdateFirmwareLogStatus
2026-03-29 18:30:07.449 | AlertVM | handleQueryCallback type=Default
2026-03-29 18:30:08.057 | AlertService | queryCallback type=BatteryDataObtained
2026-03-29 18:30:08.060 | AlertVM | handleQueryCallback type=BatteryDataObtained
2026-03-29 18:30:08.064 | AlertVM | handleQueryCallback type=Default
2026-03-29 18:30:08.476 | AlertService | queryCallback type=UpdateFirmwareLogStatus
2026-03-29 18:30:08.483 | AlertVM | handleQueryCallback type=UpdateFirmwareLogStatus
2026-03-29 18:30:08.485 | AlertVM | handleQueryCallback type=Default
2026-03-29 18:30:09.471 | AlertService | queryCallback type=UpdateFirmwareLogStatus
2026-03-29 18:30:09.484 | AlertVM | handleQueryCallback type=UpdateFirmwareLogStatus
2026-03-29 18:30:09.487 | AlertVM | handleQueryCallback type=Default
2026-03-29 18:30:10.460 | AlertService | queryCallback type=UpdateFirmwareLogStatus
2026-03-29 18:30:10.463 | AlertVM | handleQueryCallback type=UpdateFirmwareLogStatus
2026-03-29 18:30:10.464 | AlertVM | handleQueryCallback type=Default
2026-03-29 18:30:11.459 | AlertService | queryCallback type=UpdateFirmwareLogStatus
2026-03-29 18:30:11.475 | AlertVM | handleQueryCallback type=UpdateFirmwareLogStatus
2026-03-29 18:30:11.479 | AlertVM | handleQueryCallback type=Default
2026-03-29 18:30:12.496 | AlertService | queryCallback type=UpdateFirmwareLogStatus
2026-03-29 18:30:12.507 | AlertVM | handleQueryCallback type=UpdateFirmwareLogStatus
2026-03-29 18:30:12.509 | AlertVM | handleQueryCallback type=Default
2026-03-29 18:30:13.475 | AlertService | queryCallback type=UpdateFirmwareLogStatus
2026-03-29 18:30:13.485 | AlertVM | handleQueryCallback type=UpdateFirmwareLogStatus
2026-03-29 18:30:13.488 | AlertVM | handleQueryCallback type=Default
2026-03-29 18:30:14.508 | AlertService | queryCallback type=UpdateFirmwareLogStatus
2026-03-29 18:30:14.526 | AlertVM | handleQueryCallback type=UpdateFirmwareLogStatus
2026-03-29 18:30:14.528 | AlertVM | handleQueryCallback type=Default
2026-03-29 18:30:15.465 | AlertService | queryCallback type=UpdateFirmwareLogStatus
2026-03-29 18:30:15.478 | AlertVM | handleQueryCallback type=UpdateFirmwareLogStatus
2026-03-29 18:30:15.481 | AlertVM | handleQueryCallback type=Default
2026-03-29 18:30:16.570 | AlertService | queryCallback type=UpdateFirmwareLogStatus
2026-03-29 18:30:16.576 | AlertVM | handleQueryCallback type=UpdateFirmwareLogStatus
2026-03-29 18:30:16.578 | AlertVM | handleQueryCallback type=Default
2026-03-29 18:30:17.480 | AlertService | queryCallback type=UpdateFirmwareLogStatus
2026-03-29 18:30:17.496 | AlertVM | handleQueryCallback type=UpdateFirmwareLogStatus
2026-03-29 18:30:17.499 | AlertVM | handleQueryCallback type=Default
2026-03-29 18:30:18.482 | AlertService | queryCallback type=UpdateFirmwareLogStatus
2026-03-29 18:30:18.495 | AlertVM | handleQueryCallback type=UpdateFirmwareLogStatus
2026-03-29 18:30:18.498 | AlertVM | handleQueryCallback type=Default
2026-03-29 18:30:19.464 | AlertService | queryCallback type=UpdateFirmwareLogStatus
2026-03-29 18:30:19.475 | AlertVM | handleQueryCallback type=UpdateFirmwareLogStatus
2026-03-29 18:30:19.477 | AlertVM | handleQueryCallback type=Default
2026-03-29 18:30:20.452 | AlertService | queryCallback type=UpdateFirmwareLogStatus
2026-03-29 18:30:20.463 | AlertVM | handleQueryCallback type=UpdateFirmwareLogStatus
2026-03-29 18:30:20.465 | AlertVM | handleQueryCallback type=Default
2026-03-29 18:30:21.435 | AlertService | queryCallback type=UpdateFirmwareLogStatus
2026-03-29 18:30:21.444 | AlertVM | handleQueryCallback type=UpdateFirmwareLogStatus
2026-03-29 18:30:21.447 | AlertVM | handleQueryCallback type=Default
2026-03-29 18:30:22.483 | AlertService | queryCallback type=UpdateFirmwareLogStatus
2026-03-29 18:30:22.502 | AlertVM | handleQueryCallback type=UpdateFirmwareLogStatus
2026-03-29 18:30:22.505 | AlertVM | handleQueryCallback type=Default
2026-03-29 18:30:23.459 | AlertService | queryCallback type=UpdateFirmwareLogStatus
2026-03-29 18:30:23.467 | AlertVM | handleQueryCallback type=UpdateFirmwareLogStatus
2026-03-29 18:30:23.469 | AlertVM | handleQueryCallback type=Default
2026-03-29 18:30:24.468 | AlertService | queryCallback type=UpdateFirmwareLogStatus
2026-03-29 18:30:24.471 | AlertVM | handleQueryCallback type=UpdateFirmwareLogStatus
2026-03-29 18:30:24.473 | AlertVM | handleQueryCallback type=Default
2026-03-29 18:30:25.446 | AlertService | queryCallback type=UpdateFirmwareLogStatus
2026-03-29 18:30:25.456 | AlertVM | handleQueryCallback type=UpdateFirmwareLogStatus
2026-03-29 18:30:25.459 | AlertVM | handleQueryCallback type=Default
2026-03-29 18:30:26.442 | AlertService | queryCallback type=UpdateFirmwareLogStatus
2026-03-29 18:30:26.451 | AlertVM | handleQueryCallback type=UpdateFirmwareLogStatus
2026-03-29 18:30:26.453 | AlertVM | handleQueryCallback type=Default
2026-03-29 18:30:27.491 | AlertService | queryCallback type=UpdateFirmwareLogStatus
2026-03-29 18:30:27.497 | AlertVM | handleQueryCallback type=UpdateFirmwareLogStatus
2026-03-29 18:30:27.499 | AlertVM | handleQueryCallback type=Default
2026-03-29 18:30:28.488 | AlertService | queryCallback type=UpdateFirmwareLogStatus
2026-03-29 18:30:28.497 | AlertVM | handleQueryCallback type=UpdateFirmwareLogStatus
2026-03-29 18:30:28.500 | AlertVM | handleQueryCallback type=Default
2026-03-29 18:30:29.554 | AlertService | queryCallback type=UpdateFirmwareLogStatus
2026-03-29 18:30:29.563 | AlertVM | handleQueryCallback type=UpdateFirmwareLogStatus
2026-03-29 18:30:29.565 | AlertVM | handleQueryCallback type=Default
2026-03-29 18:30:30.507 | AlertService | queryCallback type=UpdateFirmwareLogStatus
2026-03-29 18:30:30.518 | AlertVM | handleQueryCallback type=UpdateFirmwareLogStatus
2026-03-29 18:30:30.520 | AlertVM | handleQueryCallback type=Default
2026-03-29 18:30:31.492 | AlertService | queryCallback type=UpdateFirmwareLogStatus
2026-03-29 18:30:31.513 | AlertVM | handleQueryCallback type=UpdateFirmwareLogStatus
2026-03-29 18:30:31.517 | AlertVM | handleQueryCallback type=Default
2026-03-29 18:30:32.513 | AlertService | queryCallback type=UpdateFirmwareLogStatus
2026-03-29 18:30:32.526 | AlertVM | handleQueryCallback type=UpdateFirmwareLogStatus
2026-03-29 18:30:32.529 | AlertVM | handleQueryCallback type=Default
2026-03-29 18:30:33.499 | AlertService | queryCallback type=UpdateFirmwareLogStatus
2026-03-29 18:30:33.513 | AlertVM | handleQueryCallback type=UpdateFirmwareLogStatus
2026-03-29 18:30:33.516 | AlertVM | handleQueryCallback type=Default
2026-03-29 18:30:34.450 | AlertService | queryCallback type=UpdateFirmwareLogStatus
2026-03-29 18:30:34.467 | AlertVM | handleQueryCallback type=UpdateFirmwareLogStatus
2026-03-29 18:30:34.471 | AlertVM | handleQueryCallback type=Default
2026-03-29 18:30:35.439 | AlertService | queryCallback type=UpdateFirmwareLogStatus
2026-03-29 18:30:35.446 | AlertVM | handleQueryCallback type=UpdateFirmwareLogStatus
2026-03-29 18:30:35.449 | AlertVM | handleQueryCallback type=Default
2026-03-29 18:30:36.474 | AlertService | queryCallback type=UpdateFirmwareLogStatus
2026-03-29 18:30:36.496 | AlertVM | handleQueryCallback type=UpdateFirmwareLogStatus
2026-03-29 18:30:36.499 | AlertVM | handleQueryCallback type=Default
2026-03-29 18:30:37.458 | AlertService | queryCallback type=UpdateFirmwareLogStatus
2026-03-29 18:30:37.468 | AlertVM | handleQueryCallback type=UpdateFirmwareLogStatus
2026-03-29 18:30:37.471 | AlertVM | handleQueryCallback type=Default
2026-03-29 18:30:38.463 | AlertService | queryCallback type=UpdateFirmwareLogStatus
2026-03-29 18:30:38.469 | AlertVM | handleQueryCallback type=UpdateFirmwareLogStatus
2026-03-29 18:30:38.472 | AlertVM | handleQueryCallback type=Default
2026-03-29 18:30:39.449 | AlertService | queryCallback type=UpdateFirmwareLogStatus
2026-03-29 18:30:39.456 | AlertVM | handleQueryCallback type=UpdateFirmwareLogStatus
2026-03-29 18:30:39.459 | AlertVM | handleQueryCallback type=Default
2026-03-29 18:30:40.429 | AlertService | queryCallback type=UpdateFirmwareLogStatus
2026-03-29 18:30:40.443 | AlertVM | handleQueryCallback type=UpdateFirmwareLogStatus
2026-03-29 18:30:40.445 | AlertVM | handleQueryCallback type=Default
2026-03-29 18:30:41.467 | AlertService | queryCallback type=UpdateFirmwareLogStatus
2026-03-29 18:30:41.477 | AlertVM | handleQueryCallback type=UpdateFirmwareLogStatus
2026-03-29 18:30:41.480 | AlertVM | handleQueryCallback type=Default
2026-03-29 18:30:42.470 | AlertService | queryCallback type=UpdateFirmwareLogStatus
2026-03-29 18:30:42.485 | AlertVM | handleQueryCallback type=UpdateFirmwareLogStatus
2026-03-29 18:30:42.488 | AlertVM | handleQueryCallback type=Default
2026-03-29 18:30:43.459 | AlertService | queryCallback type=UpdateFirmwareLogStatus
2026-03-29 18:30:43.464 | AlertVM | handleQueryCallback type=UpdateFirmwareLogStatus
2026-03-29 18:30:43.465 | AlertVM | handleQueryCallback type=Default
2026-03-29 18:30:44.503 | AlertService | queryCallback type=UpdateFirmwareLogStatus
2026-03-29 18:30:44.505 | AlertVM | handleQueryCallback type=UpdateFirmwareLogStatus
2026-03-29 18:30:44.508 | AlertVM | handleQueryCallback type=Default
2026-03-29 18:30:45.437 | AlertService | queryCallback type=UpdateFirmwareLogStatus
2026-03-29 18:30:45.483 | AlertVM | handleQueryCallback type=UpdateFirmwareLogStatus
2026-03-29 18:30:45.494 | AlertVM | handleQueryCallback type=Default
2026-03-29 18:30:46.492 | AlertService | queryCallback type=UpdateFirmwareLogStatus
2026-03-29 18:30:46.502 | AlertVM | handleQueryCallback type=UpdateFirmwareLogStatus
2026-03-29 18:30:46.505 | AlertVM | handleQueryCallback type=Default
2026-03-29 18:30:47.466 | AlertService | queryCallback type=UpdateFirmwareLogStatus
2026-03-29 18:30:47.472 | AlertVM | handleQueryCallback type=UpdateFirmwareLogStatus
2026-03-29 18:30:47.474 | AlertVM | handleQueryCallback type=Default
2026-03-29 18:30:48.494 | AlertService | queryCallback type=UpdateFirmwareLogStatus
2026-03-29 18:30:48.503 | AlertVM | handleQueryCallback type=UpdateFirmwareLogStatus
2026-03-29 18:30:48.505 | AlertVM | handleQueryCallback type=Default
2026-03-29 18:30:49.469 | AlertService | queryCallback type=UpdateFirmwareLogStatus
2026-03-29 18:30:49.472 | AlertVM | handleQueryCallback type=UpdateFirmwareLogStatus
2026-03-29 18:30:49.475 | AlertVM | handleQueryCallback type=Default
2026-03-29 18:30:50.440 | AlertService | queryCallback type=UpdateFirmwareLogStatus
2026-03-29 18:30:50.454 | AlertVM | handleQueryCallback type=UpdateFirmwareLogStatus
2026-03-29 18:30:50.457 | AlertVM | handleQueryCallback type=Default
2026-03-29 18:30:51.473 | AlertService | queryCallback type=UpdateFirmwareLogStatus
2026-03-29 18:30:51.488 | AlertVM | handleQueryCallback type=UpdateFirmwareLogStatus
2026-03-29 18:30:51.491 | AlertVM | handleQueryCallback type=Default
2026-03-29 18:30:52.478 | AlertService | queryCallback type=UpdateFirmwareLogStatus
2026-03-29 18:30:52.491 | AlertVM | handleQueryCallback type=UpdateFirmwareLogStatus
2026-03-29 18:30:52.493 | AlertVM | handleQueryCallback type=Default
2026-03-29 18:30:53.459 | AlertService | queryCallback type=UpdateFirmwareLogStatus
2026-03-29 18:30:53.472 | AlertVM | handleQueryCallback type=UpdateFirmwareLogStatus
2026-03-29 18:30:53.475 | AlertVM | handleQueryCallback type=Default
2026-03-29 18:30:54.443 | AlertService | queryCallback type=UpdateFirmwareLogStatus
2026-03-29 18:30:54.446 | AlertVM | handleQueryCallback type=UpdateFirmwareLogStatus
2026-03-29 18:30:54.454 | AlertVM | handleQueryCallback type=Default
2026-03-29 18:30:55.442 | AlertService | queryCallback type=UpdateFirmwareLogStatus
2026-03-29 18:30:55.454 | AlertVM | handleQueryCallback type=UpdateFirmwareLogStatus
2026-03-29 18:30:55.457 | AlertVM | handleQueryCallback type=Default
2026-03-29 18:30:56.454 | AlertService | queryCallback type=UpdateFirmwareLogStatus
2026-03-29 18:30:56.468 | AlertVM | handleQueryCallback type=UpdateFirmwareLogStatus
2026-03-29 18:30:56.474 | AlertVM | handleQueryCallback type=Default
2026-03-29 18:30:57.455 | AlertService | queryCallback type=UpdateFirmwareLogStatus
2026-03-29 18:30:57.473 | AlertVM | handleQueryCallback type=UpdateFirmwareLogStatus
2026-03-29 18:30:57.477 | AlertVM | handleQueryCallback type=Default
2026-03-29 18:30:58.045 | AlertService | queryCallback type=BatteryDataObtained
2026-03-29 18:30:58.048 | AlertVM | handleQueryCallback type=BatteryDataObtained
2026-03-29 18:30:58.050 | AlertVM | handleQueryCallback type=Default
2026-03-29 18:30:58.428 | AlertService | queryCallback type=UpdateFirmwareLogStatus
2026-03-29 18:30:58.437 | AlertVM | handleQueryCallback type=UpdateFirmwareLogStatus
2026-03-29 18:30:58.439 | AlertVM | handleQueryCallback type=Default
2026-03-29 18:30:59.440 | AlertService | queryCallback type=UpdateFirmwareLogStatus
2026-03-29 18:30:59.442 | AlertVM | handleQueryCallback type=UpdateFirmwareLogStatus
2026-03-29 18:30:59.444 | AlertVM | handleQueryCallback type=Default
2026-03-29 18:31:00.464 | AlertService | queryCallback type=UpdateFirmwareLogStatus
2026-03-29 18:31:00.471 | AlertVM | handleQueryCallback type=UpdateFirmwareLogStatus
2026-03-29 18:31:00.473 | AlertVM | handleQueryCallback type=Default
2026-03-29 18:31:01.466 | AlertService | queryCallback type=UpdateFirmwareLogStatus
2026-03-29 18:31:01.469 | AlertVM | handleQueryCallback type=UpdateFirmwareLogStatus
2026-03-29 18:31:01.473 | AlertVM | handleQueryCallback type=Default
2026-03-29 18:31:02.436 | AlertService | queryCallback type=UpdateFirmwareLogStatus
2026-03-29 18:31:02.447 | AlertVM | handleQueryCallback type=UpdateFirmwareLogStatus
2026-03-29 18:31:02.449 | AlertVM | handleQueryCallback type=Default
2026-03-29 18:31:03.456 | AlertService | queryCallback type=UpdateFirmwareLogStatus
2026-03-29 18:31:03.464 | AlertVM | handleQueryCallback type=UpdateFirmwareLogStatus
2026-03-29 18:31:03.465 | AlertVM | handleQueryCallback type=Default
2026-03-29 18:31:04.439 | AlertService | queryCallback type=UpdateFirmwareLogStatus
2026-03-29 18:31:04.454 | AlertVM | handleQueryCallback type=UpdateFirmwareLogStatus
2026-03-29 18:31:04.457 | AlertVM | handleQueryCallback type=Default
2026-03-29 18:31:05.458 | AlertService | queryCallback type=UpdateFirmwareLogStatus
2026-03-29 18:31:05.465 | AlertVM | handleQueryCallback type=UpdateFirmwareLogStatus
2026-03-29 18:31:05.468 | AlertVM | handleQueryCallback type=Default
2026-03-29 18:31:06.428 | AlertService | queryCallback type=UpdateFirmwareLogStatus
2026-03-29 18:31:06.434 | AlertVM | handleQueryCallback type=UpdateFirmwareLogStatus
2026-03-29 18:31:06.435 | AlertVM | handleQueryCallback type=Default
2026-03-29 18:31:07.420 | AlertService | queryCallback type=UpdateFirmwareLogStatus
2026-03-29 18:31:07.431 | AlertVM | handleQueryCallback type=UpdateFirmwareLogStatus
2026-03-29 18:31:07.434 | AlertVM | handleQueryCallback type=Default
2026-03-29 18:31:08.416 | AlertService | queryCallback type=UpdateFirmwareLogStatus
2026-03-29 18:31:08.423 | AlertVM | handleQueryCallback type=UpdateFirmwareLogStatus
2026-03-29 18:31:08.425 | AlertVM | handleQueryCallback type=Default
2026-03-29 18:31:09.415 | AlertService | queryCallback type=UpdateFirmwareLogStatus
2026-03-29 18:31:09.424 | AlertVM | handleQueryCallback type=UpdateFirmwareLogStatus
2026-03-29 18:31:09.426 | AlertVM | handleQueryCallback type=Default
2026-03-29 18:31:10.445 | AlertService | queryCallback type=UpdateFirmwareLogStatus
2026-03-29 18:31:10.468 | AlertVM | handleQueryCallback type=UpdateFirmwareLogStatus
2026-03-29 18:31:10.471 | AlertVM | handleQueryCallback type=Default
2026-03-29 18:31:11.425 | AlertService | queryCallback type=UpdateFirmwareLogStatus
2026-03-29 18:31:11.427 | AlertVM | handleQueryCallback type=UpdateFirmwareLogStatus
2026-03-29 18:31:11.428 | AlertVM | handleQueryCallback type=Default
2026-03-29 18:31:12.440 | AlertService | queryCallback type=UpdateFirmwareLogStatus
2026-03-29 18:31:12.449 | AlertVM | handleQueryCallback type=UpdateFirmwareLogStatus
2026-03-29 18:31:12.452 | AlertVM | handleQueryCallback type=Default
2026-03-29 18:31:13.425 | AlertService | queryCallback type=UpdateFirmwareLogStatus
2026-03-29 18:31:13.434 | AlertVM | handleQueryCallback type=UpdateFirmwareLogStatus
2026-03-29 18:31:13.437 | AlertVM | handleQueryCallback type=Default
2026-03-29 18:31:14.443 | AlertService | queryCallback type=UpdateFirmwareLogStatus
2026-03-29 18:31:14.451 | AlertVM | handleQueryCallback type=UpdateFirmwareLogStatus
2026-03-29 18:31:14.454 | AlertVM | handleQueryCallback type=Default
2026-03-29 18:31:15.453 | AlertService | queryCallback type=UpdateFirmwareLogStatus
2026-03-29 18:31:15.455 | AlertVM | handleQueryCallback type=UpdateFirmwareLogStatus
2026-03-29 18:31:15.458 | AlertVM | handleQueryCallback type=Default
2026-03-29 18:31:16.433 | AlertService | queryCallback type=UpdateFirmwareLogStatus
2026-03-29 18:31:16.443 | AlertVM | handleQueryCallback type=UpdateFirmwareLogStatus
2026-03-29 18:31:16.446 | AlertVM | handleQueryCallback type=Default
2026-03-29 18:31:17.432 | AlertService | queryCallback type=UpdateFirmwareLogStatus
2026-03-29 18:31:17.454 | AlertVM | handleQueryCallback type=UpdateFirmwareLogStatus
2026-03-29 18:31:17.456 | AlertVM | handleQueryCallback type=Default
2026-03-29 18:31:18.443 | AlertService | queryCallback type=UpdateFirmwareLogStatus
2026-03-29 18:31:18.450 | AlertVM | handleQueryCallback type=UpdateFirmwareLogStatus
2026-03-29 18:31:18.452 | AlertVM | handleQueryCallback type=Default
2026-03-29 18:31:19.455 | AlertService | queryCallback type=UpdateFirmwareLogStatus
2026-03-29 18:31:19.461 | AlertVM | handleQueryCallback type=UpdateFirmwareLogStatus
2026-03-29 18:31:19.464 | AlertVM | handleQueryCallback type=Default
2026-03-29 18:31:20.461 | AlertService | queryCallback type=UpdateFirmwareLogStatus
2026-03-29 18:31:20.472 | AlertVM | handleQueryCallback type=UpdateFirmwareLogStatus
2026-03-29 18:31:20.475 | AlertVM | handleQueryCallback type=Default
2026-03-29 18:31:21.435 | AlertService | queryCallback type=UpdateFirmwareLogStatus
2026-03-29 18:31:21.443 | AlertVM | handleQueryCallback type=UpdateFirmwareLogStatus
2026-03-29 18:31:21.446 | AlertVM | handleQueryCallback type=Default
2026-03-29 18:31:22.427 | AlertService | queryCallback type=UpdateFirmwareLogStatus
2026-03-29 18:31:22.455 | AlertVM | handleQueryCallback type=UpdateFirmwareLogStatus
2026-03-29 18:31:22.458 | AlertVM | handleQueryCallback type=Default
2026-03-29 18:31:23.406 | AlertService | queryCallback type=UpdateFirmwareLogStatus
2026-03-29 18:31:23.416 | AlertVM | handleQueryCallback type=UpdateFirmwareLogStatus
2026-03-29 18:31:23.419 | AlertVM | handleQueryCallback type=Default
2026-03-29 18:31:24.443 | AlertService | queryCallback type=UpdateFirmwareLogStatus
2026-03-29 18:31:24.452 | AlertVM | handleQueryCallback type=UpdateFirmwareLogStatus
2026-03-29 18:31:24.454 | AlertVM | handleQueryCallback type=Default
2026-03-29 18:31:25.428 | AlertService | queryCallback type=UpdateFirmwareLogStatus
2026-03-29 18:31:25.446 | AlertVM | handleQueryCallback type=UpdateFirmwareLogStatus
2026-03-29 18:31:25.447 | AlertVM | handleQueryCallback type=Default
2026-03-29 18:31:26.438 | AlertService | queryCallback type=UpdateFirmwareLogStatus
2026-03-29 18:31:26.452 | AlertVM | handleQueryCallback type=UpdateFirmwareLogStatus
2026-03-29 18:31:26.455 | AlertVM | handleQueryCallback type=Default
2026-03-29 18:31:27.407 | AlertService | queryCallback type=UpdateFirmwareLogStatus
2026-03-29 18:31:27.416 | AlertVM | handleQueryCallback type=UpdateFirmwareLogStatus
2026-03-29 18:31:27.421 | AlertVM | handleQueryCallback type=Default
2026-03-29 18:31:28.441 | AlertService | queryCallback type=UpdateFirmwareLogStatus
2026-03-29 18:31:28.451 | AlertVM | handleQueryCallback type=UpdateFirmwareLogStatus
2026-03-29 18:31:28.454 | AlertVM | handleQueryCallback type=Default
2026-03-29 18:31:29.433 | AlertService | queryCallback type=UpdateFirmwareLogStatus
2026-03-29 18:31:29.443 | AlertVM | handleQueryCallback type=UpdateFirmwareLogStatus
2026-03-29 18:31:29.445 | AlertVM | handleQueryCallback type=Default
2026-03-29 18:31:30.440 | AlertService | queryCallback type=UpdateFirmwareLogStatus
2026-03-29 18:31:30.446 | AlertVM | handleQueryCallback type=UpdateFirmwareLogStatus
2026-03-29 18:31:30.449 | AlertVM | handleQueryCallback type=Default
2026-03-29 18:31:31.418 | AlertService | queryCallback type=UpdateFirmwareLogStatus
2026-03-29 18:31:31.429 | AlertVM | handleQueryCallback type=UpdateFirmwareLogStatus
2026-03-29 18:31:31.432 | AlertVM | handleQueryCallback type=Default
2026-03-29 18:31:32.416 | AlertService | queryCallback type=UpdateFirmwareLogStatus
2026-03-29 18:31:32.417 | AlertVM | handleQueryCallback type=UpdateFirmwareLogStatus
2026-03-29 18:31:32.418 | AlertVM | handleQueryCallback type=Default
2026-03-29 18:31:33.411 | AlertService | queryCallback type=UpdateFirmwareLogStatus
2026-03-29 18:31:33.425 | AlertVM | handleQueryCallback type=UpdateFirmwareLogStatus
2026-03-29 18:31:33.428 | AlertVM | handleQueryCallback type=Default
2026-03-29 18:31:34.430 | AlertService | queryCallback type=UpdateFirmwareLogStatus
2026-03-29 18:31:34.439 | AlertVM | handleQueryCallback type=UpdateFirmwareLogStatus
2026-03-29 18:31:34.442 | AlertVM | handleQueryCallback type=Default
2026-03-29 18:31:35.420 | AlertService | queryCallback type=UpdateFirmwareLogStatus
2026-03-29 18:31:35.434 | AlertVM | handleQueryCallback type=UpdateFirmwareLogStatus
2026-03-29 18:31:35.436 | AlertVM | handleQueryCallback type=Default
2026-03-29 18:31:36.412 | AlertService | queryCallback type=UpdateFirmwareLogStatus
2026-03-29 18:31:36.413 | AlertVM | handleQueryCallback type=UpdateFirmwareLogStatus
2026-03-29 18:31:36.415 | AlertVM | handleQueryCallback type=Default
2026-03-29 18:31:37.443 | AlertService | queryCallback type=UpdateFirmwareLogStatus
2026-03-29 18:31:37.451 | AlertVM | handleQueryCallback type=UpdateFirmwareLogStatus
2026-03-29 18:31:37.454 | AlertVM | handleQueryCallback type=Default
2026-03-29 18:31:38.381 | AlertService | queryCallback type=UpdateFirmwareLogStatus
2026-03-29 18:31:38.395 | AlertVM | handleQueryCallback type=UpdateFirmwareLogStatus
2026-03-29 18:31:38.398 | AlertVM | handleQueryCallback type=Default
2026-03-29 18:31:39.419 | AlertService | queryCallback type=UpdateFirmwareLogStatus
2026-03-29 18:31:39.425 | AlertVM | handleQueryCallback type=UpdateFirmwareLogStatus
2026-03-29 18:31:39.426 | AlertVM | handleQueryCallback type=Default
2026-03-29 18:31:40.424 | AlertService | queryCallback type=UpdateFirmwareLogStatus
2026-03-29 18:31:40.427 | AlertVM | handleQueryCallback type=UpdateFirmwareLogStatus
2026-03-29 18:31:40.433 | AlertVM | handleQueryCallback type=Default
2026-03-29 18:31:41.417 | AlertService | queryCallback type=UpdateFirmwareLogStatus
2026-03-29 18:31:41.430 | AlertVM | handleQueryCallback type=UpdateFirmwareLogStatus
2026-03-29 18:31:41.433 | AlertVM | handleQueryCallback type=Default
2026-03-29 18:31:42.393 | AlertService | queryCallback type=UpdateFirmwareLogStatus
2026-03-29 18:31:42.403 | AlertVM | handleQueryCallback type=UpdateFirmwareLogStatus
2026-03-29 18:31:42.405 | AlertVM | handleQueryCallback type=Default
2026-03-29 18:31:43.445 | AlertService | queryCallback type=UpdateFirmwareLogStatus
2026-03-29 18:31:43.458 | AlertVM | handleQueryCallback type=UpdateFirmwareLogStatus
2026-03-29 18:31:43.461 | AlertVM | handleQueryCallback type=Default
2026-03-29 18:31:44.421 | AlertService | queryCallback type=UpdateFirmwareLogStatus
2026-03-29 18:31:44.422 | AlertVM | handleQueryCallback type=UpdateFirmwareLogStatus
2026-03-29 18:31:44.423 | AlertVM | handleQueryCallback type=Default
2026-03-29 18:31:45.411 | AlertService | queryCallback type=UpdateFirmwareLogStatus
2026-03-29 18:31:45.422 | AlertVM | handleQueryCallback type=UpdateFirmwareLogStatus
2026-03-29 18:31:45.425 | AlertVM | handleQueryCallback type=Default
2026-03-29 18:31:46.408 | AlertService | queryCallback type=UpdateFirmwareLogStatus
2026-03-29 18:31:46.416 | AlertVM | handleQueryCallback type=UpdateFirmwareLogStatus
2026-03-29 18:31:46.418 | AlertVM | handleQueryCallback type=Default
2026-03-29 18:31:47.387 | AlertService | queryCallback type=UpdateFirmwareLogStatus
2026-03-29 18:31:47.401 | AlertVM | handleQueryCallback type=UpdateFirmwareLogStatus
2026-03-29 18:31:47.404 | AlertVM | handleQueryCallback type=Default
2026-03-29 18:31:47.983 | AlertService | queryCallback type=BatteryDataObtained
2026-03-29 18:31:47.987 | AlertVM | handleQueryCallback type=BatteryDataObtained
2026-03-29 18:31:47.993 | AlertVM | handleQueryCallback type=Default
2026-03-29 18:31:48.424 | AlertService | queryCallback type=UpdateFirmwareLogStatus
2026-03-29 18:31:48.436 | AlertVM | handleQueryCallback type=UpdateFirmwareLogStatus
2026-03-29 18:31:48.439 | AlertVM | handleQueryCallback type=Default
2026-03-29 18:31:49.421 | AlertService | queryCallback type=UpdateFirmwareLogStatus
2026-03-29 18:31:49.434 | AlertVM | handleQueryCallback type=UpdateFirmwareLogStatus
2026-03-29 18:31:49.437 | AlertVM | handleQueryCallback type=Default
2026-03-29 18:31:50.408 | AlertService | queryCallback type=UpdateFirmwareLogStatus
2026-03-29 18:31:50.417 | AlertVM | handleQueryCallback type=UpdateFirmwareLogStatus
2026-03-29 18:31:50.420 | AlertVM | handleQueryCallback type=Default
2026-03-29 18:31:51.438 | AlertService | queryCallback type=UpdateFirmwareLogStatus
2026-03-29 18:31:51.440 | AlertVM | handleQueryCallback type=UpdateFirmwareLogStatus
2026-03-29 18:31:51.441 | AlertVM | handleQueryCallback type=Default
2026-03-29 18:31:52.404 | AlertService | queryCallback type=UpdateFirmwareLogStatus
2026-03-29 18:31:52.410 | AlertVM | handleQueryCallback type=UpdateFirmwareLogStatus
2026-03-29 18:31:52.413 | AlertVM | handleQueryCallback type=Default
2026-03-29 18:31:53.441 | AlertService | queryCallback type=UpdateFirmwareLogStatus
2026-03-29 18:31:53.451 | AlertVM | handleQueryCallback type=UpdateFirmwareLogStatus
2026-03-29 18:31:53.453 | AlertVM | handleQueryCallback type=Default
2026-03-29 18:31:54.420 | AlertService | queryCallback type=UpdateFirmwareLogStatus
2026-03-29 18:31:54.429 | AlertVM | handleQueryCallback type=UpdateFirmwareLogStatus
2026-03-29 18:31:54.432 | AlertVM | handleQueryCallback type=Default
2026-03-29 18:31:55.421 | AlertService | queryCallback type=UpdateFirmwareLogStatus
2026-03-29 18:31:55.432 | AlertVM | handleQueryCallback type=UpdateFirmwareLogStatus
2026-03-29 18:31:55.434 | AlertVM | handleQueryCallback type=Default
2026-03-29 18:31:56.412 | AlertService | queryCallback type=UpdateFirmwareLogStatus
2026-03-29 18:31:56.432 | AlertVM | handleQueryCallback type=UpdateFirmwareLogStatus
2026-03-29 18:31:56.435 | AlertVM | handleQueryCallback type=Default
2026-03-29 18:31:57.384 | AlertService | queryCallback type=UpdateFirmwareLogStatus
2026-03-29 18:31:57.394 | AlertVM | handleQueryCallback type=UpdateFirmwareLogStatus
2026-03-29 18:31:57.397 | AlertVM | handleQueryCallback type=Default
2026-03-29 18:31:58.318 | AlertService | queryCallback type=FirmwareVersionObtained
2026-03-29 18:31:58.326 | AlertService | queryCallback type=BatteryDataObtained
2026-03-29 18:31:58.343 | AlertVM | handleQueryCallback type=FirmwareVersionObtained
2026-03-29 18:31:58.348 | AlertVM | handleQueryCallback type=Default
2026-03-29 18:31:58.353 | AlertVM | handleQueryCallback type=BatteryDataObtained
2026-03-29 18:31:58.356 | AlertVM | handleQueryCallback type=Default
2026-03-29 18:31:58.605 | AlertService | queryCallback type=UpdateFirmwareLogStatus
2026-03-29 18:31:58.612 | AlertVM | handleQueryCallback type=UpdateFirmwareLogStatus
2026-03-29 18:31:58.615 | AlertVM | handleQueryCallback type=Default
2026-03-29 18:31:59.395 | AlertService | queryCallback type=UpdateFirmwareLogStatus
2026-03-29 18:31:59.403 | AlertVM | handleQueryCallback type=UpdateFirmwareLogStatus
2026-03-29 18:31:59.404 | AlertVM | handleQueryCallback type=Default
2026-03-29 18:32:00.388 | AlertService | queryCallback type=UpdateFirmwareLogStatus
2026-03-29 18:32:00.395 | AlertVM | handleQueryCallback type=UpdateFirmwareLogStatus
2026-03-29 18:32:00.396 | AlertVM | handleQueryCallback type=Default
2026-03-29 18:32:01.379 | AlertService | queryCallback type=UpdateFirmwareLogStatus
2026-03-29 18:32:01.384 | AlertVM | handleQueryCallback type=UpdateFirmwareLogStatus
2026-03-29 18:32:01.386 | AlertVM | handleQueryCallback type=Default
2026-03-29 18:32:02.334 | AlertVM | saveSedentaryReminder requested={"end_hour":18,"end_minute":0,"interval":60,"repeat_count":0,"start_hour":9,"start_minute":0,"status":true}
2026-03-29 18:32:02.335 | AlertVM | persistFeature feature=SEDENTARY_REMINDER connected=true
2026-03-29 18:32:02.338 | AlertVM | persistFeature state={"device_address":"D8:5C:08:30:00:1E","heart_rate":{"low_enabled":false,"low_threshold":50,"resting_enabled":true,"resting_threshold":50,"workout_enabled":false,"workout_threshold":175},"pending_sync":{"heart_rate":true,"relaxation_prompt":false,"sedentary_reminder":true,"sleep_reminder":false,"spo2":false},"pressure_mode":{"relaxation_prompt_enabled":false,"stress_monitoring_enabled":false},"sedentary_reminder":{"end_hour":18,"end_minute":0,"interval":60,"repeat_count":0,"start_hour":9,"start_minute":0,"status":true},"sleep_reminder":{"hour":0,"millisecond":0,"minute":0,"second":0,"status":false},"snapshots":{"heart_rate":{"continuous_heart_rate_mode":0,"frequency":5,"mode":0},"sedentary_reminder":{"end_noon_hour":0,"end_noon_minute":0,"no_disturb_in_launch":false,"start_noon_hour":0,"start_noon_minute":0}},"spo2":{"enabled":true,"threshold":90},"support":{"heart_rate":true,"high_stress_index":false,"relaxation_prompt":false,"sedentary_reminder":true,"sleep_reminder":false,"spo2":true,"wear_detection":false}}
2026-03-29 18:32:02.342 | AlertVM | syncQueuedFeatures feature=SEDENTARY_REMINDER requiresSnapshot=false
2026-03-29 18:32:02.344 | AlertVM | sendUpdate feature=SEDENTARY_REMINDER
2026-03-29 18:32:02.345 | AlertVM | sendUpdate state={"device_address":"D8:5C:08:30:00:1E","heart_rate":{"low_enabled":false,"low_threshold":50,"resting_enabled":true,"resting_threshold":50,"workout_enabled":false,"workout_threshold":175},"pending_sync":{"heart_rate":true,"relaxation_prompt":false,"sedentary_reminder":true,"sleep_reminder":false,"spo2":false},"pressure_mode":{"relaxation_prompt_enabled":false,"stress_monitoring_enabled":false},"sedentary_reminder":{"end_hour":18,"end_minute":0,"interval":60,"repeat_count":0,"start_hour":9,"start_minute":0,"status":true},"sleep_reminder":{"hour":0,"millisecond":0,"minute":0,"second":0,"status":false},"snapshots":{"heart_rate":{"continuous_heart_rate_mode":0,"frequency":5,"mode":0},"sedentary_reminder":{"end_noon_hour":0,"end_noon_minute":0,"no_disturb_in_launch":false,"start_noon_hour":0,"start_noon_minute":0}},"spo2":{"enabled":true,"threshold":90},"support":{"heart_rate":true,"high_stress_index":false,"relaxation_prompt":false,"sedentary_reminder":true,"sleep_reminder":false,"spo2":true,"wear_detection":false}}
2026-03-29 18:32:02.500 | ZhUpdate | setSedentaryData={"end_hour":18,"end_minute":0,"interval":60,"repeat_count":0,"start_hour":9,"start_minute":0,"status":true}
2026-03-29 18:32:02.517 | AlertService | queryCallback type=UpdateFirmwareLogStatus
2026-03-29 18:32:03.039 | ZhUpdate | setSedentaryData state=SUCCEED
2026-03-29 18:32:03.042 | AlertService | updateCallback type=SedentaryDataUpdated
2026-03-29 18:32:03.044 | AlertService | onAlertUpdateCompleted feature=SEDENTARY_REMINDER success=true
2026-03-29 18:32:03.491 | AlertService | queryCallback type=UpdateFirmwareLogStatus
2026-03-29 18:32:04.387 | AlertService | queryCallback type=UpdateFirmwareLogStatus
2026-03-29 18:32:05.396 | AlertService | queryCallback type=UpdateFirmwareLogStatus
2026-03-29 18:32:06.367 | AlertService | queryCallback type=UpdateFirmwareLogStatus
2026-03-29 18:32:07.384 | AlertUI | BlankTestFragment alert panel initialized
2026-03-29 18:32:07.387 | AlertVM | handleQueryCallback type=Default
2026-03-29 18:32:07.388 | AlertVM | loadState={"device_address":"D8:5C:08:30:00:1E","heart_rate":{"low_enabled":false,"low_threshold":50,"resting_enabled":true,"resting_threshold":50,"workout_enabled":false,"workout_threshold":175},"pending_sync":{"heart_rate":true,"relaxation_prompt":false,"sedentary_reminder":true,"sleep_reminder":false,"spo2":false},"pressure_mode":{"relaxation_prompt_enabled":false,"stress_monitoring_enabled":false},"sedentary_reminder":{"end_hour":18,"end_minute":0,"interval":60,"repeat_count":0,"start_hour":9,"start_minute":0,"status":true},"sleep_reminder":{"hour":0,"millisecond":0,"minute":0,"second":0,"status":false},"snapshots":{"heart_rate":{"continuous_heart_rate_mode":0,"frequency":5,"mode":0},"sedentary_reminder":{"end_noon_hour":0,"end_noon_minute":0,"no_disturb_in_launch":false,"start_noon_hour":0,"start_noon_minute":0}},"spo2":{"enabled":true,"threshold":90},"support":{"heart_rate":true,"high_stress_index":false,"relaxation_prompt":false,"sedentary_reminder":true,"sleep_reminder":false,"spo2":true,"wear_detection":false}}
2026-03-29 18:32:07.390 | AlertVM | handleUpdateCallback type=SedentaryDataUpdated
2026-03-29 18:32:07.391 | AlertVM | sedentary update success=true
2026-03-29 18:32:07.393 | AlertVM | onConnectedStateChanged state=ConnectSuccess
2026-03-29 18:32:07.394 | AlertVM | syncQueuedFeatures feature=HEART_RATE requiresSnapshot=false
2026-03-29 18:32:07.395 | AlertVM | sendUpdate feature=HEART_RATE
2026-03-29 18:32:07.398 | AlertVM | sendUpdate state={"device_address":"D8:5C:08:30:00:1E","heart_rate":{"low_enabled":false,"low_threshold":50,"resting_enabled":true,"resting_threshold":50,"workout_enabled":false,"workout_threshold":175},"pending_sync":{"heart_rate":true,"relaxation_prompt":false,"sedentary_reminder":true,"sleep_reminder":false,"spo2":false},"pressure_mode":{"relaxation_prompt_enabled":false,"stress_monitoring_enabled":false},"sedentary_reminder":{"end_hour":18,"end_minute":0,"interval":60,"repeat_count":0,"start_hour":9,"start_minute":0,"status":true},"sleep_reminder":{"hour":0,"millisecond":0,"minute":0,"second":0,"status":false},"snapshots":{"heart_rate":{"continuous_heart_rate_mode":0,"frequency":5,"mode":0},"sedentary_reminder":{"end_noon_hour":0,"end_noon_minute":0,"no_disturb_in_launch":false,"start_noon_hour":0,"start_noon_minute":0}},"spo2":{"enabled":true,"threshold":90},"support":{"heart_rate":true,"high_stress_index":false,"relaxation_prompt":false,"sedentary_reminder":true,"sleep_reminder":false,"spo2":true,"wear_detection":false}}
2026-03-29 18:32:07.488 | AlertVM | syncQueuedFeatures skipped activePhase=UPDATE_SENT feature=HEART_RATE
2026-03-29 18:32:07.491 | ZhUpdate | setHeartRateAlertSettings={"low_enabled":false,"low_threshold":50,"resting_enabled":true,"resting_threshold":50,"workout_enabled":false,"workout_threshold":175}
2026-03-29 18:32:07.494 | ZhUpdate | setHeartRateAlertSettings bean={"continuousHeartRateMode":0,"frequency":0,"isSportWarning":false,"isWarning":true,"lowWarningValue":0,"mode":0,"sportWarningValue":175,"warningValue":50}
2026-03-29 18:32:07.497 | AlertService | queryCallback type=UpdateFirmwareLogStatus
2026-03-29 18:32:07.512 | AlertVM | handleQueryCallback type=UpdateFirmwareLogStatus
2026-03-29 18:32:07.514 | AlertVM | handleQueryCallback type=Default
2026-03-29 18:32:08.488 | AlertService | queryCallback type=UpdateFirmwareLogStatus
2026-03-29 18:32:08.494 | AlertVM | handleQueryCallback type=UpdateFirmwareLogStatus
2026-03-29 18:32:08.496 | AlertVM | handleQueryCallback type=Default
2026-03-29 18:32:09.385 | ZhUpdate | setHeartRateAlertSettings state=SUCCEED
2026-03-29 18:32:09.390 | AlertService | updateCallback type=HeartRateAlertUpdated
2026-03-29 18:32:09.394 | AlertService | updateCallback type=HeartRateAlertSettingsUpdated
2026-03-29 18:32:09.399 | AlertService | onAlertUpdateCompleted feature=HEART_RATE success=true
2026-03-29 18:32:09.405 | AlertService | updateCallback type=HeartRateMeasureIntervalSet
2026-03-29 18:32:09.407 | AlertVM | handleUpdateCallback type=HeartRateAlertUpdated
2026-03-29 18:32:09.409 | AlertVM | handleUpdateCallback type=HeartRateAlertSettingsUpdated
2026-03-29 18:32:09.411 | AlertVM | heartRate update success=true
2026-03-29 18:32:09.412 | AlertVM | handleScreenUpdateCompletion feature=HEART_RATE success=true
2026-03-29 18:32:09.413 | AlertVM | sendQuery feature=HEART_RATE
2026-03-29 18:32:09.414 | AlertVM | handleUpdateCallback type=HeartRateMeasureIntervalSet
2026-03-29 18:32:09.415 | ZhQuery | getHeartRateAlertSettings dispatched
2026-03-29 18:32:09.850 | AlertService | queryCallback type=UpdateFirmwareLogStatus
2026-03-29 18:32:09.856 | AlertVM | handleQueryCallback type=UpdateFirmwareLogStatus
2026-03-29 18:32:09.858 | AlertVM | handleQueryCallback type=Default
2026-03-29 18:32:10.646 | AlertService | queryCallback type=UpdateFirmwareLogStatus
2026-03-29 18:32:10.652 | AlertVM | handleQueryCallback type=UpdateFirmwareLogStatus
2026-03-29 18:32:10.654 | AlertVM | handleQueryCallback type=Default
2026-03-29 18:32:11.000 | ZhQuery | onHeartRateMonitorResult={"continuousHeartRateMode":0,"frequency":5,"isSportWarning":false,"isWarning":false,"lowWarningValue":0,"mode":0,"sportWarningValue":0,"warningValue":220}
2026-03-29 18:32:11.002 | AlertService | queryCallback type=HeartRateAlertDataObtained
2026-03-29 18:32:11.004 | AlertService | queryCallback type=HeartRateAlertSettingsObtained
2026-03-29 18:32:11.006 | AlertService | heartRate passive query preserving pending local value
2026-03-29 18:32:11.008 | AlertService | saveAlertSettings={"device_address":"D8:5C:08:30:00:1E","heart_rate":{"low_enabled":false,"low_threshold":50,"resting_enabled":true,"resting_threshold":50,"workout_enabled":false,"workout_threshold":175},"pending_sync":{"heart_rate":true,"relaxation_prompt":false,"sedentary_reminder":true,"sleep_reminder":false,"spo2":false},"pressure_mode":{"relaxation_prompt_enabled":false,"stress_monitoring_enabled":false},"sedentary_reminder":{"end_hour":18,"end_minute":0,"interval":60,"repeat_count":0,"start_hour":9,"start_minute":0,"status":true},"sleep_reminder":{"hour":0,"millisecond":0,"minute":0,"second":0,"status":false},"snapshots":{"heart_rate":{"continuous_heart_rate_mode":0,"frequency":5,"mode":0},"sedentary_reminder":{"end_noon_hour":0,"end_noon_minute":0,"no_disturb_in_launch":false,"start_noon_hour":0,"start_noon_minute":0}},"spo2":{"enabled":true,"threshold":90},"support":{"heart_rate":true,"high_stress_index":false,"relaxation_prompt":false,"sedentary_reminder":true,"sleep_reminder":false,"spo2":true,"wear_detection":false}}
2026-03-29 18:32:11.009 | AlertService | queryCallback type=AlertFeatureSupportObtained
2026-03-29 18:32:11.013 | AlertService | saveAlertSettings={"device_address":"D8:5C:08:30:00:1E","heart_rate":{"low_enabled":false,"low_threshold":50,"resting_enabled":true,"resting_threshold":50,"workout_enabled":false,"workout_threshold":175},"pending_sync":{"heart_rate":true,"relaxation_prompt":false,"sedentary_reminder":true,"sleep_reminder":false,"spo2":false},"pressure_mode":{"relaxation_prompt_enabled":false,"stress_monitoring_enabled":false},"sedentary_reminder":{"end_hour":18,"end_minute":0,"interval":60,"repeat_count":0,"start_hour":9,"start_minute":0,"status":true},"sleep_reminder":{"hour":0,"millisecond":0,"minute":0,"second":0,"status":false},"snapshots":{"heart_rate":{"continuous_heart_rate_mode":0,"frequency":5,"mode":0},"sedentary_reminder":{"end_noon_hour":0,"end_noon_minute":0,"no_disturb_in_launch":false,"start_noon_hour":0,"start_noon_minute":0}},"spo2":{"enabled":true,"threshold":90},"support":{"heart_rate":true,"high_stress_index":false,"relaxation_prompt":false,"sedentary_reminder":true,"sleep_reminder":false,"spo2":true,"wear_detection":false}}
2026-03-29 18:32:11.016 | ZhQuery | getHeartRateAlertSettings state=SUCCEED
2026-03-29 18:32:11.024 | AlertVM | handleQueryCallback type=HeartRateAlertDataObtained
2026-03-29 18:32:11.028 | AlertVM | handleQueryCallback type=Default
2026-03-29 18:32:11.036 | AlertVM | handleQueryCallback type=HeartRateAlertSettingsObtained
2026-03-29 18:32:11.037 | AlertVM | heartRate query matchesStored=false pending=true phase=VERIFY_QUERY
2026-03-29 18:32:11.038 | AlertVM | heartRate query value={"low_enabled":false,"low_threshold":0,"resting_enabled":false,"resting_threshold":220,"workout_enabled":false,"workout_threshold":0}
2026-03-29 18:32:11.040 | AlertVM | heartRate verify mismatch preserving local value
2026-03-29 18:32:11.042 | AlertVM | handleScreenQueryCompletion feature=HEART_RATE phase=VERIFY_QUERY matchesStored=false
2026-03-29 18:32:11.044 | AlertVM | syncQueuedFeatures feature=SEDENTARY_REMINDER requiresSnapshot=false
2026-03-29 18:32:11.045 | AlertVM | sendUpdate feature=SEDENTARY_REMINDER
2026-03-29 18:32:11.047 | AlertVM | sendUpdate state={"device_address":"D8:5C:08:30:00:1E","heart_rate":{"low_enabled":false,"low_threshold":50,"resting_enabled":true,"resting_threshold":50,"workout_enabled":false,"workout_threshold":175},"pending_sync":{"heart_rate":true,"relaxation_prompt":false,"sedentary_reminder":true,"sleep_reminder":false,"spo2":false},"pressure_mode":{"relaxation_prompt_enabled":false,"stress_monitoring_enabled":false},"sedentary_reminder":{"end_hour":18,"end_minute":0,"interval":60,"repeat_count":0,"start_hour":9,"start_minute":0,"status":true},"sleep_reminder":{"hour":0,"millisecond":0,"minute":0,"second":0,"status":false},"snapshots":{"heart_rate":{"continuous_heart_rate_mode":0,"frequency":5,"mode":0},"sedentary_reminder":{"end_noon_hour":0,"end_noon_minute":0,"no_disturb_in_launch":false,"start_noon_hour":0,"start_noon_minute":0}},"spo2":{"enabled":true,"threshold":90},"support":{"heart_rate":true,"high_stress_index":false,"relaxation_prompt":false,"sedentary_reminder":true,"sleep_reminder":false,"spo2":true,"wear_detection":false}}
2026-03-29 18:32:11.048 | AlertVM | handleQueryCallback type=Default
2026-03-29 18:32:11.050 | AlertVM | handleQueryCallback type=AlertFeatureSupportObtained
2026-03-29 18:32:11.051 | AlertVM | support feature=HEART_RATE supported=true
2026-03-29 18:32:11.053 | AlertVM | handleQueryCallback type=Default
2026-03-29 18:32:11.054 | ZhUpdate | setSedentaryData={"end_hour":18,"end_minute":0,"interval":60,"repeat_count":0,"start_hour":9,"start_minute":0,"status":true}
2026-03-29 18:32:11.404 | AlertService | queryCallback type=UpdateFirmwareLogStatus
2026-03-29 18:32:11.411 | AlertVM | handleQueryCallback type=UpdateFirmwareLogStatus
2026-03-29 18:32:11.412 | AlertVM | handleQueryCallback type=Default
2026-03-29 18:32:12.220 | ZhUpdate | setSedentaryData state=SUCCEED
2026-03-29 18:32:12.223 | AlertService | updateCallback type=SedentaryDataUpdated
2026-03-29 18:32:12.227 | AlertService | onAlertUpdateCompleted feature=SEDENTARY_REMINDER success=true
2026-03-29 18:32:12.230 | AlertVM | handleUpdateCallback type=SedentaryDataUpdated
2026-03-29 18:32:12.243 | AlertVM | sedentary update success=true
2026-03-29 18:32:12.246 | AlertVM | handleScreenUpdateCompletion feature=SEDENTARY_REMINDER success=true
2026-03-29 18:32:12.251 | AlertVM | sendQuery feature=SEDENTARY_REMINDER
2026-03-29 18:32:12.503 | AlertService | queryCallback type=UpdateFirmwareLogStatus
2026-03-29 18:32:12.508 | AlertVM | handleQueryCallback type=UpdateFirmwareLogStatus
2026-03-29 18:32:12.509 | AlertVM | handleQueryCallback type=Default
2026-03-29 18:32:13.572 | AlertService | queryCallback type=UpdateFirmwareLogStatus
2026-03-29 18:32:13.578 | AlertVM | handleQueryCallback type=UpdateFirmwareLogStatus
2026-03-29 18:32:13.579 | AlertVM | handleQueryCallback type=Default
2026-03-29 18:32:13.847 | ZhQuery | onSedentaryReminderResult={"drinkWater":0,"endNoonTime":{"hour":0,"millisecond":0,"minuter":0,"second":0},"endTime":{"hour":0,"millisecond":0,"minuter":0,"second":0},"frequency":0,"isOn":false,"noDisturbInLaunch":false,"startNoonTime":{"hour":0,"millisecond":0,"minuter":0,"second":0},"startTime":{"hour":0,"millisecond":0,"minuter":0,"second":0}}
2026-03-29 18:32:13.848 | AlertService | queryCallback type=SedentaryDataObtained
2026-03-29 18:32:13.853 | AlertService | queryCallback type=SedentaryReminderSettingsObtained
2026-03-29 18:32:13.856 | AlertService | sedentary passive query preserving pending local value
2026-03-29 18:32:13.862 | AlertService | saveAlertSettings={"device_address":"D8:5C:08:30:00:1E","heart_rate":{"low_enabled":false,"low_threshold":50,"resting_enabled":true,"resting_threshold":50,"workout_enabled":false,"workout_threshold":175},"pending_sync":{"heart_rate":true,"relaxation_prompt":false,"sedentary_reminder":true,"sleep_reminder":false,"spo2":false},"pressure_mode":{"relaxation_prompt_enabled":false,"stress_monitoring_enabled":false},"sedentary_reminder":{"end_hour":18,"end_minute":0,"interval":60,"repeat_count":0,"start_hour":9,"start_minute":0,"status":true},"sleep_reminder":{"hour":0,"millisecond":0,"minute":0,"second":0,"status":false},"snapshots":{"heart_rate":{"continuous_heart_rate_mode":0,"frequency":5,"mode":0},"sedentary_reminder":{"end_noon_hour":0,"end_noon_minute":0,"no_disturb_in_launch":false,"start_noon_hour":0,"start_noon_minute":0}},"spo2":{"enabled":true,"threshold":90},"support":{"heart_rate":true,"high_stress_index":false,"relaxation_prompt":false,"sedentary_reminder":true,"sleep_reminder":false,"spo2":true,"wear_detection":false}}
2026-03-29 18:32:13.863 | AlertService | queryCallback type=AlertFeatureSupportObtained
2026-03-29 18:32:13.864 | AlertService | saveAlertSettings={"device_address":"D8:5C:08:30:00:1E","heart_rate":{"low_enabled":false,"low_threshold":50,"resting_enabled":true,"resting_threshold":50,"workout_enabled":false,"workout_threshold":175},"pending_sync":{"heart_rate":true,"relaxation_prompt":false,"sedentary_reminder":true,"sleep_reminder":false,"spo2":false},"pressure_mode":{"relaxation_prompt_enabled":false,"stress_monitoring_enabled":false},"sedentary_reminder":{"end_hour":18,"end_minute":0,"interval":60,"repeat_count":0,"start_hour":9,"start_minute":0,"status":true},"sleep_reminder":{"hour":0,"millisecond":0,"minute":0,"second":0,"status":false},"snapshots":{"heart_rate":{"continuous_heart_rate_mode":0,"frequency":5,"mode":0},"sedentary_reminder":{"end_noon_hour":0,"end_noon_minute":0,"no_disturb_in_launch":false,"start_noon_hour":0,"start_noon_minute":0}},"spo2":{"enabled":true,"threshold":90},"support":{"heart_rate":true,"high_stress_index":false,"relaxation_prompt":false,"sedentary_reminder":true,"sleep_reminder":false,"spo2":true,"wear_detection":false}}
2026-03-29 18:32:13.866 | AlertVM | handleQueryCallback type=SedentaryDataObtained
2026-03-29 18:32:13.868 | AlertVM | handleQueryCallback type=Default
2026-03-29 18:32:13.871 | AlertVM | handleQueryCallback type=SedentaryReminderSettingsObtained
2026-03-29 18:32:13.872 | AlertVM | sedentary query matchesStored=false pending=true phase=VERIFY_QUERY
2026-03-29 18:32:13.873 | AlertVM | sedentary query value={"end_hour":0,"end_minute":0,"interval":0,"repeat_count":0,"start_hour":0,"start_minute":0,"status":false}
2026-03-29 18:32:13.875 | AlertVM | sedentary verify mismatch preserving local value
2026-03-29 18:32:13.876 | AlertVM | handleScreenQueryCompletion feature=SEDENTARY_REMINDER phase=VERIFY_QUERY matchesStored=false
2026-03-29 18:32:13.877 | AlertVM | handleQueryCallback type=Default
2026-03-29 18:32:13.879 | AlertVM | handleQueryCallback type=AlertFeatureSupportObtained
2026-03-29 18:32:13.880 | AlertVM | support feature=SEDENTARY_REMINDER supported=true
2026-03-29 18:32:13.883 | AlertVM | handleQueryCallback type=Default
2026-03-29 18:32:14.425 | AlertService | queryCallback type=UpdateFirmwareLogStatus
2026-03-29 18:32:14.430 | AlertVM | handleQueryCallback type=UpdateFirmwareLogStatus
2026-03-29 18:32:14.432 | AlertVM | handleQueryCallback type=Default
2026-03-29 18:32:15.411 | AlertService | queryCallback type=UpdateFirmwareLogStatus
2026-03-29 18:32:15.416 | AlertVM | handleQueryCallback type=UpdateFirmwareLogStatus
2026-03-29 18:32:15.417 | AlertVM | handleQueryCallback type=Default
2026-03-29 18:32:16.451 | AlertService | queryCallback type=UpdateFirmwareLogStatus
2026-03-29 18:32:16.458 | AlertVM | handleQueryCallback type=UpdateFirmwareLogStatus
2026-03-29 18:32:16.459 | AlertVM | handleQueryCallback type=Default
2026-03-29 18:32:17.222 | AlertVM | saveSpo2Settings requested={"enabled":true,"threshold":100}
2026-03-29 18:32:17.225 | AlertVM | persistFeature feature=SPO2 connected=true
2026-03-29 18:32:17.228 | AlertVM | persistFeature state={"device_address":"D8:5C:08:30:00:1E","heart_rate":{"low_enabled":false,"low_threshold":50,"resting_enabled":true,"resting_threshold":50,"workout_enabled":false,"workout_threshold":175},"pending_sync":{"heart_rate":true,"relaxation_prompt":false,"sedentary_reminder":true,"sleep_reminder":false,"spo2":true},"pressure_mode":{"relaxation_prompt_enabled":false,"stress_monitoring_enabled":false},"sedentary_reminder":{"end_hour":18,"end_minute":0,"interval":60,"repeat_count":0,"start_hour":9,"start_minute":0,"status":true},"sleep_reminder":{"hour":0,"millisecond":0,"minute":0,"second":0,"status":false},"snapshots":{"heart_rate":{"continuous_heart_rate_mode":0,"frequency":5,"mode":0},"sedentary_reminder":{"end_noon_hour":0,"end_noon_minute":0,"no_disturb_in_launch":false,"start_noon_hour":0,"start_noon_minute":0}},"spo2":{"enabled":true,"threshold":100},"support":{"heart_rate":true,"high_stress_index":false,"relaxation_prompt":false,"sedentary_reminder":true,"sleep_reminder":false,"spo2":true,"wear_detection":false}}
2026-03-29 18:32:17.232 | AlertVM | syncQueuedFeatures feature=SPO2 requiresSnapshot=false
2026-03-29 18:32:17.233 | AlertVM | sendUpdate feature=SPO2
2026-03-29 18:32:17.235 | AlertVM | sendUpdate state={"device_address":"D8:5C:08:30:00:1E","heart_rate":{"low_enabled":false,"low_threshold":50,"resting_enabled":true,"resting_threshold":50,"workout_enabled":false,"workout_threshold":175},"pending_sync":{"heart_rate":true,"relaxation_prompt":false,"sedentary_reminder":true,"sleep_reminder":false,"spo2":true},"pressure_mode":{"relaxation_prompt_enabled":false,"stress_monitoring_enabled":false},"sedentary_reminder":{"end_hour":18,"end_minute":0,"interval":60,"repeat_count":0,"start_hour":9,"start_minute":0,"status":true},"sleep_reminder":{"hour":0,"millisecond":0,"minute":0,"second":0,"status":false},"snapshots":{"heart_rate":{"continuous_heart_rate_mode":0,"frequency":5,"mode":0},"sedentary_reminder":{"end_noon_hour":0,"end_noon_minute":0,"no_disturb_in_launch":false,"start_noon_hour":0,"start_noon_minute":0}},"spo2":{"enabled":true,"threshold":100},"support":{"heart_rate":true,"high_stress_index":false,"relaxation_prompt":false,"sedentary_reminder":true,"sleep_reminder":false,"spo2":true,"wear_detection":false}}
2026-03-29 18:32:17.246 | ZhUpdate | setSpo2AlertSettings={"enabled":true,"threshold":100}
2026-03-29 18:32:17.397 | AlertService | queryCallback type=UpdateFirmwareLogStatus
2026-03-29 18:32:17.403 | AlertVM | handleQueryCallback type=UpdateFirmwareLogStatus
2026-03-29 18:32:17.404 | AlertVM | handleQueryCallback type=Default
2026-03-29 18:32:18.401 | AlertService | queryCallback type=UpdateFirmwareLogStatus
2026-03-29 18:32:18.408 | AlertVM | handleQueryCallback type=UpdateFirmwareLogStatus
2026-03-29 18:32:18.413 | AlertVM | handleQueryCallback type=Default
2026-03-29 18:32:18.585 | ZhUpdate | setSpo2AlertSettings state=SUCCEED
2026-03-29 18:32:18.589 | AlertService | updateCallback type=Spo2AlertSettingsUpdated
2026-03-29 18:32:18.592 | AlertService | onAlertUpdateCompleted feature=SPO2 success=true
2026-03-29 18:32:18.593 | AlertService | updateCallback type=Spo2SettingsUpdated
2026-03-29 18:32:18.595 | AlertVM | handleUpdateCallback type=Spo2AlertSettingsUpdated
2026-03-29 18:32:18.597 | AlertVM | spo2 update success=true
2026-03-29 18:32:18.598 | AlertVM | handleScreenUpdateCompletion feature=SPO2 success=true
2026-03-29 18:32:18.600 | AlertVM | sendQuery feature=SPO2
2026-03-29 18:32:18.601 | AlertVM | handleUpdateCallback type=Spo2SettingsUpdated
2026-03-29 18:32:18.602 | ZhQuery | getSpo2AlertSettings dispatched
2026-03-29 18:32:19.467 | AlertService | queryCallback type=UpdateFirmwareLogStatus
2026-03-29 18:32:19.473 | AlertVM | handleQueryCallback type=UpdateFirmwareLogStatus
2026-03-29 18:32:19.475 | AlertVM | handleQueryCallback type=Default
2026-03-29 18:32:19.731 | ZhQuery | onSWSPO2Monitor={"isWarning":true,"warningValue":100}
2026-03-29 18:32:19.733 | AlertService | queryCallback type=Spo2AlertSettingsObtained
2026-03-29 18:32:19.735 | AlertService | spo2 passive query preserving pending local value
2026-03-29 18:32:19.736 | AlertService | saveAlertSettings={"device_address":"D8:5C:08:30:00:1E","heart_rate":{"low_enabled":false,"low_threshold":50,"resting_enabled":true,"resting_threshold":50,"workout_enabled":false,"workout_threshold":175},"pending_sync":{"heart_rate":true,"relaxation_prompt":false,"sedentary_reminder":true,"sleep_reminder":false,"spo2":true},"pressure_mode":{"relaxation_prompt_enabled":false,"stress_monitoring_enabled":false},"sedentary_reminder":{"end_hour":18,"end_minute":0,"interval":60,"repeat_count":0,"start_hour":9,"start_minute":0,"status":true},"sleep_reminder":{"hour":0,"millisecond":0,"minute":0,"second":0,"status":false},"snapshots":{"heart_rate":{"continuous_heart_rate_mode":0,"frequency":5,"mode":0},"sedentary_reminder":{"end_noon_hour":0,"end_noon_minute":0,"no_disturb_in_launch":false,"start_noon_hour":0,"start_noon_minute":0}},"spo2":{"enabled":true,"threshold":100},"support":{"heart_rate":true,"high_stress_index":false,"relaxation_prompt":false,"sedentary_reminder":true,"sleep_reminder":false,"spo2":true,"wear_detection":false}}
2026-03-29 18:32:19.738 | AlertService | queryCallback type=AlertFeatureSupportObtained
2026-03-29 18:32:19.740 | AlertService | saveAlertSettings={"device_address":"D8:5C:08:30:00:1E","heart_rate":{"low_enabled":false,"low_threshold":50,"resting_enabled":true,"resting_threshold":50,"workout_enabled":false,"workout_threshold":175},"pending_sync":{"heart_rate":true,"relaxation_prompt":false,"sedentary_reminder":true,"sleep_reminder":false,"spo2":true},"pressure_mode":{"relaxation_prompt_enabled":false,"stress_monitoring_enabled":false},"sedentary_reminder":{"end_hour":18,"end_minute":0,"interval":60,"repeat_count":0,"start_hour":9,"start_minute":0,"status":true},"sleep_reminder":{"hour":0,"millisecond":0,"minute":0,"second":0,"status":false},"snapshots":{"heart_rate":{"continuous_heart_rate_mode":0,"frequency":5,"mode":0},"sedentary_reminder":{"end_noon_hour":0,"end_noon_minute":0,"no_disturb_in_launch":false,"start_noon_hour":0,"start_noon_minute":0}},"spo2":{"enabled":true,"threshold":100},"support":{"heart_rate":true,"high_stress_index":false,"relaxation_prompt":false,"sedentary_reminder":true,"sleep_reminder":false,"spo2":true,"wear_detection":false}}
2026-03-29 18:32:19.741 | ZhQuery | getSpo2AlertSettings state=SUCCEED
2026-03-29 18:32:19.746 | AlertVM | handleQueryCallback type=Spo2AlertSettingsObtained
2026-03-29 18:32:19.747 | AlertVM | spo2 query matchesStored=true pending=true phase=VERIFY_QUERY
2026-03-29 18:32:19.749 | AlertVM | spo2 query value={"enabled":true,"threshold":100}
2026-03-29 18:32:19.752 | AlertVM | handleScreenQueryCompletion feature=SPO2 phase=VERIFY_QUERY matchesStored=true
2026-03-29 18:32:19.753 | AlertVM | handleQueryCallback type=Default
2026-03-29 18:32:19.754 | AlertVM | handleQueryCallback type=AlertFeatureSupportObtained
2026-03-29 18:32:19.756 | AlertVM | support feature=SPO2 supported=true
2026-03-29 18:32:19.757 | AlertVM | handleQueryCallback type=Default
2026-03-29 18:32:20.546 | AlertService | queryCallback type=UpdateFirmwareLogStatus
2026-03-29 18:32:20.555 | AlertVM | handleQueryCallback type=UpdateFirmwareLogStatus
2026-03-29 18:32:20.557 | AlertVM | handleQueryCallback type=Default
2026-03-29 18:32:21.405 | AlertService | queryCallback type=UpdateFirmwareLogStatus
2026-03-29 18:32:21.407 | AlertVM | handleQueryCallback type=UpdateFirmwareLogStatus
2026-03-29 18:32:21.408 | AlertVM | handleQueryCallback type=Default
2026-03-29 18:32:22.618 | AlertService | queryCallback type=UpdateFirmwareLogStatus
2026-03-29 18:32:22.626 | AlertVM | handleQueryCallback type=UpdateFirmwareLogStatus
2026-03-29 18:32:22.628 | AlertVM | handleQueryCallback type=Default
2026-03-29 18:32:23.872 | AlertService | queryCallback type=UpdateFirmwareLogStatus
2026-03-29 18:32:23.878 | AlertVM | handleQueryCallback type=UpdateFirmwareLogStatus
2026-03-29 18:32:23.880 | AlertVM | handleQueryCallback type=Default
2026-03-29 18:32:24.315 | AlertService | queryCallback type=UpdateFirmwareLogStatus
2026-03-29 18:32:24.317 | AlertVM | handleQueryCallback type=UpdateFirmwareLogStatus
2026-03-29 18:32:24.318 | AlertVM | handleQueryCallback type=Default
2026-03-29 18:32:24.782 | AlertService | queryCallback type=UpdateFirmwareLogStatus
2026-03-29 18:32:24.787 | AlertVM | handleQueryCallback type=UpdateFirmwareLogStatus
2026-03-29 18:32:24.790 | AlertVM | handleQueryCallback type=Default
2026-03-29 18:32:25.736 | AlertService | queryCallback type=UpdateFirmwareLogStatus
2026-03-29 18:32:25.744 | AlertVM | handleQueryCallback type=UpdateFirmwareLogStatus
2026-03-29 18:32:25.747 | AlertVM | handleQueryCallback type=Default
2026-03-29 18:32:26.758 | AlertService | queryCallback type=UpdateFirmwareLogStatus
2026-03-29 18:32:26.764 | AlertVM | handleQueryCallback type=UpdateFirmwareLogStatus
2026-03-29 18:32:26.765 | AlertVM | handleQueryCallback type=Default
2026-03-29 18:32:27.755 | AlertService | queryCallback type=UpdateFirmwareLogStatus
2026-03-29 18:32:27.765 | AlertVM | handleQueryCallback type=UpdateFirmwareLogStatus
2026-03-29 18:32:27.767 | AlertVM | handleQueryCallback type=Default
2026-03-29 18:32:28.750 | AlertService | queryCallback type=UpdateFirmwareLogStatus
2026-03-29 18:32:28.760 | AlertVM | handleQueryCallback type=UpdateFirmwareLogStatus
2026-03-29 18:32:28.763 | AlertVM | handleQueryCallback type=Default
2026-03-29 18:32:29.748 | AlertService | queryCallback type=UpdateFirmwareLogStatus
2026-03-29 18:32:29.752 | AlertVM | handleQueryCallback type=UpdateFirmwareLogStatus
2026-03-29 18:32:29.756 | AlertVM | handleQueryCallback type=Default
2026-03-29 18:32:30.717 | AlertService | queryCallback type=UpdateFirmwareLogStatus
2026-03-29 18:32:30.727 | AlertVM | handleQueryCallback type=UpdateFirmwareLogStatus
2026-03-29 18:32:30.729 | AlertVM | handleQueryCallback type=Default
2026-03-29 18:32:31.747 | AlertService | queryCallback type=UpdateFirmwareLogStatus
2026-03-29 18:32:31.753 | AlertVM | handleQueryCallback type=UpdateFirmwareLogStatus
2026-03-29 18:32:31.754 | AlertVM | handleQueryCallback type=Default
2026-03-29 18:32:32.736 | AlertService | queryCallback type=UpdateFirmwareLogStatus
2026-03-29 18:32:32.745 | AlertVM | handleQueryCallback type=UpdateFirmwareLogStatus
2026-03-29 18:32:32.747 | AlertVM | handleQueryCallback type=Default
2026-03-29 18:32:33.733 | AlertService | queryCallback type=UpdateFirmwareLogStatus
2026-03-29 18:32:33.756 | AlertVM | handleQueryCallback type=UpdateFirmwareLogStatus
2026-03-29 18:32:33.757 | AlertVM | handleQueryCallback type=Default
2026-03-29 18:32:34.724 | AlertService | queryCallback type=UpdateFirmwareLogStatus
2026-03-29 18:32:34.730 | AlertVM | handleQueryCallback type=UpdateFirmwareLogStatus
2026-03-29 18:32:34.731 | AlertVM | handleQueryCallback type=Default
2026-03-29 18:32:35.723 | AlertService | queryCallback type=UpdateFirmwareLogStatus
2026-03-29 18:32:35.735 | AlertVM | handleQueryCallback type=UpdateFirmwareLogStatus
2026-03-29 18:32:35.737 | AlertVM | handleQueryCallback type=Default
2026-03-29 18:32:36.762 | AlertService | queryCallback type=UpdateFirmwareLogStatus
2026-03-29 18:32:36.770 | AlertVM | handleQueryCallback type=UpdateFirmwareLogStatus
2026-03-29 18:32:36.773 | AlertVM | handleQueryCallback type=Default
2026-03-29 18:32:37.747 | AlertService | queryCallback type=UpdateFirmwareLogStatus
2026-03-29 18:32:37.751 | AlertVM | handleQueryCallback type=UpdateFirmwareLogStatus
2026-03-29 18:32:37.752 | AlertVM | handleQueryCallback type=Default
2026-03-29 18:32:37.974 | AlertService | queryCallback type=BatteryDataObtained
2026-03-29 18:32:37.978 | AlertVM | handleQueryCallback type=BatteryDataObtained
2026-03-29 18:32:37.979 | AlertVM | handleQueryCallback type=Default
2026-03-29 18:32:38.185 | AlertUI | exportAlertLogs requested
2026-03-29 18:32:38.757 | AlertService | queryCallback type=UpdateFirmwareLogStatus
2026-03-29 18:32:38.775 | AlertVM | handleQueryCallback type=UpdateFirmwareLogStatus
2026-03-29 18:32:38.779 | AlertVM | handleQueryCallback type=Default
2026-03-29 18:32:39.901 | AlertService | queryCallback type=UpdateFirmwareLogStatus
2026-03-29 18:32:39.916 | AlertVM | handleQueryCallback type=UpdateFirmwareLogStatus
2026-03-29 18:32:39.922 | AlertVM | handleQueryCallback type=Default
2026-03-29 18:32:40.896 | AlertService | queryCallback type=UpdateFirmwareLogStatus
2026-03-29 18:32:41.780 | AlertService | queryCallback type=UpdateFirmwareLogStatus
2026-03-29 18:32:42.771 | AlertService | queryCallback type=UpdateFirmwareLogStatus
