2026-03-29 16:55:20.065 | AlertService | resetAlertSyncState
2026-03-29 16:55:20.073 | AlertService | syncPendingAlertSettings skipped disconnected
2026-03-29 16:55:20.109 | AlertService | queryCallback type=UpdateFirmwareLogStatus
2026-03-29 16:55:20.464 | AlertService | queryCallback type=FirmwareVersionObtained
2026-03-29 16:55:20.468 | AlertService | queryCallback type=BatteryDataObtained
2026-03-29 16:55:20.702 | AlertService | queryCallback type=UpdateFirmwareLogStatus
2026-03-29 16:55:21.014 | AlertService | queryCallback type=FirmwareVersionObtained
2026-03-29 16:55:21.017 | AlertService | queryCallback type=BatteryDataObtained
2026-03-29 16:55:21.403 | AlertService | queryCallback type=FirmwareVersionObtained
2026-03-29 16:55:21.406 | AlertService | queryCallback type=BatteryDataObtained
2026-03-29 16:55:21.691 | AlertService | queryCallback type=UpdateFirmwareLogStatus
2026-03-29 16:55:22.639 | AlertService | queryCallback type=UpdateFirmwareLogStatus
2026-03-29 16:55:23.625 | AlertService | queryCallback type=UpdateFirmwareLogStatus
2026-03-29 16:55:24.711 | AlertService | queryCallback type=UpdateFirmwareLogStatus
2026-03-29 16:55:25.654 | AlertService | queryCallback type=UpdateFirmwareLogStatus
2026-03-29 16:55:26.648 | AlertService | queryCallback type=UpdateFirmwareLogStatus
2026-03-29 16:55:27.687 | AlertService | queryCallback type=UpdateFirmwareLogStatus
2026-03-29 16:55:28.676 | AlertService | queryCallback type=UpdateFirmwareLogStatus
2026-03-29 16:55:29.648 | AlertService | queryCallback type=UpdateFirmwareLogStatus
2026-03-29 16:55:30.199 | AlertService | queryCallback type=FirmwareVersionObtained
2026-03-29 16:55:30.203 | AlertService | queryCallback type=BatteryDataObtained
2026-03-29 16:55:30.664 | AlertService | queryCallback type=UpdateFirmwareLogStatus
2026-03-29 16:55:31.691 | AlertService | queryCallback type=UpdateFirmwareLogStatus
2026-03-29 16:55:32.637 | AlertService | queryCallback type=UpdateFirmwareLogStatus
2026-03-29 16:55:33.733 | AlertService | queryCallback type=UpdateFirmwareLogStatus
2026-03-29 16:55:34.719 | AlertService | queryCallback type=UpdateFirmwareLogStatus
2026-03-29 16:55:35.722 | AlertService | queryCallback type=UpdateFirmwareLogStatus
2026-03-29 16:55:36.670 | AlertService | queryCallback type=UpdateFirmwareLogStatus
2026-03-29 16:55:36.753 | AlertService | updateCallback type=DeviceTimeSynced
2026-03-29 16:55:37.659 | AlertService | queryCallback type=UpdateFirmwareLogStatus
2026-03-29 16:55:37.732 | AlertService | updateCallback type=UserInfoUpdated
2026-03-29 16:55:38.723 | AlertService | updateCallback type=DeviceUnitsUpdated
2026-03-29 16:55:38.752 | AlertService | queryCallback type=UpdateFirmwareLogStatus
2026-03-29 16:55:39.687 | AlertService | queryCallback type=UpdateFirmwareLogStatus
2026-03-29 16:55:40.746 | AlertService | queryCallback type=UpdateFirmwareLogStatus
2026-03-29 16:55:41.657 | AlertService | queryCallback type=UpdateFirmwareLogStatus
2026-03-29 16:55:42.664 | AlertService | queryCallback type=UpdateFirmwareLogStatus
2026-03-29 16:55:43.839 | AlertService | queryCallback type=UpdateFirmwareLogStatus
2026-03-29 16:55:44.681 | AlertService | queryCallback type=UpdateFirmwareLogStatus
2026-03-29 16:55:45.672 | AlertService | queryCallback type=UpdateFirmwareLogStatus
2026-03-29 16:55:47.014 | AlertService | queryCallback type=UpdateFirmwareLogStatus
2026-03-29 16:55:47.111 | AlertService | updateCallback type=DeviceTimeSynced
2026-03-29 16:55:47.406 | AlertService | queryCallback type=BatteryDataObtained
2026-03-29 16:55:48.437 | AlertService | queryCallback type=UpdateFirmwareLogStatus
2026-03-29 16:55:48.454 | AlertService | queryCallback type=BatteryDataObtained
2026-03-29 16:55:48.861 | AlertService | queryCallback type=UpdateFirmwareLogStatus
2026-03-29 16:55:49.743 | AlertService | queryCallback type=UpdateFirmwareLogStatus
2026-03-29 16:55:50.143 | AlertService | queryCallback type=FirmwareVersionObtained
2026-03-29 16:55:50.145 | AlertService | queryCallback type=BatteryDataObtained
2026-03-29 16:55:50.814 | AlertService | queryCallback type=UpdateFirmwareLogStatus
2026-03-29 16:55:51.697 | AlertService | queryCallback type=UpdateFirmwareLogStatus
2026-03-29 16:55:52.751 | AlertService | queryCallback type=UpdateFirmwareLogStatus
2026-03-29 16:55:53.670 | AlertService | queryCallback type=UpdateFirmwareLogStatus
2026-03-29 16:55:54.811 | AlertService | queryCallback type=UpdateFirmwareLogStatus
2026-03-29 16:55:55.842 | AlertService | queryCallback type=UpdateFirmwareLogStatus
2026-03-29 16:55:56.742 | AlertService | queryCallback type=UpdateFirmwareLogStatus
2026-03-29 16:55:57.673 | AlertService | queryCallback type=UpdateFirmwareLogStatus
2026-03-29 16:55:58.729 | AlertService | queryCallback type=UpdateFirmwareLogStatus
2026-03-29 16:55:59.664 | AlertService | queryCallback type=UpdateFirmwareLogStatus
2026-03-29 16:56:00.740 | AlertService | queryCallback type=UpdateFirmwareLogStatus
2026-03-29 16:56:01.613 | AlertService | queryCallback type=UpdateFirmwareLogStatus
2026-03-29 16:56:02.876 | AlertService | queryCallback type=UpdateFirmwareLogStatus
2026-03-29 16:56:03.360 | AlertService | queryCallback type=UpdateFirmwareLogStatus
2026-03-29 16:56:03.906 | AlertService | queryCallback type=UpdateFirmwareLogStatus
2026-03-29 16:56:04.326 | AlertUI | BlankTestFragment alert panel initialized
2026-03-29 16:56:04.338 | AlertVM | handleQueryCallback type=Default
2026-03-29 16:56:04.341 | AlertVM | handleUpdateCallback type=DeviceTimeSynced
2026-03-29 16:56:04.345 | AlertVM | onConnectedStateChanged state=ConnectSuccess
2026-03-29 16:56:04.348 | AlertVM | refreshFromBand dispatching alert queries
2026-03-29 16:56:04.353 | AlertVM | loadState={"device_address":"D8:5C:08:30:00:1E","heart_rate":{"low_enabled":false,"low_threshold":50,"resting_enabled":false,"resting_threshold":150,"workout_enabled":false,"workout_threshold":175},"pending_sync":{"heart_rate":false,"relaxation_prompt":false,"sedentary_reminder":false,"sleep_reminder":false,"spo2":false},"pressure_mode":{"relaxation_prompt_enabled":false,"stress_monitoring_enabled":false},"sedentary_reminder":{"end_hour":18,"end_minute":0,"interval":60,"repeat_count":0,"start_hour":9,"start_minute":0,"status":false},"sleep_reminder":{"hour":0,"millisecond":0,"minute":0,"second":0,"status":false},"snapshots":{"heart_rate":{},"sedentary_reminder":{}},"spo2":{"enabled":false,"threshold":75},"support":{"heart_rate":true,"high_stress_index":false,"relaxation_prompt":true,"sedentary_reminder":true,"sleep_reminder":true,"spo2":true,"wear_detection":false}}
2026-03-29 16:56:04.436 | ZhQuery | getHeartRateAlertSettings dispatched
2026-03-29 16:56:04.442 | ZhQuery | getSpo2AlertSettings dispatched
2026-03-29 16:56:04.463 | ZhQuery | getPressureModeSettings dispatched
2026-03-29 16:56:04.468 | ZhQuery | getSleepReminder dispatched
2026-03-29 16:56:04.469 | AlertVM | refreshFromBand dispatching alert queries
2026-03-29 16:56:04.473 | ZhQuery | getHeartRateAlertSettings dispatched
2026-03-29 16:56:04.479 | ZhQuery | getSpo2AlertSettings dispatched
2026-03-29 16:56:04.482 | ZhQuery | getPressureModeSettings dispatched
2026-03-29 16:56:04.485 | ZhQuery | getSleepReminder dispatched
2026-03-29 16:56:04.672 | AlertService | queryCallback type=UpdateFirmwareLogStatus
2026-03-29 16:56:04.677 | AlertVM | handleQueryCallback type=UpdateFirmwareLogStatus
2026-03-29 16:56:04.679 | AlertVM | handleQueryCallback type=Default
2026-03-29 16:56:05.672 | AlertService | queryCallback type=UpdateFirmwareLogStatus
2026-03-29 16:56:05.680 | AlertVM | handleQueryCallback type=UpdateFirmwareLogStatus
2026-03-29 16:56:05.683 | AlertVM | handleQueryCallback type=Default
2026-03-29 16:56:06.579 | ZhQuery | onHeartRateMonitorResult={"continuousHeartRateMode":0,"frequency":5,"isSportWarning":false,"isWarning":false,"lowWarningValue":0,"mode":0,"sportWarningValue":0,"warningValue":220}
2026-03-29 16:56:06.581 | AlertService | queryCallback type=HeartRateAlertDataObtained
2026-03-29 16:56:06.582 | AlertService | queryCallback type=HeartRateAlertSettingsObtained
2026-03-29 16:56:06.583 | AlertService | saveAlertSettings={"device_address":"D8:5C:08:30:00:1E","heart_rate":{"low_enabled":false,"low_threshold":50,"resting_enabled":false,"resting_threshold":150,"workout_enabled":false,"workout_threshold":175},"pending_sync":{"heart_rate":false,"relaxation_prompt":false,"sedentary_reminder":false,"sleep_reminder":false,"spo2":false},"pressure_mode":{"relaxation_prompt_enabled":false,"stress_monitoring_enabled":false},"sedentary_reminder":{"end_hour":18,"end_minute":0,"interval":60,"repeat_count":0,"start_hour":9,"start_minute":0,"status":false},"sleep_reminder":{"hour":0,"millisecond":0,"minute":0,"second":0,"status":false},"snapshots":{"heart_rate":{"continuous_heart_rate_mode":0,"frequency":5,"mode":0},"sedentary_reminder":{}},"spo2":{"enabled":false,"threshold":75},"support":{"heart_rate":true,"high_stress_index":false,"relaxation_prompt":true,"sedentary_reminder":true,"sleep_reminder":true,"spo2":true,"wear_detection":false}}
2026-03-29 16:56:06.585 | AlertService | queryCallback type=AlertFeatureSupportObtained
2026-03-29 16:56:06.586 | AlertService | saveAlertSettings={"device_address":"D8:5C:08:30:00:1E","heart_rate":{"low_enabled":false,"low_threshold":50,"resting_enabled":false,"resting_threshold":150,"workout_enabled":false,"workout_threshold":175},"pending_sync":{"heart_rate":false,"relaxation_prompt":false,"sedentary_reminder":false,"sleep_reminder":false,"spo2":false},"pressure_mode":{"relaxation_prompt_enabled":false,"stress_monitoring_enabled":false},"sedentary_reminder":{"end_hour":18,"end_minute":0,"interval":60,"repeat_count":0,"start_hour":9,"start_minute":0,"status":false},"sleep_reminder":{"hour":0,"millisecond":0,"minute":0,"second":0,"status":false},"snapshots":{"heart_rate":{"continuous_heart_rate_mode":0,"frequency":5,"mode":0},"sedentary_reminder":{}},"spo2":{"enabled":false,"threshold":75},"support":{"heart_rate":true,"high_stress_index":false,"relaxation_prompt":true,"sedentary_reminder":true,"sleep_reminder":true,"spo2":true,"wear_detection":false}}
2026-03-29 16:56:06.589 | ZhQuery | getHeartRateAlertSettings state=SUCCEED
2026-03-29 16:56:06.590 | ZhQuery | getHeartRateAlertSettings state=SUCCEED
2026-03-29 16:56:06.592 | AlertVM | handleQueryCallback type=HeartRateAlertDataObtained
2026-03-29 16:56:06.593 | AlertVM | handleQueryCallback type=Default
2026-03-29 16:56:06.594 | AlertVM | handleQueryCallback type=HeartRateAlertSettingsObtained
2026-03-29 16:56:06.595 | AlertVM | heartRate query matchesStored=true pending=false phase=null
2026-03-29 16:56:06.597 | AlertVM | heartRate query value={"low_enabled":false,"low_threshold":0,"resting_enabled":false,"resting_threshold":220,"workout_enabled":false,"workout_threshold":0}
2026-03-29 16:56:06.598 | AlertVM | handleQueryCallback type=Default
2026-03-29 16:56:06.599 | AlertVM | handleQueryCallback type=AlertFeatureSupportObtained
2026-03-29 16:56:06.601 | AlertVM | support feature=HEART_RATE supported=true
2026-03-29 16:56:06.602 | AlertVM | handleQueryCallback type=Default
2026-03-29 16:56:06.785 | AlertService | queryCallback type=UpdateFirmwareLogStatus
2026-03-29 16:56:06.790 | AlertVM | handleQueryCallback type=UpdateFirmwareLogStatus
2026-03-29 16:56:06.793 | AlertVM | handleQueryCallback type=Default
2026-03-29 16:56:06.957 | AlertService | queryCallback type=BatteryDataObtained
2026-03-29 16:56:06.970 | AlertVM | handleQueryCallback type=BatteryDataObtained
2026-03-29 16:56:06.972 | AlertVM | handleQueryCallback type=Default
2026-03-29 16:56:07.228 | ZhQuery | onSWSPO2Monitor={"isWarning":true,"warningValue":90}
2026-03-29 16:56:07.229 | AlertService | queryCallback type=Spo2AlertSettingsObtained
2026-03-29 16:56:07.231 | AlertService | saveAlertSettings={"device_address":"D8:5C:08:30:00:1E","heart_rate":{"low_enabled":false,"low_threshold":50,"resting_enabled":false,"resting_threshold":150,"workout_enabled":false,"workout_threshold":175},"pending_sync":{"heart_rate":false,"relaxation_prompt":false,"sedentary_reminder":false,"sleep_reminder":false,"spo2":false},"pressure_mode":{"relaxation_prompt_enabled":false,"stress_monitoring_enabled":false},"sedentary_reminder":{"end_hour":18,"end_minute":0,"interval":60,"repeat_count":0,"start_hour":9,"start_minute":0,"status":false},"sleep_reminder":{"hour":0,"millisecond":0,"minute":0,"second":0,"status":false},"snapshots":{"heart_rate":{"continuous_heart_rate_mode":0,"frequency":5,"mode":0},"sedentary_reminder":{}},"spo2":{"enabled":true,"threshold":90},"support":{"heart_rate":true,"high_stress_index":false,"relaxation_prompt":true,"sedentary_reminder":true,"sleep_reminder":true,"spo2":true,"wear_detection":false}}
2026-03-29 16:56:07.239 | AlertService | queryCallback type=AlertFeatureSupportObtained
2026-03-29 16:56:07.241 | AlertService | saveAlertSettings={"device_address":"D8:5C:08:30:00:1E","heart_rate":{"low_enabled":false,"low_threshold":50,"resting_enabled":false,"resting_threshold":150,"workout_enabled":false,"workout_threshold":175},"pending_sync":{"heart_rate":false,"relaxation_prompt":false,"sedentary_reminder":false,"sleep_reminder":false,"spo2":false},"pressure_mode":{"relaxation_prompt_enabled":false,"stress_monitoring_enabled":false},"sedentary_reminder":{"end_hour":18,"end_minute":0,"interval":60,"repeat_count":0,"start_hour":9,"start_minute":0,"status":false},"sleep_reminder":{"hour":0,"millisecond":0,"minute":0,"second":0,"status":false},"snapshots":{"heart_rate":{"continuous_heart_rate_mode":0,"frequency":5,"mode":0},"sedentary_reminder":{}},"spo2":{"enabled":true,"threshold":90},"support":{"heart_rate":true,"high_stress_index":false,"relaxation_prompt":true,"sedentary_reminder":true,"sleep_reminder":true,"spo2":true,"wear_detection":false}}
2026-03-29 16:56:07.248 | ZhQuery | getSpo2AlertSettings state=SUCCEED
2026-03-29 16:56:07.250 | ZhQuery | getSpo2AlertSettings state=SUCCEED
2026-03-29 16:56:07.252 | AlertVM | handleQueryCallback type=Spo2AlertSettingsObtained
2026-03-29 16:56:07.253 | AlertVM | spo2 query matchesStored=true pending=false phase=null
2026-03-29 16:56:07.255 | AlertVM | spo2 query value={"enabled":true,"threshold":90}
2026-03-29 16:56:07.257 | AlertVM | handleQueryCallback type=Default
2026-03-29 16:56:07.258 | AlertVM | handleQueryCallback type=AlertFeatureSupportObtained
2026-03-29 16:56:07.259 | AlertVM | support feature=SPO2 supported=true
2026-03-29 16:56:07.260 | AlertVM | handleQueryCallback type=Default
2026-03-29 16:56:07.769 | AlertService | queryCallback type=UpdateFirmwareLogStatus
2026-03-29 16:56:07.777 | AlertVM | handleQueryCallback type=UpdateFirmwareLogStatus
2026-03-29 16:56:07.778 | AlertVM | handleQueryCallback type=Default
2026-03-29 16:56:07.981 | ZhQuery | getPressureModeSettings state=NOT_SUPPORT
2026-03-29 16:56:07.983 | AlertService | queryCallback type=AlertFeatureSupportObtained
2026-03-29 16:56:07.985 | AlertService | onAlertFeatureUnsupported feature=RELAXATION_PROMPT
2026-03-29 16:56:07.987 | AlertService | saveAlertSettings={"device_address":"D8:5C:08:30:00:1E","heart_rate":{"low_enabled":false,"low_threshold":50,"resting_enabled":false,"resting_threshold":150,"workout_enabled":false,"workout_threshold":175},"pending_sync":{"heart_rate":false,"relaxation_prompt":false,"sedentary_reminder":false,"sleep_reminder":false,"spo2":false},"pressure_mode":{"relaxation_prompt_enabled":false,"stress_monitoring_enabled":false},"sedentary_reminder":{"end_hour":18,"end_minute":0,"interval":60,"repeat_count":0,"start_hour":9,"start_minute":0,"status":false},"sleep_reminder":{"hour":0,"millisecond":0,"minute":0,"second":0,"status":false},"snapshots":{"heart_rate":{"continuous_heart_rate_mode":0,"frequency":5,"mode":0},"sedentary_reminder":{}},"spo2":{"enabled":true,"threshold":90},"support":{"heart_rate":true,"high_stress_index":false,"relaxation_prompt":false,"sedentary_reminder":true,"sleep_reminder":true,"spo2":true,"wear_detection":false}}
2026-03-29 16:56:07.996 | ZhQuery | getPressureModeSettings state=NOT_SUPPORT
2026-03-29 16:56:08.001 | AlertService | queryCallback type=AlertFeatureSupportObtained
2026-03-29 16:56:08.004 | AlertService | onAlertFeatureUnsupported feature=RELAXATION_PROMPT
2026-03-29 16:56:08.006 | AlertService | saveAlertSettings={"device_address":"D8:5C:08:30:00:1E","heart_rate":{"low_enabled":false,"low_threshold":50,"resting_enabled":false,"resting_threshold":150,"workout_enabled":false,"workout_threshold":175},"pending_sync":{"heart_rate":false,"relaxation_prompt":false,"sedentary_reminder":false,"sleep_reminder":false,"spo2":false},"pressure_mode":{"relaxation_prompt_enabled":false,"stress_monitoring_enabled":false},"sedentary_reminder":{"end_hour":18,"end_minute":0,"interval":60,"repeat_count":0,"start_hour":9,"start_minute":0,"status":false},"sleep_reminder":{"hour":0,"millisecond":0,"minute":0,"second":0,"status":false},"snapshots":{"heart_rate":{"continuous_heart_rate_mode":0,"frequency":5,"mode":0},"sedentary_reminder":{}},"spo2":{"enabled":true,"threshold":90},"support":{"heart_rate":true,"high_stress_index":false,"relaxation_prompt":false,"sedentary_reminder":true,"sleep_reminder":true,"spo2":true,"wear_detection":false}}
2026-03-29 16:56:08.010 | AlertVM | handleQueryCallback type=AlertFeatureSupportObtained
2026-03-29 16:56:08.011 | AlertVM | support feature=RELAXATION_PROMPT supported=false
2026-03-29 16:56:08.013 | AlertVM | handleQueryCallback type=Default
2026-03-29 16:56:08.014 | AlertVM | handleQueryCallback type=AlertFeatureSupportObtained
2026-03-29 16:56:08.016 | AlertVM | support feature=RELAXATION_PROMPT supported=false
2026-03-29 16:56:08.017 | AlertVM | handleQueryCallback type=Default
2026-03-29 16:56:08.300 | ZhQuery | getSleepReminder state=NOT_SUPPORT
2026-03-29 16:56:08.301 | AlertService | queryCallback type=AlertFeatureSupportObtained
2026-03-29 16:56:08.303 | AlertService | onAlertFeatureUnsupported feature=SLEEP_REMINDER
2026-03-29 16:56:08.305 | AlertService | saveAlertSettings={"device_address":"D8:5C:08:30:00:1E","heart_rate":{"low_enabled":false,"low_threshold":50,"resting_enabled":false,"resting_threshold":150,"workout_enabled":false,"workout_threshold":175},"pending_sync":{"heart_rate":false,"relaxation_prompt":false,"sedentary_reminder":false,"sleep_reminder":false,"spo2":false},"pressure_mode":{"relaxation_prompt_enabled":false,"stress_monitoring_enabled":false},"sedentary_reminder":{"end_hour":18,"end_minute":0,"interval":60,"repeat_count":0,"start_hour":9,"start_minute":0,"status":false},"sleep_reminder":{"hour":0,"millisecond":0,"minute":0,"second":0,"status":false},"snapshots":{"heart_rate":{"continuous_heart_rate_mode":0,"frequency":5,"mode":0},"sedentary_reminder":{}},"spo2":{"enabled":true,"threshold":90},"support":{"heart_rate":true,"high_stress_index":false,"relaxation_prompt":false,"sedentary_reminder":true,"sleep_reminder":false,"spo2":true,"wear_detection":false}}
2026-03-29 16:56:08.311 | ZhQuery | getSleepReminder state=NOT_SUPPORT
2026-03-29 16:56:08.313 | AlertService | queryCallback type=AlertFeatureSupportObtained
2026-03-29 16:56:08.315 | AlertService | onAlertFeatureUnsupported feature=SLEEP_REMINDER
2026-03-29 16:56:08.317 | AlertService | saveAlertSettings={"device_address":"D8:5C:08:30:00:1E","heart_rate":{"low_enabled":false,"low_threshold":50,"resting_enabled":false,"resting_threshold":150,"workout_enabled":false,"workout_threshold":175},"pending_sync":{"heart_rate":false,"relaxation_prompt":false,"sedentary_reminder":false,"sleep_reminder":false,"spo2":false},"pressure_mode":{"relaxation_prompt_enabled":false,"stress_monitoring_enabled":false},"sedentary_reminder":{"end_hour":18,"end_minute":0,"interval":60,"repeat_count":0,"start_hour":9,"start_minute":0,"status":false},"sleep_reminder":{"hour":0,"millisecond":0,"minute":0,"second":0,"status":false},"snapshots":{"heart_rate":{"continuous_heart_rate_mode":0,"frequency":5,"mode":0},"sedentary_reminder":{}},"spo2":{"enabled":true,"threshold":90},"support":{"heart_rate":true,"high_stress_index":false,"relaxation_prompt":false,"sedentary_reminder":true,"sleep_reminder":false,"spo2":true,"wear_detection":false}}
2026-03-29 16:56:08.320 | AlertVM | handleQueryCallback type=AlertFeatureSupportObtained
2026-03-29 16:56:08.321 | AlertVM | support feature=SLEEP_REMINDER supported=false
2026-03-29 16:56:08.325 | AlertVM | handleQueryCallback type=Default
2026-03-29 16:56:08.326 | AlertVM | handleQueryCallback type=AlertFeatureSupportObtained
2026-03-29 16:56:08.327 | AlertVM | support feature=SLEEP_REMINDER supported=false
2026-03-29 16:56:08.329 | AlertVM | handleQueryCallback type=Default
2026-03-29 16:56:08.673 | AlertService | queryCallback type=UpdateFirmwareLogStatus
2026-03-29 16:56:08.682 | AlertVM | handleQueryCallback type=UpdateFirmwareLogStatus
2026-03-29 16:56:08.684 | AlertVM | handleQueryCallback type=Default
2026-03-29 16:56:08.904 | ZhQuery | onSedentaryReminderResult={"drinkWater":0,"endNoonTime":{"hour":0,"millisecond":0,"minuter":0,"second":0},"endTime":{"hour":0,"millisecond":0,"minuter":0,"second":0},"frequency":0,"isOn":false,"noDisturbInLaunch":false,"startNoonTime":{"hour":0,"millisecond":0,"minuter":0,"second":0},"startTime":{"hour":0,"millisecond":0,"minuter":0,"second":0}}
2026-03-29 16:56:08.905 | AlertService | queryCallback type=SedentaryDataObtained
2026-03-29 16:56:08.907 | AlertService | queryCallback type=SedentaryReminderSettingsObtained
2026-03-29 16:56:08.908 | AlertService | saveAlertSettings={"device_address":"D8:5C:08:30:00:1E","heart_rate":{"low_enabled":false,"low_threshold":50,"resting_enabled":false,"resting_threshold":150,"workout_enabled":false,"workout_threshold":175},"pending_sync":{"heart_rate":false,"relaxation_prompt":false,"sedentary_reminder":false,"sleep_reminder":false,"spo2":false},"pressure_mode":{"relaxation_prompt_enabled":false,"stress_monitoring_enabled":false},"sedentary_reminder":{"end_hour":18,"end_minute":0,"interval":60,"repeat_count":0,"start_hour":9,"start_minute":0,"status":false},"sleep_reminder":{"hour":0,"millisecond":0,"minute":0,"second":0,"status":false},"snapshots":{"heart_rate":{"continuous_heart_rate_mode":0,"frequency":5,"mode":0},"sedentary_reminder":{"end_noon_hour":0,"end_noon_minute":0,"no_disturb_in_launch":false,"start_noon_hour":0,"start_noon_minute":0}},"spo2":{"enabled":true,"threshold":90},"support":{"heart_rate":true,"high_stress_index":false,"relaxation_prompt":false,"sedentary_reminder":true,"sleep_reminder":false,"spo2":true,"wear_detection":false}}
2026-03-29 16:56:08.910 | AlertService | queryCallback type=AlertFeatureSupportObtained
2026-03-29 16:56:08.912 | AlertService | saveAlertSettings={"device_address":"D8:5C:08:30:00:1E","heart_rate":{"low_enabled":false,"low_threshold":50,"resting_enabled":false,"resting_threshold":150,"workout_enabled":false,"workout_threshold":175},"pending_sync":{"heart_rate":false,"relaxation_prompt":false,"sedentary_reminder":false,"sleep_reminder":false,"spo2":false},"pressure_mode":{"relaxation_prompt_enabled":false,"stress_monitoring_enabled":false},"sedentary_reminder":{"end_hour":18,"end_minute":0,"interval":60,"repeat_count":0,"start_hour":9,"start_minute":0,"status":false},"sleep_reminder":{"hour":0,"millisecond":0,"minute":0,"second":0,"status":false},"snapshots":{"heart_rate":{"continuous_heart_rate_mode":0,"frequency":5,"mode":0},"sedentary_reminder":{"end_noon_hour":0,"end_noon_minute":0,"no_disturb_in_launch":false,"start_noon_hour":0,"start_noon_minute":0}},"spo2":{"enabled":true,"threshold":90},"support":{"heart_rate":true,"high_stress_index":false,"relaxation_prompt":false,"sedentary_reminder":true,"sleep_reminder":false,"spo2":true,"wear_detection":false}}
2026-03-29 16:56:08.917 | AlertVM | handleQueryCallback type=SedentaryDataObtained
2026-03-29 16:56:08.918 | AlertVM | handleQueryCallback type=Default
2026-03-29 16:56:08.919 | AlertVM | handleQueryCallback type=SedentaryReminderSettingsObtained
2026-03-29 16:56:08.920 | AlertVM | sedentary query matchesStored=true pending=false phase=null
2026-03-29 16:56:08.922 | AlertVM | sedentary query value={"end_hour":0,"end_minute":0,"interval":0,"repeat_count":0,"start_hour":0,"start_minute":0,"status":false}
2026-03-29 16:56:08.923 | AlertVM | handleQueryCallback type=Default
2026-03-29 16:56:08.925 | AlertVM | handleQueryCallback type=AlertFeatureSupportObtained
2026-03-29 16:56:08.926 | AlertVM | support feature=SEDENTARY_REMINDER supported=true
2026-03-29 16:56:08.927 | AlertVM | handleQueryCallback type=Default
2026-03-29 16:56:09.243 | ZhQuery | onHeartRateMonitorResult={"continuousHeartRateMode":0,"frequency":5,"isSportWarning":false,"isWarning":false,"lowWarningValue":0,"mode":0,"sportWarningValue":0,"warningValue":220}
2026-03-29 16:56:09.244 | AlertService | queryCallback type=HeartRateAlertDataObtained
2026-03-29 16:56:09.246 | AlertService | queryCallback type=HeartRateAlertSettingsObtained
2026-03-29 16:56:09.248 | AlertService | saveAlertSettings={"device_address":"D8:5C:08:30:00:1E","heart_rate":{"low_enabled":false,"low_threshold":50,"resting_enabled":false,"resting_threshold":150,"workout_enabled":false,"workout_threshold":175},"pending_sync":{"heart_rate":false,"relaxation_prompt":false,"sedentary_reminder":false,"sleep_reminder":false,"spo2":false},"pressure_mode":{"relaxation_prompt_enabled":false,"stress_monitoring_enabled":false},"sedentary_reminder":{"end_hour":18,"end_minute":0,"interval":60,"repeat_count":0,"start_hour":9,"start_minute":0,"status":false},"sleep_reminder":{"hour":0,"millisecond":0,"minute":0,"second":0,"status":false},"snapshots":{"heart_rate":{"continuous_heart_rate_mode":0,"frequency":5,"mode":0},"sedentary_reminder":{"end_noon_hour":0,"end_noon_minute":0,"no_disturb_in_launch":false,"start_noon_hour":0,"start_noon_minute":0}},"spo2":{"enabled":true,"threshold":90},"support":{"heart_rate":true,"high_stress_index":false,"relaxation_prompt":false,"sedentary_reminder":true,"sleep_reminder":false,"spo2":true,"wear_detection":false}}
2026-03-29 16:56:09.255 | AlertService | queryCallback type=AlertFeatureSupportObtained
2026-03-29 16:56:09.261 | AlertService | saveAlertSettings={"device_address":"D8:5C:08:30:00:1E","heart_rate":{"low_enabled":false,"low_threshold":50,"resting_enabled":false,"resting_threshold":150,"workout_enabled":false,"workout_threshold":175},"pending_sync":{"heart_rate":false,"relaxation_prompt":false,"sedentary_reminder":false,"sleep_reminder":false,"spo2":false},"pressure_mode":{"relaxation_prompt_enabled":false,"stress_monitoring_enabled":false},"sedentary_reminder":{"end_hour":18,"end_minute":0,"interval":60,"repeat_count":0,"start_hour":9,"start_minute":0,"status":false},"sleep_reminder":{"hour":0,"millisecond":0,"minute":0,"second":0,"status":false},"snapshots":{"heart_rate":{"continuous_heart_rate_mode":0,"frequency":5,"mode":0},"sedentary_reminder":{"end_noon_hour":0,"end_noon_minute":0,"no_disturb_in_launch":false,"start_noon_hour":0,"start_noon_minute":0}},"spo2":{"enabled":true,"threshold":90},"support":{"heart_rate":true,"high_stress_index":false,"relaxation_prompt":false,"sedentary_reminder":true,"sleep_reminder":false,"spo2":true,"wear_detection":false}}
2026-03-29 16:56:09.264 | AlertVM | handleQueryCallback type=HeartRateAlertDataObtained
2026-03-29 16:56:09.265 | AlertVM | handleQueryCallback type=Default
2026-03-29 16:56:09.267 | AlertVM | handleQueryCallback type=HeartRateAlertSettingsObtained
2026-03-29 16:56:09.268 | AlertVM | heartRate query matchesStored=true pending=false phase=null
2026-03-29 16:56:09.269 | AlertVM | heartRate query value={"low_enabled":false,"low_threshold":0,"resting_enabled":false,"resting_threshold":220,"workout_enabled":false,"workout_threshold":0}
2026-03-29 16:56:09.271 | AlertVM | handleQueryCallback type=Default
2026-03-29 16:56:09.272 | AlertVM | handleQueryCallback type=AlertFeatureSupportObtained
2026-03-29 16:56:09.274 | AlertVM | support feature=HEART_RATE supported=true
2026-03-29 16:56:09.275 | AlertVM | handleQueryCallback type=Default
2026-03-29 16:56:09.516 | ZhQuery | onSWSPO2Monitor={"isWarning":true,"warningValue":90}
2026-03-29 16:56:09.518 | AlertService | queryCallback type=Spo2AlertSettingsObtained
2026-03-29 16:56:09.520 | AlertService | saveAlertSettings={"device_address":"D8:5C:08:30:00:1E","heart_rate":{"low_enabled":false,"low_threshold":50,"resting_enabled":false,"resting_threshold":150,"workout_enabled":false,"workout_threshold":175},"pending_sync":{"heart_rate":false,"relaxation_prompt":false,"sedentary_reminder":false,"sleep_reminder":false,"spo2":false},"pressure_mode":{"relaxation_prompt_enabled":false,"stress_monitoring_enabled":false},"sedentary_reminder":{"end_hour":18,"end_minute":0,"interval":60,"repeat_count":0,"start_hour":9,"start_minute":0,"status":false},"sleep_reminder":{"hour":0,"millisecond":0,"minute":0,"second":0,"status":false},"snapshots":{"heart_rate":{"continuous_heart_rate_mode":0,"frequency":5,"mode":0},"sedentary_reminder":{"end_noon_hour":0,"end_noon_minute":0,"no_disturb_in_launch":false,"start_noon_hour":0,"start_noon_minute":0}},"spo2":{"enabled":true,"threshold":90},"support":{"heart_rate":true,"high_stress_index":false,"relaxation_prompt":false,"sedentary_reminder":true,"sleep_reminder":false,"spo2":true,"wear_detection":false}}
2026-03-29 16:56:09.522 | AlertService | queryCallback type=AlertFeatureSupportObtained
2026-03-29 16:56:09.533 | AlertService | saveAlertSettings={"device_address":"D8:5C:08:30:00:1E","heart_rate":{"low_enabled":false,"low_threshold":50,"resting_enabled":false,"resting_threshold":150,"workout_enabled":false,"workout_threshold":175},"pending_sync":{"heart_rate":false,"relaxation_prompt":false,"sedentary_reminder":false,"sleep_reminder":false,"spo2":false},"pressure_mode":{"relaxation_prompt_enabled":false,"stress_monitoring_enabled":false},"sedentary_reminder":{"end_hour":18,"end_minute":0,"interval":60,"repeat_count":0,"start_hour":9,"start_minute":0,"status":false},"sleep_reminder":{"hour":0,"millisecond":0,"minute":0,"second":0,"status":false},"snapshots":{"heart_rate":{"continuous_heart_rate_mode":0,"frequency":5,"mode":0},"sedentary_reminder":{"end_noon_hour":0,"end_noon_minute":0,"no_disturb_in_launch":false,"start_noon_hour":0,"start_noon_minute":0}},"spo2":{"enabled":true,"threshold":90},"support":{"heart_rate":true,"high_stress_index":false,"relaxation_prompt":false,"sedentary_reminder":true,"sleep_reminder":false,"spo2":true,"wear_detection":false}}
2026-03-29 16:56:09.535 | AlertVM | handleQueryCallback type=Spo2AlertSettingsObtained
2026-03-29 16:56:09.536 | AlertVM | spo2 query matchesStored=true pending=false phase=null
2026-03-29 16:56:09.537 | AlertVM | spo2 query value={"enabled":true,"threshold":90}
2026-03-29 16:56:09.539 | AlertVM | handleQueryCallback type=Default
2026-03-29 16:56:09.541 | AlertVM | handleQueryCallback type=AlertFeatureSupportObtained
2026-03-29 16:56:09.542 | AlertVM | support feature=SPO2 supported=true
2026-03-29 16:56:09.544 | AlertVM | handleQueryCallback type=Default
2026-03-29 16:56:09.852 | AlertService | queryCallback type=UpdateFirmwareLogStatus
2026-03-29 16:56:09.856 | AlertVM | handleQueryCallback type=UpdateFirmwareLogStatus
2026-03-29 16:56:09.857 | AlertVM | handleQueryCallback type=Default
2026-03-29 16:56:10.775 | AlertService | queryCallback type=UpdateFirmwareLogStatus
2026-03-29 16:56:10.781 | AlertVM | handleQueryCallback type=UpdateFirmwareLogStatus
2026-03-29 16:56:10.783 | AlertVM | handleQueryCallback type=Default
2026-03-29 16:56:11.086 | ZhQuery | onSedentaryReminderResult={"drinkWater":0,"endNoonTime":{"hour":0,"millisecond":0,"minuter":0,"second":0},"endTime":{"hour":0,"millisecond":0,"minuter":0,"second":0},"frequency":0,"isOn":false,"noDisturbInLaunch":false,"startNoonTime":{"hour":0,"millisecond":0,"minuter":0,"second":0},"startTime":{"hour":0,"millisecond":0,"minuter":0,"second":0}}
2026-03-29 16:56:11.088 | AlertService | queryCallback type=SedentaryDataObtained
2026-03-29 16:56:11.090 | AlertService | queryCallback type=SedentaryReminderSettingsObtained
2026-03-29 16:56:11.092 | AlertService | saveAlertSettings={"device_address":"D8:5C:08:30:00:1E","heart_rate":{"low_enabled":false,"low_threshold":50,"resting_enabled":false,"resting_threshold":150,"workout_enabled":false,"workout_threshold":175},"pending_sync":{"heart_rate":false,"relaxation_prompt":false,"sedentary_reminder":false,"sleep_reminder":false,"spo2":false},"pressure_mode":{"relaxation_prompt_enabled":false,"stress_monitoring_enabled":false},"sedentary_reminder":{"end_hour":18,"end_minute":0,"interval":60,"repeat_count":0,"start_hour":9,"start_minute":0,"status":false},"sleep_reminder":{"hour":0,"millisecond":0,"minute":0,"second":0,"status":false},"snapshots":{"heart_rate":{"continuous_heart_rate_mode":0,"frequency":5,"mode":0},"sedentary_reminder":{"end_noon_hour":0,"end_noon_minute":0,"no_disturb_in_launch":false,"start_noon_hour":0,"start_noon_minute":0}},"spo2":{"enabled":true,"threshold":90},"support":{"heart_rate":true,"high_stress_index":false,"relaxation_prompt":false,"sedentary_reminder":true,"sleep_reminder":false,"spo2":true,"wear_detection":false}}
2026-03-29 16:56:11.095 | AlertService | queryCallback type=AlertFeatureSupportObtained
2026-03-29 16:56:11.096 | AlertService | saveAlertSettings={"device_address":"D8:5C:08:30:00:1E","heart_rate":{"low_enabled":false,"low_threshold":50,"resting_enabled":false,"resting_threshold":150,"workout_enabled":false,"workout_threshold":175},"pending_sync":{"heart_rate":false,"relaxation_prompt":false,"sedentary_reminder":false,"sleep_reminder":false,"spo2":false},"pressure_mode":{"relaxation_prompt_enabled":false,"stress_monitoring_enabled":false},"sedentary_reminder":{"end_hour":18,"end_minute":0,"interval":60,"repeat_count":0,"start_hour":9,"start_minute":0,"status":false},"sleep_reminder":{"hour":0,"millisecond":0,"minute":0,"second":0,"status":false},"snapshots":{"heart_rate":{"continuous_heart_rate_mode":0,"frequency":5,"mode":0},"sedentary_reminder":{"end_noon_hour":0,"end_noon_minute":0,"no_disturb_in_launch":false,"start_noon_hour":0,"start_noon_minute":0}},"spo2":{"enabled":true,"threshold":90},"support":{"heart_rate":true,"high_stress_index":false,"relaxation_prompt":false,"sedentary_reminder":true,"sleep_reminder":false,"spo2":true,"wear_detection":false}}
2026-03-29 16:56:11.102 | AlertVM | handleQueryCallback type=SedentaryDataObtained
2026-03-29 16:56:11.103 | AlertVM | handleQueryCallback type=Default
2026-03-29 16:56:11.105 | AlertVM | handleQueryCallback type=SedentaryReminderSettingsObtained
2026-03-29 16:56:11.106 | AlertVM | sedentary query matchesStored=true pending=false phase=null
2026-03-29 16:56:11.107 | AlertVM | sedentary query value={"end_hour":0,"end_minute":0,"interval":0,"repeat_count":0,"start_hour":0,"start_minute":0,"status":false}
2026-03-29 16:56:11.109 | AlertVM | handleQueryCallback type=Default
2026-03-29 16:56:11.110 | AlertVM | handleQueryCallback type=AlertFeatureSupportObtained
2026-03-29 16:56:11.114 | AlertVM | support feature=SEDENTARY_REMINDER supported=true
2026-03-29 16:56:11.116 | AlertVM | handleQueryCallback type=Default
2026-03-29 16:56:11.813 | AlertService | queryCallback type=UpdateFirmwareLogStatus
2026-03-29 16:56:11.820 | AlertVM | handleQueryCallback type=UpdateFirmwareLogStatus
2026-03-29 16:56:11.823 | AlertVM | handleQueryCallback type=Default
2026-03-29 16:56:12.715 | AlertService | queryCallback type=UpdateFirmwareLogStatus
2026-03-29 16:56:12.725 | AlertVM | handleQueryCallback type=UpdateFirmwareLogStatus
2026-03-29 16:56:12.727 | AlertVM | handleQueryCallback type=Default
2026-03-29 16:56:13.695 | AlertService | queryCallback type=UpdateFirmwareLogStatus
2026-03-29 16:56:13.700 | AlertVM | handleQueryCallback type=UpdateFirmwareLogStatus
2026-03-29 16:56:13.702 | AlertVM | handleQueryCallback type=Default
2026-03-29 16:56:14.921 | AlertService | queryCallback type=UpdateFirmwareLogStatus
2026-03-29 16:56:14.931 | AlertVM | handleQueryCallback type=UpdateFirmwareLogStatus
2026-03-29 16:56:14.934 | AlertVM | handleQueryCallback type=Default
2026-03-29 16:56:15.864 | AlertService | queryCallback type=UpdateFirmwareLogStatus
2026-03-29 16:56:15.871 | AlertVM | handleQueryCallback type=UpdateFirmwareLogStatus
2026-03-29 16:56:15.873 | AlertVM | handleQueryCallback type=Default
2026-03-29 16:56:16.766 | AlertService | queryCallback type=UpdateFirmwareLogStatus
2026-03-29 16:56:16.770 | AlertVM | handleQueryCallback type=UpdateFirmwareLogStatus
2026-03-29 16:56:16.772 | AlertVM | handleQueryCallback type=Default
2026-03-29 16:56:17.002 | AlertService | queryCallback type=BatteryDataObtained
2026-03-29 16:56:17.007 | AlertVM | handleQueryCallback type=BatteryDataObtained
2026-03-29 16:56:17.009 | AlertVM | handleQueryCallback type=Default
2026-03-29 16:56:17.711 | AlertService | queryCallback type=UpdateFirmwareLogStatus
2026-03-29 16:56:17.722 | AlertVM | handleQueryCallback type=UpdateFirmwareLogStatus
2026-03-29 16:56:17.724 | AlertVM | handleQueryCallback type=Default
2026-03-29 16:56:18.884 | AlertService | queryCallback type=UpdateFirmwareLogStatus
2026-03-29 16:56:18.898 | AlertVM | handleQueryCallback type=UpdateFirmwareLogStatus
2026-03-29 16:56:18.901 | AlertVM | handleQueryCallback type=Default
2026-03-29 16:56:19.770 | AlertService | queryCallback type=UpdateFirmwareLogStatus
2026-03-29 16:56:19.784 | AlertVM | handleQueryCallback type=UpdateFirmwareLogStatus
2026-03-29 16:56:19.786 | AlertVM | handleQueryCallback type=Default
2026-03-29 16:56:20.723 | AlertService | queryCallback type=UpdateFirmwareLogStatus
2026-03-29 16:56:20.725 | AlertVM | handleQueryCallback type=UpdateFirmwareLogStatus
2026-03-29 16:56:20.727 | AlertVM | handleQueryCallback type=Default
2026-03-29 16:56:21.661 | AlertService | queryCallback type=UpdateFirmwareLogStatus
2026-03-29 16:56:21.669 | AlertVM | handleQueryCallback type=UpdateFirmwareLogStatus
2026-03-29 16:56:21.671 | AlertVM | handleQueryCallback type=Default
2026-03-29 16:56:22.488 | AlertVM | saveHeartRateSettings requested={"low_enabled":false,"low_threshold":50,"resting_enabled":false,"resting_threshold":50,"workout_enabled":false,"workout_threshold":175}
2026-03-29 16:56:22.492 | AlertVM | persistFeature feature=HEART_RATE connected=true
2026-03-29 16:56:22.499 | AlertVM | persistFeature state={"device_address":"D8:5C:08:30:00:1E","heart_rate":{"low_enabled":false,"low_threshold":50,"resting_enabled":false,"resting_threshold":50,"workout_enabled":false,"workout_threshold":175},"pending_sync":{"heart_rate":true,"relaxation_prompt":false,"sedentary_reminder":false,"sleep_reminder":false,"spo2":false},"pressure_mode":{"relaxation_prompt_enabled":false,"stress_monitoring_enabled":false},"sedentary_reminder":{"end_hour":18,"end_minute":0,"interval":60,"repeat_count":0,"start_hour":9,"start_minute":0,"status":false},"sleep_reminder":{"hour":0,"millisecond":0,"minute":0,"second":0,"status":false},"snapshots":{"heart_rate":{"continuous_heart_rate_mode":0,"frequency":5,"mode":0},"sedentary_reminder":{"end_noon_hour":0,"end_noon_minute":0,"no_disturb_in_launch":false,"start_noon_hour":0,"start_noon_minute":0}},"spo2":{"enabled":true,"threshold":90},"support":{"heart_rate":true,"high_stress_index":false,"relaxation_prompt":false,"sedentary_reminder":true,"sleep_reminder":false,"spo2":true,"wear_detection":false}}
2026-03-29 16:56:22.501 | AlertVM | syncQueuedFeatures feature=HEART_RATE requiresSnapshot=false
2026-03-29 16:56:22.508 | AlertVM | sendUpdate feature=HEART_RATE
2026-03-29 16:56:22.511 | AlertVM | sendUpdate state={"device_address":"D8:5C:08:30:00:1E","heart_rate":{"low_enabled":false,"low_threshold":50,"resting_enabled":false,"resting_threshold":50,"workout_enabled":false,"workout_threshold":175},"pending_sync":{"heart_rate":true,"relaxation_prompt":false,"sedentary_reminder":false,"sleep_reminder":false,"spo2":false},"pressure_mode":{"relaxation_prompt_enabled":false,"stress_monitoring_enabled":false},"sedentary_reminder":{"end_hour":18,"end_minute":0,"interval":60,"repeat_count":0,"start_hour":9,"start_minute":0,"status":false},"sleep_reminder":{"hour":0,"millisecond":0,"minute":0,"second":0,"status":false},"snapshots":{"heart_rate":{"continuous_heart_rate_mode":0,"frequency":5,"mode":0},"sedentary_reminder":{"end_noon_hour":0,"end_noon_minute":0,"no_disturb_in_launch":false,"start_noon_hour":0,"start_noon_minute":0}},"spo2":{"enabled":true,"threshold":90},"support":{"heart_rate":true,"high_stress_index":false,"relaxation_prompt":false,"sedentary_reminder":true,"sleep_reminder":false,"spo2":true,"wear_detection":false}}
2026-03-29 16:56:22.515 | ZhUpdate | setHeartRateAlertSettings={"low_enabled":false,"low_threshold":50,"resting_enabled":false,"resting_threshold":50,"workout_enabled":false,"workout_threshold":175}
2026-03-29 16:56:22.517 | ZhUpdate | setHeartRateAlertSettings bean={"continuousHeartRateMode":0,"frequency":0,"isSportWarning":false,"isWarning":false,"lowWarningValue":0,"mode":0,"sportWarningValue":175,"warningValue":50}
2026-03-29 16:56:23.505 | AlertService | queryCallback type=UpdateFirmwareLogStatus
2026-03-29 16:56:23.512 | AlertVM | handleQueryCallback type=UpdateFirmwareLogStatus
2026-03-29 16:56:23.513 | AlertVM | handleQueryCallback type=Default
2026-03-29 16:56:23.779 | ZhUpdate | setHeartRateAlertSettings state=SUCCEED
2026-03-29 16:56:23.787 | AlertService | updateCallback type=HeartRateAlertUpdated
2026-03-29 16:56:23.790 | AlertService | updateCallback type=HeartRateAlertSettingsUpdated
2026-03-29 16:56:23.792 | AlertService | onAlertUpdateCompleted feature=HEART_RATE success=true
2026-03-29 16:56:23.794 | AlertService | updateCallback type=HeartRateMeasureIntervalSet
2026-03-29 16:56:23.795 | AlertVM | handleUpdateCallback type=HeartRateAlertUpdated
2026-03-29 16:56:23.797 | AlertVM | handleUpdateCallback type=HeartRateAlertSettingsUpdated
2026-03-29 16:56:23.798 | AlertVM | heartRate update success=true
2026-03-29 16:56:23.800 | AlertVM | handleScreenUpdateCompletion feature=HEART_RATE success=true
2026-03-29 16:56:23.801 | AlertVM | sendQuery feature=HEART_RATE
2026-03-29 16:56:23.802 | AlertVM | handleUpdateCallback type=HeartRateMeasureIntervalSet
2026-03-29 16:56:23.803 | ZhQuery | getHeartRateAlertSettings dispatched
2026-03-29 16:56:24.188 | AlertService | queryCallback type=UpdateFirmwareLogStatus
2026-03-29 16:56:24.190 | AlertVM | handleQueryCallback type=UpdateFirmwareLogStatus
2026-03-29 16:56:24.192 | AlertVM | handleQueryCallback type=Default
2026-03-29 16:56:24.306 | AlertVM | saveHeartRateSettings requested={"low_enabled":false,"low_threshold":50,"resting_enabled":true,"resting_threshold":50,"workout_enabled":false,"workout_threshold":175}
2026-03-29 16:56:24.308 | AlertVM | persistFeature feature=HEART_RATE connected=true
2026-03-29 16:56:24.315 | AlertVM | persistFeature state={"device_address":"D8:5C:08:30:00:1E","heart_rate":{"low_enabled":false,"low_threshold":50,"resting_enabled":true,"resting_threshold":50,"workout_enabled":false,"workout_threshold":175},"pending_sync":{"heart_rate":true,"relaxation_prompt":false,"sedentary_reminder":false,"sleep_reminder":false,"spo2":false},"pressure_mode":{"relaxation_prompt_enabled":false,"stress_monitoring_enabled":false},"sedentary_reminder":{"end_hour":18,"end_minute":0,"interval":60,"repeat_count":0,"start_hour":9,"start_minute":0,"status":false},"sleep_reminder":{"hour":0,"millisecond":0,"minute":0,"second":0,"status":false},"snapshots":{"heart_rate":{"continuous_heart_rate_mode":0,"frequency":5,"mode":0},"sedentary_reminder":{"end_noon_hour":0,"end_noon_minute":0,"no_disturb_in_launch":false,"start_noon_hour":0,"start_noon_minute":0}},"spo2":{"enabled":true,"threshold":90},"support":{"heart_rate":true,"high_stress_index":false,"relaxation_prompt":false,"sedentary_reminder":true,"sleep_reminder":false,"spo2":true,"wear_detection":false}}
2026-03-29 16:56:24.316 | AlertVM | syncQueuedFeatures skipped activePhase=VERIFY_QUERY feature=HEART_RATE
2026-03-29 16:56:24.674 | AlertService | queryCallback type=UpdateFirmwareLogStatus
2026-03-29 16:56:24.682 | AlertVM | handleQueryCallback type=UpdateFirmwareLogStatus
2026-03-29 16:56:24.684 | AlertVM | handleQueryCallback type=Default
2026-03-29 16:56:25.388 | AlertService | queryCallback type=UpdateFirmwareLogStatus
2026-03-29 16:56:25.403 | AlertVM | handleQueryCallback type=UpdateFirmwareLogStatus
2026-03-29 16:56:25.406 | AlertVM | handleQueryCallback type=Default
2026-03-29 16:56:25.559 | ZhQuery | onHeartRateMonitorResult={"continuousHeartRateMode":0,"frequency":5,"isSportWarning":false,"isWarning":false,"lowWarningValue":0,"mode":0,"sportWarningValue":0,"warningValue":220}
2026-03-29 16:56:25.565 | AlertService | queryCallback type=HeartRateAlertDataObtained
2026-03-29 16:56:25.569 | AlertService | queryCallback type=HeartRateAlertSettingsObtained
2026-03-29 16:56:25.572 | AlertService | heartRate passive query preserving pending local value
2026-03-29 16:56:25.576 | AlertService | saveAlertSettings={"device_address":"D8:5C:08:30:00:1E","heart_rate":{"low_enabled":false,"low_threshold":50,"resting_enabled":true,"resting_threshold":50,"workout_enabled":false,"workout_threshold":175},"pending_sync":{"heart_rate":true,"relaxation_prompt":false,"sedentary_reminder":false,"sleep_reminder":false,"spo2":false},"pressure_mode":{"relaxation_prompt_enabled":false,"stress_monitoring_enabled":false},"sedentary_reminder":{"end_hour":18,"end_minute":0,"interval":60,"repeat_count":0,"start_hour":9,"start_minute":0,"status":false},"sleep_reminder":{"hour":0,"millisecond":0,"minute":0,"second":0,"status":false},"snapshots":{"heart_rate":{"continuous_heart_rate_mode":0,"frequency":5,"mode":0},"sedentary_reminder":{"end_noon_hour":0,"end_noon_minute":0,"no_disturb_in_launch":false,"start_noon_hour":0,"start_noon_minute":0}},"spo2":{"enabled":true,"threshold":90},"support":{"heart_rate":true,"high_stress_index":false,"relaxation_prompt":false,"sedentary_reminder":true,"sleep_reminder":false,"spo2":true,"wear_detection":false}}
2026-03-29 16:56:25.580 | AlertService | queryCallback type=AlertFeatureSupportObtained
2026-03-29 16:56:25.584 | AlertService | saveAlertSettings={"device_address":"D8:5C:08:30:00:1E","heart_rate":{"low_enabled":false,"low_threshold":50,"resting_enabled":true,"resting_threshold":50,"workout_enabled":false,"workout_threshold":175},"pending_sync":{"heart_rate":true,"relaxation_prompt":false,"sedentary_reminder":false,"sleep_reminder":false,"spo2":false},"pressure_mode":{"relaxation_prompt_enabled":false,"stress_monitoring_enabled":false},"sedentary_reminder":{"end_hour":18,"end_minute":0,"interval":60,"repeat_count":0,"start_hour":9,"start_minute":0,"status":false},"sleep_reminder":{"hour":0,"millisecond":0,"minute":0,"second":0,"status":false},"snapshots":{"heart_rate":{"continuous_heart_rate_mode":0,"frequency":5,"mode":0},"sedentary_reminder":{"end_noon_hour":0,"end_noon_minute":0,"no_disturb_in_launch":false,"start_noon_hour":0,"start_noon_minute":0}},"spo2":{"enabled":true,"threshold":90},"support":{"heart_rate":true,"high_stress_index":false,"relaxation_prompt":false,"sedentary_reminder":true,"sleep_reminder":false,"spo2":true,"wear_detection":false}}
2026-03-29 16:56:25.586 | ZhQuery | getHeartRateAlertSettings state=SUCCEED
2026-03-29 16:56:25.588 | AlertVM | handleQueryCallback type=HeartRateAlertDataObtained
2026-03-29 16:56:25.590 | AlertVM | handleQueryCallback type=Default
2026-03-29 16:56:25.594 | AlertVM | handleQueryCallback type=HeartRateAlertSettingsObtained
2026-03-29 16:56:25.596 | AlertVM | heartRate query matchesStored=false pending=true phase=VERIFY_QUERY
2026-03-29 16:56:25.599 | AlertVM | heartRate query value={"low_enabled":false,"low_threshold":0,"resting_enabled":false,"resting_threshold":220,"workout_enabled":false,"workout_threshold":0}
2026-03-29 16:56:25.602 | AlertVM | heartRate verify mismatch preserving local value
2026-03-29 16:56:25.604 | AlertVM | handleScreenQueryCompletion feature=HEART_RATE phase=VERIFY_QUERY matchesStored=false
2026-03-29 16:56:25.606 | AlertVM | handleQueryCallback type=Default
2026-03-29 16:56:25.608 | AlertVM | handleQueryCallback type=AlertFeatureSupportObtained
2026-03-29 16:56:25.609 | AlertVM | support feature=HEART_RATE supported=true
2026-03-29 16:56:25.611 | AlertVM | handleQueryCallback type=Default
2026-03-29 16:56:26.422 | AlertService | queryCallback type=UpdateFirmwareLogStatus
2026-03-29 16:56:26.425 | AlertVM | handleQueryCallback type=UpdateFirmwareLogStatus
2026-03-29 16:56:26.428 | AlertVM | handleQueryCallback type=Default
2026-03-29 16:56:26.652 | AlertService | queryCallback type=BatteryDataObtained
2026-03-29 16:56:26.655 | AlertVM | handleQueryCallback type=BatteryDataObtained
2026-03-29 16:56:26.657 | AlertVM | handleQueryCallback type=Default
2026-03-29 16:56:27.389 | AlertService | queryCallback type=UpdateFirmwareLogStatus
2026-03-29 16:56:27.401 | AlertVM | handleQueryCallback type=UpdateFirmwareLogStatus
2026-03-29 16:56:27.404 | AlertVM | handleQueryCallback type=Default
2026-03-29 16:56:28.106 | AlertVM | saveHeartRateSettings requested={"low_enabled":false,"low_threshold":50,"resting_enabled":true,"resting_threshold":50,"workout_enabled":false,"workout_threshold":175}
2026-03-29 16:56:28.107 | AlertVM | persistFeature feature=HEART_RATE connected=true
2026-03-29 16:56:28.111 | AlertVM | persistFeature state={"device_address":"D8:5C:08:30:00:1E","heart_rate":{"low_enabled":false,"low_threshold":50,"resting_enabled":true,"resting_threshold":50,"workout_enabled":false,"workout_threshold":175},"pending_sync":{"heart_rate":true,"relaxation_prompt":false,"sedentary_reminder":false,"sleep_reminder":false,"spo2":false},"pressure_mode":{"relaxation_prompt_enabled":false,"stress_monitoring_enabled":false},"sedentary_reminder":{"end_hour":18,"end_minute":0,"interval":60,"repeat_count":0,"start_hour":9,"start_minute":0,"status":false},"sleep_reminder":{"hour":0,"millisecond":0,"minute":0,"second":0,"status":false},"snapshots":{"heart_rate":{"continuous_heart_rate_mode":0,"frequency":5,"mode":0},"sedentary_reminder":{"end_noon_hour":0,"end_noon_minute":0,"no_disturb_in_launch":false,"start_noon_hour":0,"start_noon_minute":0}},"spo2":{"enabled":true,"threshold":90},"support":{"heart_rate":true,"high_stress_index":false,"relaxation_prompt":false,"sedentary_reminder":true,"sleep_reminder":false,"spo2":true,"wear_detection":false}}
2026-03-29 16:56:28.112 | AlertVM | syncQueuedFeatures feature=HEART_RATE requiresSnapshot=false
2026-03-29 16:56:28.113 | AlertVM | sendUpdate feature=HEART_RATE
2026-03-29 16:56:28.114 | AlertVM | sendUpdate state={"device_address":"D8:5C:08:30:00:1E","heart_rate":{"low_enabled":false,"low_threshold":50,"resting_enabled":true,"resting_threshold":50,"workout_enabled":false,"workout_threshold":175},"pending_sync":{"heart_rate":true,"relaxation_prompt":false,"sedentary_reminder":false,"sleep_reminder":false,"spo2":false},"pressure_mode":{"relaxation_prompt_enabled":false,"stress_monitoring_enabled":false},"sedentary_reminder":{"end_hour":18,"end_minute":0,"interval":60,"repeat_count":0,"start_hour":9,"start_minute":0,"status":false},"sleep_reminder":{"hour":0,"millisecond":0,"minute":0,"second":0,"status":false},"snapshots":{"heart_rate":{"continuous_heart_rate_mode":0,"frequency":5,"mode":0},"sedentary_reminder":{"end_noon_hour":0,"end_noon_minute":0,"no_disturb_in_launch":false,"start_noon_hour":0,"start_noon_minute":0}},"spo2":{"enabled":true,"threshold":90},"support":{"heart_rate":true,"high_stress_index":false,"relaxation_prompt":false,"sedentary_reminder":true,"sleep_reminder":false,"spo2":true,"wear_detection":false}}
2026-03-29 16:56:28.320 | ZhUpdate | setHeartRateAlertSettings={"low_enabled":false,"low_threshold":50,"resting_enabled":true,"resting_threshold":50,"workout_enabled":false,"workout_threshold":175}
2026-03-29 16:56:28.321 | ZhUpdate | setHeartRateAlertSettings bean={"continuousHeartRateMode":0,"frequency":0,"isSportWarning":false,"isWarning":true,"lowWarningValue":0,"mode":0,"sportWarningValue":175,"warningValue":50}
2026-03-29 16:56:28.540 | AlertService | queryCallback type=UpdateFirmwareLogStatus
2026-03-29 16:56:29.009 | ZhUpdate | setHeartRateAlertSettings state=SUCCEED
2026-03-29 16:56:29.013 | AlertService | updateCallback type=HeartRateAlertUpdated
2026-03-29 16:56:29.014 | AlertService | updateCallback type=HeartRateAlertSettingsUpdated
2026-03-29 16:56:29.015 | AlertService | onAlertUpdateCompleted feature=HEART_RATE success=true
2026-03-29 16:56:29.017 | AlertService | updateCallback type=HeartRateMeasureIntervalSet
2026-03-29 16:56:29.416 | AlertService | queryCallback type=UpdateFirmwareLogStatus
2026-03-29 16:56:30.371 | AlertService | queryCallback type=UpdateFirmwareLogStatus
2026-03-29 16:56:31.344 | AlertService | queryCallback type=UpdateFirmwareLogStatus
2026-03-29 16:56:32.402 | AlertService | queryCallback type=UpdateFirmwareLogStatus
2026-03-29 16:56:33.373 | AlertService | queryCallback type=UpdateFirmwareLogStatus
2026-03-29 16:56:34.351 | AlertService | queryCallback type=UpdateFirmwareLogStatus
2026-03-29 16:56:35.435 | AlertService | queryCallback type=UpdateFirmwareLogStatus
2026-03-29 16:56:35.951 | AlertUI | BlankTestFragment alert panel initialized
2026-03-29 16:56:35.953 | AlertVM | handleQueryCallback type=Default
2026-03-29 16:56:35.955 | AlertVM | handleUpdateCallback type=HeartRateMeasureIntervalSet
2026-03-29 16:56:35.958 | AlertVM | onConnectedStateChanged state=ConnectSuccess
2026-03-29 16:56:35.960 | AlertVM | loadState={"device_address":"D8:5C:08:30:00:1E","heart_rate":{"low_enabled":false,"low_threshold":50,"resting_enabled":true,"resting_threshold":50,"workout_enabled":false,"workout_threshold":175},"pending_sync":{"heart_rate":true,"relaxation_prompt":false,"sedentary_reminder":false,"sleep_reminder":false,"spo2":false},"pressure_mode":{"relaxation_prompt_enabled":false,"stress_monitoring_enabled":false},"sedentary_reminder":{"end_hour":18,"end_minute":0,"interval":60,"repeat_count":0,"start_hour":9,"start_minute":0,"status":false},"sleep_reminder":{"hour":0,"millisecond":0,"minute":0,"second":0,"status":false},"snapshots":{"heart_rate":{"continuous_heart_rate_mode":0,"frequency":5,"mode":0},"sedentary_reminder":{"end_noon_hour":0,"end_noon_minute":0,"no_disturb_in_launch":false,"start_noon_hour":0,"start_noon_minute":0}},"spo2":{"enabled":true,"threshold":90},"support":{"heart_rate":true,"high_stress_index":false,"relaxation_prompt":false,"sedentary_reminder":true,"sleep_reminder":false,"spo2":true,"wear_detection":false}}
2026-03-29 16:56:35.962 | AlertVM | syncQueuedFeatures feature=HEART_RATE requiresSnapshot=false
2026-03-29 16:56:35.965 | AlertVM | sendUpdate feature=HEART_RATE
2026-03-29 16:56:35.966 | AlertVM | sendUpdate state={"device_address":"D8:5C:08:30:00:1E","heart_rate":{"low_enabled":false,"low_threshold":50,"resting_enabled":true,"resting_threshold":50,"workout_enabled":false,"workout_threshold":175},"pending_sync":{"heart_rate":true,"relaxation_prompt":false,"sedentary_reminder":false,"sleep_reminder":false,"spo2":false},"pressure_mode":{"relaxation_prompt_enabled":false,"stress_monitoring_enabled":false},"sedentary_reminder":{"end_hour":18,"end_minute":0,"interval":60,"repeat_count":0,"start_hour":9,"start_minute":0,"status":false},"sleep_reminder":{"hour":0,"millisecond":0,"minute":0,"second":0,"status":false},"snapshots":{"heart_rate":{"continuous_heart_rate_mode":0,"frequency":5,"mode":0},"sedentary_reminder":{"end_noon_hour":0,"end_noon_minute":0,"no_disturb_in_launch":false,"start_noon_hour":0,"start_noon_minute":0}},"spo2":{"enabled":true,"threshold":90},"support":{"heart_rate":true,"high_stress_index":false,"relaxation_prompt":false,"sedentary_reminder":true,"sleep_reminder":false,"spo2":true,"wear_detection":false}}
2026-03-29 16:56:36.032 | AlertVM | syncQueuedFeatures skipped activePhase=UPDATE_SENT feature=HEART_RATE
2026-03-29 16:56:36.035 | ZhUpdate | setHeartRateAlertSettings={"low_enabled":false,"low_threshold":50,"resting_enabled":true,"resting_threshold":50,"workout_enabled":false,"workout_threshold":175}
2026-03-29 16:56:36.044 | ZhUpdate | setHeartRateAlertSettings bean={"continuousHeartRateMode":0,"frequency":0,"isSportWarning":false,"isWarning":true,"lowWarningValue":0,"mode":0,"sportWarningValue":175,"warningValue":50}
2026-03-29 16:56:36.458 | AlertService | queryCallback type=UpdateFirmwareLogStatus
2026-03-29 16:56:36.473 | AlertVM | handleQueryCallback type=UpdateFirmwareLogStatus
2026-03-29 16:56:36.476 | AlertVM | handleQueryCallback type=Default
2026-03-29 16:56:36.900 | AlertService | queryCallback type=BatteryDataObtained
2026-03-29 16:56:36.902 | AlertVM | handleQueryCallback type=BatteryDataObtained
2026-03-29 16:56:36.904 | AlertVM | handleQueryCallback type=Default
2026-03-29 16:56:37.428 | AlertService | queryCallback type=UpdateFirmwareLogStatus
2026-03-29 16:56:37.440 | AlertVM | handleQueryCallback type=UpdateFirmwareLogStatus
2026-03-29 16:56:37.443 | AlertVM | handleQueryCallback type=Default
2026-03-29 16:56:38.390 | AlertService | queryCallback type=UpdateFirmwareLogStatus
2026-03-29 16:56:38.399 | AlertVM | handleQueryCallback type=UpdateFirmwareLogStatus
2026-03-29 16:56:38.400 | AlertVM | handleQueryCallback type=Default
2026-03-29 16:56:38.679 | ZhUpdate | setHeartRateAlertSettings state=SUCCEED
2026-03-29 16:56:38.680 | AlertService | updateCallback type=HeartRateAlertUpdated
2026-03-29 16:56:38.681 | AlertService | updateCallback type=HeartRateAlertSettingsUpdated
2026-03-29 16:56:38.687 | AlertService | onAlertUpdateCompleted feature=HEART_RATE success=true
2026-03-29 16:56:38.688 | AlertService | updateCallback type=HeartRateMeasureIntervalSet
2026-03-29 16:56:38.689 | AlertVM | handleUpdateCallback type=HeartRateAlertUpdated
2026-03-29 16:56:38.690 | AlertVM | handleUpdateCallback type=HeartRateAlertSettingsUpdated
2026-03-29 16:56:38.692 | AlertVM | heartRate update success=true
2026-03-29 16:56:38.693 | AlertVM | handleScreenUpdateCompletion feature=HEART_RATE success=true
2026-03-29 16:56:38.695 | AlertVM | sendQuery feature=HEART_RATE
2026-03-29 16:56:38.696 | AlertVM | handleUpdateCallback type=HeartRateMeasureIntervalSet
2026-03-29 16:56:38.698 | ZhQuery | getHeartRateAlertSettings dispatched
2026-03-29 16:56:39.399 | AlertService | queryCallback type=UpdateFirmwareLogStatus
2026-03-29 16:56:39.406 | AlertVM | handleQueryCallback type=UpdateFirmwareLogStatus
2026-03-29 16:56:39.407 | AlertVM | handleQueryCallback type=Default
2026-03-29 16:56:39.728 | ZhQuery | onHeartRateMonitorResult={"continuousHeartRateMode":0,"frequency":5,"isSportWarning":false,"isWarning":false,"lowWarningValue":0,"mode":0,"sportWarningValue":0,"warningValue":220}
2026-03-29 16:56:39.750 | AlertService | queryCallback type=HeartRateAlertDataObtained
2026-03-29 16:56:39.760 | AlertService | queryCallback type=HeartRateAlertSettingsObtained
2026-03-29 16:56:39.762 | AlertService | heartRate passive query preserving pending local value
2026-03-29 16:56:39.770 | AlertService | saveAlertSettings={"device_address":"D8:5C:08:30:00:1E","heart_rate":{"low_enabled":false,"low_threshold":50,"resting_enabled":true,"resting_threshold":50,"workout_enabled":false,"workout_threshold":175},"pending_sync":{"heart_rate":true,"relaxation_prompt":false,"sedentary_reminder":false,"sleep_reminder":false,"spo2":false},"pressure_mode":{"relaxation_prompt_enabled":false,"stress_monitoring_enabled":false},"sedentary_reminder":{"end_hour":18,"end_minute":0,"interval":60,"repeat_count":0,"start_hour":9,"start_minute":0,"status":false},"sleep_reminder":{"hour":0,"millisecond":0,"minute":0,"second":0,"status":false},"snapshots":{"heart_rate":{"continuous_heart_rate_mode":0,"frequency":5,"mode":0},"sedentary_reminder":{"end_noon_hour":0,"end_noon_minute":0,"no_disturb_in_launch":false,"start_noon_hour":0,"start_noon_minute":0}},"spo2":{"enabled":true,"threshold":90},"support":{"heart_rate":true,"high_stress_index":false,"relaxation_prompt":false,"sedentary_reminder":true,"sleep_reminder":false,"spo2":true,"wear_detection":false}}
2026-03-29 16:56:39.772 | AlertService | queryCallback type=AlertFeatureSupportObtained
2026-03-29 16:56:39.775 | AlertService | saveAlertSettings={"device_address":"D8:5C:08:30:00:1E","heart_rate":{"low_enabled":false,"low_threshold":50,"resting_enabled":true,"resting_threshold":50,"workout_enabled":false,"workout_threshold":175},"pending_sync":{"heart_rate":true,"relaxation_prompt":false,"sedentary_reminder":false,"sleep_reminder":false,"spo2":false},"pressure_mode":{"relaxation_prompt_enabled":false,"stress_monitoring_enabled":false},"sedentary_reminder":{"end_hour":18,"end_minute":0,"interval":60,"repeat_count":0,"start_hour":9,"start_minute":0,"status":false},"sleep_reminder":{"hour":0,"millisecond":0,"minute":0,"second":0,"status":false},"snapshots":{"heart_rate":{"continuous_heart_rate_mode":0,"frequency":5,"mode":0},"sedentary_reminder":{"end_noon_hour":0,"end_noon_minute":0,"no_disturb_in_launch":false,"start_noon_hour":0,"start_noon_minute":0}},"spo2":{"enabled":true,"threshold":90},"support":{"heart_rate":true,"high_stress_index":false,"relaxation_prompt":false,"sedentary_reminder":true,"sleep_reminder":false,"spo2":true,"wear_detection":false}}
2026-03-29 16:56:39.779 | ZhQuery | getHeartRateAlertSettings state=SUCCEED
2026-03-29 16:56:39.787 | AlertVM | handleQueryCallback type=HeartRateAlertDataObtained
2026-03-29 16:56:39.789 | AlertVM | handleQueryCallback type=Default
2026-03-29 16:56:39.791 | AlertVM | handleQueryCallback type=HeartRateAlertSettingsObtained
2026-03-29 16:56:39.793 | AlertVM | heartRate query matchesStored=false pending=true phase=VERIFY_QUERY
2026-03-29 16:56:39.794 | AlertVM | heartRate query value={"low_enabled":false,"low_threshold":0,"resting_enabled":false,"resting_threshold":220,"workout_enabled":false,"workout_threshold":0}
2026-03-29 16:56:39.795 | AlertVM | heartRate verify mismatch preserving local value
2026-03-29 16:56:39.797 | AlertVM | handleScreenQueryCompletion feature=HEART_RATE phase=VERIFY_QUERY matchesStored=false
2026-03-29 16:56:39.798 | AlertVM | handleQueryCallback type=Default
2026-03-29 16:56:39.800 | AlertVM | handleQueryCallback type=AlertFeatureSupportObtained
2026-03-29 16:56:39.801 | AlertVM | support feature=HEART_RATE supported=true
2026-03-29 16:56:39.803 | AlertVM | handleQueryCallback type=Default
2026-03-29 16:56:40.358 | AlertService | queryCallback type=UpdateFirmwareLogStatus
2026-03-29 16:56:40.364 | AlertVM | handleQueryCallback type=UpdateFirmwareLogStatus
2026-03-29 16:56:40.366 | AlertVM | handleQueryCallback type=Default
2026-03-29 16:56:41.345 | AlertService | queryCallback type=UpdateFirmwareLogStatus
2026-03-29 16:56:41.348 | AlertVM | handleQueryCallback type=UpdateFirmwareLogStatus
2026-03-29 16:56:41.350 | AlertVM | handleQueryCallback type=Default
2026-03-29 16:56:42.517 | AlertService | queryCallback type=UpdateFirmwareLogStatus
2026-03-29 16:56:42.519 | AlertVM | handleQueryCallback type=UpdateFirmwareLogStatus
2026-03-29 16:56:42.523 | AlertVM | handleQueryCallback type=Default
2026-03-29 16:56:43.425 | AlertService | queryCallback type=UpdateFirmwareLogStatus
2026-03-29 16:56:43.429 | AlertVM | handleQueryCallback type=UpdateFirmwareLogStatus
2026-03-29 16:56:43.431 | AlertVM | handleQueryCallback type=Default
2026-03-29 16:56:43.433 | AlertVM | saveHeartRateSettings requested={"low_enabled":false,"low_threshold":50,"resting_enabled":true,"resting_threshold":70,"workout_enabled":false,"workout_threshold":175}
2026-03-29 16:56:43.434 | AlertVM | persistFeature feature=HEART_RATE connected=true
2026-03-29 16:56:43.436 | AlertVM | persistFeature state={"device_address":"D8:5C:08:30:00:1E","heart_rate":{"low_enabled":false,"low_threshold":50,"resting_enabled":true,"resting_threshold":70,"workout_enabled":false,"workout_threshold":175},"pending_sync":{"heart_rate":true,"relaxation_prompt":false,"sedentary_reminder":false,"sleep_reminder":false,"spo2":false},"pressure_mode":{"relaxation_prompt_enabled":false,"stress_monitoring_enabled":false},"sedentary_reminder":{"end_hour":18,"end_minute":0,"interval":60,"repeat_count":0,"start_hour":9,"start_minute":0,"status":false},"sleep_reminder":{"hour":0,"millisecond":0,"minute":0,"second":0,"status":false},"snapshots":{"heart_rate":{"continuous_heart_rate_mode":0,"frequency":5,"mode":0},"sedentary_reminder":{"end_noon_hour":0,"end_noon_minute":0,"no_disturb_in_launch":false,"start_noon_hour":0,"start_noon_minute":0}},"spo2":{"enabled":true,"threshold":90},"support":{"heart_rate":true,"high_stress_index":false,"relaxation_prompt":false,"sedentary_reminder":true,"sleep_reminder":false,"spo2":true,"wear_detection":false}}
2026-03-29 16:56:43.442 | AlertVM | syncQueuedFeatures feature=HEART_RATE requiresSnapshot=false
2026-03-29 16:56:43.445 | AlertVM | sendUpdate feature=HEART_RATE
2026-03-29 16:56:43.447 | AlertVM | sendUpdate state={"device_address":"D8:5C:08:30:00:1E","heart_rate":{"low_enabled":false,"low_threshold":50,"resting_enabled":true,"resting_threshold":70,"workout_enabled":false,"workout_threshold":175},"pending_sync":{"heart_rate":true,"relaxation_prompt":false,"sedentary_reminder":false,"sleep_reminder":false,"spo2":false},"pressure_mode":{"relaxation_prompt_enabled":false,"stress_monitoring_enabled":false},"sedentary_reminder":{"end_hour":18,"end_minute":0,"interval":60,"repeat_count":0,"start_hour":9,"start_minute":0,"status":false},"sleep_reminder":{"hour":0,"millisecond":0,"minute":0,"second":0,"status":false},"snapshots":{"heart_rate":{"continuous_heart_rate_mode":0,"frequency":5,"mode":0},"sedentary_reminder":{"end_noon_hour":0,"end_noon_minute":0,"no_disturb_in_launch":false,"start_noon_hour":0,"start_noon_minute":0}},"spo2":{"enabled":true,"threshold":90},"support":{"heart_rate":true,"high_stress_index":false,"relaxation_prompt":false,"sedentary_reminder":true,"sleep_reminder":false,"spo2":true,"wear_detection":false}}
2026-03-29 16:56:43.450 | ZhUpdate | setHeartRateAlertSettings={"low_enabled":false,"low_threshold":50,"resting_enabled":true,"resting_threshold":70,"workout_enabled":false,"workout_threshold":175}
2026-03-29 16:56:43.460 | ZhUpdate | setHeartRateAlertSettings bean={"continuousHeartRateMode":0,"frequency":0,"isSportWarning":false,"isWarning":true,"lowWarningValue":0,"mode":0,"sportWarningValue":175,"warningValue":70}
2026-03-29 16:56:44.363 | AlertService | queryCallback type=UpdateFirmwareLogStatus
2026-03-29 16:56:44.380 | AlertVM | handleQueryCallback type=UpdateFirmwareLogStatus
2026-03-29 16:56:44.383 | AlertVM | handleQueryCallback type=Default
2026-03-29 16:56:44.667 | ZhUpdate | setHeartRateAlertSettings state=SUCCEED
2026-03-29 16:56:44.675 | AlertService | updateCallback type=HeartRateAlertUpdated
2026-03-29 16:56:44.683 | AlertService | updateCallback type=HeartRateAlertSettingsUpdated
2026-03-29 16:56:44.686 | AlertService | onAlertUpdateCompleted feature=HEART_RATE success=true
2026-03-29 16:56:44.689 | AlertService | updateCallback type=HeartRateMeasureIntervalSet
2026-03-29 16:56:44.693 | AlertVM | handleUpdateCallback type=HeartRateAlertUpdated
2026-03-29 16:56:44.696 | AlertVM | handleUpdateCallback type=HeartRateAlertSettingsUpdated
2026-03-29 16:56:44.698 | AlertVM | heartRate update success=true
2026-03-29 16:56:44.700 | AlertVM | handleScreenUpdateCompletion feature=HEART_RATE success=true
2026-03-29 16:56:44.701 | AlertVM | sendQuery feature=HEART_RATE
2026-03-29 16:56:44.703 | AlertVM | handleUpdateCallback type=HeartRateMeasureIntervalSet
2026-03-29 16:56:44.704 | ZhQuery | getHeartRateAlertSettings dispatched
2026-03-29 16:56:45.328 | AlertService | queryCallback type=UpdateFirmwareLogStatus
2026-03-29 16:56:45.334 | AlertVM | handleQueryCallback type=UpdateFirmwareLogStatus
2026-03-29 16:56:45.337 | AlertVM | handleQueryCallback type=Default
2026-03-29 16:56:45.835 | ZhQuery | onHeartRateMonitorResult={"continuousHeartRateMode":0,"frequency":5,"isSportWarning":false,"isWarning":false,"lowWarningValue":0,"mode":0,"sportWarningValue":0,"warningValue":220}
2026-03-29 16:56:45.838 | AlertService | queryCallback type=HeartRateAlertDataObtained
2026-03-29 16:56:45.840 | AlertService | queryCallback type=HeartRateAlertSettingsObtained
2026-03-29 16:56:45.849 | AlertService | heartRate passive query preserving pending local value
2026-03-29 16:56:45.861 | AlertService | saveAlertSettings={"device_address":"D8:5C:08:30:00:1E","heart_rate":{"low_enabled":false,"low_threshold":50,"resting_enabled":true,"resting_threshold":70,"workout_enabled":false,"workout_threshold":175},"pending_sync":{"heart_rate":true,"relaxation_prompt":false,"sedentary_reminder":false,"sleep_reminder":false,"spo2":false},"pressure_mode":{"relaxation_prompt_enabled":false,"stress_monitoring_enabled":false},"sedentary_reminder":{"end_hour":18,"end_minute":0,"interval":60,"repeat_count":0,"start_hour":9,"start_minute":0,"status":false},"sleep_reminder":{"hour":0,"millisecond":0,"minute":0,"second":0,"status":false},"snapshots":{"heart_rate":{"continuous_heart_rate_mode":0,"frequency":5,"mode":0},"sedentary_reminder":{"end_noon_hour":0,"end_noon_minute":0,"no_disturb_in_launch":false,"start_noon_hour":0,"start_noon_minute":0}},"spo2":{"enabled":true,"threshold":90},"support":{"heart_rate":true,"high_stress_index":false,"relaxation_prompt":false,"sedentary_reminder":true,"sleep_reminder":false,"spo2":true,"wear_detection":false}}
2026-03-29 16:56:45.863 | AlertService | queryCallback type=AlertFeatureSupportObtained
2026-03-29 16:56:45.866 | AlertService | saveAlertSettings={"device_address":"D8:5C:08:30:00:1E","heart_rate":{"low_enabled":false,"low_threshold":50,"resting_enabled":true,"resting_threshold":70,"workout_enabled":false,"workout_threshold":175},"pending_sync":{"heart_rate":true,"relaxation_prompt":false,"sedentary_reminder":false,"sleep_reminder":false,"spo2":false},"pressure_mode":{"relaxation_prompt_enabled":false,"stress_monitoring_enabled":false},"sedentary_reminder":{"end_hour":18,"end_minute":0,"interval":60,"repeat_count":0,"start_hour":9,"start_minute":0,"status":false},"sleep_reminder":{"hour":0,"millisecond":0,"minute":0,"second":0,"status":false},"snapshots":{"heart_rate":{"continuous_heart_rate_mode":0,"frequency":5,"mode":0},"sedentary_reminder":{"end_noon_hour":0,"end_noon_minute":0,"no_disturb_in_launch":false,"start_noon_hour":0,"start_noon_minute":0}},"spo2":{"enabled":true,"threshold":90},"support":{"heart_rate":true,"high_stress_index":false,"relaxation_prompt":false,"sedentary_reminder":true,"sleep_reminder":false,"spo2":true,"wear_detection":false}}
2026-03-29 16:56:45.867 | ZhQuery | getHeartRateAlertSettings state=SUCCEED
2026-03-29 16:56:45.869 | AlertVM | handleQueryCallback type=HeartRateAlertDataObtained
2026-03-29 16:56:45.871 | AlertVM | handleQueryCallback type=Default
2026-03-29 16:56:45.872 | AlertVM | handleQueryCallback type=HeartRateAlertSettingsObtained
2026-03-29 16:56:45.873 | AlertVM | heartRate query matchesStored=false pending=true phase=VERIFY_QUERY
2026-03-29 16:56:45.875 | AlertVM | heartRate query value={"low_enabled":false,"low_threshold":0,"resting_enabled":false,"resting_threshold":220,"workout_enabled":false,"workout_threshold":0}
2026-03-29 16:56:45.876 | AlertVM | heartRate verify mismatch preserving local value
2026-03-29 16:56:45.878 | AlertVM | handleScreenQueryCompletion feature=HEART_RATE phase=VERIFY_QUERY matchesStored=false
2026-03-29 16:56:45.880 | AlertVM | handleQueryCallback type=Default
2026-03-29 16:56:45.881 | AlertVM | handleQueryCallback type=AlertFeatureSupportObtained
2026-03-29 16:56:45.883 | AlertVM | support feature=HEART_RATE supported=true
2026-03-29 16:56:45.884 | AlertVM | handleQueryCallback type=Default
2026-03-29 16:56:46.440 | AlertService | queryCallback type=UpdateFirmwareLogStatus
2026-03-29 16:56:46.445 | AlertVM | handleQueryCallback type=UpdateFirmwareLogStatus
2026-03-29 16:56:46.447 | AlertVM | handleQueryCallback type=Default
2026-03-29 16:56:46.653 | AlertService | queryCallback type=BatteryDataObtained
2026-03-29 16:56:46.658 | AlertVM | handleQueryCallback type=BatteryDataObtained
2026-03-29 16:56:46.660 | AlertVM | handleQueryCallback type=Default
2026-03-29 16:56:47.428 | AlertService | queryCallback type=UpdateFirmwareLogStatus
2026-03-29 16:56:47.440 | AlertVM | handleQueryCallback type=UpdateFirmwareLogStatus
2026-03-29 16:56:47.443 | AlertVM | handleQueryCallback type=Default
2026-03-29 16:56:48.333 | AlertService | queryCallback type=UpdateFirmwareLogStatus
2026-03-29 16:56:48.345 | AlertVM | handleQueryCallback type=UpdateFirmwareLogStatus
2026-03-29 16:56:48.348 | AlertVM | handleQueryCallback type=Default
2026-03-29 16:56:49.544 | AlertService | queryCallback type=UpdateFirmwareLogStatus
2026-03-29 16:56:49.545 | AlertVM | handleQueryCallback type=UpdateFirmwareLogStatus
2026-03-29 16:56:49.546 | AlertVM | handleQueryCallback type=Default
2026-03-29 16:56:50.532 | AlertService | queryCallback type=UpdateFirmwareLogStatus
2026-03-29 16:56:50.547 | AlertVM | handleQueryCallback type=UpdateFirmwareLogStatus
2026-03-29 16:56:50.549 | AlertVM | handleQueryCallback type=Default
2026-03-29 16:56:52.105 | AlertService | queryCallback type=UpdateFirmwareLogStatus
2026-03-29 16:56:52.109 | AlertVM | handleQueryCallback type=UpdateFirmwareLogStatus
2026-03-29 16:56:52.111 | AlertVM | handleQueryCallback type=Default
2026-03-29 16:56:52.535 | AlertService | queryCallback type=UpdateFirmwareLogStatus
2026-03-29 16:56:52.540 | AlertVM | handleQueryCallback type=UpdateFirmwareLogStatus
2026-03-29 16:56:52.541 | AlertVM | handleQueryCallback type=Default
2026-03-29 16:56:53.040 | AlertService | queryCallback type=UpdateFirmwareLogStatus
2026-03-29 16:56:53.049 | AlertVM | handleQueryCallback type=UpdateFirmwareLogStatus
2026-03-29 16:56:53.050 | AlertVM | handleQueryCallback type=Default
2026-03-29 16:56:53.969 | AlertService | queryCallback type=UpdateFirmwareLogStatus
2026-03-29 16:56:53.982 | AlertVM | handleQueryCallback type=UpdateFirmwareLogStatus
2026-03-29 16:56:53.985 | AlertVM | handleQueryCallback type=Default
2026-03-29 16:56:54.395 | AlertVM | saveHeartRateSettings requested={"low_enabled":false,"low_threshold":50,"resting_enabled":true,"resting_threshold":70,"workout_enabled":false,"workout_threshold":175}
2026-03-29 16:56:54.400 | AlertVM | persistFeature feature=HEART_RATE connected=true
2026-03-29 16:56:54.404 | AlertVM | persistFeature state={"device_address":"D8:5C:08:30:00:1E","heart_rate":{"low_enabled":false,"low_threshold":50,"resting_enabled":true,"resting_threshold":70,"workout_enabled":false,"workout_threshold":175},"pending_sync":{"heart_rate":true,"relaxation_prompt":false,"sedentary_reminder":false,"sleep_reminder":false,"spo2":false},"pressure_mode":{"relaxation_prompt_enabled":false,"stress_monitoring_enabled":false},"sedentary_reminder":{"end_hour":18,"end_minute":0,"interval":60,"repeat_count":0,"start_hour":9,"start_minute":0,"status":false},"sleep_reminder":{"hour":0,"millisecond":0,"minute":0,"second":0,"status":false},"snapshots":{"heart_rate":{"continuous_heart_rate_mode":0,"frequency":5,"mode":0},"sedentary_reminder":{"end_noon_hour":0,"end_noon_minute":0,"no_disturb_in_launch":false,"start_noon_hour":0,"start_noon_minute":0}},"spo2":{"enabled":true,"threshold":90},"support":{"heart_rate":true,"high_stress_index":false,"relaxation_prompt":false,"sedentary_reminder":true,"sleep_reminder":false,"spo2":true,"wear_detection":false}}
2026-03-29 16:56:54.408 | AlertVM | syncQueuedFeatures feature=HEART_RATE requiresSnapshot=false
2026-03-29 16:56:54.413 | AlertVM | sendUpdate feature=HEART_RATE
2026-03-29 16:56:54.416 | AlertVM | sendUpdate state={"device_address":"D8:5C:08:30:00:1E","heart_rate":{"low_enabled":false,"low_threshold":50,"resting_enabled":true,"resting_threshold":70,"workout_enabled":false,"workout_threshold":175},"pending_sync":{"heart_rate":true,"relaxation_prompt":false,"sedentary_reminder":false,"sleep_reminder":false,"spo2":false},"pressure_mode":{"relaxation_prompt_enabled":false,"stress_monitoring_enabled":false},"sedentary_reminder":{"end_hour":18,"end_minute":0,"interval":60,"repeat_count":0,"start_hour":9,"start_minute":0,"status":false},"sleep_reminder":{"hour":0,"millisecond":0,"minute":0,"second":0,"status":false},"snapshots":{"heart_rate":{"continuous_heart_rate_mode":0,"frequency":5,"mode":0},"sedentary_reminder":{"end_noon_hour":0,"end_noon_minute":0,"no_disturb_in_launch":false,"start_noon_hour":0,"start_noon_minute":0}},"spo2":{"enabled":true,"threshold":90},"support":{"heart_rate":true,"high_stress_index":false,"relaxation_prompt":false,"sedentary_reminder":true,"sleep_reminder":false,"spo2":true,"wear_detection":false}}
2026-03-29 16:56:54.437 | ZhUpdate | setHeartRateAlertSettings={"low_enabled":false,"low_threshold":50,"resting_enabled":true,"resting_threshold":70,"workout_enabled":false,"workout_threshold":175}
2026-03-29 16:56:54.449 | ZhUpdate | setHeartRateAlertSettings bean={"continuousHeartRateMode":0,"frequency":0,"isSportWarning":false,"isWarning":true,"lowWarningValue":0,"mode":0,"sportWarningValue":175,"warningValue":70}
2026-03-29 16:56:54.746 | ZhUpdate | setHeartRateAlertSettings state=SUCCEED
2026-03-29 16:56:54.748 | AlertService | updateCallback type=HeartRateAlertUpdated
2026-03-29 16:56:54.755 | AlertService | updateCallback type=HeartRateAlertSettingsUpdated
2026-03-29 16:56:54.761 | AlertService | onAlertUpdateCompleted feature=HEART_RATE success=true
2026-03-29 16:56:54.762 | AlertService | updateCallback type=HeartRateMeasureIntervalSet
2026-03-29 16:56:54.764 | AlertVM | handleUpdateCallback type=HeartRateAlertUpdated
2026-03-29 16:56:54.766 | AlertVM | handleUpdateCallback type=HeartRateAlertSettingsUpdated
2026-03-29 16:56:54.768 | AlertVM | heartRate update success=true
2026-03-29 16:56:54.769 | AlertVM | handleScreenUpdateCompletion feature=HEART_RATE success=true
2026-03-29 16:56:54.771 | AlertVM | sendQuery feature=HEART_RATE
2026-03-29 16:56:54.772 | AlertVM | handleUpdateCallback type=HeartRateMeasureIntervalSet
2026-03-29 16:56:54.773 | ZhQuery | getHeartRateAlertSettings dispatched
2026-03-29 16:56:55.040 | AlertService | queryCallback type=UpdateFirmwareLogStatus
2026-03-29 16:56:55.046 | AlertVM | handleQueryCallback type=UpdateFirmwareLogStatus
2026-03-29 16:56:55.048 | AlertVM | handleQueryCallback type=Default
2026-03-29 16:56:55.324 | ZhQuery | onHeartRateMonitorResult={"continuousHeartRateMode":0,"frequency":5,"isSportWarning":false,"isWarning":false,"lowWarningValue":0,"mode":0,"sportWarningValue":0,"warningValue":220}
2026-03-29 16:56:55.326 | AlertService | queryCallback type=HeartRateAlertDataObtained
2026-03-29 16:56:55.327 | AlertService | queryCallback type=HeartRateAlertSettingsObtained
2026-03-29 16:56:55.333 | AlertService | heartRate passive query preserving pending local value
2026-03-29 16:56:55.335 | AlertService | saveAlertSettings={"device_address":"D8:5C:08:30:00:1E","heart_rate":{"low_enabled":false,"low_threshold":50,"resting_enabled":true,"resting_threshold":70,"workout_enabled":false,"workout_threshold":175},"pending_sync":{"heart_rate":true,"relaxation_prompt":false,"sedentary_reminder":false,"sleep_reminder":false,"spo2":false},"pressure_mode":{"relaxation_prompt_enabled":false,"stress_monitoring_enabled":false},"sedentary_reminder":{"end_hour":18,"end_minute":0,"interval":60,"repeat_count":0,"start_hour":9,"start_minute":0,"status":false},"sleep_reminder":{"hour":0,"millisecond":0,"minute":0,"second":0,"status":false},"snapshots":{"heart_rate":{"continuous_heart_rate_mode":0,"frequency":5,"mode":0},"sedentary_reminder":{"end_noon_hour":0,"end_noon_minute":0,"no_disturb_in_launch":false,"start_noon_hour":0,"start_noon_minute":0}},"spo2":{"enabled":true,"threshold":90},"support":{"heart_rate":true,"high_stress_index":false,"relaxation_prompt":false,"sedentary_reminder":true,"sleep_reminder":false,"spo2":true,"wear_detection":false}}
2026-03-29 16:56:55.337 | AlertService | queryCallback type=AlertFeatureSupportObtained
2026-03-29 16:56:55.339 | AlertService | saveAlertSettings={"device_address":"D8:5C:08:30:00:1E","heart_rate":{"low_enabled":false,"low_threshold":50,"resting_enabled":true,"resting_threshold":70,"workout_enabled":false,"workout_threshold":175},"pending_sync":{"heart_rate":true,"relaxation_prompt":false,"sedentary_reminder":false,"sleep_reminder":false,"spo2":false},"pressure_mode":{"relaxation_prompt_enabled":false,"stress_monitoring_enabled":false},"sedentary_reminder":{"end_hour":18,"end_minute":0,"interval":60,"repeat_count":0,"start_hour":9,"start_minute":0,"status":false},"sleep_reminder":{"hour":0,"millisecond":0,"minute":0,"second":0,"status":false},"snapshots":{"heart_rate":{"continuous_heart_rate_mode":0,"frequency":5,"mode":0},"sedentary_reminder":{"end_noon_hour":0,"end_noon_minute":0,"no_disturb_in_launch":false,"start_noon_hour":0,"start_noon_minute":0}},"spo2":{"enabled":true,"threshold":90},"support":{"heart_rate":true,"high_stress_index":false,"relaxation_prompt":false,"sedentary_reminder":true,"sleep_reminder":false,"spo2":true,"wear_detection":false}}
2026-03-29 16:56:55.340 | ZhQuery | getHeartRateAlertSettings state=SUCCEED
2026-03-29 16:56:55.341 | AlertVM | handleQueryCallback type=HeartRateAlertDataObtained
2026-03-29 16:56:55.343 | AlertVM | handleQueryCallback type=Default
2026-03-29 16:56:55.344 | AlertVM | handleQueryCallback type=HeartRateAlertSettingsObtained
2026-03-29 16:56:55.345 | AlertVM | heartRate query matchesStored=false pending=true phase=VERIFY_QUERY
2026-03-29 16:56:55.347 | AlertVM | heartRate query value={"low_enabled":false,"low_threshold":0,"resting_enabled":false,"resting_threshold":220,"workout_enabled":false,"workout_threshold":0}
2026-03-29 16:56:55.348 | AlertVM | heartRate verify mismatch preserving local value
2026-03-29 16:56:55.349 | AlertVM | handleScreenQueryCompletion feature=HEART_RATE phase=VERIFY_QUERY matchesStored=false
2026-03-29 16:56:55.350 | AlertVM | handleQueryCallback type=Default
2026-03-29 16:56:55.353 | AlertVM | handleQueryCallback type=AlertFeatureSupportObtained
2026-03-29 16:56:55.355 | AlertVM | support feature=HEART_RATE supported=true
2026-03-29 16:56:55.356 | AlertVM | handleQueryCallback type=Default
2026-03-29 16:56:55.926 | AlertService | queryCallback type=UpdateFirmwareLogStatus
2026-03-29 16:56:55.932 | AlertVM | handleQueryCallback type=UpdateFirmwareLogStatus
2026-03-29 16:56:55.933 | AlertVM | handleQueryCallback type=Default
2026-03-29 16:56:55.956 | AlertVM | saveSpo2Settings requested={"enabled":true,"threshold":99}
2026-03-29 16:56:55.958 | AlertVM | persistFeature feature=SPO2 connected=true
2026-03-29 16:56:55.960 | AlertVM | persistFeature state={"device_address":"D8:5C:08:30:00:1E","heart_rate":{"low_enabled":false,"low_threshold":50,"resting_enabled":true,"resting_threshold":70,"workout_enabled":false,"workout_threshold":175},"pending_sync":{"heart_rate":true,"relaxation_prompt":false,"sedentary_reminder":false,"sleep_reminder":false,"spo2":true},"pressure_mode":{"relaxation_prompt_enabled":false,"stress_monitoring_enabled":false},"sedentary_reminder":{"end_hour":18,"end_minute":0,"interval":60,"repeat_count":0,"start_hour":9,"start_minute":0,"status":false},"sleep_reminder":{"hour":0,"millisecond":0,"minute":0,"second":0,"status":false},"snapshots":{"heart_rate":{"continuous_heart_rate_mode":0,"frequency":5,"mode":0},"sedentary_reminder":{"end_noon_hour":0,"end_noon_minute":0,"no_disturb_in_launch":false,"start_noon_hour":0,"start_noon_minute":0}},"spo2":{"enabled":true,"threshold":99},"support":{"heart_rate":true,"high_stress_index":false,"relaxation_prompt":false,"sedentary_reminder":true,"sleep_reminder":false,"spo2":true,"wear_detection":false}}
2026-03-29 16:56:55.972 | AlertVM | syncQueuedFeatures feature=SPO2 requiresSnapshot=false
2026-03-29 16:56:55.975 | AlertVM | sendUpdate feature=SPO2
2026-03-29 16:56:55.976 | AlertVM | sendUpdate state={"device_address":"D8:5C:08:30:00:1E","heart_rate":{"low_enabled":false,"low_threshold":50,"resting_enabled":true,"resting_threshold":70,"workout_enabled":false,"workout_threshold":175},"pending_sync":{"heart_rate":true,"relaxation_prompt":false,"sedentary_reminder":false,"sleep_reminder":false,"spo2":true},"pressure_mode":{"relaxation_prompt_enabled":false,"stress_monitoring_enabled":false},"sedentary_reminder":{"end_hour":18,"end_minute":0,"interval":60,"repeat_count":0,"start_hour":9,"start_minute":0,"status":false},"sleep_reminder":{"hour":0,"millisecond":0,"minute":0,"second":0,"status":false},"snapshots":{"heart_rate":{"continuous_heart_rate_mode":0,"frequency":5,"mode":0},"sedentary_reminder":{"end_noon_hour":0,"end_noon_minute":0,"no_disturb_in_launch":false,"start_noon_hour":0,"start_noon_minute":0}},"spo2":{"enabled":true,"threshold":99},"support":{"heart_rate":true,"high_stress_index":false,"relaxation_prompt":false,"sedentary_reminder":true,"sleep_reminder":false,"spo2":true,"wear_detection":false}}
2026-03-29 16:56:55.978 | ZhUpdate | setSpo2AlertSettings={"enabled":true,"threshold":99}
2026-03-29 16:56:56.271 | ZhUpdate | setSpo2AlertSettings state=SUCCEED
2026-03-29 16:56:56.273 | AlertService | updateCallback type=Spo2AlertSettingsUpdated
2026-03-29 16:56:56.277 | AlertService | onAlertUpdateCompleted feature=SPO2 success=true
2026-03-29 16:56:56.282 | AlertService | updateCallback type=Spo2SettingsUpdated
2026-03-29 16:56:56.284 | AlertVM | handleUpdateCallback type=Spo2AlertSettingsUpdated
2026-03-29 16:56:56.285 | AlertVM | spo2 update success=true
2026-03-29 16:56:56.289 | AlertVM | handleScreenUpdateCompletion feature=SPO2 success=true
2026-03-29 16:56:56.292 | AlertVM | sendQuery feature=SPO2
2026-03-29 16:56:56.293 | AlertVM | handleUpdateCallback type=Spo2SettingsUpdated
2026-03-29 16:56:56.295 | ZhQuery | getSpo2AlertSettings dispatched
2026-03-29 16:56:56.641 | AlertService | queryCallback type=BatteryDataObtained
2026-03-29 16:56:56.644 | AlertVM | handleQueryCallback type=BatteryDataObtained
2026-03-29 16:56:56.647 | AlertVM | handleQueryCallback type=Default
2026-03-29 16:56:56.780 | ZhQuery | onSWSPO2Monitor={"isWarning":true,"warningValue":99}
2026-03-29 16:56:56.782 | AlertService | queryCallback type=Spo2AlertSettingsObtained
2026-03-29 16:56:56.784 | AlertService | spo2 passive query preserving pending local value
2026-03-29 16:56:56.787 | AlertService | saveAlertSettings={"device_address":"D8:5C:08:30:00:1E","heart_rate":{"low_enabled":false,"low_threshold":50,"resting_enabled":true,"resting_threshold":70,"workout_enabled":false,"workout_threshold":175},"pending_sync":{"heart_rate":true,"relaxation_prompt":false,"sedentary_reminder":false,"sleep_reminder":false,"spo2":true},"pressure_mode":{"relaxation_prompt_enabled":false,"stress_monitoring_enabled":false},"sedentary_reminder":{"end_hour":18,"end_minute":0,"interval":60,"repeat_count":0,"start_hour":9,"start_minute":0,"status":false},"sleep_reminder":{"hour":0,"millisecond":0,"minute":0,"second":0,"status":false},"snapshots":{"heart_rate":{"continuous_heart_rate_mode":0,"frequency":5,"mode":0},"sedentary_reminder":{"end_noon_hour":0,"end_noon_minute":0,"no_disturb_in_launch":false,"start_noon_hour":0,"start_noon_minute":0}},"spo2":{"enabled":true,"threshold":99},"support":{"heart_rate":true,"high_stress_index":false,"relaxation_prompt":false,"sedentary_reminder":true,"sleep_reminder":false,"spo2":true,"wear_detection":false}}
2026-03-29 16:56:56.789 | AlertService | queryCallback type=AlertFeatureSupportObtained
2026-03-29 16:56:56.791 | AlertService | saveAlertSettings={"device_address":"D8:5C:08:30:00:1E","heart_rate":{"low_enabled":false,"low_threshold":50,"resting_enabled":true,"resting_threshold":70,"workout_enabled":false,"workout_threshold":175},"pending_sync":{"heart_rate":true,"relaxation_prompt":false,"sedentary_reminder":false,"sleep_reminder":false,"spo2":true},"pressure_mode":{"relaxation_prompt_enabled":false,"stress_monitoring_enabled":false},"sedentary_reminder":{"end_hour":18,"end_minute":0,"interval":60,"repeat_count":0,"start_hour":9,"start_minute":0,"status":false},"sleep_reminder":{"hour":0,"millisecond":0,"minute":0,"second":0,"status":false},"snapshots":{"heart_rate":{"continuous_heart_rate_mode":0,"frequency":5,"mode":0},"sedentary_reminder":{"end_noon_hour":0,"end_noon_minute":0,"no_disturb_in_launch":false,"start_noon_hour":0,"start_noon_minute":0}},"spo2":{"enabled":true,"threshold":99},"support":{"heart_rate":true,"high_stress_index":false,"relaxation_prompt":false,"sedentary_reminder":true,"sleep_reminder":false,"spo2":true,"wear_detection":false}}
2026-03-29 16:56:56.793 | ZhQuery | getSpo2AlertSettings state=SUCCEED
2026-03-29 16:56:56.795 | AlertVM | handleQueryCallback type=Spo2AlertSettingsObtained
2026-03-29 16:56:56.797 | AlertVM | spo2 query matchesStored=true pending=true phase=VERIFY_QUERY
2026-03-29 16:56:56.799 | AlertVM | spo2 query value={"enabled":true,"threshold":99}
2026-03-29 16:56:56.802 | AlertVM | handleScreenQueryCompletion feature=SPO2 phase=VERIFY_QUERY matchesStored=true
2026-03-29 16:56:56.804 | AlertVM | handleQueryCallback type=Default
2026-03-29 16:56:56.806 | AlertVM | handleQueryCallback type=AlertFeatureSupportObtained
2026-03-29 16:56:56.808 | AlertVM | support feature=SPO2 supported=true
2026-03-29 16:56:56.810 | AlertVM | handleQueryCallback type=Default
2026-03-29 16:56:57.056 | AlertService | queryCallback type=UpdateFirmwareLogStatus
2026-03-29 16:56:57.071 | AlertVM | handleQueryCallback type=UpdateFirmwareLogStatus
2026-03-29 16:56:57.072 | AlertVM | handleQueryCallback type=Default
2026-03-29 16:56:57.937 | AlertService | queryCallback type=UpdateFirmwareLogStatus
2026-03-29 16:56:57.945 | AlertVM | handleQueryCallback type=UpdateFirmwareLogStatus
2026-03-29 16:56:57.947 | AlertVM | handleQueryCallback type=Default
2026-03-29 16:56:58.943 | AlertService | queryCallback type=UpdateFirmwareLogStatus
2026-03-29 16:56:58.948 | AlertVM | handleQueryCallback type=UpdateFirmwareLogStatus
2026-03-29 16:56:58.950 | AlertVM | handleQueryCallback type=Default
2026-03-29 16:56:59.932 | AlertService | queryCallback type=UpdateFirmwareLogStatus
2026-03-29 16:56:59.941 | AlertVM | handleQueryCallback type=UpdateFirmwareLogStatus
2026-03-29 16:56:59.944 | AlertVM | handleQueryCallback type=Default
2026-03-29 16:57:00.922 | AlertService | queryCallback type=UpdateFirmwareLogStatus
2026-03-29 16:57:00.929 | AlertVM | handleQueryCallback type=UpdateFirmwareLogStatus
2026-03-29 16:57:00.930 | AlertVM | handleQueryCallback type=Default
2026-03-29 16:57:01.910 | AlertService | queryCallback type=UpdateFirmwareLogStatus
2026-03-29 16:57:01.917 | AlertVM | handleQueryCallback type=UpdateFirmwareLogStatus
2026-03-29 16:57:01.919 | AlertVM | handleQueryCallback type=Default
2026-03-29 16:57:02.916 | AlertService | queryCallback type=UpdateFirmwareLogStatus
2026-03-29 16:57:02.930 | AlertVM | handleQueryCallback type=UpdateFirmwareLogStatus
2026-03-29 16:57:02.931 | AlertVM | handleQueryCallback type=Default
2026-03-29 16:57:03.913 | AlertService | queryCallback type=UpdateFirmwareLogStatus
2026-03-29 16:57:03.918 | AlertVM | handleQueryCallback type=UpdateFirmwareLogStatus
2026-03-29 16:57:03.920 | AlertVM | handleQueryCallback type=Default
2026-03-29 16:57:04.932 | AlertService | queryCallback type=UpdateFirmwareLogStatus
2026-03-29 16:57:04.936 | AlertVM | handleQueryCallback type=UpdateFirmwareLogStatus
2026-03-29 16:57:04.938 | AlertVM | handleQueryCallback type=Default
2026-03-29 16:57:05.436 | AlertVM | saveSpo2Settings requested={"enabled":true,"threshold":99}
2026-03-29 16:57:05.438 | AlertVM | persistFeature feature=SPO2 connected=true
2026-03-29 16:57:05.439 | AlertVM | persistFeature state={"device_address":"D8:5C:08:30:00:1E","heart_rate":{"low_enabled":false,"low_threshold":50,"resting_enabled":true,"resting_threshold":70,"workout_enabled":false,"workout_threshold":175},"pending_sync":{"heart_rate":true,"relaxation_prompt":false,"sedentary_reminder":false,"sleep_reminder":false,"spo2":true},"pressure_mode":{"relaxation_prompt_enabled":false,"stress_monitoring_enabled":false},"sedentary_reminder":{"end_hour":18,"end_minute":0,"interval":60,"repeat_count":0,"start_hour":9,"start_minute":0,"status":false},"sleep_reminder":{"hour":0,"millisecond":0,"minute":0,"second":0,"status":false},"snapshots":{"heart_rate":{"continuous_heart_rate_mode":0,"frequency":5,"mode":0},"sedentary_reminder":{"end_noon_hour":0,"end_noon_minute":0,"no_disturb_in_launch":false,"start_noon_hour":0,"start_noon_minute":0}},"spo2":{"enabled":true,"threshold":99},"support":{"heart_rate":true,"high_stress_index":false,"relaxation_prompt":false,"sedentary_reminder":true,"sleep_reminder":false,"spo2":true,"wear_detection":false}}
2026-03-29 16:57:05.444 | AlertVM | syncQueuedFeatures feature=SPO2 requiresSnapshot=false
2026-03-29 16:57:05.445 | AlertVM | sendUpdate feature=SPO2
2026-03-29 16:57:05.446 | AlertVM | sendUpdate state={"device_address":"D8:5C:08:30:00:1E","heart_rate":{"low_enabled":false,"low_threshold":50,"resting_enabled":true,"resting_threshold":70,"workout_enabled":false,"workout_threshold":175},"pending_sync":{"heart_rate":true,"relaxation_prompt":false,"sedentary_reminder":false,"sleep_reminder":false,"spo2":true},"pressure_mode":{"relaxation_prompt_enabled":false,"stress_monitoring_enabled":false},"sedentary_reminder":{"end_hour":18,"end_minute":0,"interval":60,"repeat_count":0,"start_hour":9,"start_minute":0,"status":false},"sleep_reminder":{"hour":0,"millisecond":0,"minute":0,"second":0,"status":false},"snapshots":{"heart_rate":{"continuous_heart_rate_mode":0,"frequency":5,"mode":0},"sedentary_reminder":{"end_noon_hour":0,"end_noon_minute":0,"no_disturb_in_launch":false,"start_noon_hour":0,"start_noon_minute":0}},"spo2":{"enabled":true,"threshold":99},"support":{"heart_rate":true,"high_stress_index":false,"relaxation_prompt":false,"sedentary_reminder":true,"sleep_reminder":false,"spo2":true,"wear_detection":false}}
2026-03-29 16:57:05.628 | ZhUpdate | setSpo2AlertSettings={"enabled":true,"threshold":99}
2026-03-29 16:57:06.199 | AlertService | queryCallback type=UpdateFirmwareLogStatus
2026-03-29 16:57:06.389 | ZhUpdate | setSpo2AlertSettings state=SUCCEED
2026-03-29 16:57:06.396 | AlertService | updateCallback type=Spo2AlertSettingsUpdated
2026-03-29 16:57:06.400 | AlertService | onAlertUpdateCompleted feature=SPO2 success=true
2026-03-29 16:57:06.404 | AlertService | updateCallback type=Spo2SettingsUpdated
2026-03-29 16:57:06.658 | AlertService | queryCallback type=BatteryDataObtained
2026-03-29 16:57:06.999 | AlertService | queryCallback type=UpdateFirmwareLogStatus
2026-03-29 16:57:07.919 | AlertService | queryCallback type=UpdateFirmwareLogStatus
2026-03-29 16:57:08.891 | AlertService | queryCallback type=UpdateFirmwareLogStatus
2026-03-29 16:57:11.457 | AlertService | queryCallback type=UpdateFirmwareLogStatus
2026-03-29 16:57:12.445 | AlertService | queryCallback type=UpdateFirmwareLogStatus
2026-03-29 16:57:13.338 | AlertService | queryCallback type=UpdateFirmwareLogStatus
2026-03-29 16:57:14.329 | AlertService | queryCallback type=UpdateFirmwareLogStatus
2026-03-29 16:57:14.601 | AlertService | queryCallback type=UpdateFirmwareLogStatus
2026-03-29 16:57:16.446 | AlertService | queryCallback type=UpdateFirmwareLogStatus
2026-03-29 16:57:17.449 | AlertService | queryCallback type=UpdateFirmwareLogStatus
2026-03-29 16:57:18.368 | AlertService | queryCallback type=UpdateFirmwareLogStatus
2026-03-29 16:57:19.336 | AlertService | queryCallback type=UpdateFirmwareLogStatus
2026-03-29 16:57:20.316 | AlertService | queryCallback type=UpdateFirmwareLogStatus
2026-03-29 16:57:21.335 | AlertService | queryCallback type=UpdateFirmwareLogStatus
2026-03-29 16:57:22.417 | AlertService | queryCallback type=UpdateFirmwareLogStatus
2026-03-29 16:57:23.319 | AlertService | queryCallback type=UpdateFirmwareLogStatus
2026-03-29 16:57:24.317 | AlertService | queryCallback type=UpdateFirmwareLogStatus
2026-03-29 16:57:25.307 | AlertService | queryCallback type=UpdateFirmwareLogStatus
2026-03-29 16:57:26.301 | AlertService | queryCallback type=UpdateFirmwareLogStatus
2026-03-29 16:57:27.331 | AlertService | queryCallback type=UpdateFirmwareLogStatus
2026-03-29 16:57:28.332 | AlertService | queryCallback type=UpdateFirmwareLogStatus
2026-03-29 16:57:29.311 | AlertService | queryCallback type=UpdateFirmwareLogStatus
2026-03-29 16:57:30.299 | AlertService | queryCallback type=UpdateFirmwareLogStatus
2026-03-29 16:57:31.347 | AlertService | queryCallback type=UpdateFirmwareLogStatus
2026-03-29 16:57:32.322 | AlertService | queryCallback type=UpdateFirmwareLogStatus
2026-03-29 16:57:33.320 | AlertService | queryCallback type=UpdateFirmwareLogStatus
2026-03-29 16:57:34.310 | AlertService | queryCallback type=UpdateFirmwareLogStatus
2026-03-29 16:57:35.348 | AlertService | queryCallback type=UpdateFirmwareLogStatus
2026-03-29 16:57:36.335 | AlertService | queryCallback type=UpdateFirmwareLogStatus
2026-03-29 16:57:37.330 | AlertService | queryCallback type=UpdateFirmwareLogStatus
2026-03-29 16:57:38.342 | AlertService | queryCallback type=UpdateFirmwareLogStatus
2026-03-29 16:57:39.297 | AlertService | queryCallback type=UpdateFirmwareLogStatus
2026-03-29 16:57:40.305 | AlertService | queryCallback type=UpdateFirmwareLogStatus
2026-03-29 16:57:41.387 | AlertService | queryCallback type=UpdateFirmwareLogStatus
2026-03-29 16:57:42.336 | AlertService | queryCallback type=UpdateFirmwareLogStatus
2026-03-29 16:57:43.311 | AlertService | queryCallback type=UpdateFirmwareLogStatus
2026-03-29 16:57:44.297 | AlertService | queryCallback type=UpdateFirmwareLogStatus
2026-03-29 16:57:45.297 | AlertService | queryCallback type=UpdateFirmwareLogStatus
2026-03-29 16:57:46.340 | AlertService | queryCallback type=UpdateFirmwareLogStatus
2026-03-29 16:57:47.321 | AlertService | queryCallback type=UpdateFirmwareLogStatus
2026-03-29 16:57:48.305 | AlertService | queryCallback type=UpdateFirmwareLogStatus
2026-03-29 16:57:49.398 | AlertService | queryCallback type=UpdateFirmwareLogStatus
2026-03-29 16:57:50.281 | AlertService | queryCallback type=UpdateFirmwareLogStatus
2026-03-29 16:57:51.318 | AlertService | queryCallback type=UpdateFirmwareLogStatus
2026-03-29 16:57:52.345 | AlertService | queryCallback type=UpdateFirmwareLogStatus
2026-03-29 16:57:53.314 | AlertService | queryCallback type=UpdateFirmwareLogStatus
2026-03-29 16:57:54.277 | AlertService | queryCallback type=UpdateFirmwareLogStatus
2026-03-29 16:57:55.269 | AlertService | queryCallback type=UpdateFirmwareLogStatus
2026-03-29 16:57:56.306 | AlertService | queryCallback type=UpdateFirmwareLogStatus
2026-03-29 16:57:57.311 | AlertService | queryCallback type=UpdateFirmwareLogStatus
2026-03-29 16:57:57.789 | AlertUI | BlankTestFragment alert panel initialized
2026-03-29 16:57:57.792 | AlertVM | handleQueryCallback type=Default
2026-03-29 16:57:57.793 | AlertVM | handleUpdateCallback type=Spo2SettingsUpdated
2026-03-29 16:57:57.795 | AlertVM | onConnectedStateChanged state=ConnectSuccess
2026-03-29 16:57:57.796 | AlertVM | syncQueuedFeatures feature=HEART_RATE requiresSnapshot=false
2026-03-29 16:57:57.797 | AlertVM | sendUpdate feature=HEART_RATE
2026-03-29 16:57:57.799 | AlertVM | sendUpdate state={"device_address":"D8:5C:08:30:00:1E","heart_rate":{"low_enabled":false,"low_threshold":50,"resting_enabled":true,"resting_threshold":70,"workout_enabled":false,"workout_threshold":175},"pending_sync":{"heart_rate":true,"relaxation_prompt":false,"sedentary_reminder":false,"sleep_reminder":false,"spo2":true},"pressure_mode":{"relaxation_prompt_enabled":false,"stress_monitoring_enabled":false},"sedentary_reminder":{"end_hour":18,"end_minute":0,"interval":60,"repeat_count":0,"start_hour":9,"start_minute":0,"status":false},"sleep_reminder":{"hour":0,"millisecond":0,"minute":0,"second":0,"status":false},"snapshots":{"heart_rate":{"continuous_heart_rate_mode":0,"frequency":5,"mode":0},"sedentary_reminder":{"end_noon_hour":0,"end_noon_minute":0,"no_disturb_in_launch":false,"start_noon_hour":0,"start_noon_minute":0}},"spo2":{"enabled":true,"threshold":99},"support":{"heart_rate":true,"high_stress_index":false,"relaxation_prompt":false,"sedentary_reminder":true,"sleep_reminder":false,"spo2":true,"wear_detection":false}}
2026-03-29 16:57:57.802 | AlertVM | loadState={"device_address":"D8:5C:08:30:00:1E","heart_rate":{"low_enabled":false,"low_threshold":50,"resting_enabled":true,"resting_threshold":70,"workout_enabled":false,"workout_threshold":175},"pending_sync":{"heart_rate":true,"relaxation_prompt":false,"sedentary_reminder":false,"sleep_reminder":false,"spo2":true},"pressure_mode":{"relaxation_prompt_enabled":false,"stress_monitoring_enabled":false},"sedentary_reminder":{"end_hour":18,"end_minute":0,"interval":60,"repeat_count":0,"start_hour":9,"start_minute":0,"status":false},"sleep_reminder":{"hour":0,"millisecond":0,"minute":0,"second":0,"status":false},"snapshots":{"heart_rate":{"continuous_heart_rate_mode":0,"frequency":5,"mode":0},"sedentary_reminder":{"end_noon_hour":0,"end_noon_minute":0,"no_disturb_in_launch":false,"start_noon_hour":0,"start_noon_minute":0}},"spo2":{"enabled":true,"threshold":99},"support":{"heart_rate":true,"high_stress_index":false,"relaxation_prompt":false,"sedentary_reminder":true,"sleep_reminder":false,"spo2":true,"wear_detection":false}}
2026-03-29 16:57:57.849 | ZhUpdate | setHeartRateAlertSettings={"low_enabled":false,"low_threshold":50,"resting_enabled":true,"resting_threshold":70,"workout_enabled":false,"workout_threshold":175}
2026-03-29 16:57:57.854 | ZhUpdate | setHeartRateAlertSettings bean={"continuousHeartRateMode":0,"frequency":0,"isSportWarning":false,"isWarning":true,"lowWarningValue":0,"mode":0,"sportWarningValue":175,"warningValue":70}
2026-03-29 16:57:57.859 | AlertVM | syncQueuedFeatures skipped activePhase=UPDATE_SENT feature=HEART_RATE
2026-03-29 16:57:58.347 | AlertService | queryCallback type=UpdateFirmwareLogStatus
2026-03-29 16:57:58.351 | AlertVM | handleQueryCallback type=UpdateFirmwareLogStatus
2026-03-29 16:57:58.353 | AlertVM | handleQueryCallback type=Default
2026-03-29 16:57:59.277 | AlertService | queryCallback type=UpdateFirmwareLogStatus
2026-03-29 16:57:59.286 | AlertVM | handleQueryCallback type=UpdateFirmwareLogStatus
2026-03-29 16:57:59.289 | AlertVM | handleQueryCallback type=Default
2026-03-29 16:57:59.832 | ZhUpdate | setHeartRateAlertSettings state=SUCCEED
2026-03-29 16:57:59.833 | AlertService | updateCallback type=HeartRateAlertUpdated
2026-03-29 16:57:59.837 | AlertService | updateCallback type=HeartRateAlertSettingsUpdated
2026-03-29 16:57:59.845 | AlertService | onAlertUpdateCompleted feature=HEART_RATE success=true
2026-03-29 16:57:59.847 | AlertService | updateCallback type=HeartRateMeasureIntervalSet
2026-03-29 16:57:59.848 | AlertVM | handleUpdateCallback type=HeartRateAlertUpdated
2026-03-29 16:57:59.850 | AlertVM | handleUpdateCallback type=HeartRateAlertSettingsUpdated
2026-03-29 16:57:59.851 | AlertVM | heartRate update success=true
2026-03-29 16:57:59.852 | AlertVM | handleScreenUpdateCompletion feature=HEART_RATE success=true
2026-03-29 16:57:59.853 | AlertVM | sendQuery feature=HEART_RATE
2026-03-29 16:57:59.854 | AlertVM | handleUpdateCallback type=HeartRateMeasureIntervalSet
2026-03-29 16:57:59.856 | ZhQuery | getHeartRateAlertSettings dispatched
2026-03-29 16:58:00.407 | AlertService | queryCallback type=UpdateFirmwareLogStatus
2026-03-29 16:58:00.416 | AlertVM | handleQueryCallback type=UpdateFirmwareLogStatus
2026-03-29 16:58:00.417 | AlertVM | handleQueryCallback type=Default
2026-03-29 16:58:00.709 | ZhQuery | onHeartRateMonitorResult={"continuousHeartRateMode":0,"frequency":5,"isSportWarning":false,"isWarning":false,"lowWarningValue":0,"mode":0,"sportWarningValue":0,"warningValue":220}
2026-03-29 16:58:00.711 | AlertService | queryCallback type=HeartRateAlertDataObtained
2026-03-29 16:58:00.713 | AlertService | queryCallback type=HeartRateAlertSettingsObtained
2026-03-29 16:58:00.719 | AlertService | heartRate passive query preserving pending local value
2026-03-29 16:58:00.721 | AlertService | saveAlertSettings={"device_address":"D8:5C:08:30:00:1E","heart_rate":{"low_enabled":false,"low_threshold":50,"resting_enabled":true,"resting_threshold":70,"workout_enabled":false,"workout_threshold":175},"pending_sync":{"heart_rate":true,"relaxation_prompt":false,"sedentary_reminder":false,"sleep_reminder":false,"spo2":true},"pressure_mode":{"relaxation_prompt_enabled":false,"stress_monitoring_enabled":false},"sedentary_reminder":{"end_hour":18,"end_minute":0,"interval":60,"repeat_count":0,"start_hour":9,"start_minute":0,"status":false},"sleep_reminder":{"hour":0,"millisecond":0,"minute":0,"second":0,"status":false},"snapshots":{"heart_rate":{"continuous_heart_rate_mode":0,"frequency":5,"mode":0},"sedentary_reminder":{"end_noon_hour":0,"end_noon_minute":0,"no_disturb_in_launch":false,"start_noon_hour":0,"start_noon_minute":0}},"spo2":{"enabled":true,"threshold":99},"support":{"heart_rate":true,"high_stress_index":false,"relaxation_prompt":false,"sedentary_reminder":true,"sleep_reminder":false,"spo2":true,"wear_detection":false}}
2026-03-29 16:58:00.722 | AlertService | queryCallback type=AlertFeatureSupportObtained
2026-03-29 16:58:00.724 | AlertService | saveAlertSettings={"device_address":"D8:5C:08:30:00:1E","heart_rate":{"low_enabled":false,"low_threshold":50,"resting_enabled":true,"resting_threshold":70,"workout_enabled":false,"workout_threshold":175},"pending_sync":{"heart_rate":true,"relaxation_prompt":false,"sedentary_reminder":false,"sleep_reminder":false,"spo2":true},"pressure_mode":{"relaxation_prompt_enabled":false,"stress_monitoring_enabled":false},"sedentary_reminder":{"end_hour":18,"end_minute":0,"interval":60,"repeat_count":0,"start_hour":9,"start_minute":0,"status":false},"sleep_reminder":{"hour":0,"millisecond":0,"minute":0,"second":0,"status":false},"snapshots":{"heart_rate":{"continuous_heart_rate_mode":0,"frequency":5,"mode":0},"sedentary_reminder":{"end_noon_hour":0,"end_noon_minute":0,"no_disturb_in_launch":false,"start_noon_hour":0,"start_noon_minute":0}},"spo2":{"enabled":true,"threshold":99},"support":{"heart_rate":true,"high_stress_index":false,"relaxation_prompt":false,"sedentary_reminder":true,"sleep_reminder":false,"spo2":true,"wear_detection":false}}
2026-03-29 16:58:00.732 | ZhQuery | getHeartRateAlertSettings state=SUCCEED
2026-03-29 16:58:00.736 | AlertVM | handleQueryCallback type=HeartRateAlertDataObtained
2026-03-29 16:58:00.738 | AlertVM | handleQueryCallback type=Default
2026-03-29 16:58:00.739 | AlertVM | handleQueryCallback type=HeartRateAlertSettingsObtained
2026-03-29 16:58:00.740 | AlertVM | heartRate query matchesStored=false pending=true phase=VERIFY_QUERY
2026-03-29 16:58:00.742 | AlertVM | heartRate query value={"low_enabled":false,"low_threshold":0,"resting_enabled":false,"resting_threshold":220,"workout_enabled":false,"workout_threshold":0}
2026-03-29 16:58:00.743 | AlertVM | heartRate verify mismatch preserving local value
2026-03-29 16:58:00.745 | AlertVM | handleScreenQueryCompletion feature=HEART_RATE phase=VERIFY_QUERY matchesStored=false
2026-03-29 16:58:00.746 | AlertVM | syncQueuedFeatures feature=SPO2 requiresSnapshot=false
2026-03-29 16:58:00.748 | AlertVM | sendUpdate feature=SPO2
2026-03-29 16:58:00.749 | AlertVM | sendUpdate state={"device_address":"D8:5C:08:30:00:1E","heart_rate":{"low_enabled":false,"low_threshold":50,"resting_enabled":true,"resting_threshold":70,"workout_enabled":false,"workout_threshold":175},"pending_sync":{"heart_rate":true,"relaxation_prompt":false,"sedentary_reminder":false,"sleep_reminder":false,"spo2":true},"pressure_mode":{"relaxation_prompt_enabled":false,"stress_monitoring_enabled":false},"sedentary_reminder":{"end_hour":18,"end_minute":0,"interval":60,"repeat_count":0,"start_hour":9,"start_minute":0,"status":false},"sleep_reminder":{"hour":0,"millisecond":0,"minute":0,"second":0,"status":false},"snapshots":{"heart_rate":{"continuous_heart_rate_mode":0,"frequency":5,"mode":0},"sedentary_reminder":{"end_noon_hour":0,"end_noon_minute":0,"no_disturb_in_launch":false,"start_noon_hour":0,"start_noon_minute":0}},"spo2":{"enabled":true,"threshold":99},"support":{"heart_rate":true,"high_stress_index":false,"relaxation_prompt":false,"sedentary_reminder":true,"sleep_reminder":false,"spo2":true,"wear_detection":false}}
2026-03-29 16:58:00.750 | AlertVM | handleQueryCallback type=Default
2026-03-29 16:58:00.751 | AlertVM | handleQueryCallback type=AlertFeatureSupportObtained
2026-03-29 16:58:00.753 | AlertVM | support feature=HEART_RATE supported=true
2026-03-29 16:58:00.754 | AlertVM | handleQueryCallback type=Default
2026-03-29 16:58:00.755 | ZhUpdate | setSpo2AlertSettings={"enabled":true,"threshold":99}
2026-03-29 16:58:01.344 | AlertService | queryCallback type=UpdateFirmwareLogStatus
2026-03-29 16:58:01.352 | AlertVM | handleQueryCallback type=UpdateFirmwareLogStatus
2026-03-29 16:58:01.354 | AlertVM | handleQueryCallback type=Default
2026-03-29 16:58:01.878 | ZhUpdate | setSpo2AlertSettings state=SUCCEED
2026-03-29 16:58:01.880 | AlertService | updateCallback type=Spo2AlertSettingsUpdated
2026-03-29 16:58:01.881 | AlertService | onAlertUpdateCompleted feature=SPO2 success=true
2026-03-29 16:58:01.886 | AlertService | updateCallback type=Spo2SettingsUpdated
2026-03-29 16:58:01.887 | AlertVM | handleUpdateCallback type=Spo2AlertSettingsUpdated
2026-03-29 16:58:01.889 | AlertVM | spo2 update success=true
2026-03-29 16:58:01.891 | AlertVM | handleScreenUpdateCompletion feature=SPO2 success=true
2026-03-29 16:58:01.895 | AlertVM | sendQuery feature=SPO2
2026-03-29 16:58:01.896 | AlertVM | handleUpdateCallback type=Spo2SettingsUpdated
2026-03-29 16:58:01.898 | ZhQuery | getSpo2AlertSettings dispatched
2026-03-29 16:58:02.459 | AlertService | queryCallback type=UpdateFirmwareLogStatus
2026-03-29 16:58:02.467 | AlertVM | handleQueryCallback type=UpdateFirmwareLogStatus
2026-03-29 16:58:02.470 | AlertVM | handleQueryCallback type=Default
2026-03-29 16:58:03.188 | ZhQuery | onSWSPO2Monitor={"isWarning":true,"warningValue":99}
2026-03-29 16:58:03.190 | AlertService | queryCallback type=Spo2AlertSettingsObtained
2026-03-29 16:58:03.191 | AlertService | spo2 passive query preserving pending local value
2026-03-29 16:58:03.193 | AlertService | saveAlertSettings={"device_address":"D8:5C:08:30:00:1E","heart_rate":{"low_enabled":false,"low_threshold":50,"resting_enabled":true,"resting_threshold":70,"workout_enabled":false,"workout_threshold":175},"pending_sync":{"heart_rate":true,"relaxation_prompt":false,"sedentary_reminder":false,"sleep_reminder":false,"spo2":true},"pressure_mode":{"relaxation_prompt_enabled":false,"stress_monitoring_enabled":false},"sedentary_reminder":{"end_hour":18,"end_minute":0,"interval":60,"repeat_count":0,"start_hour":9,"start_minute":0,"status":false},"sleep_reminder":{"hour":0,"millisecond":0,"minute":0,"second":0,"status":false},"snapshots":{"heart_rate":{"continuous_heart_rate_mode":0,"frequency":5,"mode":0},"sedentary_reminder":{"end_noon_hour":0,"end_noon_minute":0,"no_disturb_in_launch":false,"start_noon_hour":0,"start_noon_minute":0}},"spo2":{"enabled":true,"threshold":99},"support":{"heart_rate":true,"high_stress_index":false,"relaxation_prompt":false,"sedentary_reminder":true,"sleep_reminder":false,"spo2":true,"wear_detection":false}}
2026-03-29 16:58:03.194 | AlertService | queryCallback type=AlertFeatureSupportObtained
2026-03-29 16:58:03.197 | AlertService | saveAlertSettings={"device_address":"D8:5C:08:30:00:1E","heart_rate":{"low_enabled":false,"low_threshold":50,"resting_enabled":true,"resting_threshold":70,"workout_enabled":false,"workout_threshold":175},"pending_sync":{"heart_rate":true,"relaxation_prompt":false,"sedentary_reminder":false,"sleep_reminder":false,"spo2":true},"pressure_mode":{"relaxation_prompt_enabled":false,"stress_monitoring_enabled":false},"sedentary_reminder":{"end_hour":18,"end_minute":0,"interval":60,"repeat_count":0,"start_hour":9,"start_minute":0,"status":false},"sleep_reminder":{"hour":0,"millisecond":0,"minute":0,"second":0,"status":false},"snapshots":{"heart_rate":{"continuous_heart_rate_mode":0,"frequency":5,"mode":0},"sedentary_reminder":{"end_noon_hour":0,"end_noon_minute":0,"no_disturb_in_launch":false,"start_noon_hour":0,"start_noon_minute":0}},"spo2":{"enabled":true,"threshold":99},"support":{"heart_rate":true,"high_stress_index":false,"relaxation_prompt":false,"sedentary_reminder":true,"sleep_reminder":false,"spo2":true,"wear_detection":false}}
2026-03-29 16:58:03.200 | AlertVM | handleQueryCallback type=Spo2AlertSettingsObtained
2026-03-29 16:58:03.205 | AlertVM | spo2 query matchesStored=true pending=true phase=VERIFY_QUERY
2026-03-29 16:58:03.206 | AlertVM | spo2 query value={"enabled":true,"threshold":99}
2026-03-29 16:58:03.207 | AlertVM | handleScreenQueryCompletion feature=SPO2 phase=VERIFY_QUERY matchesStored=true
2026-03-29 16:58:03.209 | AlertVM | handleQueryCallback type=Default
2026-03-29 16:58:03.210 | AlertVM | handleQueryCallback type=AlertFeatureSupportObtained
2026-03-29 16:58:03.212 | AlertVM | support feature=SPO2 supported=true
2026-03-29 16:58:03.213 | AlertVM | handleQueryCallback type=Default
2026-03-29 16:58:03.215 | ZhQuery | getSpo2AlertSettings state=SUCCEED
2026-03-29 16:58:03.472 | AlertService | queryCallback type=UpdateFirmwareLogStatus
2026-03-29 16:58:03.480 | AlertVM | handleQueryCallback type=UpdateFirmwareLogStatus
2026-03-29 16:58:03.484 | AlertVM | handleQueryCallback type=Default
2026-03-29 16:58:04.457 | AlertService | queryCallback type=UpdateFirmwareLogStatus
2026-03-29 16:58:04.465 | AlertVM | handleQueryCallback type=UpdateFirmwareLogStatus
2026-03-29 16:58:04.467 | AlertVM | handleQueryCallback type=Default
2026-03-29 16:58:05.303 | AlertService | queryCallback type=UpdateFirmwareLogStatus
2026-03-29 16:58:05.311 | AlertVM | handleQueryCallback type=UpdateFirmwareLogStatus
2026-03-29 16:58:05.312 | AlertVM | handleQueryCallback type=Default
2026-03-29 16:58:06.295 | AlertService | queryCallback type=UpdateFirmwareLogStatus
2026-03-29 16:58:06.303 | AlertVM | handleQueryCallback type=UpdateFirmwareLogStatus
2026-03-29 16:58:06.306 | AlertVM | handleQueryCallback type=Default
2026-03-29 16:58:07.464 | AlertService | queryCallback type=UpdateFirmwareLogStatus
2026-03-29 16:58:07.472 | AlertVM | handleQueryCallback type=UpdateFirmwareLogStatus
2026-03-29 16:58:07.474 | AlertVM | handleQueryCallback type=Default
2026-03-29 16:58:08.360 | AlertService | queryCallback type=UpdateFirmwareLogStatus
2026-03-29 16:58:08.369 | AlertVM | handleQueryCallback type=UpdateFirmwareLogStatus
2026-03-29 16:58:08.370 | AlertVM | handleQueryCallback type=Default
2026-03-29 16:58:09.261 | AlertService | queryCallback type=UpdateFirmwareLogStatus
2026-03-29 16:58:09.266 | AlertVM | handleQueryCallback type=UpdateFirmwareLogStatus
2026-03-29 16:58:09.271 | AlertVM | handleQueryCallback type=Default
2026-03-29 16:58:10.389 | AlertService | queryCallback type=UpdateFirmwareLogStatus
2026-03-29 16:58:10.397 | AlertVM | handleQueryCallback type=UpdateFirmwareLogStatus
2026-03-29 16:58:10.399 | AlertVM | handleQueryCallback type=Default
2026-03-29 16:58:11.288 | AlertService | queryCallback type=UpdateFirmwareLogStatus
2026-03-29 16:58:11.296 | AlertVM | handleQueryCallback type=UpdateFirmwareLogStatus
2026-03-29 16:58:11.298 | AlertVM | handleQueryCallback type=Default
2026-03-29 16:58:12.867 | AlertService | queryCallback type=UpdateFirmwareLogStatus
2026-03-29 16:58:12.871 | AlertVM | handleQueryCallback type=UpdateFirmwareLogStatus
2026-03-29 16:58:12.873 | AlertVM | handleQueryCallback type=Default
2026-03-29 16:58:13.553 | AlertService | queryCallback type=UpdateFirmwareLogStatus
2026-03-29 16:58:13.563 | AlertVM | handleQueryCallback type=UpdateFirmwareLogStatus
2026-03-29 16:58:13.566 | AlertVM | handleQueryCallback type=Default
2026-03-29 16:58:14.001 | AlertService | queryCallback type=UpdateFirmwareLogStatus
2026-03-29 16:58:14.008 | AlertVM | handleQueryCallback type=UpdateFirmwareLogStatus
2026-03-29 16:58:14.009 | AlertVM | handleQueryCallback type=Default
2026-03-29 16:58:14.726 | AlertService | queryCallback type=UpdateFirmwareLogStatus
2026-03-29 16:58:14.732 | AlertVM | handleQueryCallback type=UpdateFirmwareLogStatus
2026-03-29 16:58:14.734 | AlertVM | handleQueryCallback type=Default
2026-03-29 16:58:15.705 | AlertService | queryCallback type=UpdateFirmwareLogStatus
2026-03-29 16:58:15.712 | AlertVM | handleQueryCallback type=UpdateFirmwareLogStatus
2026-03-29 16:58:15.714 | AlertVM | handleQueryCallback type=Default
2026-03-29 16:58:16.738 | AlertService | queryCallback type=UpdateFirmwareLogStatus
2026-03-29 16:58:16.745 | AlertVM | handleQueryCallback type=UpdateFirmwareLogStatus
2026-03-29 16:58:16.747 | AlertVM | handleQueryCallback type=Default
2026-03-29 16:58:17.725 | AlertService | queryCallback type=UpdateFirmwareLogStatus
2026-03-29 16:58:17.731 | AlertVM | handleQueryCallback type=UpdateFirmwareLogStatus
2026-03-29 16:58:17.732 | AlertVM | handleQueryCallback type=Default
2026-03-29 16:58:18.727 | AlertService | queryCallback type=UpdateFirmwareLogStatus
2026-03-29 16:58:18.735 | AlertVM | handleQueryCallback type=UpdateFirmwareLogStatus
2026-03-29 16:58:18.737 | AlertVM | handleQueryCallback type=Default
2026-03-29 16:58:19.774 | AlertService | queryCallback type=UpdateFirmwareLogStatus
2026-03-29 16:58:19.788 | AlertVM | handleQueryCallback type=UpdateFirmwareLogStatus
2026-03-29 16:58:19.791 | AlertVM | handleQueryCallback type=Default
2026-03-29 16:58:20.714 | AlertService | queryCallback type=UpdateFirmwareLogStatus
2026-03-29 16:58:20.729 | AlertVM | handleQueryCallback type=UpdateFirmwareLogStatus
2026-03-29 16:58:20.733 | AlertVM | handleQueryCallback type=Default
2026-03-29 16:58:21.728 | AlertService | queryCallback type=UpdateFirmwareLogStatus
2026-03-29 16:58:21.731 | AlertVM | handleQueryCallback type=UpdateFirmwareLogStatus
2026-03-29 16:58:21.732 | AlertVM | handleQueryCallback type=Default
2026-03-29 16:58:22.734 | AlertService | queryCallback type=UpdateFirmwareLogStatus
2026-03-29 16:58:22.746 | AlertVM | handleQueryCallback type=UpdateFirmwareLogStatus
2026-03-29 16:58:22.748 | AlertVM | handleQueryCallback type=Default
2026-03-29 16:58:23.733 | AlertService | queryCallback type=UpdateFirmwareLogStatus
2026-03-29 16:58:23.741 | AlertVM | handleQueryCallback type=UpdateFirmwareLogStatus
2026-03-29 16:58:23.743 | AlertVM | handleQueryCallback type=Default
2026-03-29 16:58:24.700 | AlertService | queryCallback type=UpdateFirmwareLogStatus
2026-03-29 16:58:24.713 | AlertVM | handleQueryCallback type=UpdateFirmwareLogStatus
2026-03-29 16:58:24.715 | AlertVM | handleQueryCallback type=Default
2026-03-29 16:58:25.734 | AlertService | queryCallback type=UpdateFirmwareLogStatus
2026-03-29 16:58:25.745 | AlertVM | handleQueryCallback type=UpdateFirmwareLogStatus
2026-03-29 16:58:25.747 | AlertVM | handleQueryCallback type=Default
2026-03-29 16:58:26.743 | AlertService | queryCallback type=UpdateFirmwareLogStatus
2026-03-29 16:58:26.753 | AlertVM | handleQueryCallback type=UpdateFirmwareLogStatus
2026-03-29 16:58:26.755 | AlertVM | handleQueryCallback type=Default
2026-03-29 16:58:26.989 | AlertVM | saveHeartRateSettings requested={"low_enabled":true,"low_threshold":69,"resting_enabled":true,"resting_threshold":70,"workout_enabled":false,"workout_threshold":175}
2026-03-29 16:58:26.991 | AlertVM | persistFeature feature=HEART_RATE connected=true
2026-03-29 16:58:26.993 | AlertVM | persistFeature state={"device_address":"D8:5C:08:30:00:1E","heart_rate":{"low_enabled":true,"low_threshold":69,"resting_enabled":true,"resting_threshold":70,"workout_enabled":false,"workout_threshold":175},"pending_sync":{"heart_rate":true,"relaxation_prompt":false,"sedentary_reminder":false,"sleep_reminder":false,"spo2":false},"pressure_mode":{"relaxation_prompt_enabled":false,"stress_monitoring_enabled":false},"sedentary_reminder":{"end_hour":18,"end_minute":0,"interval":60,"repeat_count":0,"start_hour":9,"start_minute":0,"status":false},"sleep_reminder":{"hour":0,"millisecond":0,"minute":0,"second":0,"status":false},"snapshots":{"heart_rate":{"continuous_heart_rate_mode":0,"frequency":5,"mode":0},"sedentary_reminder":{"end_noon_hour":0,"end_noon_minute":0,"no_disturb_in_launch":false,"start_noon_hour":0,"start_noon_minute":0}},"spo2":{"enabled":true,"threshold":99},"support":{"heart_rate":true,"high_stress_index":false,"relaxation_prompt":false,"sedentary_reminder":true,"sleep_reminder":false,"spo2":true,"wear_detection":false}}
2026-03-29 16:58:27.001 | AlertVM | syncQueuedFeatures feature=HEART_RATE requiresSnapshot=false
2026-03-29 16:58:27.003 | AlertVM | sendUpdate feature=HEART_RATE
2026-03-29 16:58:27.005 | AlertVM | sendUpdate state={"device_address":"D8:5C:08:30:00:1E","heart_rate":{"low_enabled":true,"low_threshold":69,"resting_enabled":true,"resting_threshold":70,"workout_enabled":false,"workout_threshold":175},"pending_sync":{"heart_rate":true,"relaxation_prompt":false,"sedentary_reminder":false,"sleep_reminder":false,"spo2":false},"pressure_mode":{"relaxation_prompt_enabled":false,"stress_monitoring_enabled":false},"sedentary_reminder":{"end_hour":18,"end_minute":0,"interval":60,"repeat_count":0,"start_hour":9,"start_minute":0,"status":false},"sleep_reminder":{"hour":0,"millisecond":0,"minute":0,"second":0,"status":false},"snapshots":{"heart_rate":{"continuous_heart_rate_mode":0,"frequency":5,"mode":0},"sedentary_reminder":{"end_noon_hour":0,"end_noon_minute":0,"no_disturb_in_launch":false,"start_noon_hour":0,"start_noon_minute":0}},"spo2":{"enabled":true,"threshold":99},"support":{"heart_rate":true,"high_stress_index":false,"relaxation_prompt":false,"sedentary_reminder":true,"sleep_reminder":false,"spo2":true,"wear_detection":false}}
2026-03-29 16:58:27.011 | ZhUpdate | setHeartRateAlertSettings={"low_enabled":true,"low_threshold":69,"resting_enabled":true,"resting_threshold":70,"workout_enabled":false,"workout_threshold":175}
2026-03-29 16:58:27.020 | ZhUpdate | setHeartRateAlertSettings bean={"continuousHeartRateMode":0,"frequency":0,"isSportWarning":false,"isWarning":true,"lowWarningValue":69,"mode":0,"sportWarningValue":175,"warningValue":70}
2026-03-29 16:58:27.353 | ZhUpdate | setHeartRateAlertSettings state=SUCCEED
2026-03-29 16:58:27.356 | AlertService | updateCallback type=HeartRateAlertUpdated
2026-03-29 16:58:27.360 | AlertService | updateCallback type=HeartRateAlertSettingsUpdated
2026-03-29 16:58:27.361 | AlertService | onAlertUpdateCompleted feature=HEART_RATE success=true
2026-03-29 16:58:27.363 | AlertService | updateCallback type=HeartRateMeasureIntervalSet
2026-03-29 16:58:27.365 | AlertVM | handleUpdateCallback type=HeartRateAlertUpdated
2026-03-29 16:58:27.366 | AlertVM | handleUpdateCallback type=HeartRateAlertSettingsUpdated
2026-03-29 16:58:27.367 | AlertVM | heartRate update success=true
2026-03-29 16:58:27.369 | AlertVM | handleScreenUpdateCompletion feature=HEART_RATE success=true
2026-03-29 16:58:27.370 | AlertVM | sendQuery feature=HEART_RATE
2026-03-29 16:58:27.372 | AlertVM | handleUpdateCallback type=HeartRateMeasureIntervalSet
2026-03-29 16:58:27.373 | ZhQuery | getHeartRateAlertSettings dispatched
2026-03-29 16:58:27.774 | AlertService | queryCallback type=UpdateFirmwareLogStatus
2026-03-29 16:58:27.787 | AlertVM | handleQueryCallback type=UpdateFirmwareLogStatus
2026-03-29 16:58:27.789 | AlertVM | handleQueryCallback type=Default
2026-03-29 16:58:27.963 | ZhQuery | onHeartRateMonitorResult={"continuousHeartRateMode":0,"frequency":5,"isSportWarning":false,"isWarning":false,"lowWarningValue":0,"mode":0,"sportWarningValue":0,"warningValue":220}
2026-03-29 16:58:27.972 | AlertService | queryCallback type=HeartRateAlertDataObtained
2026-03-29 16:58:27.977 | AlertService | queryCallback type=HeartRateAlertSettingsObtained
2026-03-29 16:58:27.980 | AlertService | heartRate passive query preserving pending local value
2026-03-29 16:58:27.987 | AlertService | saveAlertSettings={"device_address":"D8:5C:08:30:00:1E","heart_rate":{"low_enabled":true,"low_threshold":69,"resting_enabled":true,"resting_threshold":70,"workout_enabled":false,"workout_threshold":175},"pending_sync":{"heart_rate":true,"relaxation_prompt":false,"sedentary_reminder":false,"sleep_reminder":false,"spo2":false},"pressure_mode":{"relaxation_prompt_enabled":false,"stress_monitoring_enabled":false},"sedentary_reminder":{"end_hour":18,"end_minute":0,"interval":60,"repeat_count":0,"start_hour":9,"start_minute":0,"status":false},"sleep_reminder":{"hour":0,"millisecond":0,"minute":0,"second":0,"status":false},"snapshots":{"heart_rate":{"continuous_heart_rate_mode":0,"frequency":5,"mode":0},"sedentary_reminder":{"end_noon_hour":0,"end_noon_minute":0,"no_disturb_in_launch":false,"start_noon_hour":0,"start_noon_minute":0}},"spo2":{"enabled":true,"threshold":99},"support":{"heart_rate":true,"high_stress_index":false,"relaxation_prompt":false,"sedentary_reminder":true,"sleep_reminder":false,"spo2":true,"wear_detection":false}}
2026-03-29 16:58:27.989 | AlertService | queryCallback type=AlertFeatureSupportObtained
2026-03-29 16:58:27.991 | AlertService | saveAlertSettings={"device_address":"D8:5C:08:30:00:1E","heart_rate":{"low_enabled":true,"low_threshold":69,"resting_enabled":true,"resting_threshold":70,"workout_enabled":false,"workout_threshold":175},"pending_sync":{"heart_rate":true,"relaxation_prompt":false,"sedentary_reminder":false,"sleep_reminder":false,"spo2":false},"pressure_mode":{"relaxation_prompt_enabled":false,"stress_monitoring_enabled":false},"sedentary_reminder":{"end_hour":18,"end_minute":0,"interval":60,"repeat_count":0,"start_hour":9,"start_minute":0,"status":false},"sleep_reminder":{"hour":0,"millisecond":0,"minute":0,"second":0,"status":false},"snapshots":{"heart_rate":{"continuous_heart_rate_mode":0,"frequency":5,"mode":0},"sedentary_reminder":{"end_noon_hour":0,"end_noon_minute":0,"no_disturb_in_launch":false,"start_noon_hour":0,"start_noon_minute":0}},"spo2":{"enabled":true,"threshold":99},"support":{"heart_rate":true,"high_stress_index":false,"relaxation_prompt":false,"sedentary_reminder":true,"sleep_reminder":false,"spo2":true,"wear_detection":false}}
2026-03-29 16:58:27.993 | ZhQuery | getHeartRateAlertSettings state=SUCCEED
2026-03-29 16:58:27.995 | AlertVM | handleQueryCallback type=HeartRateAlertDataObtained
2026-03-29 16:58:27.997 | AlertVM | handleQueryCallback type=Default
2026-03-29 16:58:27.999 | AlertVM | handleQueryCallback type=HeartRateAlertSettingsObtained
2026-03-29 16:58:28.001 | AlertVM | heartRate query matchesStored=false pending=true phase=VERIFY_QUERY
2026-03-29 16:58:28.003 | AlertVM | heartRate query value={"low_enabled":false,"low_threshold":0,"resting_enabled":false,"resting_threshold":220,"workout_enabled":false,"workout_threshold":0}
2026-03-29 16:58:28.004 | AlertVM | heartRate verify mismatch preserving local value
2026-03-29 16:58:28.006 | AlertVM | handleScreenQueryCompletion feature=HEART_RATE phase=VERIFY_QUERY matchesStored=false
2026-03-29 16:58:28.009 | AlertVM | handleQueryCallback type=Default
2026-03-29 16:58:28.010 | AlertVM | handleQueryCallback type=AlertFeatureSupportObtained
2026-03-29 16:58:28.012 | AlertVM | support feature=HEART_RATE supported=true
2026-03-29 16:58:28.013 | AlertVM | handleQueryCallback type=Default
2026-03-29 16:58:28.732 | AlertService | queryCallback type=UpdateFirmwareLogStatus
2026-03-29 16:58:28.748 | AlertVM | handleQueryCallback type=UpdateFirmwareLogStatus
2026-03-29 16:58:28.751 | AlertVM | handleQueryCallback type=Default
2026-03-29 16:58:29.741 | AlertService | queryCallback type=UpdateFirmwareLogStatus
2026-03-29 16:58:29.747 | AlertVM | handleQueryCallback type=UpdateFirmwareLogStatus
2026-03-29 16:58:29.748 | AlertVM | handleQueryCallback type=Default
2026-03-29 16:58:30.824 | AlertService | queryCallback type=UpdateFirmwareLogStatus
2026-03-29 16:58:30.833 | AlertVM | handleQueryCallback type=UpdateFirmwareLogStatus
2026-03-29 16:58:30.834 | AlertVM | handleQueryCallback type=Default
2026-03-29 16:58:31.731 | AlertService | queryCallback type=UpdateFirmwareLogStatus
2026-03-29 16:58:31.740 | AlertVM | handleQueryCallback type=UpdateFirmwareLogStatus
2026-03-29 16:58:31.742 | AlertVM | handleQueryCallback type=Default
2026-03-29 16:58:32.727 | AlertService | queryCallback type=UpdateFirmwareLogStatus
2026-03-29 16:58:32.744 | AlertVM | handleQueryCallback type=UpdateFirmwareLogStatus
2026-03-29 16:58:32.747 | AlertVM | handleQueryCallback type=Default
2026-03-29 16:58:33.718 | AlertService | queryCallback type=UpdateFirmwareLogStatus
2026-03-29 16:58:33.732 | AlertVM | handleQueryCallback type=UpdateFirmwareLogStatus
2026-03-29 16:58:33.734 | AlertVM | handleQueryCallback type=Default
2026-03-29 16:58:34.797 | AlertService | queryCallback type=UpdateFirmwareLogStatus
2026-03-29 16:58:34.817 | AlertVM | handleQueryCallback type=UpdateFirmwareLogStatus
2026-03-29 16:58:34.820 | AlertVM | handleQueryCallback type=Default
2026-03-29 16:58:35.742 | AlertService | queryCallback type=UpdateFirmwareLogStatus
2026-03-29 16:58:35.756 | AlertVM | handleQueryCallback type=UpdateFirmwareLogStatus
2026-03-29 16:58:35.760 | AlertVM | handleQueryCallback type=Default
2026-03-29 16:58:36.222 | AlertVM | saveHeartRateSettings requested={"low_enabled":true,"low_threshold":69,"resting_enabled":true,"resting_threshold":70,"workout_enabled":false,"workout_threshold":175}
2026-03-29 16:58:36.223 | AlertVM | persistFeature feature=HEART_RATE connected=true
2026-03-29 16:58:36.224 | AlertVM | persistFeature state={"device_address":"D8:5C:08:30:00:1E","heart_rate":{"low_enabled":true,"low_threshold":69,"resting_enabled":true,"resting_threshold":70,"workout_enabled":false,"workout_threshold":175},"pending_sync":{"heart_rate":true,"relaxation_prompt":false,"sedentary_reminder":false,"sleep_reminder":false,"spo2":false},"pressure_mode":{"relaxation_prompt_enabled":false,"stress_monitoring_enabled":false},"sedentary_reminder":{"end_hour":18,"end_minute":0,"interval":60,"repeat_count":0,"start_hour":9,"start_minute":0,"status":false},"sleep_reminder":{"hour":0,"millisecond":0,"minute":0,"second":0,"status":false},"snapshots":{"heart_rate":{"continuous_heart_rate_mode":0,"frequency":5,"mode":0},"sedentary_reminder":{"end_noon_hour":0,"end_noon_minute":0,"no_disturb_in_launch":false,"start_noon_hour":0,"start_noon_minute":0}},"spo2":{"enabled":true,"threshold":99},"support":{"heart_rate":true,"high_stress_index":false,"relaxation_prompt":false,"sedentary_reminder":true,"sleep_reminder":false,"spo2":true,"wear_detection":false}}
2026-03-29 16:58:36.226 | AlertVM | syncQueuedFeatures feature=HEART_RATE requiresSnapshot=false
2026-03-29 16:58:36.227 | AlertVM | sendUpdate feature=HEART_RATE
2026-03-29 16:58:36.228 | AlertVM | sendUpdate state={"device_address":"D8:5C:08:30:00:1E","heart_rate":{"low_enabled":true,"low_threshold":69,"resting_enabled":true,"resting_threshold":70,"workout_enabled":false,"workout_threshold":175},"pending_sync":{"heart_rate":true,"relaxation_prompt":false,"sedentary_reminder":false,"sleep_reminder":false,"spo2":false},"pressure_mode":{"relaxation_prompt_enabled":false,"stress_monitoring_enabled":false},"sedentary_reminder":{"end_hour":18,"end_minute":0,"interval":60,"repeat_count":0,"start_hour":9,"start_minute":0,"status":false},"sleep_reminder":{"hour":0,"millisecond":0,"minute":0,"second":0,"status":false},"snapshots":{"heart_rate":{"continuous_heart_rate_mode":0,"frequency":5,"mode":0},"sedentary_reminder":{"end_noon_hour":0,"end_noon_minute":0,"no_disturb_in_launch":false,"start_noon_hour":0,"start_noon_minute":0}},"spo2":{"enabled":true,"threshold":99},"support":{"heart_rate":true,"high_stress_index":false,"relaxation_prompt":false,"sedentary_reminder":true,"sleep_reminder":false,"spo2":true,"wear_detection":false}}
2026-03-29 16:58:36.418 | ZhUpdate | setHeartRateAlertSettings={"low_enabled":true,"low_threshold":69,"resting_enabled":true,"resting_threshold":70,"workout_enabled":false,"workout_threshold":175}
2026-03-29 16:58:36.419 | ZhUpdate | setHeartRateAlertSettings bean={"continuousHeartRateMode":0,"frequency":0,"isSportWarning":false,"isWarning":true,"lowWarningValue":69,"mode":0,"sportWarningValue":175,"warningValue":70}
2026-03-29 16:58:36.967 | AlertService | queryCallback type=UpdateFirmwareLogStatus
2026-03-29 16:58:37.103 | ZhUpdate | setHeartRateAlertSettings state=SUCCEED
2026-03-29 16:58:37.105 | AlertService | updateCallback type=HeartRateAlertUpdated
2026-03-29 16:58:37.111 | AlertService | updateCallback type=HeartRateAlertSettingsUpdated
2026-03-29 16:58:37.116 | AlertService | onAlertUpdateCompleted feature=HEART_RATE success=true
2026-03-29 16:58:37.117 | AlertService | updateCallback type=HeartRateMeasureIntervalSet
2026-03-29 16:58:37.719 | AlertService | queryCallback type=UpdateFirmwareLogStatus
2026-03-29 16:58:38.732 | AlertService | queryCallback type=UpdateFirmwareLogStatus
2026-03-29 16:58:39.820 | AlertService | queryCallback type=UpdateFirmwareLogStatus
2026-03-29 16:58:40.755 | AlertService | queryCallback type=UpdateFirmwareLogStatus
2026-03-29 16:58:41.703 | AlertService | queryCallback type=UpdateFirmwareLogStatus
2026-03-29 16:58:42.711 | AlertService | queryCallback type=UpdateFirmwareLogStatus
2026-03-29 16:58:43.806 | AlertService | queryCallback type=UpdateFirmwareLogStatus
2026-03-29 16:58:44.739 | AlertService | queryCallback type=UpdateFirmwareLogStatus
2026-03-29 16:58:45.479 | AlertUI | BlankTestFragment alert panel initialized
2026-03-29 16:58:45.483 | AlertVM | handleQueryCallback type=Default
2026-03-29 16:58:45.488 | AlertVM | handleUpdateCallback type=HeartRateMeasureIntervalSet
2026-03-29 16:58:45.492 | AlertVM | onConnectedStateChanged state=ConnectSuccess
2026-03-29 16:58:45.493 | AlertVM | loadState={"device_address":"D8:5C:08:30:00:1E","heart_rate":{"low_enabled":true,"low_threshold":69,"resting_enabled":true,"resting_threshold":70,"workout_enabled":false,"workout_threshold":175},"pending_sync":{"heart_rate":true,"relaxation_prompt":false,"sedentary_reminder":false,"sleep_reminder":false,"spo2":false},"pressure_mode":{"relaxation_prompt_enabled":false,"stress_monitoring_enabled":false},"sedentary_reminder":{"end_hour":18,"end_minute":0,"interval":60,"repeat_count":0,"start_hour":9,"start_minute":0,"status":false},"sleep_reminder":{"hour":0,"millisecond":0,"minute":0,"second":0,"status":false},"snapshots":{"heart_rate":{"continuous_heart_rate_mode":0,"frequency":5,"mode":0},"sedentary_reminder":{"end_noon_hour":0,"end_noon_minute":0,"no_disturb_in_launch":false,"start_noon_hour":0,"start_noon_minute":0}},"spo2":{"enabled":true,"threshold":99},"support":{"heart_rate":true,"high_stress_index":false,"relaxation_prompt":false,"sedentary_reminder":true,"sleep_reminder":false,"spo2":true,"wear_detection":false}}
2026-03-29 16:58:45.494 | AlertVM | syncQueuedFeatures feature=HEART_RATE requiresSnapshot=false
2026-03-29 16:58:45.496 | AlertVM | sendUpdate feature=HEART_RATE
2026-03-29 16:58:45.498 | AlertVM | sendUpdate state={"device_address":"D8:5C:08:30:00:1E","heart_rate":{"low_enabled":true,"low_threshold":69,"resting_enabled":true,"resting_threshold":70,"workout_enabled":false,"workout_threshold":175},"pending_sync":{"heart_rate":true,"relaxation_prompt":false,"sedentary_reminder":false,"sleep_reminder":false,"spo2":false},"pressure_mode":{"relaxation_prompt_enabled":false,"stress_monitoring_enabled":false},"sedentary_reminder":{"end_hour":18,"end_minute":0,"interval":60,"repeat_count":0,"start_hour":9,"start_minute":0,"status":false},"sleep_reminder":{"hour":0,"millisecond":0,"minute":0,"second":0,"status":false},"snapshots":{"heart_rate":{"continuous_heart_rate_mode":0,"frequency":5,"mode":0},"sedentary_reminder":{"end_noon_hour":0,"end_noon_minute":0,"no_disturb_in_launch":false,"start_noon_hour":0,"start_noon_minute":0}},"spo2":{"enabled":true,"threshold":99},"support":{"heart_rate":true,"high_stress_index":false,"relaxation_prompt":false,"sedentary_reminder":true,"sleep_reminder":false,"spo2":true,"wear_detection":false}}
2026-03-29 16:58:45.547 | AlertVM | syncQueuedFeatures skipped activePhase=UPDATE_SENT feature=HEART_RATE
2026-03-29 16:58:45.548 | ZhUpdate | setHeartRateAlertSettings={"low_enabled":true,"low_threshold":69,"resting_enabled":true,"resting_threshold":70,"workout_enabled":false,"workout_threshold":175}
2026-03-29 16:58:45.550 | ZhUpdate | setHeartRateAlertSettings bean={"continuousHeartRateMode":0,"frequency":0,"isSportWarning":false,"isWarning":true,"lowWarningValue":69,"mode":0,"sportWarningValue":175,"warningValue":70}
2026-03-29 16:58:45.832 | AlertService | queryCallback type=UpdateFirmwareLogStatus
2026-03-29 16:58:45.844 | AlertVM | handleQueryCallback type=UpdateFirmwareLogStatus
2026-03-29 16:58:45.847 | AlertVM | handleQueryCallback type=Default
2026-03-29 16:58:46.755 | AlertService | queryCallback type=UpdateFirmwareLogStatus
2026-03-29 16:58:46.767 | AlertVM | handleQueryCallback type=UpdateFirmwareLogStatus
2026-03-29 16:58:46.771 | AlertVM | handleQueryCallback type=Default
2026-03-29 16:58:47.599 | ZhUpdate | setHeartRateAlertSettings state=SUCCEED
2026-03-29 16:58:47.602 | AlertService | updateCallback type=HeartRateAlertUpdated
2026-03-29 16:58:47.605 | AlertService | updateCallback type=HeartRateAlertSettingsUpdated
2026-03-29 16:58:47.618 | AlertService | onAlertUpdateCompleted feature=HEART_RATE success=true
2026-03-29 16:58:47.624 | AlertService | updateCallback type=HeartRateMeasureIntervalSet
2026-03-29 16:58:47.626 | AlertVM | handleUpdateCallback type=HeartRateAlertUpdated
2026-03-29 16:58:47.628 | AlertVM | handleUpdateCallback type=HeartRateAlertSettingsUpdated
2026-03-29 16:58:47.629 | AlertVM | heartRate update success=true
2026-03-29 16:58:47.630 | AlertVM | handleScreenUpdateCompletion feature=HEART_RATE success=true
2026-03-29 16:58:47.632 | AlertVM | sendQuery feature=HEART_RATE
2026-03-29 16:58:47.633 | AlertVM | handleUpdateCallback type=HeartRateMeasureIntervalSet
2026-03-29 16:58:47.635 | ZhQuery | getHeartRateAlertSettings dispatched
2026-03-29 16:58:47.885 | AlertService | queryCallback type=UpdateFirmwareLogStatus
2026-03-29 16:58:47.895 | AlertVM | handleQueryCallback type=UpdateFirmwareLogStatus
2026-03-29 16:58:47.897 | AlertVM | handleQueryCallback type=Default
2026-03-29 16:58:48.467 | ZhQuery | onHeartRateMonitorResult={"continuousHeartRateMode":0,"frequency":5,"isSportWarning":false,"isWarning":false,"lowWarningValue":0,"mode":0,"sportWarningValue":0,"warningValue":220}
2026-03-29 16:58:48.470 | AlertService | queryCallback type=HeartRateAlertDataObtained
2026-03-29 16:58:48.476 | AlertService | queryCallback type=HeartRateAlertSettingsObtained
2026-03-29 16:58:48.478 | AlertService | heartRate passive query preserving pending local value
2026-03-29 16:58:48.480 | AlertService | saveAlertSettings={"device_address":"D8:5C:08:30:00:1E","heart_rate":{"low_enabled":true,"low_threshold":69,"resting_enabled":true,"resting_threshold":70,"workout_enabled":false,"workout_threshold":175},"pending_sync":{"heart_rate":true,"relaxation_prompt":false,"sedentary_reminder":false,"sleep_reminder":false,"spo2":false},"pressure_mode":{"relaxation_prompt_enabled":false,"stress_monitoring_enabled":false},"sedentary_reminder":{"end_hour":18,"end_minute":0,"interval":60,"repeat_count":0,"start_hour":9,"start_minute":0,"status":false},"sleep_reminder":{"hour":0,"millisecond":0,"minute":0,"second":0,"status":false},"snapshots":{"heart_rate":{"continuous_heart_rate_mode":0,"frequency":5,"mode":0},"sedentary_reminder":{"end_noon_hour":0,"end_noon_minute":0,"no_disturb_in_launch":false,"start_noon_hour":0,"start_noon_minute":0}},"spo2":{"enabled":true,"threshold":99},"support":{"heart_rate":true,"high_stress_index":false,"relaxation_prompt":false,"sedentary_reminder":true,"sleep_reminder":false,"spo2":true,"wear_detection":false}}
2026-03-29 16:58:48.487 | AlertService | queryCallback type=AlertFeatureSupportObtained
2026-03-29 16:58:48.489 | AlertService | saveAlertSettings={"device_address":"D8:5C:08:30:00:1E","heart_rate":{"low_enabled":true,"low_threshold":69,"resting_enabled":true,"resting_threshold":70,"workout_enabled":false,"workout_threshold":175},"pending_sync":{"heart_rate":true,"relaxation_prompt":false,"sedentary_reminder":false,"sleep_reminder":false,"spo2":false},"pressure_mode":{"relaxation_prompt_enabled":false,"stress_monitoring_enabled":false},"sedentary_reminder":{"end_hour":18,"end_minute":0,"interval":60,"repeat_count":0,"start_hour":9,"start_minute":0,"status":false},"sleep_reminder":{"hour":0,"millisecond":0,"minute":0,"second":0,"status":false},"snapshots":{"heart_rate":{"continuous_heart_rate_mode":0,"frequency":5,"mode":0},"sedentary_reminder":{"end_noon_hour":0,"end_noon_minute":0,"no_disturb_in_launch":false,"start_noon_hour":0,"start_noon_minute":0}},"spo2":{"enabled":true,"threshold":99},"support":{"heart_rate":true,"high_stress_index":false,"relaxation_prompt":false,"sedentary_reminder":true,"sleep_reminder":false,"spo2":true,"wear_detection":false}}
2026-03-29 16:58:48.491 | ZhQuery | getHeartRateAlertSettings state=SUCCEED
2026-03-29 16:58:48.493 | AlertVM | handleQueryCallback type=HeartRateAlertDataObtained
2026-03-29 16:58:48.494 | AlertVM | handleQueryCallback type=Default
2026-03-29 16:58:48.496 | AlertVM | handleQueryCallback type=HeartRateAlertSettingsObtained
2026-03-29 16:58:48.498 | AlertVM | heartRate query matchesStored=false pending=true phase=VERIFY_QUERY
2026-03-29 16:58:48.499 | AlertVM | heartRate query value={"low_enabled":false,"low_threshold":0,"resting_enabled":false,"resting_threshold":220,"workout_enabled":false,"workout_threshold":0}
2026-03-29 16:58:48.501 | AlertVM | heartRate verify mismatch preserving local value
2026-03-29 16:58:48.502 | AlertVM | handleScreenQueryCompletion feature=HEART_RATE phase=VERIFY_QUERY matchesStored=false
2026-03-29 16:58:48.504 | AlertVM | handleQueryCallback type=Default
2026-03-29 16:58:48.505 | AlertVM | handleQueryCallback type=AlertFeatureSupportObtained
2026-03-29 16:58:48.507 | AlertVM | support feature=HEART_RATE supported=true
2026-03-29 16:58:48.508 | AlertVM | handleQueryCallback type=Default
2026-03-29 16:58:48.741 | AlertService | queryCallback type=UpdateFirmwareLogStatus
2026-03-29 16:58:48.752 | AlertVM | handleQueryCallback type=UpdateFirmwareLogStatus
2026-03-29 16:58:48.754 | AlertVM | handleQueryCallback type=Default
2026-03-29 16:58:49.821 | AlertService | queryCallback type=UpdateFirmwareLogStatus
2026-03-29 16:58:49.828 | AlertVM | handleQueryCallback type=UpdateFirmwareLogStatus
2026-03-29 16:58:49.831 | AlertVM | handleQueryCallback type=Default
2026-03-29 16:58:50.890 | AlertService | queryCallback type=UpdateFirmwareLogStatus
2026-03-29 16:58:50.897 | AlertVM | handleQueryCallback type=UpdateFirmwareLogStatus
2026-03-29 16:58:50.900 | AlertVM | handleQueryCallback type=Default
2026-03-29 16:58:51.844 | AlertService | queryCallback type=UpdateFirmwareLogStatus
2026-03-29 16:58:51.851 | AlertVM | handleQueryCallback type=UpdateFirmwareLogStatus
2026-03-29 16:58:51.852 | AlertVM | handleQueryCallback type=Default
2026-03-29 16:58:52.976 | AlertService | queryCallback type=UpdateFirmwareLogStatus
2026-03-29 16:58:52.982 | AlertVM | handleQueryCallback type=UpdateFirmwareLogStatus
2026-03-29 16:58:52.986 | AlertVM | handleQueryCallback type=Default
2026-03-29 16:58:53.868 | AlertService | queryCallback type=UpdateFirmwareLogStatus
2026-03-29 16:58:53.871 | AlertVM | handleQueryCallback type=UpdateFirmwareLogStatus
2026-03-29 16:58:53.872 | AlertVM | handleQueryCallback type=Default
2026-03-29 16:58:54.557 | AlertUI | exportAlertLogs requested
2026-03-29 16:58:54.802 | AlertService | queryCallback type=UpdateFirmwareLogStatus
2026-03-29 16:58:54.820 | AlertVM | handleQueryCallback type=UpdateFirmwareLogStatus
2026-03-29 16:58:54.823 | AlertVM | handleQueryCallback type=Default
2026-03-29 16:58:55.855 | AlertService | queryCallback type=UpdateFirmwareLogStatus
2026-03-29 16:58:55.872 | AlertVM | handleQueryCallback type=UpdateFirmwareLogStatus
2026-03-29 16:58:55.877 | AlertVM | handleQueryCallback type=Default
2026-03-29 16:58:56.738 | AlertService | queryCallback type=UpdateFirmwareLogStatus
2026-03-29 16:58:56.754 | AlertVM | handleQueryCallback type=UpdateFirmwareLogStatus
2026-03-29 16:58:56.757 | AlertVM | handleQueryCallback type=Default
2026-03-29 16:58:57.882 | AlertService | queryCallback type=UpdateFirmwareLogStatus
2026-03-29 16:58:57.906 | AlertVM | handleQueryCallback type=UpdateFirmwareLogStatus
2026-03-29 16:58:57.909 | AlertVM | handleQueryCallback type=Default
2026-03-29 16:58:58.902 | AlertService | queryCallback type=UpdateFirmwareLogStatus
2026-03-29 16:58:58.930 | AlertVM | handleQueryCallback type=UpdateFirmwareLogStatus
2026-03-29 16:58:58.933 | AlertVM | handleQueryCallback type=Default
2026-03-29 16:59:00.194 | AlertService | queryCallback type=UpdateFirmwareLogStatus
2026-03-29 16:59:00.609 | AlertService | queryCallback type=UpdateFirmwareLogStatus
2026-03-29 16:59:01.215 | AlertService | queryCallback type=UpdateFirmwareLogStatus
2026-03-29 16:59:02.109 | AlertService | queryCallback type=UpdateFirmwareLogStatus
2026-03-29 16:59:03.014 | AlertService | queryCallback type=UpdateFirmwareLogStatus
2026-03-29 16:59:04.060 | AlertService | queryCallback type=UpdateFirmwareLogStatus
2026-03-29 16:59:05.060 | AlertService | queryCallback type=UpdateFirmwareLogStatus
2026-03-29 16:59:06.041 | AlertService | queryCallback type=UpdateFirmwareLogStatus
