2026-03-29 19:32:02.707 | AlertService | resetAlertSyncState
2026-03-29 19:32:02.729 | AlertService | syncPendingAlertSettings skipped disconnected
2026-03-29 19:32:03.068 | AlertService | queryCallback type=FirmwareVersionObtained
2026-03-29 19:32:03.084 | AlertService | queryCallback type=BatteryDataObtained
2026-03-29 19:32:03.401 | AlertService | queryCallback type=FirmwareVersionObtained
2026-03-29 19:32:03.403 | AlertService | queryCallback type=BatteryDataObtained
2026-03-29 19:32:03.889 | AlertService | queryCallback type=FirmwareVersionObtained
2026-03-29 19:32:03.892 | AlertService | queryCallback type=BatteryDataObtained
2026-03-29 19:32:04.806 | AlertService | queryCallback type=FirmwareVersionObtained
2026-03-29 19:32:04.823 | AlertService | queryCallback type=BatteryDataObtained
2026-03-29 19:32:11.614 | AlertService | updateCallback type=DeviceTimeSynced
2026-03-29 19:32:12.606 | AlertService | updateCallback type=UserInfoUpdated
2026-03-29 19:32:13.596 | AlertService | updateCallback type=DeviceUnitsUpdated
2026-03-29 19:32:14.926 | AlertService | queryCallback type=UpdateFirmwareLogStatus
2026-03-29 19:32:15.628 | AlertService | queryCallback type=UpdateFirmwareLogStatus
2026-03-29 19:32:16.558 | AlertService | queryCallback type=UpdateFirmwareLogStatus
2026-03-29 19:32:17.635 | AlertService | queryCallback type=UpdateFirmwareLogStatus
2026-03-29 19:32:18.594 | AlertService | queryCallback type=UpdateFirmwareLogStatus
2026-03-29 19:32:19.583 | AlertService | queryCallback type=UpdateFirmwareLogStatus
2026-03-29 19:32:20.632 | AlertService | queryCallback type=UpdateFirmwareLogStatus
2026-03-29 19:32:21.627 | AlertService | queryCallback type=UpdateFirmwareLogStatus
2026-03-29 19:32:22.616 | AlertService | queryCallback type=UpdateFirmwareLogStatus
2026-03-29 19:32:23.852 | AlertService | queryCallback type=UpdateFirmwareLogStatus
2026-03-29 19:32:24.645 | AlertService | queryCallback type=UpdateFirmwareLogStatus
2026-03-29 19:32:25.649 | AlertService | queryCallback type=UpdateFirmwareLogStatus
2026-03-29 19:32:26.685 | AlertService | queryCallback type=UpdateFirmwareLogStatus
2026-03-29 19:32:27.940 | AlertService | queryCallback type=UpdateFirmwareLogStatus
2026-03-29 19:32:27.973 | AlertService | updateCallback type=DeviceTimeSynced
2026-03-29 19:32:28.446 | AlertService | queryCallback type=BatteryDataObtained
2026-03-29 19:32:29.309 | AlertService | queryCallback type=BatteryDataObtained
2026-03-29 19:32:29.317 | AlertService | queryCallback type=UpdateFirmwareLogStatus
2026-03-29 19:32:30.402 | AlertService | queryCallback type=UpdateFirmwareLogStatus
2026-03-29 19:32:30.868 | AlertService | queryCallback type=UpdateFirmwareLogStatus
2026-03-29 19:32:31.728 | AlertService | queryCallback type=UpdateFirmwareLogStatus
2026-03-29 19:32:32.354 | AlertService | queryCallback type=FirmwareVersionObtained
2026-03-29 19:32:32.360 | AlertService | queryCallback type=BatteryDataObtained
2026-03-29 19:32:32.612 | AlertService | queryCallback type=UpdateFirmwareLogStatus
2026-03-29 19:32:33.680 | AlertService | queryCallback type=UpdateFirmwareLogStatus
2026-03-29 19:32:34.828 | AlertService | queryCallback type=UpdateFirmwareLogStatus
2026-03-29 19:32:35.655 | AlertService | queryCallback type=UpdateFirmwareLogStatus
2026-03-29 19:32:36.683 | AlertService | queryCallback type=UpdateFirmwareLogStatus
2026-03-29 19:32:37.677 | AlertService | queryCallback type=UpdateFirmwareLogStatus
2026-03-29 19:32:38.112 | AlertService | queryCallback type=BatteryDataObtained
2026-03-29 19:32:38.732 | AlertService | queryCallback type=UpdateFirmwareLogStatus
2026-03-29 19:32:39.621 | AlertService | queryCallback type=UpdateFirmwareLogStatus
2026-03-29 19:32:40.613 | AlertService | queryCallback type=UpdateFirmwareLogStatus
2026-03-29 19:32:41.749 | AlertService | queryCallback type=UpdateFirmwareLogStatus
2026-03-29 19:32:42.689 | AlertService | queryCallback type=UpdateFirmwareLogStatus
2026-03-29 19:32:43.714 | AlertService | queryCallback type=UpdateFirmwareLogStatus
2026-03-29 19:32:44.629 | AlertService | queryCallback type=UpdateFirmwareLogStatus
2026-03-29 19:32:46.031 | AlertService | queryCallback type=UpdateFirmwareLogStatus
2026-03-29 19:32:46.621 | AlertService | queryCallback type=FirmwareVersionObtained
2026-03-29 19:32:46.624 | AlertService | queryCallback type=BatteryDataObtained
2026-03-29 19:32:46.763 | AlertService | queryCallback type=UpdateFirmwareLogStatus
2026-03-29 19:32:47.319 | AlertService | queryCallback type=UpdateFirmwareLogStatus
2026-03-29 19:32:47.864 | AlertService | queryCallback type=UpdateFirmwareLogStatus
2026-03-29 19:32:49.076 | AlertService | queryCallback type=UpdateFirmwareLogStatus
2026-03-29 19:32:50.255 | AlertService | queryCallback type=UpdateFirmwareLogStatus
2026-03-29 19:32:50.966 | AlertService | queryCallback type=UpdateFirmwareLogStatus
2026-03-29 19:32:52.004 | AlertService | queryCallback type=UpdateFirmwareLogStatus
2026-03-29 19:32:52.908 | AlertService | queryCallback type=UpdateFirmwareLogStatus
2026-03-29 19:32:53.812 | AlertService | queryCallback type=UpdateFirmwareLogStatus
2026-03-29 19:32:54.831 | AlertService | queryCallback type=UpdateFirmwareLogStatus
2026-03-29 19:32:55.792 | AlertService | queryCallback type=UpdateFirmwareLogStatus
2026-03-29 19:32:56.771 | AlertService | queryCallback type=UpdateFirmwareLogStatus
2026-03-29 19:32:57.372 | AlertUI | BlankTestFragment alert panel initialized
2026-03-29 19:32:57.380 | AlertVM | handleQueryCallback type=Default
2026-03-29 19:32:57.387 | AlertVM | handleUpdateCallback type=DeviceTimeSynced
2026-03-29 19:32:57.391 | AlertVM | onConnectedStateChanged state=ConnectSuccess
2026-03-29 19:32:57.395 | AlertVM | refreshFromBand dispatching alert queries
2026-03-29 19:32:57.396 | AlertVM | loadState={"device_address":"D8:5C:08:30:00:1E","heart_rate":{"low_enabled":false,"low_threshold":50,"resting_enabled":false,"resting_threshold":150,"workout_enabled":false,"workout_threshold":175},"pending_sync":{"heart_rate":false,"relaxation_prompt":false,"sedentary_reminder":false,"sleep_reminder":false,"spo2":false},"pressure_mode":{"relaxation_prompt_enabled":false,"stress_monitoring_enabled":false},"sedentary_reminder":{"end_hour":18,"end_minute":0,"interval":60,"repeat_count":0,"start_hour":9,"start_minute":0,"status":false},"sleep_reminder":{"hour":0,"millisecond":0,"minute":0,"second":0,"status":false},"snapshots":{"heart_rate":{},"sedentary_reminder":{}},"spo2":{"enabled":false,"threshold":75},"support":{"heart_rate":true,"heart_rate_workout":true,"high_stress_index":false,"relaxation_prompt":true,"sedentary_reminder":true,"sleep_reminder":true,"spo2":true,"wear_detection":false},"wear_detection_status":{"last_updated_at":0}}
2026-03-29 19:32:57.490 | ZhQuery | getHeartRateAlertSettings dispatched api=HeartRateMonitor
2026-03-29 19:32:57.492 | ZhQuery | getSpo2AlertSettings dispatched
2026-03-29 19:32:57.493 | ZhQuery | getPressureModeSettings dispatched
2026-03-29 19:32:57.496 | ZhQuery | getSleepReminder dispatched
2026-03-29 19:32:57.506 | AlertVM | refreshFromBand dispatching alert queries
2026-03-29 19:32:57.529 | ZhQuery | getHeartRateAlertSettings dispatched api=HeartRateMonitor
2026-03-29 19:32:57.538 | ZhQuery | getSpo2AlertSettings dispatched
2026-03-29 19:32:57.541 | ZhQuery | getPressureModeSettings dispatched
2026-03-29 19:32:57.543 | ZhQuery | getSleepReminder dispatched
2026-03-29 19:32:57.861 | AlertService | queryCallback type=UpdateFirmwareLogStatus
2026-03-29 19:32:57.874 | AlertVM | handleQueryCallback type=UpdateFirmwareLogStatus
2026-03-29 19:32:57.876 | AlertVM | handleQueryCallback type=Default
2026-03-29 19:32:58.333 | AlertService | queryCallback type=BatteryDataObtained
2026-03-29 19:32:58.348 | AlertVM | handleQueryCallback type=BatteryDataObtained
2026-03-29 19:32:58.350 | AlertVM | handleQueryCallback type=Default
2026-03-29 19:32:59.074 | AlertService | queryCallback type=UpdateFirmwareLogStatus
2026-03-29 19:32:59.086 | AlertVM | handleQueryCallback type=UpdateFirmwareLogStatus
2026-03-29 19:32:59.089 | AlertVM | handleQueryCallback type=Default
2026-03-29 19:33:00.008 | AlertService | queryCallback type=UpdateFirmwareLogStatus
2026-03-29 19:33:00.016 | AlertVM | handleQueryCallback type=UpdateFirmwareLogStatus
2026-03-29 19:33:00.018 | AlertVM | handleQueryCallback type=Default
2026-03-29 19:33:00.871 | AlertService | queryCallback type=UpdateFirmwareLogStatus
2026-03-29 19:33:00.879 | AlertVM | handleQueryCallback type=UpdateFirmwareLogStatus
2026-03-29 19:33:00.880 | AlertVM | handleQueryCallback type=Default
2026-03-29 19:33:01.219 | ZhQuery | onHeartRateMonitorResult={"continuousHeartRateMode":0,"frequency":5,"isSportWarning":false,"isWarning":false,"lowWarningValue":0,"mode":0,"sportWarningValue":0,"warningValue":220}
2026-03-29 19:33:01.221 | AlertService | queryCallback type=HeartRateAlertSettingsObtained
2026-03-29 19:33:01.222 | AlertService | saveAlertSettings={"device_address":"D8:5C:08:30:00:1E","heart_rate":{"low_enabled":false,"low_threshold":50,"resting_enabled":false,"resting_threshold":150,"workout_enabled":false,"workout_threshold":175},"pending_sync":{"heart_rate":false,"relaxation_prompt":false,"sedentary_reminder":false,"sleep_reminder":false,"spo2":false},"pressure_mode":{"relaxation_prompt_enabled":false,"stress_monitoring_enabled":false},"sedentary_reminder":{"end_hour":18,"end_minute":0,"interval":60,"repeat_count":0,"start_hour":9,"start_minute":0,"status":false},"sleep_reminder":{"hour":0,"millisecond":0,"minute":0,"second":0,"status":false},"snapshots":{"heart_rate":{"continuous_heart_rate_mode":0,"frequency":5,"mode":0},"sedentary_reminder":{}},"spo2":{"enabled":false,"threshold":75},"support":{"heart_rate":true,"heart_rate_workout":true,"high_stress_index":false,"relaxation_prompt":true,"sedentary_reminder":true,"sleep_reminder":true,"spo2":true,"wear_detection":false},"wear_detection_status":{"last_updated_at":0}}
2026-03-29 19:33:01.231 | AlertService | queryCallback type=AlertFeatureSupportObtained
2026-03-29 19:33:01.233 | AlertService | saveAlertSettings={"device_address":"D8:5C:08:30:00:1E","heart_rate":{"low_enabled":false,"low_threshold":50,"resting_enabled":false,"resting_threshold":150,"workout_enabled":false,"workout_threshold":175},"pending_sync":{"heart_rate":false,"relaxation_prompt":false,"sedentary_reminder":false,"sleep_reminder":false,"spo2":false},"pressure_mode":{"relaxation_prompt_enabled":false,"stress_monitoring_enabled":false},"sedentary_reminder":{"end_hour":18,"end_minute":0,"interval":60,"repeat_count":0,"start_hour":9,"start_minute":0,"status":false},"sleep_reminder":{"hour":0,"millisecond":0,"minute":0,"second":0,"status":false},"snapshots":{"heart_rate":{"continuous_heart_rate_mode":0,"frequency":5,"mode":0},"sedentary_reminder":{}},"spo2":{"enabled":false,"threshold":75},"support":{"heart_rate":true,"heart_rate_workout":true,"high_stress_index":false,"relaxation_prompt":true,"sedentary_reminder":true,"sleep_reminder":true,"spo2":true,"wear_detection":false},"wear_detection_status":{"last_updated_at":0}}
2026-03-29 19:33:01.240 | ZhQuery | getHeartRateAlertSettings api=HeartRateMonitor state=SUCCEED
2026-03-29 19:33:01.241 | ZhQuery | getHeartRateAlertSettings api=HeartRateMonitor state=SUCCEED
2026-03-29 19:33:01.243 | AlertVM | handleQueryCallback type=HeartRateAlertSettingsObtained
2026-03-29 19:33:01.244 | AlertVM | heartRate query matchesStored=true pending=false phase=null
2026-03-29 19:33:01.245 | AlertVM | heartRate query value={"low_enabled":false,"low_threshold":0,"resting_enabled":false,"resting_threshold":220,"workout_enabled":false,"workout_threshold":0}
2026-03-29 19:33:01.246 | AlertVM | handleQueryCallback type=Default
2026-03-29 19:33:01.247 | AlertVM | handleQueryCallback type=AlertFeatureSupportObtained
2026-03-29 19:33:01.248 | AlertVM | support feature=HEART_RATE supported=true
2026-03-29 19:33:01.250 | AlertVM | handleQueryCallback type=Default
2026-03-29 19:33:01.532 | ZhQuery | onSWSPO2Monitor={"isWarning":true,"warningValue":90}
2026-03-29 19:33:01.534 | AlertService | queryCallback type=Spo2AlertSettingsObtained
2026-03-29 19:33:01.535 | AlertService | saveAlertSettings={"device_address":"D8:5C:08:30:00:1E","heart_rate":{"low_enabled":false,"low_threshold":50,"resting_enabled":false,"resting_threshold":150,"workout_enabled":false,"workout_threshold":175},"pending_sync":{"heart_rate":false,"relaxation_prompt":false,"sedentary_reminder":false,"sleep_reminder":false,"spo2":false},"pressure_mode":{"relaxation_prompt_enabled":false,"stress_monitoring_enabled":false},"sedentary_reminder":{"end_hour":18,"end_minute":0,"interval":60,"repeat_count":0,"start_hour":9,"start_minute":0,"status":false},"sleep_reminder":{"hour":0,"millisecond":0,"minute":0,"second":0,"status":false},"snapshots":{"heart_rate":{"continuous_heart_rate_mode":0,"frequency":5,"mode":0},"sedentary_reminder":{}},"spo2":{"enabled":true,"threshold":90},"support":{"heart_rate":true,"heart_rate_workout":true,"high_stress_index":false,"relaxation_prompt":true,"sedentary_reminder":true,"sleep_reminder":true,"spo2":true,"wear_detection":false},"wear_detection_status":{"last_updated_at":0}}
2026-03-29 19:33:01.541 | AlertService | queryCallback type=AlertFeatureSupportObtained
2026-03-29 19:33:01.543 | AlertService | saveAlertSettings={"device_address":"D8:5C:08:30:00:1E","heart_rate":{"low_enabled":false,"low_threshold":50,"resting_enabled":false,"resting_threshold":150,"workout_enabled":false,"workout_threshold":175},"pending_sync":{"heart_rate":false,"relaxation_prompt":false,"sedentary_reminder":false,"sleep_reminder":false,"spo2":false},"pressure_mode":{"relaxation_prompt_enabled":false,"stress_monitoring_enabled":false},"sedentary_reminder":{"end_hour":18,"end_minute":0,"interval":60,"repeat_count":0,"start_hour":9,"start_minute":0,"status":false},"sleep_reminder":{"hour":0,"millisecond":0,"minute":0,"second":0,"status":false},"snapshots":{"heart_rate":{"continuous_heart_rate_mode":0,"frequency":5,"mode":0},"sedentary_reminder":{}},"spo2":{"enabled":true,"threshold":90},"support":{"heart_rate":true,"heart_rate_workout":true,"high_stress_index":false,"relaxation_prompt":true,"sedentary_reminder":true,"sleep_reminder":true,"spo2":true,"wear_detection":false},"wear_detection_status":{"last_updated_at":0}}
2026-03-29 19:33:01.546 | ZhQuery | getSpo2AlertSettings state=SUCCEED
2026-03-29 19:33:01.547 | ZhQuery | getSpo2AlertSettings state=SUCCEED
2026-03-29 19:33:01.549 | AlertVM | handleQueryCallback type=Spo2AlertSettingsObtained
2026-03-29 19:33:01.551 | AlertVM | spo2 query matchesStored=true pending=false phase=null
2026-03-29 19:33:01.554 | AlertVM | spo2 query value={"enabled":true,"threshold":90}
2026-03-29 19:33:01.556 | AlertVM | handleQueryCallback type=Default
2026-03-29 19:33:01.557 | AlertVM | handleQueryCallback type=AlertFeatureSupportObtained
2026-03-29 19:33:01.559 | AlertVM | support feature=SPO2 supported=true
2026-03-29 19:33:01.560 | AlertVM | handleQueryCallback type=Default
2026-03-29 19:33:01.893 | AlertService | queryCallback type=UpdateFirmwareLogStatus
2026-03-29 19:33:01.898 | AlertVM | handleQueryCallback type=UpdateFirmwareLogStatus
2026-03-29 19:33:01.900 | AlertVM | handleQueryCallback type=Default
2026-03-29 19:33:02.195 | ZhQuery | getPressureModeSettings state=NOT_SUPPORT
2026-03-29 19:33:02.197 | AlertService | queryCallback type=AlertFeatureSupportObtained
2026-03-29 19:33:02.199 | AlertService | onAlertFeatureUnsupported feature=RELAXATION_PROMPT
2026-03-29 19:33:02.201 | AlertService | saveAlertSettings={"device_address":"D8:5C:08:30:00:1E","heart_rate":{"low_enabled":false,"low_threshold":50,"resting_enabled":false,"resting_threshold":150,"workout_enabled":false,"workout_threshold":175},"pending_sync":{"heart_rate":false,"relaxation_prompt":false,"sedentary_reminder":false,"sleep_reminder":false,"spo2":false},"pressure_mode":{"relaxation_prompt_enabled":false,"stress_monitoring_enabled":false},"sedentary_reminder":{"end_hour":18,"end_minute":0,"interval":60,"repeat_count":0,"start_hour":9,"start_minute":0,"status":false},"sleep_reminder":{"hour":0,"millisecond":0,"minute":0,"second":0,"status":false},"snapshots":{"heart_rate":{"continuous_heart_rate_mode":0,"frequency":5,"mode":0},"sedentary_reminder":{}},"spo2":{"enabled":true,"threshold":90},"support":{"heart_rate":true,"heart_rate_workout":true,"high_stress_index":false,"relaxation_prompt":false,"sedentary_reminder":true,"sleep_reminder":true,"spo2":true,"wear_detection":false},"wear_detection_status":{"last_updated_at":0}}
2026-03-29 19:33:02.203 | ZhQuery | getPressureModeSettings state=NOT_SUPPORT
2026-03-29 19:33:02.205 | AlertService | queryCallback type=AlertFeatureSupportObtained
2026-03-29 19:33:02.207 | AlertService | onAlertFeatureUnsupported feature=RELAXATION_PROMPT
2026-03-29 19:33:02.211 | AlertService | saveAlertSettings={"device_address":"D8:5C:08:30:00:1E","heart_rate":{"low_enabled":false,"low_threshold":50,"resting_enabled":false,"resting_threshold":150,"workout_enabled":false,"workout_threshold":175},"pending_sync":{"heart_rate":false,"relaxation_prompt":false,"sedentary_reminder":false,"sleep_reminder":false,"spo2":false},"pressure_mode":{"relaxation_prompt_enabled":false,"stress_monitoring_enabled":false},"sedentary_reminder":{"end_hour":18,"end_minute":0,"interval":60,"repeat_count":0,"start_hour":9,"start_minute":0,"status":false},"sleep_reminder":{"hour":0,"millisecond":0,"minute":0,"second":0,"status":false},"snapshots":{"heart_rate":{"continuous_heart_rate_mode":0,"frequency":5,"mode":0},"sedentary_reminder":{}},"spo2":{"enabled":true,"threshold":90},"support":{"heart_rate":true,"heart_rate_workout":true,"high_stress_index":false,"relaxation_prompt":false,"sedentary_reminder":true,"sleep_reminder":true,"spo2":true,"wear_detection":false},"wear_detection_status":{"last_updated_at":0}}
2026-03-29 19:33:02.213 | AlertVM | handleQueryCallback type=AlertFeatureSupportObtained
2026-03-29 19:33:02.214 | AlertVM | support feature=RELAXATION_PROMPT supported=false
2026-03-29 19:33:02.216 | AlertVM | handleQueryCallback type=Default
2026-03-29 19:33:02.218 | AlertVM | handleQueryCallback type=AlertFeatureSupportObtained
2026-03-29 19:33:02.219 | AlertVM | support feature=RELAXATION_PROMPT supported=false
2026-03-29 19:33:02.223 | AlertVM | handleQueryCallback type=Default
2026-03-29 19:33:02.482 | ZhQuery | getSleepReminder state=NOT_SUPPORT
2026-03-29 19:33:02.484 | AlertService | queryCallback type=AlertFeatureSupportObtained
2026-03-29 19:33:02.490 | AlertService | onAlertFeatureUnsupported feature=SLEEP_REMINDER
2026-03-29 19:33:02.491 | AlertService | saveAlertSettings={"device_address":"D8:5C:08:30:00:1E","heart_rate":{"low_enabled":false,"low_threshold":50,"resting_enabled":false,"resting_threshold":150,"workout_enabled":false,"workout_threshold":175},"pending_sync":{"heart_rate":false,"relaxation_prompt":false,"sedentary_reminder":false,"sleep_reminder":false,"spo2":false},"pressure_mode":{"relaxation_prompt_enabled":false,"stress_monitoring_enabled":false},"sedentary_reminder":{"end_hour":18,"end_minute":0,"interval":60,"repeat_count":0,"start_hour":9,"start_minute":0,"status":false},"sleep_reminder":{"hour":0,"millisecond":0,"minute":0,"second":0,"status":false},"snapshots":{"heart_rate":{"continuous_heart_rate_mode":0,"frequency":5,"mode":0},"sedentary_reminder":{}},"spo2":{"enabled":true,"threshold":90},"support":{"heart_rate":true,"heart_rate_workout":true,"high_stress_index":false,"relaxation_prompt":false,"sedentary_reminder":true,"sleep_reminder":false,"spo2":true,"wear_detection":false},"wear_detection_status":{"last_updated_at":0}}
2026-03-29 19:33:02.494 | ZhQuery | getSleepReminder state=NOT_SUPPORT
2026-03-29 19:33:02.495 | AlertService | queryCallback type=AlertFeatureSupportObtained
2026-03-29 19:33:02.496 | AlertService | onAlertFeatureUnsupported feature=SLEEP_REMINDER
2026-03-29 19:33:02.500 | AlertService | saveAlertSettings={"device_address":"D8:5C:08:30:00:1E","heart_rate":{"low_enabled":false,"low_threshold":50,"resting_enabled":false,"resting_threshold":150,"workout_enabled":false,"workout_threshold":175},"pending_sync":{"heart_rate":false,"relaxation_prompt":false,"sedentary_reminder":false,"sleep_reminder":false,"spo2":false},"pressure_mode":{"relaxation_prompt_enabled":false,"stress_monitoring_enabled":false},"sedentary_reminder":{"end_hour":18,"end_minute":0,"interval":60,"repeat_count":0,"start_hour":9,"start_minute":0,"status":false},"sleep_reminder":{"hour":0,"millisecond":0,"minute":0,"second":0,"status":false},"snapshots":{"heart_rate":{"continuous_heart_rate_mode":0,"frequency":5,"mode":0},"sedentary_reminder":{}},"spo2":{"enabled":true,"threshold":90},"support":{"heart_rate":true,"heart_rate_workout":true,"high_stress_index":false,"relaxation_prompt":false,"sedentary_reminder":true,"sleep_reminder":false,"spo2":true,"wear_detection":false},"wear_detection_status":{"last_updated_at":0}}
2026-03-29 19:33:02.502 | AlertVM | handleQueryCallback type=AlertFeatureSupportObtained
2026-03-29 19:33:02.506 | AlertVM | support feature=SLEEP_REMINDER supported=false
2026-03-29 19:33:02.507 | AlertVM | handleQueryCallback type=Default
2026-03-29 19:33:02.509 | AlertVM | handleQueryCallback type=AlertFeatureSupportObtained
2026-03-29 19:33:02.510 | AlertVM | support feature=SLEEP_REMINDER supported=false
2026-03-29 19:33:02.512 | AlertVM | handleQueryCallback type=Default
2026-03-29 19:33:02.789 | AlertService | queryCallback type=UpdateFirmwareLogStatus
2026-03-29 19:33:02.800 | AlertVM | handleQueryCallback type=UpdateFirmwareLogStatus
2026-03-29 19:33:02.802 | AlertVM | handleQueryCallback type=Default
2026-03-29 19:33:03.074 | ZhQuery | onSedentaryReminderResult={"drinkWater":0,"endNoonTime":{"hour":0,"millisecond":0,"minuter":0,"second":0},"endTime":{"hour":0,"millisecond":0,"minuter":0,"second":0},"frequency":0,"isOn":false,"noDisturbInLaunch":false,"startNoonTime":{"hour":0,"millisecond":0,"minuter":0,"second":0},"startTime":{"hour":0,"millisecond":0,"minuter":0,"second":0}}
2026-03-29 19:33:03.075 | AlertService | queryCallback type=SedentaryDataObtained
2026-03-29 19:33:03.077 | AlertService | queryCallback type=SedentaryReminderSettingsObtained
2026-03-29 19:33:03.078 | AlertService | saveAlertSettings={"device_address":"D8:5C:08:30:00:1E","heart_rate":{"low_enabled":false,"low_threshold":50,"resting_enabled":false,"resting_threshold":150,"workout_enabled":false,"workout_threshold":175},"pending_sync":{"heart_rate":false,"relaxation_prompt":false,"sedentary_reminder":false,"sleep_reminder":false,"spo2":false},"pressure_mode":{"relaxation_prompt_enabled":false,"stress_monitoring_enabled":false},"sedentary_reminder":{"end_hour":18,"end_minute":0,"interval":60,"repeat_count":0,"start_hour":9,"start_minute":0,"status":false},"sleep_reminder":{"hour":0,"millisecond":0,"minute":0,"second":0,"status":false},"snapshots":{"heart_rate":{"continuous_heart_rate_mode":0,"frequency":5,"mode":0},"sedentary_reminder":{"no_disturb_in_launch":false}},"spo2":{"enabled":true,"threshold":90},"support":{"heart_rate":true,"heart_rate_workout":true,"high_stress_index":false,"relaxation_prompt":false,"sedentary_reminder":true,"sleep_reminder":false,"spo2":true,"wear_detection":false},"wear_detection_status":{"last_updated_at":0}}
2026-03-29 19:33:03.080 | AlertService | queryCallback type=AlertFeatureSupportObtained
2026-03-29 19:33:03.088 | AlertService | saveAlertSettings={"device_address":"D8:5C:08:30:00:1E","heart_rate":{"low_enabled":false,"low_threshold":50,"resting_enabled":false,"resting_threshold":150,"workout_enabled":false,"workout_threshold":175},"pending_sync":{"heart_rate":false,"relaxation_prompt":false,"sedentary_reminder":false,"sleep_reminder":false,"spo2":false},"pressure_mode":{"relaxation_prompt_enabled":false,"stress_monitoring_enabled":false},"sedentary_reminder":{"end_hour":18,"end_minute":0,"interval":60,"repeat_count":0,"start_hour":9,"start_minute":0,"status":false},"sleep_reminder":{"hour":0,"millisecond":0,"minute":0,"second":0,"status":false},"snapshots":{"heart_rate":{"continuous_heart_rate_mode":0,"frequency":5,"mode":0},"sedentary_reminder":{"no_disturb_in_launch":false}},"spo2":{"enabled":true,"threshold":90},"support":{"heart_rate":true,"heart_rate_workout":true,"high_stress_index":false,"relaxation_prompt":false,"sedentary_reminder":true,"sleep_reminder":false,"spo2":true,"wear_detection":false},"wear_detection_status":{"last_updated_at":0}}
2026-03-29 19:33:03.092 | AlertVM | handleQueryCallback type=SedentaryDataObtained
2026-03-29 19:33:03.093 | AlertVM | handleQueryCallback type=Default
2026-03-29 19:33:03.097 | AlertVM | handleQueryCallback type=SedentaryReminderSettingsObtained
2026-03-29 19:33:03.098 | AlertVM | sedentary query matchesStored=true pending=false phase=null
2026-03-29 19:33:03.099 | AlertVM | sedentary query value={"end_hour":0,"end_minute":0,"interval":0,"repeat_count":0,"start_hour":0,"start_minute":0,"status":false}
2026-03-29 19:33:03.100 | AlertVM | handleQueryCallback type=Default
2026-03-29 19:33:03.101 | AlertVM | handleQueryCallback type=AlertFeatureSupportObtained
2026-03-29 19:33:03.102 | AlertVM | support feature=SEDENTARY_REMINDER supported=true
2026-03-29 19:33:03.106 | AlertVM | handleQueryCallback type=Default
2026-03-29 19:33:03.383 | ZhQuery | onHeartRateMonitorResult={"continuousHeartRateMode":0,"frequency":5,"isSportWarning":false,"isWarning":false,"lowWarningValue":0,"mode":0,"sportWarningValue":0,"warningValue":220}
2026-03-29 19:33:03.385 | AlertService | queryCallback type=HeartRateAlertSettingsObtained
2026-03-29 19:33:03.386 | AlertService | saveAlertSettings={"device_address":"D8:5C:08:30:00:1E","heart_rate":{"low_enabled":false,"low_threshold":50,"resting_enabled":false,"resting_threshold":150,"workout_enabled":false,"workout_threshold":175},"pending_sync":{"heart_rate":false,"relaxation_prompt":false,"sedentary_reminder":false,"sleep_reminder":false,"spo2":false},"pressure_mode":{"relaxation_prompt_enabled":false,"stress_monitoring_enabled":false},"sedentary_reminder":{"end_hour":18,"end_minute":0,"interval":60,"repeat_count":0,"start_hour":9,"start_minute":0,"status":false},"sleep_reminder":{"hour":0,"millisecond":0,"minute":0,"second":0,"status":false},"snapshots":{"heart_rate":{"continuous_heart_rate_mode":0,"frequency":5,"mode":0},"sedentary_reminder":{"no_disturb_in_launch":false}},"spo2":{"enabled":true,"threshold":90},"support":{"heart_rate":true,"heart_rate_workout":true,"high_stress_index":false,"relaxation_prompt":false,"sedentary_reminder":true,"sleep_reminder":false,"spo2":true,"wear_detection":false},"wear_detection_status":{"last_updated_at":0}}
2026-03-29 19:33:03.388 | AlertService | queryCallback type=AlertFeatureSupportObtained
2026-03-29 19:33:03.396 | AlertService | saveAlertSettings={"device_address":"D8:5C:08:30:00:1E","heart_rate":{"low_enabled":false,"low_threshold":50,"resting_enabled":false,"resting_threshold":150,"workout_enabled":false,"workout_threshold":175},"pending_sync":{"heart_rate":false,"relaxation_prompt":false,"sedentary_reminder":false,"sleep_reminder":false,"spo2":false},"pressure_mode":{"relaxation_prompt_enabled":false,"stress_monitoring_enabled":false},"sedentary_reminder":{"end_hour":18,"end_minute":0,"interval":60,"repeat_count":0,"start_hour":9,"start_minute":0,"status":false},"sleep_reminder":{"hour":0,"millisecond":0,"minute":0,"second":0,"status":false},"snapshots":{"heart_rate":{"continuous_heart_rate_mode":0,"frequency":5,"mode":0},"sedentary_reminder":{"no_disturb_in_launch":false}},"spo2":{"enabled":true,"threshold":90},"support":{"heart_rate":true,"heart_rate_workout":true,"high_stress_index":false,"relaxation_prompt":false,"sedentary_reminder":true,"sleep_reminder":false,"spo2":true,"wear_detection":false},"wear_detection_status":{"last_updated_at":0}}
2026-03-29 19:33:03.397 | AlertVM | handleQueryCallback type=HeartRateAlertSettingsObtained
2026-03-29 19:33:03.398 | AlertVM | heartRate query matchesStored=true pending=false phase=null
2026-03-29 19:33:03.400 | AlertVM | heartRate query value={"low_enabled":false,"low_threshold":0,"resting_enabled":false,"resting_threshold":220,"workout_enabled":false,"workout_threshold":0}
2026-03-29 19:33:03.402 | AlertVM | handleQueryCallback type=Default
2026-03-29 19:33:03.404 | AlertVM | handleQueryCallback type=AlertFeatureSupportObtained
2026-03-29 19:33:03.406 | AlertVM | support feature=HEART_RATE supported=true
2026-03-29 19:33:03.408 | AlertVM | handleQueryCallback type=Default
2026-03-29 19:33:03.785 | AlertService | queryCallback type=UpdateFirmwareLogStatus
2026-03-29 19:33:03.791 | AlertVM | handleQueryCallback type=UpdateFirmwareLogStatus
2026-03-29 19:33:03.793 | AlertVM | handleQueryCallback type=Default
2026-03-29 19:33:03.968 | ZhQuery | onSWSPO2Monitor={"isWarning":true,"warningValue":90}
2026-03-29 19:33:03.970 | AlertService | queryCallback type=Spo2AlertSettingsObtained
2026-03-29 19:33:03.972 | AlertService | saveAlertSettings={"device_address":"D8:5C:08:30:00:1E","heart_rate":{"low_enabled":false,"low_threshold":50,"resting_enabled":false,"resting_threshold":150,"workout_enabled":false,"workout_threshold":175},"pending_sync":{"heart_rate":false,"relaxation_prompt":false,"sedentary_reminder":false,"sleep_reminder":false,"spo2":false},"pressure_mode":{"relaxation_prompt_enabled":false,"stress_monitoring_enabled":false},"sedentary_reminder":{"end_hour":18,"end_minute":0,"interval":60,"repeat_count":0,"start_hour":9,"start_minute":0,"status":false},"sleep_reminder":{"hour":0,"millisecond":0,"minute":0,"second":0,"status":false},"snapshots":{"heart_rate":{"continuous_heart_rate_mode":0,"frequency":5,"mode":0},"sedentary_reminder":{"no_disturb_in_launch":false}},"spo2":{"enabled":true,"threshold":90},"support":{"heart_rate":true,"heart_rate_workout":true,"high_stress_index":false,"relaxation_prompt":false,"sedentary_reminder":true,"sleep_reminder":false,"spo2":true,"wear_detection":false},"wear_detection_status":{"last_updated_at":0}}
2026-03-29 19:33:03.973 | AlertService | queryCallback type=AlertFeatureSupportObtained
2026-03-29 19:33:03.975 | AlertService | saveAlertSettings={"device_address":"D8:5C:08:30:00:1E","heart_rate":{"low_enabled":false,"low_threshold":50,"resting_enabled":false,"resting_threshold":150,"workout_enabled":false,"workout_threshold":175},"pending_sync":{"heart_rate":false,"relaxation_prompt":false,"sedentary_reminder":false,"sleep_reminder":false,"spo2":false},"pressure_mode":{"relaxation_prompt_enabled":false,"stress_monitoring_enabled":false},"sedentary_reminder":{"end_hour":18,"end_minute":0,"interval":60,"repeat_count":0,"start_hour":9,"start_minute":0,"status":false},"sleep_reminder":{"hour":0,"millisecond":0,"minute":0,"second":0,"status":false},"snapshots":{"heart_rate":{"continuous_heart_rate_mode":0,"frequency":5,"mode":0},"sedentary_reminder":{"no_disturb_in_launch":false}},"spo2":{"enabled":true,"threshold":90},"support":{"heart_rate":true,"heart_rate_workout":true,"high_stress_index":false,"relaxation_prompt":false,"sedentary_reminder":true,"sleep_reminder":false,"spo2":true,"wear_detection":false},"wear_detection_status":{"last_updated_at":0}}
2026-03-29 19:33:03.979 | AlertVM | handleQueryCallback type=Spo2AlertSettingsObtained
2026-03-29 19:33:03.982 | AlertVM | spo2 query matchesStored=true pending=false phase=null
2026-03-29 19:33:03.984 | AlertVM | spo2 query value={"enabled":true,"threshold":90}
2026-03-29 19:33:03.985 | AlertVM | handleQueryCallback type=Default
2026-03-29 19:33:03.986 | AlertVM | handleQueryCallback type=AlertFeatureSupportObtained
2026-03-29 19:33:03.988 | AlertVM | support feature=SPO2 supported=true
2026-03-29 19:33:03.989 | AlertVM | handleQueryCallback type=Default
2026-03-29 19:33:04.953 | AlertService | queryCallback type=UpdateFirmwareLogStatus
2026-03-29 19:33:04.959 | AlertVM | handleQueryCallback type=UpdateFirmwareLogStatus
2026-03-29 19:33:04.963 | AlertVM | handleQueryCallback type=Default
2026-03-29 19:33:05.225 | ZhQuery | onSedentaryReminderResult={"drinkWater":0,"endNoonTime":{"hour":0,"millisecond":0,"minuter":0,"second":0},"endTime":{"hour":0,"millisecond":0,"minuter":0,"second":0},"frequency":0,"isOn":false,"noDisturbInLaunch":false,"startNoonTime":{"hour":0,"millisecond":0,"minuter":0,"second":0},"startTime":{"hour":0,"millisecond":0,"minuter":0,"second":0}}
2026-03-29 19:33:05.227 | AlertService | queryCallback type=SedentaryDataObtained
2026-03-29 19:33:05.229 | AlertService | queryCallback type=SedentaryReminderSettingsObtained
2026-03-29 19:33:05.238 | AlertService | saveAlertSettings={"device_address":"D8:5C:08:30:00:1E","heart_rate":{"low_enabled":false,"low_threshold":50,"resting_enabled":false,"resting_threshold":150,"workout_enabled":false,"workout_threshold":175},"pending_sync":{"heart_rate":false,"relaxation_prompt":false,"sedentary_reminder":false,"sleep_reminder":false,"spo2":false},"pressure_mode":{"relaxation_prompt_enabled":false,"stress_monitoring_enabled":false},"sedentary_reminder":{"end_hour":18,"end_minute":0,"interval":60,"repeat_count":0,"start_hour":9,"start_minute":0,"status":false},"sleep_reminder":{"hour":0,"millisecond":0,"minute":0,"second":0,"status":false},"snapshots":{"heart_rate":{"continuous_heart_rate_mode":0,"frequency":5,"mode":0},"sedentary_reminder":{"no_disturb_in_launch":false}},"spo2":{"enabled":true,"threshold":90},"support":{"heart_rate":true,"heart_rate_workout":true,"high_stress_index":false,"relaxation_prompt":false,"sedentary_reminder":true,"sleep_reminder":false,"spo2":true,"wear_detection":false},"wear_detection_status":{"last_updated_at":0}}
2026-03-29 19:33:05.240 | AlertService | queryCallback type=AlertFeatureSupportObtained
2026-03-29 19:33:05.241 | AlertService | saveAlertSettings={"device_address":"D8:5C:08:30:00:1E","heart_rate":{"low_enabled":false,"low_threshold":50,"resting_enabled":false,"resting_threshold":150,"workout_enabled":false,"workout_threshold":175},"pending_sync":{"heart_rate":false,"relaxation_prompt":false,"sedentary_reminder":false,"sleep_reminder":false,"spo2":false},"pressure_mode":{"relaxation_prompt_enabled":false,"stress_monitoring_enabled":false},"sedentary_reminder":{"end_hour":18,"end_minute":0,"interval":60,"repeat_count":0,"start_hour":9,"start_minute":0,"status":false},"sleep_reminder":{"hour":0,"millisecond":0,"minute":0,"second":0,"status":false},"snapshots":{"heart_rate":{"continuous_heart_rate_mode":0,"frequency":5,"mode":0},"sedentary_reminder":{"no_disturb_in_launch":false}},"spo2":{"enabled":true,"threshold":90},"support":{"heart_rate":true,"heart_rate_workout":true,"high_stress_index":false,"relaxation_prompt":false,"sedentary_reminder":true,"sleep_reminder":false,"spo2":true,"wear_detection":false},"wear_detection_status":{"last_updated_at":0}}
2026-03-29 19:33:05.243 | AlertVM | handleQueryCallback type=SedentaryDataObtained
2026-03-29 19:33:05.246 | AlertVM | handleQueryCallback type=Default
2026-03-29 19:33:05.247 | AlertVM | handleQueryCallback type=SedentaryReminderSettingsObtained
2026-03-29 19:33:05.250 | AlertVM | sedentary query matchesStored=true pending=false phase=null
2026-03-29 19:33:05.251 | AlertVM | sedentary query value={"end_hour":0,"end_minute":0,"interval":0,"repeat_count":0,"start_hour":0,"start_minute":0,"status":false}
2026-03-29 19:33:05.252 | AlertVM | handleQueryCallback type=Default
2026-03-29 19:33:05.253 | AlertVM | handleQueryCallback type=AlertFeatureSupportObtained
2026-03-29 19:33:05.255 | AlertVM | support feature=SEDENTARY_REMINDER supported=true
2026-03-29 19:33:05.256 | AlertVM | handleQueryCallback type=Default
2026-03-29 19:33:05.864 | AlertService | queryCallback type=UpdateFirmwareLogStatus
2026-03-29 19:33:05.874 | AlertVM | handleQueryCallback type=UpdateFirmwareLogStatus
2026-03-29 19:33:05.875 | AlertVM | handleQueryCallback type=Default
2026-03-29 19:33:06.799 | AlertService | queryCallback type=UpdateFirmwareLogStatus
2026-03-29 19:33:06.807 | AlertVM | handleQueryCallback type=UpdateFirmwareLogStatus
2026-03-29 19:33:06.809 | AlertVM | handleQueryCallback type=Default
2026-03-29 19:33:07.936 | AlertService | queryCallback type=UpdateFirmwareLogStatus
2026-03-29 19:33:07.945 | AlertVM | handleQueryCallback type=UpdateFirmwareLogStatus
2026-03-29 19:33:07.948 | AlertVM | handleQueryCallback type=Default
2026-03-29 19:33:08.170 | AlertService | queryCallback type=BatteryDataObtained
2026-03-29 19:33:08.178 | AlertVM | handleQueryCallback type=BatteryDataObtained
2026-03-29 19:33:08.180 | AlertVM | handleQueryCallback type=Default
2026-03-29 19:33:09.015 | AlertService | queryCallback type=UpdateFirmwareLogStatus
2026-03-29 19:33:09.020 | AlertVM | handleQueryCallback type=UpdateFirmwareLogStatus
2026-03-29 19:33:09.022 | AlertVM | handleQueryCallback type=Default
2026-03-29 19:33:09.912 | AlertService | queryCallback type=UpdateFirmwareLogStatus
2026-03-29 19:33:09.924 | AlertVM | handleQueryCallback type=UpdateFirmwareLogStatus
2026-03-29 19:33:09.926 | AlertVM | handleQueryCallback type=Default
2026-03-29 19:33:10.983 | AlertService | queryCallback type=UpdateFirmwareLogStatus
2026-03-29 19:33:10.985 | AlertVM | handleQueryCallback type=UpdateFirmwareLogStatus
2026-03-29 19:33:10.995 | AlertVM | handleQueryCallback type=Default
2026-03-29 19:33:11.922 | AlertService | queryCallback type=UpdateFirmwareLogStatus
2026-03-29 19:33:11.930 | AlertVM | handleQueryCallback type=UpdateFirmwareLogStatus
2026-03-29 19:33:11.933 | AlertVM | handleQueryCallback type=Default
2026-03-29 19:33:12.916 | AlertService | queryCallback type=UpdateFirmwareLogStatus
2026-03-29 19:33:12.919 | AlertVM | handleQueryCallback type=UpdateFirmwareLogStatus
2026-03-29 19:33:12.921 | AlertVM | handleQueryCallback type=Default
2026-03-29 19:33:13.859 | AlertService | queryCallback type=UpdateFirmwareLogStatus
2026-03-29 19:33:13.867 | AlertVM | handleQueryCallback type=UpdateFirmwareLogStatus
2026-03-29 19:33:13.869 | AlertVM | handleQueryCallback type=Default
2026-03-29 19:33:14.872 | AlertVM | saveHeartRateSettings requested={"low_enabled":false,"low_threshold":50,"resting_enabled":true,"resting_threshold":80,"workout_enabled":false,"workout_threshold":175}
2026-03-29 19:33:14.874 | AlertVM | persistFeature feature=HEART_RATE connected=true
2026-03-29 19:33:14.884 | AlertVM | persistFeature state={"device_address":"D8:5C:08:30:00:1E","heart_rate":{"low_enabled":false,"low_threshold":50,"resting_enabled":true,"resting_threshold":80,"workout_enabled":false,"workout_threshold":175},"pending_sync":{"heart_rate":true,"relaxation_prompt":false,"sedentary_reminder":false,"sleep_reminder":false,"spo2":false},"pressure_mode":{"relaxation_prompt_enabled":false,"stress_monitoring_enabled":false},"sedentary_reminder":{"end_hour":18,"end_minute":0,"interval":60,"repeat_count":0,"start_hour":9,"start_minute":0,"status":false},"sleep_reminder":{"hour":0,"millisecond":0,"minute":0,"second":0,"status":false},"snapshots":{"heart_rate":{"continuous_heart_rate_mode":0,"frequency":5,"mode":0},"sedentary_reminder":{"no_disturb_in_launch":false}},"spo2":{"enabled":true,"threshold":90},"support":{"heart_rate":true,"heart_rate_workout":true,"high_stress_index":false,"relaxation_prompt":false,"sedentary_reminder":true,"sleep_reminder":false,"spo2":true,"wear_detection":false},"wear_detection_status":{"last_updated_at":0}}
2026-03-29 19:33:14.888 | AlertVM | syncQueuedFeatures feature=HEART_RATE requiresSnapshot=false
2026-03-29 19:33:14.890 | AlertVM | sendUpdate feature=HEART_RATE
2026-03-29 19:33:14.892 | AlertVM | sendUpdate state={"device_address":"D8:5C:08:30:00:1E","heart_rate":{"low_enabled":false,"low_threshold":50,"resting_enabled":true,"resting_threshold":80,"workout_enabled":false,"workout_threshold":175},"pending_sync":{"heart_rate":true,"relaxation_prompt":false,"sedentary_reminder":false,"sleep_reminder":false,"spo2":false},"pressure_mode":{"relaxation_prompt_enabled":false,"stress_monitoring_enabled":false},"sedentary_reminder":{"end_hour":18,"end_minute":0,"interval":60,"repeat_count":0,"start_hour":9,"start_minute":0,"status":false},"sleep_reminder":{"hour":0,"millisecond":0,"minute":0,"second":0,"status":false},"snapshots":{"heart_rate":{"continuous_heart_rate_mode":0,"frequency":5,"mode":0},"sedentary_reminder":{"no_disturb_in_launch":false}},"spo2":{"enabled":true,"threshold":90},"support":{"heart_rate":true,"heart_rate_workout":true,"high_stress_index":false,"relaxation_prompt":false,"sedentary_reminder":true,"sleep_reminder":false,"spo2":true,"wear_detection":false},"wear_detection_status":{"last_updated_at":0}}
2026-03-29 19:33:14.893 | AlertService | queryCallback type=UpdateFirmwareLogStatus
2026-03-29 19:33:14.905 | ZhUpdate | setHeartRateAlertSettings={"low_enabled":false,"low_threshold":50,"resting_enabled":true,"resting_threshold":80,"workout_enabled":false,"workout_threshold":175}
2026-03-29 19:33:14.912 | ZhUpdate | setHeartRateAlertSettings api=HeartRateMonitor
2026-03-29 19:33:14.914 | ZhUpdate | setHeartRateAlertSettings bean={"continuousHeartRateMode":0,"frequency":0,"isSportWarning":false,"isWarning":true,"lowWarningValue":0,"mode":0,"sportWarningValue":175,"warningValue":80}
2026-03-29 19:33:14.915 | AlertVM | handleQueryCallback type=UpdateFirmwareLogStatus
2026-03-29 19:33:14.917 | AlertVM | handleQueryCallback type=Default
2026-03-29 19:33:15.579 | AlertVM | saveHeartRateSettings requested={"low_enabled":false,"low_threshold":50,"resting_enabled":true,"resting_threshold":80,"workout_enabled":false,"workout_threshold":175}
2026-03-29 19:33:15.581 | AlertVM | persistFeature feature=HEART_RATE connected=true
2026-03-29 19:33:15.585 | AlertVM | persistFeature state={"device_address":"D8:5C:08:30:00:1E","heart_rate":{"low_enabled":false,"low_threshold":50,"resting_enabled":true,"resting_threshold":80,"workout_enabled":false,"workout_threshold":175},"pending_sync":{"heart_rate":true,"relaxation_prompt":false,"sedentary_reminder":false,"sleep_reminder":false,"spo2":false},"pressure_mode":{"relaxation_prompt_enabled":false,"stress_monitoring_enabled":false},"sedentary_reminder":{"end_hour":18,"end_minute":0,"interval":60,"repeat_count":0,"start_hour":9,"start_minute":0,"status":false},"sleep_reminder":{"hour":0,"millisecond":0,"minute":0,"second":0,"status":false},"snapshots":{"heart_rate":{"continuous_heart_rate_mode":0,"frequency":5,"mode":0},"sedentary_reminder":{"no_disturb_in_launch":false}},"spo2":{"enabled":true,"threshold":90},"support":{"heart_rate":true,"heart_rate_workout":true,"high_stress_index":false,"relaxation_prompt":false,"sedentary_reminder":true,"sleep_reminder":false,"spo2":true,"wear_detection":false},"wear_detection_status":{"last_updated_at":0}}
2026-03-29 19:33:15.589 | AlertVM | syncQueuedFeatures skipped activePhase=UPDATE_SENT feature=HEART_RATE
2026-03-29 19:33:15.798 | AlertService | queryCallback type=UpdateFirmwareLogStatus
2026-03-29 19:33:15.806 | AlertVM | handleQueryCallback type=UpdateFirmwareLogStatus
2026-03-29 19:33:15.810 | AlertVM | handleQueryCallback type=Default
2026-03-29 19:33:16.114 | ZhUpdate | setHeartRateAlertSettings api=HeartRateMonitor state=SUCCEED
2026-03-29 19:33:16.117 | AlertService | updateCallback type=HeartRateAlertSettingsUpdated
2026-03-29 19:33:16.120 | AlertService | onAlertUpdateCompleted feature=HEART_RATE success=true
2026-03-29 19:33:16.129 | AlertVM | handleUpdateCallback type=HeartRateAlertSettingsUpdated
2026-03-29 19:33:16.133 | AlertVM | heartRate update success=true
2026-03-29 19:33:16.138 | AlertVM | handleScreenUpdateCompletion feature=HEART_RATE success=true
2026-03-29 19:33:16.140 | AlertVM | sendQuery feature=HEART_RATE
2026-03-29 19:33:16.142 | ZhQuery | getHeartRateAlertSettings dispatched api=HeartRateMonitor
2026-03-29 19:33:17.200 | AlertService | queryCallback type=UpdateFirmwareLogStatus
2026-03-29 19:33:17.214 | AlertVM | handleQueryCallback type=UpdateFirmwareLogStatus
2026-03-29 19:33:17.216 | AlertVM | handleQueryCallback type=Default
2026-03-29 19:33:17.969 | AlertService | queryCallback type=UpdateFirmwareLogStatus
2026-03-29 19:33:17.980 | AlertVM | handleQueryCallback type=UpdateFirmwareLogStatus
2026-03-29 19:33:17.983 | AlertVM | handleQueryCallback type=Default
2026-03-29 19:33:18.249 | AlertService | queryCallback type=BatteryDataObtained
2026-03-29 19:33:18.254 | AlertVM | handleQueryCallback type=BatteryDataObtained
2026-03-29 19:33:18.256 | AlertVM | handleQueryCallback type=Default
2026-03-29 19:33:18.447 | ZhQuery | onHeartRateMonitorResult={"continuousHeartRateMode":0,"frequency":5,"isSportWarning":false,"isWarning":false,"lowWarningValue":0,"mode":0,"sportWarningValue":0,"warningValue":220}
2026-03-29 19:33:18.450 | AlertService | queryCallback type=HeartRateAlertSettingsObtained
2026-03-29 19:33:18.456 | AlertService | heartRate passive query preserving pending local value
2026-03-29 19:33:18.460 | AlertService | saveAlertSettings={"device_address":"D8:5C:08:30:00:1E","heart_rate":{"low_enabled":false,"low_threshold":50,"resting_enabled":true,"resting_threshold":80,"workout_enabled":false,"workout_threshold":175},"pending_sync":{"heart_rate":true,"relaxation_prompt":false,"sedentary_reminder":false,"sleep_reminder":false,"spo2":false},"pressure_mode":{"relaxation_prompt_enabled":false,"stress_monitoring_enabled":false},"sedentary_reminder":{"end_hour":18,"end_minute":0,"interval":60,"repeat_count":0,"start_hour":9,"start_minute":0,"status":false},"sleep_reminder":{"hour":0,"millisecond":0,"minute":0,"second":0,"status":false},"snapshots":{"heart_rate":{"continuous_heart_rate_mode":0,"frequency":5,"mode":0},"sedentary_reminder":{"no_disturb_in_launch":false}},"spo2":{"enabled":true,"threshold":90},"support":{"heart_rate":true,"heart_rate_workout":true,"high_stress_index":false,"relaxation_prompt":false,"sedentary_reminder":true,"sleep_reminder":false,"spo2":true,"wear_detection":false},"wear_detection_status":{"last_updated_at":0}}
2026-03-29 19:33:18.465 | AlertService | queryCallback type=AlertFeatureSupportObtained
2026-03-29 19:33:18.469 | AlertService | saveAlertSettings={"device_address":"D8:5C:08:30:00:1E","heart_rate":{"low_enabled":false,"low_threshold":50,"resting_enabled":true,"resting_threshold":80,"workout_enabled":false,"workout_threshold":175},"pending_sync":{"heart_rate":true,"relaxation_prompt":false,"sedentary_reminder":false,"sleep_reminder":false,"spo2":false},"pressure_mode":{"relaxation_prompt_enabled":false,"stress_monitoring_enabled":false},"sedentary_reminder":{"end_hour":18,"end_minute":0,"interval":60,"repeat_count":0,"start_hour":9,"start_minute":0,"status":false},"sleep_reminder":{"hour":0,"millisecond":0,"minute":0,"second":0,"status":false},"snapshots":{"heart_rate":{"continuous_heart_rate_mode":0,"frequency":5,"mode":0},"sedentary_reminder":{"no_disturb_in_launch":false}},"spo2":{"enabled":true,"threshold":90},"support":{"heart_rate":true,"heart_rate_workout":true,"high_stress_index":false,"relaxation_prompt":false,"sedentary_reminder":true,"sleep_reminder":false,"spo2":true,"wear_detection":false},"wear_detection_status":{"last_updated_at":0}}
2026-03-29 19:33:18.472 | ZhQuery | getHeartRateAlertSettings api=HeartRateMonitor state=SUCCEED
2026-03-29 19:33:18.474 | AlertVM | handleQueryCallback type=HeartRateAlertSettingsObtained
2026-03-29 19:33:18.476 | AlertVM | heartRate query matchesStored=false pending=true phase=VERIFY_QUERY
2026-03-29 19:33:18.478 | AlertVM | heartRate query value={"low_enabled":false,"low_threshold":0,"resting_enabled":false,"resting_threshold":220,"workout_enabled":false,"workout_threshold":0}
2026-03-29 19:33:18.480 | AlertVM | heartRate verify mismatch preserving local value
2026-03-29 19:33:18.482 | AlertVM | handleScreenQueryCompletion feature=HEART_RATE phase=VERIFY_QUERY matchesStored=false
2026-03-29 19:33:18.484 | AlertVM | handleQueryCallback type=Default
2026-03-29 19:33:18.486 | AlertVM | handleQueryCallback type=AlertFeatureSupportObtained
2026-03-29 19:33:18.488 | AlertVM | support feature=HEART_RATE supported=true
2026-03-29 19:33:18.489 | AlertVM | handleQueryCallback type=Default
2026-03-29 19:33:18.767 | AlertService | queryCallback type=UpdateFirmwareLogStatus
2026-03-29 19:33:18.771 | AlertVM | handleQueryCallback type=UpdateFirmwareLogStatus
2026-03-29 19:33:18.773 | AlertVM | handleQueryCallback type=Default
2026-03-29 19:33:20.406 | AlertService | queryCallback type=UpdateFirmwareLogStatus
2026-03-29 19:33:20.415 | AlertVM | handleQueryCallback type=UpdateFirmwareLogStatus
2026-03-29 19:33:20.418 | AlertVM | handleQueryCallback type=Default
2026-03-29 19:33:20.797 | AlertService | queryCallback type=UpdateFirmwareLogStatus
2026-03-29 19:33:20.801 | AlertVM | handleQueryCallback type=UpdateFirmwareLogStatus
2026-03-29 19:33:20.803 | AlertVM | handleQueryCallback type=Default
2026-03-29 19:33:21.336 | AlertService | queryCallback type=UpdateFirmwareLogStatus
2026-03-29 19:33:21.345 | AlertVM | handleQueryCallback type=UpdateFirmwareLogStatus
2026-03-29 19:33:21.347 | AlertVM | handleQueryCallback type=Default
2026-03-29 19:33:22.202 | AlertService | queryCallback type=UpdateFirmwareLogStatus
2026-03-29 19:33:22.210 | AlertVM | handleQueryCallback type=UpdateFirmwareLogStatus
2026-03-29 19:33:22.214 | AlertVM | handleQueryCallback type=Default
2026-03-29 19:33:23.197 | AlertService | queryCallback type=UpdateFirmwareLogStatus
2026-03-29 19:33:23.204 | AlertVM | handleQueryCallback type=UpdateFirmwareLogStatus
2026-03-29 19:33:23.207 | AlertVM | handleQueryCallback type=Default
2026-03-29 19:33:23.736 | AlertVM | saveHeartRateSettings requested={"low_enabled":false,"low_threshold":50,"resting_enabled":true,"resting_threshold":80,"workout_enabled":false,"workout_threshold":175}
2026-03-29 19:33:23.740 | AlertVM | persistFeature feature=HEART_RATE connected=true
2026-03-29 19:33:23.745 | AlertVM | persistFeature state={"device_address":"D8:5C:08:30:00:1E","heart_rate":{"low_enabled":false,"low_threshold":50,"resting_enabled":true,"resting_threshold":80,"workout_enabled":false,"workout_threshold":175},"pending_sync":{"heart_rate":true,"relaxation_prompt":false,"sedentary_reminder":false,"sleep_reminder":false,"spo2":false},"pressure_mode":{"relaxation_prompt_enabled":false,"stress_monitoring_enabled":false},"sedentary_reminder":{"end_hour":18,"end_minute":0,"interval":60,"repeat_count":0,"start_hour":9,"start_minute":0,"status":false},"sleep_reminder":{"hour":0,"millisecond":0,"minute":0,"second":0,"status":false},"snapshots":{"heart_rate":{"continuous_heart_rate_mode":0,"frequency":5,"mode":0},"sedentary_reminder":{"no_disturb_in_launch":false}},"spo2":{"enabled":true,"threshold":90},"support":{"heart_rate":true,"heart_rate_workout":true,"high_stress_index":false,"relaxation_prompt":false,"sedentary_reminder":true,"sleep_reminder":false,"spo2":true,"wear_detection":false},"wear_detection_status":{"last_updated_at":0}}
2026-03-29 19:33:23.746 | AlertVM | syncQueuedFeatures feature=HEART_RATE requiresSnapshot=false
2026-03-29 19:33:23.748 | AlertVM | sendUpdate feature=HEART_RATE
2026-03-29 19:33:23.765 | AlertVM | sendUpdate state={"device_address":"D8:5C:08:30:00:1E","heart_rate":{"low_enabled":false,"low_threshold":50,"resting_enabled":true,"resting_threshold":80,"workout_enabled":false,"workout_threshold":175},"pending_sync":{"heart_rate":true,"relaxation_prompt":false,"sedentary_reminder":false,"sleep_reminder":false,"spo2":false},"pressure_mode":{"relaxation_prompt_enabled":false,"stress_monitoring_enabled":false},"sedentary_reminder":{"end_hour":18,"end_minute":0,"interval":60,"repeat_count":0,"start_hour":9,"start_minute":0,"status":false},"sleep_reminder":{"hour":0,"millisecond":0,"minute":0,"second":0,"status":false},"snapshots":{"heart_rate":{"continuous_heart_rate_mode":0,"frequency":5,"mode":0},"sedentary_reminder":{"no_disturb_in_launch":false}},"spo2":{"enabled":true,"threshold":90},"support":{"heart_rate":true,"heart_rate_workout":true,"high_stress_index":false,"relaxation_prompt":false,"sedentary_reminder":true,"sleep_reminder":false,"spo2":true,"wear_detection":false},"wear_detection_status":{"last_updated_at":0}}
2026-03-29 19:33:23.775 | ZhUpdate | setHeartRateAlertSettings={"low_enabled":false,"low_threshold":50,"resting_enabled":true,"resting_threshold":80,"workout_enabled":false,"workout_threshold":175}
2026-03-29 19:33:23.777 | ZhUpdate | setHeartRateAlertSettings api=HeartRateMonitor
2026-03-29 19:33:23.778 | ZhUpdate | setHeartRateAlertSettings bean={"continuousHeartRateMode":0,"frequency":0,"isSportWarning":false,"isWarning":true,"lowWarningValue":0,"mode":0,"sportWarningValue":175,"warningValue":80}
2026-03-29 19:33:24.080 | ZhUpdate | setHeartRateAlertSettings api=HeartRateMonitor state=SUCCEED
2026-03-29 19:33:24.082 | AlertService | updateCallback type=HeartRateAlertSettingsUpdated
2026-03-29 19:33:24.084 | AlertService | onAlertUpdateCompleted feature=HEART_RATE success=true
2026-03-29 19:33:24.089 | AlertVM | handleUpdateCallback type=HeartRateAlertSettingsUpdated
2026-03-29 19:33:24.091 | AlertVM | heartRate update success=true
2026-03-29 19:33:24.096 | AlertVM | handleScreenUpdateCompletion feature=HEART_RATE success=true
2026-03-29 19:33:24.098 | AlertVM | sendQuery feature=HEART_RATE
2026-03-29 19:33:24.100 | ZhQuery | getHeartRateAlertSettings dispatched api=HeartRateMonitor
2026-03-29 19:33:24.407 | AlertService | queryCallback type=UpdateFirmwareLogStatus
2026-03-29 19:33:24.418 | AlertVM | handleQueryCallback type=UpdateFirmwareLogStatus
2026-03-29 19:33:24.421 | AlertVM | handleQueryCallback type=Default
2026-03-29 19:33:24.701 | ZhQuery | onHeartRateMonitorResult={"continuousHeartRateMode":0,"frequency":5,"isSportWarning":false,"isWarning":false,"lowWarningValue":0,"mode":0,"sportWarningValue":0,"warningValue":220}
2026-03-29 19:33:24.703 | AlertService | queryCallback type=HeartRateAlertSettingsObtained
2026-03-29 19:33:24.707 | AlertService | heartRate passive query preserving pending local value
2026-03-29 19:33:24.715 | AlertService | saveAlertSettings={"device_address":"D8:5C:08:30:00:1E","heart_rate":{"low_enabled":false,"low_threshold":50,"resting_enabled":true,"resting_threshold":80,"workout_enabled":false,"workout_threshold":175},"pending_sync":{"heart_rate":true,"relaxation_prompt":false,"sedentary_reminder":false,"sleep_reminder":false,"spo2":false},"pressure_mode":{"relaxation_prompt_enabled":false,"stress_monitoring_enabled":false},"sedentary_reminder":{"end_hour":18,"end_minute":0,"interval":60,"repeat_count":0,"start_hour":9,"start_minute":0,"status":false},"sleep_reminder":{"hour":0,"millisecond":0,"minute":0,"second":0,"status":false},"snapshots":{"heart_rate":{"continuous_heart_rate_mode":0,"frequency":5,"mode":0},"sedentary_reminder":{"no_disturb_in_launch":false}},"spo2":{"enabled":true,"threshold":90},"support":{"heart_rate":true,"heart_rate_workout":true,"high_stress_index":false,"relaxation_prompt":false,"sedentary_reminder":true,"sleep_reminder":false,"spo2":true,"wear_detection":false},"wear_detection_status":{"last_updated_at":0}}
2026-03-29 19:33:24.716 | AlertService | queryCallback type=AlertFeatureSupportObtained
2026-03-29 19:33:24.718 | AlertService | saveAlertSettings={"device_address":"D8:5C:08:30:00:1E","heart_rate":{"low_enabled":false,"low_threshold":50,"resting_enabled":true,"resting_threshold":80,"workout_enabled":false,"workout_threshold":175},"pending_sync":{"heart_rate":true,"relaxation_prompt":false,"sedentary_reminder":false,"sleep_reminder":false,"spo2":false},"pressure_mode":{"relaxation_prompt_enabled":false,"stress_monitoring_enabled":false},"sedentary_reminder":{"end_hour":18,"end_minute":0,"interval":60,"repeat_count":0,"start_hour":9,"start_minute":0,"status":false},"sleep_reminder":{"hour":0,"millisecond":0,"minute":0,"second":0,"status":false},"snapshots":{"heart_rate":{"continuous_heart_rate_mode":0,"frequency":5,"mode":0},"sedentary_reminder":{"no_disturb_in_launch":false}},"spo2":{"enabled":true,"threshold":90},"support":{"heart_rate":true,"heart_rate_workout":true,"high_stress_index":false,"relaxation_prompt":false,"sedentary_reminder":true,"sleep_reminder":false,"spo2":true,"wear_detection":false},"wear_detection_status":{"last_updated_at":0}}
2026-03-29 19:33:24.719 | ZhQuery | getHeartRateAlertSettings api=HeartRateMonitor state=SUCCEED
2026-03-29 19:33:24.724 | AlertVM | handleQueryCallback type=HeartRateAlertSettingsObtained
2026-03-29 19:33:24.725 | AlertVM | heartRate query matchesStored=false pending=true phase=VERIFY_QUERY
2026-03-29 19:33:24.727 | AlertVM | heartRate query value={"low_enabled":false,"low_threshold":0,"resting_enabled":false,"resting_threshold":220,"workout_enabled":false,"workout_threshold":0}
2026-03-29 19:33:24.728 | AlertVM | heartRate verify mismatch preserving local value
2026-03-29 19:33:24.729 | AlertVM | handleScreenQueryCompletion feature=HEART_RATE phase=VERIFY_QUERY matchesStored=false
2026-03-29 19:33:24.731 | AlertVM | handleQueryCallback type=Default
2026-03-29 19:33:24.732 | AlertVM | handleQueryCallback type=AlertFeatureSupportObtained
2026-03-29 19:33:24.733 | AlertVM | support feature=HEART_RATE supported=true
2026-03-29 19:33:24.734 | AlertVM | handleQueryCallback type=Default
2026-03-29 19:33:25.218 | AlertService | queryCallback type=UpdateFirmwareLogStatus
2026-03-29 19:33:25.223 | AlertVM | handleQueryCallback type=UpdateFirmwareLogStatus
2026-03-29 19:33:25.224 | AlertVM | handleQueryCallback type=Default
2026-03-29 19:33:26.201 | AlertService | queryCallback type=UpdateFirmwareLogStatus
2026-03-29 19:33:26.204 | AlertVM | handleQueryCallback type=UpdateFirmwareLogStatus
2026-03-29 19:33:26.206 | AlertVM | handleQueryCallback type=Default
2026-03-29 19:33:26.264 | AlertVM | saveHeartRateSettings requested={"low_enabled":false,"low_threshold":49,"resting_enabled":true,"resting_threshold":80,"workout_enabled":false,"workout_threshold":175}
2026-03-29 19:33:26.266 | AlertVM | persistFeature feature=HEART_RATE connected=true
2026-03-29 19:33:26.268 | AlertVM | persistFeature state={"device_address":"D8:5C:08:30:00:1E","heart_rate":{"low_enabled":false,"low_threshold":49,"resting_enabled":true,"resting_threshold":80,"workout_enabled":false,"workout_threshold":175},"pending_sync":{"heart_rate":true,"relaxation_prompt":false,"sedentary_reminder":false,"sleep_reminder":false,"spo2":false},"pressure_mode":{"relaxation_prompt_enabled":false,"stress_monitoring_enabled":false},"sedentary_reminder":{"end_hour":18,"end_minute":0,"interval":60,"repeat_count":0,"start_hour":9,"start_minute":0,"status":false},"sleep_reminder":{"hour":0,"millisecond":0,"minute":0,"second":0,"status":false},"snapshots":{"heart_rate":{"continuous_heart_rate_mode":0,"frequency":5,"mode":0},"sedentary_reminder":{"no_disturb_in_launch":false}},"spo2":{"enabled":true,"threshold":90},"support":{"heart_rate":true,"heart_rate_workout":true,"high_stress_index":false,"relaxation_prompt":false,"sedentary_reminder":true,"sleep_reminder":false,"spo2":true,"wear_detection":false},"wear_detection_status":{"last_updated_at":0}}
2026-03-29 19:33:26.278 | AlertVM | syncQueuedFeatures feature=HEART_RATE requiresSnapshot=false
2026-03-29 19:33:26.280 | AlertVM | sendUpdate feature=HEART_RATE
2026-03-29 19:33:26.281 | AlertVM | sendUpdate state={"device_address":"D8:5C:08:30:00:1E","heart_rate":{"low_enabled":false,"low_threshold":49,"resting_enabled":true,"resting_threshold":80,"workout_enabled":false,"workout_threshold":175},"pending_sync":{"heart_rate":true,"relaxation_prompt":false,"sedentary_reminder":false,"sleep_reminder":false,"spo2":false},"pressure_mode":{"relaxation_prompt_enabled":false,"stress_monitoring_enabled":false},"sedentary_reminder":{"end_hour":18,"end_minute":0,"interval":60,"repeat_count":0,"start_hour":9,"start_minute":0,"status":false},"sleep_reminder":{"hour":0,"millisecond":0,"minute":0,"second":0,"status":false},"snapshots":{"heart_rate":{"continuous_heart_rate_mode":0,"frequency":5,"mode":0},"sedentary_reminder":{"no_disturb_in_launch":false}},"spo2":{"enabled":true,"threshold":90},"support":{"heart_rate":true,"heart_rate_workout":true,"high_stress_index":false,"relaxation_prompt":false,"sedentary_reminder":true,"sleep_reminder":false,"spo2":true,"wear_detection":false},"wear_detection_status":{"last_updated_at":0}}
2026-03-29 19:33:26.283 | ZhUpdate | setHeartRateAlertSettings={"low_enabled":false,"low_threshold":49,"resting_enabled":true,"resting_threshold":80,"workout_enabled":false,"workout_threshold":175}
2026-03-29 19:33:26.288 | ZhUpdate | setHeartRateAlertSettings api=HeartRateMonitor
2026-03-29 19:33:26.289 | ZhUpdate | setHeartRateAlertSettings bean={"continuousHeartRateMode":0,"frequency":0,"isSportWarning":false,"isWarning":true,"lowWarningValue":0,"mode":0,"sportWarningValue":175,"warningValue":80}
2026-03-29 19:33:26.609 | ZhUpdate | setHeartRateAlertSettings api=HeartRateMonitor state=SUCCEED
2026-03-29 19:33:26.611 | AlertService | updateCallback type=HeartRateAlertSettingsUpdated
2026-03-29 19:33:26.617 | AlertService | onAlertUpdateCompleted feature=HEART_RATE success=true
2026-03-29 19:33:26.618 | AlertVM | handleUpdateCallback type=HeartRateAlertSettingsUpdated
2026-03-29 19:33:26.620 | AlertVM | heartRate update success=true
2026-03-29 19:33:26.621 | AlertVM | handleScreenUpdateCompletion feature=HEART_RATE success=true
2026-03-29 19:33:26.623 | AlertVM | sendQuery feature=HEART_RATE
2026-03-29 19:33:26.625 | ZhQuery | getHeartRateAlertSettings dispatched api=HeartRateMonitor
2026-03-29 19:33:26.920 | ZhQuery | onHeartRateMonitorResult={"continuousHeartRateMode":0,"frequency":5,"isSportWarning":false,"isWarning":false,"lowWarningValue":0,"mode":0,"sportWarningValue":0,"warningValue":220}
2026-03-29 19:33:26.923 | AlertService | queryCallback type=HeartRateAlertSettingsObtained
2026-03-29 19:33:26.926 | AlertService | heartRate passive query preserving pending local value
2026-03-29 19:33:26.928 | AlertService | saveAlertSettings={"device_address":"D8:5C:08:30:00:1E","heart_rate":{"low_enabled":false,"low_threshold":49,"resting_enabled":true,"resting_threshold":80,"workout_enabled":false,"workout_threshold":175},"pending_sync":{"heart_rate":true,"relaxation_prompt":false,"sedentary_reminder":false,"sleep_reminder":false,"spo2":false},"pressure_mode":{"relaxation_prompt_enabled":false,"stress_monitoring_enabled":false},"sedentary_reminder":{"end_hour":18,"end_minute":0,"interval":60,"repeat_count":0,"start_hour":9,"start_minute":0,"status":false},"sleep_reminder":{"hour":0,"millisecond":0,"minute":0,"second":0,"status":false},"snapshots":{"heart_rate":{"continuous_heart_rate_mode":0,"frequency":5,"mode":0},"sedentary_reminder":{"no_disturb_in_launch":false}},"spo2":{"enabled":true,"threshold":90},"support":{"heart_rate":true,"heart_rate_workout":true,"high_stress_index":false,"relaxation_prompt":false,"sedentary_reminder":true,"sleep_reminder":false,"spo2":true,"wear_detection":false},"wear_detection_status":{"last_updated_at":0}}
2026-03-29 19:33:26.933 | AlertService | queryCallback type=AlertFeatureSupportObtained
2026-03-29 19:33:26.936 | AlertService | saveAlertSettings={"device_address":"D8:5C:08:30:00:1E","heart_rate":{"low_enabled":false,"low_threshold":49,"resting_enabled":true,"resting_threshold":80,"workout_enabled":false,"workout_threshold":175},"pending_sync":{"heart_rate":true,"relaxation_prompt":false,"sedentary_reminder":false,"sleep_reminder":false,"spo2":false},"pressure_mode":{"relaxation_prompt_enabled":false,"stress_monitoring_enabled":false},"sedentary_reminder":{"end_hour":18,"end_minute":0,"interval":60,"repeat_count":0,"start_hour":9,"start_minute":0,"status":false},"sleep_reminder":{"hour":0,"millisecond":0,"minute":0,"second":0,"status":false},"snapshots":{"heart_rate":{"continuous_heart_rate_mode":0,"frequency":5,"mode":0},"sedentary_reminder":{"no_disturb_in_launch":false}},"spo2":{"enabled":true,"threshold":90},"support":{"heart_rate":true,"heart_rate_workout":true,"high_stress_index":false,"relaxation_prompt":false,"sedentary_reminder":true,"sleep_reminder":false,"spo2":true,"wear_detection":false},"wear_detection_status":{"last_updated_at":0}}
2026-03-29 19:33:26.939 | ZhQuery | getHeartRateAlertSettings api=HeartRateMonitor state=SUCCEED
2026-03-29 19:33:26.941 | AlertVM | handleQueryCallback type=HeartRateAlertSettingsObtained
2026-03-29 19:33:26.944 | AlertVM | heartRate query matchesStored=false pending=true phase=VERIFY_QUERY
2026-03-29 19:33:26.946 | AlertVM | heartRate query value={"low_enabled":false,"low_threshold":0,"resting_enabled":false,"resting_threshold":220,"workout_enabled":false,"workout_threshold":0}
2026-03-29 19:33:26.948 | AlertVM | heartRate verify mismatch preserving local value
2026-03-29 19:33:26.950 | AlertVM | handleScreenQueryCompletion feature=HEART_RATE phase=VERIFY_QUERY matchesStored=false
2026-03-29 19:33:26.956 | AlertVM | handleQueryCallback type=Default
2026-03-29 19:33:26.958 | AlertVM | handleQueryCallback type=AlertFeatureSupportObtained
2026-03-29 19:33:26.959 | AlertVM | support feature=HEART_RATE supported=true
2026-03-29 19:33:26.962 | AlertVM | handleQueryCallback type=Default
2026-03-29 19:33:27.228 | AlertService | queryCallback type=UpdateFirmwareLogStatus
2026-03-29 19:33:27.234 | AlertVM | handleQueryCallback type=UpdateFirmwareLogStatus
2026-03-29 19:33:27.237 | AlertVM | handleQueryCallback type=Default
2026-03-29 19:33:27.941 | AlertService | queryCallback type=BatteryDataObtained
2026-03-29 19:33:27.944 | AlertVM | handleQueryCallback type=BatteryDataObtained
2026-03-29 19:33:27.946 | AlertVM | handleQueryCallback type=Default
2026-03-29 19:33:28.270 | AlertService | queryCallback type=UpdateFirmwareLogStatus
2026-03-29 19:33:28.280 | AlertVM | handleQueryCallback type=UpdateFirmwareLogStatus
2026-03-29 19:33:28.282 | AlertVM | handleQueryCallback type=Default
2026-03-29 19:33:28.650 | AlertVM | saveHeartRateSettings requested={"low_enabled":false,"low_threshold":79,"resting_enabled":true,"resting_threshold":80,"workout_enabled":false,"workout_threshold":175}
2026-03-29 19:33:28.653 | AlertVM | persistFeature feature=HEART_RATE connected=true
2026-03-29 19:33:28.655 | AlertVM | persistFeature state={"device_address":"D8:5C:08:30:00:1E","heart_rate":{"low_enabled":false,"low_threshold":79,"resting_enabled":true,"resting_threshold":80,"workout_enabled":false,"workout_threshold":175},"pending_sync":{"heart_rate":true,"relaxation_prompt":false,"sedentary_reminder":false,"sleep_reminder":false,"spo2":false},"pressure_mode":{"relaxation_prompt_enabled":false,"stress_monitoring_enabled":false},"sedentary_reminder":{"end_hour":18,"end_minute":0,"interval":60,"repeat_count":0,"start_hour":9,"start_minute":0,"status":false},"sleep_reminder":{"hour":0,"millisecond":0,"minute":0,"second":0,"status":false},"snapshots":{"heart_rate":{"continuous_heart_rate_mode":0,"frequency":5,"mode":0},"sedentary_reminder":{"no_disturb_in_launch":false}},"spo2":{"enabled":true,"threshold":90},"support":{"heart_rate":true,"heart_rate_workout":true,"high_stress_index":false,"relaxation_prompt":false,"sedentary_reminder":true,"sleep_reminder":false,"spo2":true,"wear_detection":false},"wear_detection_status":{"last_updated_at":0}}
2026-03-29 19:33:28.666 | AlertVM | syncQueuedFeatures feature=HEART_RATE requiresSnapshot=false
2026-03-29 19:33:28.668 | AlertVM | sendUpdate feature=HEART_RATE
2026-03-29 19:33:28.670 | AlertVM | sendUpdate state={"device_address":"D8:5C:08:30:00:1E","heart_rate":{"low_enabled":false,"low_threshold":79,"resting_enabled":true,"resting_threshold":80,"workout_enabled":false,"workout_threshold":175},"pending_sync":{"heart_rate":true,"relaxation_prompt":false,"sedentary_reminder":false,"sleep_reminder":false,"spo2":false},"pressure_mode":{"relaxation_prompt_enabled":false,"stress_monitoring_enabled":false},"sedentary_reminder":{"end_hour":18,"end_minute":0,"interval":60,"repeat_count":0,"start_hour":9,"start_minute":0,"status":false},"sleep_reminder":{"hour":0,"millisecond":0,"minute":0,"second":0,"status":false},"snapshots":{"heart_rate":{"continuous_heart_rate_mode":0,"frequency":5,"mode":0},"sedentary_reminder":{"no_disturb_in_launch":false}},"spo2":{"enabled":true,"threshold":90},"support":{"heart_rate":true,"heart_rate_workout":true,"high_stress_index":false,"relaxation_prompt":false,"sedentary_reminder":true,"sleep_reminder":false,"spo2":true,"wear_detection":false},"wear_detection_status":{"last_updated_at":0}}
2026-03-29 19:33:28.677 | ZhUpdate | setHeartRateAlertSettings={"low_enabled":false,"low_threshold":79,"resting_enabled":true,"resting_threshold":80,"workout_enabled":false,"workout_threshold":175}
2026-03-29 19:33:28.681 | ZhUpdate | setHeartRateAlertSettings api=HeartRateMonitor
2026-03-29 19:33:28.685 | ZhUpdate | setHeartRateAlertSettings bean={"continuousHeartRateMode":0,"frequency":0,"isSportWarning":false,"isWarning":true,"lowWarningValue":0,"mode":0,"sportWarningValue":175,"warningValue":80}
2026-03-29 19:33:28.793 | AlertVM | saveHeartRateSettings requested={"low_enabled":false,"low_threshold":79,"resting_enabled":true,"resting_threshold":80,"workout_enabled":false,"workout_threshold":175}
2026-03-29 19:33:28.795 | AlertVM | persistFeature feature=HEART_RATE connected=true
2026-03-29 19:33:28.796 | AlertVM | persistFeature state={"device_address":"D8:5C:08:30:00:1E","heart_rate":{"low_enabled":false,"low_threshold":79,"resting_enabled":true,"resting_threshold":80,"workout_enabled":false,"workout_threshold":175},"pending_sync":{"heart_rate":true,"relaxation_prompt":false,"sedentary_reminder":false,"sleep_reminder":false,"spo2":false},"pressure_mode":{"relaxation_prompt_enabled":false,"stress_monitoring_enabled":false},"sedentary_reminder":{"end_hour":18,"end_minute":0,"interval":60,"repeat_count":0,"start_hour":9,"start_minute":0,"status":false},"sleep_reminder":{"hour":0,"millisecond":0,"minute":0,"second":0,"status":false},"snapshots":{"heart_rate":{"continuous_heart_rate_mode":0,"frequency":5,"mode":0},"sedentary_reminder":{"no_disturb_in_launch":false}},"spo2":{"enabled":true,"threshold":90},"support":{"heart_rate":true,"heart_rate_workout":true,"high_stress_index":false,"relaxation_prompt":false,"sedentary_reminder":true,"sleep_reminder":false,"spo2":true,"wear_detection":false},"wear_detection_status":{"last_updated_at":0}}
2026-03-29 19:33:28.798 | AlertVM | syncQueuedFeatures skipped activePhase=UPDATE_SENT feature=HEART_RATE
2026-03-29 19:33:28.885 | AlertVM | saveHeartRateSettings requested={"low_enabled":false,"low_threshold":79,"resting_enabled":true,"resting_threshold":80,"workout_enabled":false,"workout_threshold":175}
2026-03-29 19:33:28.890 | AlertVM | persistFeature feature=HEART_RATE connected=true
2026-03-29 19:33:28.892 | AlertVM | persistFeature state={"device_address":"D8:5C:08:30:00:1E","heart_rate":{"low_enabled":false,"low_threshold":79,"resting_enabled":true,"resting_threshold":80,"workout_enabled":false,"workout_threshold":175},"pending_sync":{"heart_rate":true,"relaxation_prompt":false,"sedentary_reminder":false,"sleep_reminder":false,"spo2":false},"pressure_mode":{"relaxation_prompt_enabled":false,"stress_monitoring_enabled":false},"sedentary_reminder":{"end_hour":18,"end_minute":0,"interval":60,"repeat_count":0,"start_hour":9,"start_minute":0,"status":false},"sleep_reminder":{"hour":0,"millisecond":0,"minute":0,"second":0,"status":false},"snapshots":{"heart_rate":{"continuous_heart_rate_mode":0,"frequency":5,"mode":0},"sedentary_reminder":{"no_disturb_in_launch":false}},"spo2":{"enabled":true,"threshold":90},"support":{"heart_rate":true,"heart_rate_workout":true,"high_stress_index":false,"relaxation_prompt":false,"sedentary_reminder":true,"sleep_reminder":false,"spo2":true,"wear_detection":false},"wear_detection_status":{"last_updated_at":0}}
2026-03-29 19:33:28.894 | AlertVM | syncQueuedFeatures skipped activePhase=UPDATE_SENT feature=HEART_RATE
2026-03-29 19:33:28.987 | ZhUpdate | setHeartRateAlertSettings api=HeartRateMonitor state=SUCCEED
2026-03-29 19:33:28.989 | AlertService | updateCallback type=HeartRateAlertSettingsUpdated
2026-03-29 19:33:28.991 | AlertService | onAlertUpdateCompleted feature=HEART_RATE success=true
2026-03-29 19:33:28.998 | AlertVM | handleUpdateCallback type=HeartRateAlertSettingsUpdated
2026-03-29 19:33:29.004 | AlertVM | heartRate update success=true
2026-03-29 19:33:29.005 | AlertVM | handleScreenUpdateCompletion feature=HEART_RATE success=true
2026-03-29 19:33:29.008 | AlertVM | sendQuery feature=HEART_RATE
2026-03-29 19:33:29.009 | ZhQuery | getHeartRateAlertSettings dispatched api=HeartRateMonitor
2026-03-29 19:33:29.360 | AlertService | queryCallback type=UpdateFirmwareLogStatus
2026-03-29 19:33:29.370 | AlertVM | handleQueryCallback type=UpdateFirmwareLogStatus
2026-03-29 19:33:29.373 | AlertVM | handleQueryCallback type=Default
2026-03-29 19:33:29.606 | ZhQuery | onHeartRateMonitorResult={"continuousHeartRateMode":0,"frequency":5,"isSportWarning":false,"isWarning":false,"lowWarningValue":0,"mode":0,"sportWarningValue":0,"warningValue":220}
2026-03-29 19:33:29.608 | AlertService | queryCallback type=HeartRateAlertSettingsObtained
2026-03-29 19:33:29.609 | AlertService | heartRate passive query preserving pending local value
2026-03-29 19:33:29.613 | AlertService | saveAlertSettings={"device_address":"D8:5C:08:30:00:1E","heart_rate":{"low_enabled":false,"low_threshold":79,"resting_enabled":true,"resting_threshold":80,"workout_enabled":false,"workout_threshold":175},"pending_sync":{"heart_rate":true,"relaxation_prompt":false,"sedentary_reminder":false,"sleep_reminder":false,"spo2":false},"pressure_mode":{"relaxation_prompt_enabled":false,"stress_monitoring_enabled":false},"sedentary_reminder":{"end_hour":18,"end_minute":0,"interval":60,"repeat_count":0,"start_hour":9,"start_minute":0,"status":false},"sleep_reminder":{"hour":0,"millisecond":0,"minute":0,"second":0,"status":false},"snapshots":{"heart_rate":{"continuous_heart_rate_mode":0,"frequency":5,"mode":0},"sedentary_reminder":{"no_disturb_in_launch":false}},"spo2":{"enabled":true,"threshold":90},"support":{"heart_rate":true,"heart_rate_workout":true,"high_stress_index":false,"relaxation_prompt":false,"sedentary_reminder":true,"sleep_reminder":false,"spo2":true,"wear_detection":false},"wear_detection_status":{"last_updated_at":0}}
2026-03-29 19:33:29.627 | AlertService | queryCallback type=AlertFeatureSupportObtained
2026-03-29 19:33:29.630 | AlertService | saveAlertSettings={"device_address":"D8:5C:08:30:00:1E","heart_rate":{"low_enabled":false,"low_threshold":79,"resting_enabled":true,"resting_threshold":80,"workout_enabled":false,"workout_threshold":175},"pending_sync":{"heart_rate":true,"relaxation_prompt":false,"sedentary_reminder":false,"sleep_reminder":false,"spo2":false},"pressure_mode":{"relaxation_prompt_enabled":false,"stress_monitoring_enabled":false},"sedentary_reminder":{"end_hour":18,"end_minute":0,"interval":60,"repeat_count":0,"start_hour":9,"start_minute":0,"status":false},"sleep_reminder":{"hour":0,"millisecond":0,"minute":0,"second":0,"status":false},"snapshots":{"heart_rate":{"continuous_heart_rate_mode":0,"frequency":5,"mode":0},"sedentary_reminder":{"no_disturb_in_launch":false}},"spo2":{"enabled":true,"threshold":90},"support":{"heart_rate":true,"heart_rate_workout":true,"high_stress_index":false,"relaxation_prompt":false,"sedentary_reminder":true,"sleep_reminder":false,"spo2":true,"wear_detection":false},"wear_detection_status":{"last_updated_at":0}}
2026-03-29 19:33:29.631 | ZhQuery | getHeartRateAlertSettings api=HeartRateMonitor state=SUCCEED
2026-03-29 19:33:29.633 | AlertVM | handleQueryCallback type=HeartRateAlertSettingsObtained
2026-03-29 19:33:29.636 | AlertVM | heartRate query matchesStored=false pending=true phase=VERIFY_QUERY
2026-03-29 19:33:29.638 | AlertVM | heartRate query value={"low_enabled":false,"low_threshold":0,"resting_enabled":false,"resting_threshold":220,"workout_enabled":false,"workout_threshold":0}
2026-03-29 19:33:29.639 | AlertVM | heartRate verify mismatch preserving local value
2026-03-29 19:33:29.640 | AlertVM | handleScreenQueryCompletion feature=HEART_RATE phase=VERIFY_QUERY matchesStored=false
2026-03-29 19:33:29.641 | AlertVM | handleQueryCallback type=Default
2026-03-29 19:33:29.643 | AlertVM | handleQueryCallback type=AlertFeatureSupportObtained
2026-03-29 19:33:29.644 | AlertVM | support feature=HEART_RATE supported=true
2026-03-29 19:33:29.645 | AlertVM | handleQueryCallback type=Default
2026-03-29 19:33:30.076 | AlertVM | saveHeartRateSettings requested={"low_enabled":true,"low_threshold":79,"resting_enabled":true,"resting_threshold":80,"workout_enabled":false,"workout_threshold":175}
2026-03-29 19:33:30.078 | AlertVM | persistFeature feature=HEART_RATE connected=true
2026-03-29 19:33:30.080 | AlertVM | persistFeature state={"device_address":"D8:5C:08:30:00:1E","heart_rate":{"low_enabled":true,"low_threshold":79,"resting_enabled":true,"resting_threshold":80,"workout_enabled":false,"workout_threshold":175},"pending_sync":{"heart_rate":true,"relaxation_prompt":false,"sedentary_reminder":false,"sleep_reminder":false,"spo2":false},"pressure_mode":{"relaxation_prompt_enabled":false,"stress_monitoring_enabled":false},"sedentary_reminder":{"end_hour":18,"end_minute":0,"interval":60,"repeat_count":0,"start_hour":9,"start_minute":0,"status":false},"sleep_reminder":{"hour":0,"millisecond":0,"minute":0,"second":0,"status":false},"snapshots":{"heart_rate":{"continuous_heart_rate_mode":0,"frequency":5,"mode":0},"sedentary_reminder":{"no_disturb_in_launch":false}},"spo2":{"enabled":true,"threshold":90},"support":{"heart_rate":true,"heart_rate_workout":true,"high_stress_index":false,"relaxation_prompt":false,"sedentary_reminder":true,"sleep_reminder":false,"spo2":true,"wear_detection":false},"wear_detection_status":{"last_updated_at":0}}
2026-03-29 19:33:30.082 | AlertVM | syncQueuedFeatures feature=HEART_RATE requiresSnapshot=false
2026-03-29 19:33:30.084 | AlertVM | sendUpdate feature=HEART_RATE
2026-03-29 19:33:30.093 | AlertVM | sendUpdate state={"device_address":"D8:5C:08:30:00:1E","heart_rate":{"low_enabled":true,"low_threshold":79,"resting_enabled":true,"resting_threshold":80,"workout_enabled":false,"workout_threshold":175},"pending_sync":{"heart_rate":true,"relaxation_prompt":false,"sedentary_reminder":false,"sleep_reminder":false,"spo2":false},"pressure_mode":{"relaxation_prompt_enabled":false,"stress_monitoring_enabled":false},"sedentary_reminder":{"end_hour":18,"end_minute":0,"interval":60,"repeat_count":0,"start_hour":9,"start_minute":0,"status":false},"sleep_reminder":{"hour":0,"millisecond":0,"minute":0,"second":0,"status":false},"snapshots":{"heart_rate":{"continuous_heart_rate_mode":0,"frequency":5,"mode":0},"sedentary_reminder":{"no_disturb_in_launch":false}},"spo2":{"enabled":true,"threshold":90},"support":{"heart_rate":true,"heart_rate_workout":true,"high_stress_index":false,"relaxation_prompt":false,"sedentary_reminder":true,"sleep_reminder":false,"spo2":true,"wear_detection":false},"wear_detection_status":{"last_updated_at":0}}
2026-03-29 19:33:30.095 | ZhUpdate | setHeartRateAlertSettings={"low_enabled":true,"low_threshold":79,"resting_enabled":true,"resting_threshold":80,"workout_enabled":false,"workout_threshold":175}
2026-03-29 19:33:30.097 | ZhUpdate | setHeartRateAlertSettings api=HeartRateMonitor
2026-03-29 19:33:30.102 | ZhUpdate | setHeartRateAlertSettings bean={"continuousHeartRateMode":0,"frequency":0,"isSportWarning":false,"isWarning":true,"lowWarningValue":79,"mode":0,"sportWarningValue":175,"warningValue":80}
2026-03-29 19:33:30.289 | AlertService | queryCallback type=UpdateFirmwareLogStatus
2026-03-29 19:33:30.297 | AlertVM | handleQueryCallback type=UpdateFirmwareLogStatus
2026-03-29 19:33:30.298 | AlertVM | handleQueryCallback type=Default
2026-03-29 19:33:30.556 | ZhUpdate | setHeartRateAlertSettings api=HeartRateMonitor state=SUCCEED
2026-03-29 19:33:30.563 | AlertService | updateCallback type=HeartRateAlertSettingsUpdated
2026-03-29 19:33:30.565 | AlertService | onAlertUpdateCompleted feature=HEART_RATE success=true
2026-03-29 19:33:30.567 | AlertVM | handleUpdateCallback type=HeartRateAlertSettingsUpdated
2026-03-29 19:33:30.575 | AlertVM | heartRate update success=true
2026-03-29 19:33:30.580 | AlertVM | handleScreenUpdateCompletion feature=HEART_RATE success=true
2026-03-29 19:33:30.581 | AlertVM | sendQuery feature=HEART_RATE
2026-03-29 19:33:30.582 | ZhQuery | getHeartRateAlertSettings dispatched api=HeartRateMonitor
2026-03-29 19:33:30.844 | ZhQuery | onHeartRateMonitorResult={"continuousHeartRateMode":0,"frequency":5,"isSportWarning":false,"isWarning":false,"lowWarningValue":0,"mode":0,"sportWarningValue":0,"warningValue":220}
2026-03-29 19:33:30.846 | AlertService | queryCallback type=HeartRateAlertSettingsObtained
2026-03-29 19:33:30.848 | AlertService | heartRate passive query preserving pending local value
2026-03-29 19:33:30.849 | AlertService | saveAlertSettings={"device_address":"D8:5C:08:30:00:1E","heart_rate":{"low_enabled":true,"low_threshold":79,"resting_enabled":true,"resting_threshold":80,"workout_enabled":false,"workout_threshold":175},"pending_sync":{"heart_rate":true,"relaxation_prompt":false,"sedentary_reminder":false,"sleep_reminder":false,"spo2":false},"pressure_mode":{"relaxation_prompt_enabled":false,"stress_monitoring_enabled":false},"sedentary_reminder":{"end_hour":18,"end_minute":0,"interval":60,"repeat_count":0,"start_hour":9,"start_minute":0,"status":false},"sleep_reminder":{"hour":0,"millisecond":0,"minute":0,"second":0,"status":false},"snapshots":{"heart_rate":{"continuous_heart_rate_mode":0,"frequency":5,"mode":0},"sedentary_reminder":{"no_disturb_in_launch":false}},"spo2":{"enabled":true,"threshold":90},"support":{"heart_rate":true,"heart_rate_workout":true,"high_stress_index":false,"relaxation_prompt":false,"sedentary_reminder":true,"sleep_reminder":false,"spo2":true,"wear_detection":false},"wear_detection_status":{"last_updated_at":0}}
2026-03-29 19:33:30.851 | AlertService | queryCallback type=AlertFeatureSupportObtained
2026-03-29 19:33:30.852 | AlertService | saveAlertSettings={"device_address":"D8:5C:08:30:00:1E","heart_rate":{"low_enabled":true,"low_threshold":79,"resting_enabled":true,"resting_threshold":80,"workout_enabled":false,"workout_threshold":175},"pending_sync":{"heart_rate":true,"relaxation_prompt":false,"sedentary_reminder":false,"sleep_reminder":false,"spo2":false},"pressure_mode":{"relaxation_prompt_enabled":false,"stress_monitoring_enabled":false},"sedentary_reminder":{"end_hour":18,"end_minute":0,"interval":60,"repeat_count":0,"start_hour":9,"start_minute":0,"status":false},"sleep_reminder":{"hour":0,"millisecond":0,"minute":0,"second":0,"status":false},"snapshots":{"heart_rate":{"continuous_heart_rate_mode":0,"frequency":5,"mode":0},"sedentary_reminder":{"no_disturb_in_launch":false}},"spo2":{"enabled":true,"threshold":90},"support":{"heart_rate":true,"heart_rate_workout":true,"high_stress_index":false,"relaxation_prompt":false,"sedentary_reminder":true,"sleep_reminder":false,"spo2":true,"wear_detection":false},"wear_detection_status":{"last_updated_at":0}}
2026-03-29 19:33:30.855 | AlertVM | handleQueryCallback type=HeartRateAlertSettingsObtained
2026-03-29 19:33:30.857 | AlertVM | heartRate query matchesStored=false pending=true phase=VERIFY_QUERY
2026-03-29 19:33:30.859 | AlertVM | heartRate query value={"low_enabled":false,"low_threshold":0,"resting_enabled":false,"resting_threshold":220,"workout_enabled":false,"workout_threshold":0}
2026-03-29 19:33:30.860 | AlertVM | heartRate verify mismatch preserving local value
2026-03-29 19:33:30.861 | AlertVM | handleScreenQueryCompletion feature=HEART_RATE phase=VERIFY_QUERY matchesStored=false
2026-03-29 19:33:30.863 | AlertVM | handleQueryCallback type=Default
2026-03-29 19:33:30.864 | AlertVM | handleQueryCallback type=AlertFeatureSupportObtained
2026-03-29 19:33:30.865 | AlertVM | support feature=HEART_RATE supported=true
2026-03-29 19:33:30.867 | AlertVM | handleQueryCallback type=Default
2026-03-29 19:33:30.868 | ZhQuery | getHeartRateAlertSettings api=HeartRateMonitor state=SUCCEED
2026-03-29 19:33:31.186 | AlertService | queryCallback type=UpdateFirmwareLogStatus
2026-03-29 19:33:31.192 | AlertVM | handleQueryCallback type=UpdateFirmwareLogStatus
2026-03-29 19:33:31.195 | AlertVM | handleQueryCallback type=Default
2026-03-29 19:33:32.414 | AlertService | queryCallback type=UpdateFirmwareLogStatus
2026-03-29 19:33:32.430 | AlertVM | handleQueryCallback type=UpdateFirmwareLogStatus
2026-03-29 19:33:32.432 | AlertVM | handleQueryCallback type=Default
2026-03-29 19:33:33.220 | AlertService | queryCallback type=UpdateFirmwareLogStatus
2026-03-29 19:33:33.229 | AlertVM | handleQueryCallback type=UpdateFirmwareLogStatus
2026-03-29 19:33:33.230 | AlertVM | handleQueryCallback type=Default
2026-03-29 19:33:34.241 | AlertService | queryCallback type=UpdateFirmwareLogStatus
2026-03-29 19:33:34.244 | AlertVM | handleQueryCallback type=UpdateFirmwareLogStatus
2026-03-29 19:33:34.246 | AlertVM | handleQueryCallback type=Default
2026-03-29 19:33:35.289 | AlertService | queryCallback type=UpdateFirmwareLogStatus
2026-03-29 19:33:35.306 | AlertVM | handleQueryCallback type=UpdateFirmwareLogStatus
2026-03-29 19:33:35.308 | AlertVM | handleQueryCallback type=Default
2026-03-29 19:33:36.231 | AlertService | queryCallback type=UpdateFirmwareLogStatus
2026-03-29 19:33:36.233 | AlertVM | handleQueryCallback type=UpdateFirmwareLogStatus
2026-03-29 19:33:36.234 | AlertVM | handleQueryCallback type=Default
2026-03-29 19:33:37.189 | AlertService | queryCallback type=UpdateFirmwareLogStatus
2026-03-29 19:33:37.204 | AlertVM | handleQueryCallback type=UpdateFirmwareLogStatus
2026-03-29 19:33:37.207 | AlertVM | handleQueryCallback type=Default
2026-03-29 19:33:37.944 | AlertService | queryCallback type=BatteryDataObtained
2026-03-29 19:33:37.949 | AlertVM | handleQueryCallback type=BatteryDataObtained
2026-03-29 19:33:37.952 | AlertVM | handleQueryCallback type=Default
2026-03-29 19:33:38.311 | AlertService | queryCallback type=UpdateFirmwareLogStatus
2026-03-29 19:33:38.325 | AlertVM | handleQueryCallback type=UpdateFirmwareLogStatus
2026-03-29 19:33:38.327 | AlertVM | handleQueryCallback type=Default
2026-03-29 19:33:39.214 | AlertService | queryCallback type=UpdateFirmwareLogStatus
2026-03-29 19:33:39.224 | AlertVM | handleQueryCallback type=UpdateFirmwareLogStatus
2026-03-29 19:33:39.227 | AlertVM | handleQueryCallback type=Default
2026-03-29 19:33:39.596 | AlertVM | saveHeartRateSettings requested={"low_enabled":false,"low_threshold":79,"resting_enabled":true,"resting_threshold":80,"workout_enabled":false,"workout_threshold":175}
2026-03-29 19:33:39.602 | AlertVM | persistFeature feature=HEART_RATE connected=true
2026-03-29 19:33:39.606 | AlertVM | persistFeature state={"device_address":"D8:5C:08:30:00:1E","heart_rate":{"low_enabled":false,"low_threshold":79,"resting_enabled":true,"resting_threshold":80,"workout_enabled":false,"workout_threshold":175},"pending_sync":{"heart_rate":true,"relaxation_prompt":false,"sedentary_reminder":false,"sleep_reminder":false,"spo2":false},"pressure_mode":{"relaxation_prompt_enabled":false,"stress_monitoring_enabled":false},"sedentary_reminder":{"end_hour":18,"end_minute":0,"interval":60,"repeat_count":0,"start_hour":9,"start_minute":0,"status":false},"sleep_reminder":{"hour":0,"millisecond":0,"minute":0,"second":0,"status":false},"snapshots":{"heart_rate":{"continuous_heart_rate_mode":0,"frequency":5,"mode":0},"sedentary_reminder":{"no_disturb_in_launch":false}},"spo2":{"enabled":true,"threshold":90},"support":{"heart_rate":true,"heart_rate_workout":true,"high_stress_index":false,"relaxation_prompt":false,"sedentary_reminder":true,"sleep_reminder":false,"spo2":true,"wear_detection":false},"wear_detection_status":{"last_updated_at":0}}
2026-03-29 19:33:39.611 | AlertVM | syncQueuedFeatures feature=HEART_RATE requiresSnapshot=false
2026-03-29 19:33:39.616 | AlertVM | sendUpdate feature=HEART_RATE
2026-03-29 19:33:39.620 | AlertVM | sendUpdate state={"device_address":"D8:5C:08:30:00:1E","heart_rate":{"low_enabled":false,"low_threshold":79,"resting_enabled":true,"resting_threshold":80,"workout_enabled":false,"workout_threshold":175},"pending_sync":{"heart_rate":true,"relaxation_prompt":false,"sedentary_reminder":false,"sleep_reminder":false,"spo2":false},"pressure_mode":{"relaxation_prompt_enabled":false,"stress_monitoring_enabled":false},"sedentary_reminder":{"end_hour":18,"end_minute":0,"interval":60,"repeat_count":0,"start_hour":9,"start_minute":0,"status":false},"sleep_reminder":{"hour":0,"millisecond":0,"minute":0,"second":0,"status":false},"snapshots":{"heart_rate":{"continuous_heart_rate_mode":0,"frequency":5,"mode":0},"sedentary_reminder":{"no_disturb_in_launch":false}},"spo2":{"enabled":true,"threshold":90},"support":{"heart_rate":true,"heart_rate_workout":true,"high_stress_index":false,"relaxation_prompt":false,"sedentary_reminder":true,"sleep_reminder":false,"spo2":true,"wear_detection":false},"wear_detection_status":{"last_updated_at":0}}
2026-03-29 19:33:39.630 | ZhUpdate | setHeartRateAlertSettings={"low_enabled":false,"low_threshold":79,"resting_enabled":true,"resting_threshold":80,"workout_enabled":false,"workout_threshold":175}
2026-03-29 19:33:39.637 | ZhUpdate | setHeartRateAlertSettings api=HeartRateMonitor
2026-03-29 19:33:39.639 | ZhUpdate | setHeartRateAlertSettings bean={"continuousHeartRateMode":0,"frequency":0,"isSportWarning":false,"isWarning":true,"lowWarningValue":0,"mode":0,"sportWarningValue":175,"warningValue":80}
2026-03-29 19:33:39.975 | ZhUpdate | setHeartRateAlertSettings api=HeartRateMonitor state=SUCCEED
2026-03-29 19:33:39.978 | AlertService | updateCallback type=HeartRateAlertSettingsUpdated
2026-03-29 19:33:39.981 | AlertService | onAlertUpdateCompleted feature=HEART_RATE success=true
2026-03-29 19:33:39.984 | AlertVM | handleUpdateCallback type=HeartRateAlertSettingsUpdated
2026-03-29 19:33:39.986 | AlertVM | heartRate update success=true
2026-03-29 19:33:39.988 | AlertVM | handleScreenUpdateCompletion feature=HEART_RATE success=true
2026-03-29 19:33:39.990 | AlertVM | sendQuery feature=HEART_RATE
2026-03-29 19:33:39.993 | ZhQuery | getHeartRateAlertSettings dispatched api=HeartRateMonitor
2026-03-29 19:33:40.180 | AlertVM | saveHeartRateSettings requested={"low_enabled":true,"low_threshold":79,"resting_enabled":true,"resting_threshold":80,"workout_enabled":false,"workout_threshold":175}
2026-03-29 19:33:40.181 | AlertVM | persistFeature feature=HEART_RATE connected=true
2026-03-29 19:33:40.183 | AlertVM | persistFeature state={"device_address":"D8:5C:08:30:00:1E","heart_rate":{"low_enabled":true,"low_threshold":79,"resting_enabled":true,"resting_threshold":80,"workout_enabled":false,"workout_threshold":175},"pending_sync":{"heart_rate":true,"relaxation_prompt":false,"sedentary_reminder":false,"sleep_reminder":false,"spo2":false},"pressure_mode":{"relaxation_prompt_enabled":false,"stress_monitoring_enabled":false},"sedentary_reminder":{"end_hour":18,"end_minute":0,"interval":60,"repeat_count":0,"start_hour":9,"start_minute":0,"status":false},"sleep_reminder":{"hour":0,"millisecond":0,"minute":0,"second":0,"status":false},"snapshots":{"heart_rate":{"continuous_heart_rate_mode":0,"frequency":5,"mode":0},"sedentary_reminder":{"no_disturb_in_launch":false}},"spo2":{"enabled":true,"threshold":90},"support":{"heart_rate":true,"heart_rate_workout":true,"high_stress_index":false,"relaxation_prompt":false,"sedentary_reminder":true,"sleep_reminder":false,"spo2":true,"wear_detection":false},"wear_detection_status":{"last_updated_at":0}}
2026-03-29 19:33:40.192 | AlertVM | syncQueuedFeatures skipped activePhase=VERIFY_QUERY feature=HEART_RATE
2026-03-29 19:33:40.392 | AlertService | queryCallback type=UpdateFirmwareLogStatus
2026-03-29 19:33:40.395 | AlertVM | handleQueryCallback type=UpdateFirmwareLogStatus
2026-03-29 19:33:40.396 | AlertVM | handleQueryCallback type=Default
2026-03-29 19:33:40.778 | ZhQuery | onHeartRateMonitorResult={"continuousHeartRateMode":0,"frequency":5,"isSportWarning":false,"isWarning":false,"lowWarningValue":0,"mode":0,"sportWarningValue":0,"warningValue":220}
2026-03-29 19:33:40.785 | AlertService | queryCallback type=HeartRateAlertSettingsObtained
2026-03-29 19:33:40.790 | AlertService | heartRate passive query preserving pending local value
2026-03-29 19:33:40.793 | AlertService | saveAlertSettings={"device_address":"D8:5C:08:30:00:1E","heart_rate":{"low_enabled":true,"low_threshold":79,"resting_enabled":true,"resting_threshold":80,"workout_enabled":false,"workout_threshold":175},"pending_sync":{"heart_rate":true,"relaxation_prompt":false,"sedentary_reminder":false,"sleep_reminder":false,"spo2":false},"pressure_mode":{"relaxation_prompt_enabled":false,"stress_monitoring_enabled":false},"sedentary_reminder":{"end_hour":18,"end_minute":0,"interval":60,"repeat_count":0,"start_hour":9,"start_minute":0,"status":false},"sleep_reminder":{"hour":0,"millisecond":0,"minute":0,"second":0,"status":false},"snapshots":{"heart_rate":{"continuous_heart_rate_mode":0,"frequency":5,"mode":0},"sedentary_reminder":{"no_disturb_in_launch":false}},"spo2":{"enabled":true,"threshold":90},"support":{"heart_rate":true,"heart_rate_workout":true,"high_stress_index":false,"relaxation_prompt":false,"sedentary_reminder":true,"sleep_reminder":false,"spo2":true,"wear_detection":false},"wear_detection_status":{"last_updated_at":0}}
2026-03-29 19:33:40.795 | AlertService | queryCallback type=AlertFeatureSupportObtained
2026-03-29 19:33:40.797 | AlertService | saveAlertSettings={"device_address":"D8:5C:08:30:00:1E","heart_rate":{"low_enabled":true,"low_threshold":79,"resting_enabled":true,"resting_threshold":80,"workout_enabled":false,"workout_threshold":175},"pending_sync":{"heart_rate":true,"relaxation_prompt":false,"sedentary_reminder":false,"sleep_reminder":false,"spo2":false},"pressure_mode":{"relaxation_prompt_enabled":false,"stress_monitoring_enabled":false},"sedentary_reminder":{"end_hour":18,"end_minute":0,"interval":60,"repeat_count":0,"start_hour":9,"start_minute":0,"status":false},"sleep_reminder":{"hour":0,"millisecond":0,"minute":0,"second":0,"status":false},"snapshots":{"heart_rate":{"continuous_heart_rate_mode":0,"frequency":5,"mode":0},"sedentary_reminder":{"no_disturb_in_launch":false}},"spo2":{"enabled":true,"threshold":90},"support":{"heart_rate":true,"heart_rate_workout":true,"high_stress_index":false,"relaxation_prompt":false,"sedentary_reminder":true,"sleep_reminder":false,"spo2":true,"wear_detection":false},"wear_detection_status":{"last_updated_at":0}}
2026-03-29 19:33:40.799 | ZhQuery | getHeartRateAlertSettings api=HeartRateMonitor state=SUCCEED
2026-03-29 19:33:40.801 | AlertVM | handleQueryCallback type=HeartRateAlertSettingsObtained
2026-03-29 19:33:40.803 | AlertVM | heartRate query matchesStored=false pending=true phase=VERIFY_QUERY
2026-03-29 19:33:40.804 | AlertVM | heartRate query value={"low_enabled":false,"low_threshold":0,"resting_enabled":false,"resting_threshold":220,"workout_enabled":false,"workout_threshold":0}
2026-03-29 19:33:40.806 | AlertVM | heartRate verify mismatch preserving local value
2026-03-29 19:33:40.808 | AlertVM | handleScreenQueryCompletion feature=HEART_RATE phase=VERIFY_QUERY matchesStored=false
2026-03-29 19:33:40.809 | AlertVM | handleQueryCallback type=Default
2026-03-29 19:33:40.811 | AlertVM | handleQueryCallback type=AlertFeatureSupportObtained
2026-03-29 19:33:40.813 | AlertVM | support feature=HEART_RATE supported=true
2026-03-29 19:33:40.815 | AlertVM | handleQueryCallback type=Default
2026-03-29 19:33:41.511 | AlertService | queryCallback type=UpdateFirmwareLogStatus
2026-03-29 19:33:41.521 | AlertVM | handleQueryCallback type=UpdateFirmwareLogStatus
2026-03-29 19:33:41.526 | AlertVM | handleQueryCallback type=Default
2026-03-29 19:33:42.316 | AlertService | queryCallback type=UpdateFirmwareLogStatus
2026-03-29 19:33:42.325 | AlertVM | handleQueryCallback type=UpdateFirmwareLogStatus
2026-03-29 19:33:42.327 | AlertVM | handleQueryCallback type=Default
2026-03-29 19:33:43.246 | AlertService | queryCallback type=UpdateFirmwareLogStatus
2026-03-29 19:33:43.255 | AlertVM | handleQueryCallback type=UpdateFirmwareLogStatus
2026-03-29 19:33:43.257 | AlertVM | handleQueryCallback type=Default
2026-03-29 19:33:43.639 | AlertVM | saveHeartRateSettings requested={"low_enabled":true,"low_threshold":79,"resting_enabled":false,"resting_threshold":80,"workout_enabled":false,"workout_threshold":175}
2026-03-29 19:33:43.644 | AlertVM | persistFeature feature=HEART_RATE connected=true
2026-03-29 19:33:43.647 | AlertVM | persistFeature state={"device_address":"D8:5C:08:30:00:1E","heart_rate":{"low_enabled":true,"low_threshold":79,"resting_enabled":false,"resting_threshold":80,"workout_enabled":false,"workout_threshold":175},"pending_sync":{"heart_rate":true,"relaxation_prompt":false,"sedentary_reminder":false,"sleep_reminder":false,"spo2":false},"pressure_mode":{"relaxation_prompt_enabled":false,"stress_monitoring_enabled":false},"sedentary_reminder":{"end_hour":18,"end_minute":0,"interval":60,"repeat_count":0,"start_hour":9,"start_minute":0,"status":false},"sleep_reminder":{"hour":0,"millisecond":0,"minute":0,"second":0,"status":false},"snapshots":{"heart_rate":{"continuous_heart_rate_mode":0,"frequency":5,"mode":0},"sedentary_reminder":{"no_disturb_in_launch":false}},"spo2":{"enabled":true,"threshold":90},"support":{"heart_rate":true,"heart_rate_workout":true,"high_stress_index":false,"relaxation_prompt":false,"sedentary_reminder":true,"sleep_reminder":false,"spo2":true,"wear_detection":false},"wear_detection_status":{"last_updated_at":0}}
2026-03-29 19:33:43.660 | AlertVM | syncQueuedFeatures feature=HEART_RATE requiresSnapshot=false
2026-03-29 19:33:43.662 | AlertVM | sendUpdate feature=HEART_RATE
2026-03-29 19:33:43.664 | AlertVM | sendUpdate state={"device_address":"D8:5C:08:30:00:1E","heart_rate":{"low_enabled":true,"low_threshold":79,"resting_enabled":false,"resting_threshold":80,"workout_enabled":false,"workout_threshold":175},"pending_sync":{"heart_rate":true,"relaxation_prompt":false,"sedentary_reminder":false,"sleep_reminder":false,"spo2":false},"pressure_mode":{"relaxation_prompt_enabled":false,"stress_monitoring_enabled":false},"sedentary_reminder":{"end_hour":18,"end_minute":0,"interval":60,"repeat_count":0,"start_hour":9,"start_minute":0,"status":false},"sleep_reminder":{"hour":0,"millisecond":0,"minute":0,"second":0,"status":false},"snapshots":{"heart_rate":{"continuous_heart_rate_mode":0,"frequency":5,"mode":0},"sedentary_reminder":{"no_disturb_in_launch":false}},"spo2":{"enabled":true,"threshold":90},"support":{"heart_rate":true,"heart_rate_workout":true,"high_stress_index":false,"relaxation_prompt":false,"sedentary_reminder":true,"sleep_reminder":false,"spo2":true,"wear_detection":false},"wear_detection_status":{"last_updated_at":0}}
2026-03-29 19:33:43.666 | ZhUpdate | setHeartRateAlertSettings={"low_enabled":true,"low_threshold":79,"resting_enabled":false,"resting_threshold":80,"workout_enabled":false,"workout_threshold":175}
2026-03-29 19:33:43.672 | ZhUpdate | setHeartRateAlertSettings api=HeartRateMonitor
2026-03-29 19:33:43.679 | ZhUpdate | setHeartRateAlertSettings bean={"continuousHeartRateMode":0,"frequency":0,"isSportWarning":false,"isWarning":false,"lowWarningValue":79,"mode":0,"sportWarningValue":175,"warningValue":80}
2026-03-29 19:33:43.973 | ZhUpdate | setHeartRateAlertSettings api=HeartRateMonitor state=SUCCEED
2026-03-29 19:33:43.975 | AlertService | updateCallback type=HeartRateAlertSettingsUpdated
2026-03-29 19:33:43.979 | AlertService | onAlertUpdateCompleted feature=HEART_RATE success=true
2026-03-29 19:33:43.983 | AlertVM | handleUpdateCallback type=HeartRateAlertSettingsUpdated
2026-03-29 19:33:43.987 | AlertVM | heartRate update success=true
2026-03-29 19:33:43.990 | AlertVM | handleScreenUpdateCompletion feature=HEART_RATE success=true
2026-03-29 19:33:43.991 | AlertVM | sendQuery feature=HEART_RATE
2026-03-29 19:33:43.994 | ZhQuery | getHeartRateAlertSettings dispatched api=HeartRateMonitor
2026-03-29 19:33:44.180 | AlertVM | saveHeartRateSettings requested={"low_enabled":true,"low_threshold":79,"resting_enabled":true,"resting_threshold":80,"workout_enabled":false,"workout_threshold":175}
2026-03-29 19:33:44.182 | AlertVM | persistFeature feature=HEART_RATE connected=true
2026-03-29 19:33:44.184 | AlertVM | persistFeature state={"device_address":"D8:5C:08:30:00:1E","heart_rate":{"low_enabled":true,"low_threshold":79,"resting_enabled":true,"resting_threshold":80,"workout_enabled":false,"workout_threshold":175},"pending_sync":{"heart_rate":true,"relaxation_prompt":false,"sedentary_reminder":false,"sleep_reminder":false,"spo2":false},"pressure_mode":{"relaxation_prompt_enabled":false,"stress_monitoring_enabled":false},"sedentary_reminder":{"end_hour":18,"end_minute":0,"interval":60,"repeat_count":0,"start_hour":9,"start_minute":0,"status":false},"sleep_reminder":{"hour":0,"millisecond":0,"minute":0,"second":0,"status":false},"snapshots":{"heart_rate":{"continuous_heart_rate_mode":0,"frequency":5,"mode":0},"sedentary_reminder":{"no_disturb_in_launch":false}},"spo2":{"enabled":true,"threshold":90},"support":{"heart_rate":true,"heart_rate_workout":true,"high_stress_index":false,"relaxation_prompt":false,"sedentary_reminder":true,"sleep_reminder":false,"spo2":true,"wear_detection":false},"wear_detection_status":{"last_updated_at":0}}
2026-03-29 19:33:44.188 | AlertVM | syncQueuedFeatures skipped activePhase=VERIFY_QUERY feature=HEART_RATE
2026-03-29 19:33:44.295 | AlertService | queryCallback type=UpdateFirmwareLogStatus
2026-03-29 19:33:44.300 | AlertVM | handleQueryCallback type=UpdateFirmwareLogStatus
2026-03-29 19:33:44.302 | AlertVM | handleQueryCallback type=Default
2026-03-29 19:33:44.663 | ZhQuery | onHeartRateMonitorResult={"continuousHeartRateMode":0,"frequency":5,"isSportWarning":false,"isWarning":false,"lowWarningValue":0,"mode":0,"sportWarningValue":0,"warningValue":220}
2026-03-29 19:33:44.665 | AlertService | queryCallback type=HeartRateAlertSettingsObtained
2026-03-29 19:33:44.668 | AlertService | heartRate passive query preserving pending local value
2026-03-29 19:33:44.673 | AlertService | saveAlertSettings={"device_address":"D8:5C:08:30:00:1E","heart_rate":{"low_enabled":true,"low_threshold":79,"resting_enabled":true,"resting_threshold":80,"workout_enabled":false,"workout_threshold":175},"pending_sync":{"heart_rate":true,"relaxation_prompt":false,"sedentary_reminder":false,"sleep_reminder":false,"spo2":false},"pressure_mode":{"relaxation_prompt_enabled":false,"stress_monitoring_enabled":false},"sedentary_reminder":{"end_hour":18,"end_minute":0,"interval":60,"repeat_count":0,"start_hour":9,"start_minute":0,"status":false},"sleep_reminder":{"hour":0,"millisecond":0,"minute":0,"second":0,"status":false},"snapshots":{"heart_rate":{"continuous_heart_rate_mode":0,"frequency":5,"mode":0},"sedentary_reminder":{"no_disturb_in_launch":false}},"spo2":{"enabled":true,"threshold":90},"support":{"heart_rate":true,"heart_rate_workout":true,"high_stress_index":false,"relaxation_prompt":false,"sedentary_reminder":true,"sleep_reminder":false,"spo2":true,"wear_detection":false},"wear_detection_status":{"last_updated_at":0}}
2026-03-29 19:33:44.675 | AlertService | queryCallback type=AlertFeatureSupportObtained
2026-03-29 19:33:44.678 | AlertService | saveAlertSettings={"device_address":"D8:5C:08:30:00:1E","heart_rate":{"low_enabled":true,"low_threshold":79,"resting_enabled":true,"resting_threshold":80,"workout_enabled":false,"workout_threshold":175},"pending_sync":{"heart_rate":true,"relaxation_prompt":false,"sedentary_reminder":false,"sleep_reminder":false,"spo2":false},"pressure_mode":{"relaxation_prompt_enabled":false,"stress_monitoring_enabled":false},"sedentary_reminder":{"end_hour":18,"end_minute":0,"interval":60,"repeat_count":0,"start_hour":9,"start_minute":0,"status":false},"sleep_reminder":{"hour":0,"millisecond":0,"minute":0,"second":0,"status":false},"snapshots":{"heart_rate":{"continuous_heart_rate_mode":0,"frequency":5,"mode":0},"sedentary_reminder":{"no_disturb_in_launch":false}},"spo2":{"enabled":true,"threshold":90},"support":{"heart_rate":true,"heart_rate_workout":true,"high_stress_index":false,"relaxation_prompt":false,"sedentary_reminder":true,"sleep_reminder":false,"spo2":true,"wear_detection":false},"wear_detection_status":{"last_updated_at":0}}
2026-03-29 19:33:44.683 | ZhQuery | getHeartRateAlertSettings api=HeartRateMonitor state=SUCCEED
2026-03-29 19:33:44.691 | AlertVM | handleQueryCallback type=HeartRateAlertSettingsObtained
2026-03-29 19:33:44.694 | AlertVM | heartRate query matchesStored=false pending=true phase=VERIFY_QUERY
2026-03-29 19:33:44.696 | AlertVM | heartRate query value={"low_enabled":false,"low_threshold":0,"resting_enabled":false,"resting_threshold":220,"workout_enabled":false,"workout_threshold":0}
2026-03-29 19:33:44.697 | AlertVM | heartRate verify mismatch preserving local value
2026-03-29 19:33:44.699 | AlertVM | handleScreenQueryCompletion feature=HEART_RATE phase=VERIFY_QUERY matchesStored=false
2026-03-29 19:33:44.701 | AlertVM | handleQueryCallback type=Default
2026-03-29 19:33:44.703 | AlertVM | handleQueryCallback type=AlertFeatureSupportObtained
2026-03-29 19:33:44.705 | AlertVM | support feature=HEART_RATE supported=true
2026-03-29 19:33:44.707 | AlertVM | handleQueryCallback type=Default
2026-03-29 19:33:45.607 | AlertService | queryCallback type=UpdateFirmwareLogStatus
2026-03-29 19:33:45.613 | AlertVM | handleQueryCallback type=UpdateFirmwareLogStatus
2026-03-29 19:33:45.615 | AlertVM | handleQueryCallback type=Default
2026-03-29 19:33:46.506 | AlertService | queryCallback type=UpdateFirmwareLogStatus
2026-03-29 19:33:46.516 | AlertVM | handleQueryCallback type=UpdateFirmwareLogStatus
2026-03-29 19:33:46.518 | AlertVM | handleQueryCallback type=Default
2026-03-29 19:33:47.397 | AlertService | queryCallback type=UpdateFirmwareLogStatus
2026-03-29 19:33:47.400 | AlertVM | handleQueryCallback type=UpdateFirmwareLogStatus
2026-03-29 19:33:47.403 | AlertVM | handleQueryCallback type=Default
2026-03-29 19:33:47.509 | AlertVM | refreshWearDetectionStatus dispatched
2026-03-29 19:33:47.512 | ZhQuery | getRingWearingStatus dispatched
2026-03-29 19:33:47.848 | ZhQuery | onRingWearingStatus status=0
2026-03-29 19:33:47.855 | AlertService | queryCallback type=RingWearingStatusObtained
2026-03-29 19:33:47.857 | AlertService | saveAlertSettings={"device_address":"D8:5C:08:30:00:1E","heart_rate":{"low_enabled":true,"low_threshold":79,"resting_enabled":true,"resting_threshold":80,"workout_enabled":false,"workout_threshold":175},"pending_sync":{"heart_rate":true,"relaxation_prompt":false,"sedentary_reminder":false,"sleep_reminder":false,"spo2":false},"pressure_mode":{"relaxation_prompt_enabled":false,"stress_monitoring_enabled":false},"sedentary_reminder":{"end_hour":18,"end_minute":0,"interval":60,"repeat_count":0,"start_hour":9,"start_minute":0,"status":false},"sleep_reminder":{"hour":0,"millisecond":0,"minute":0,"second":0,"status":false},"snapshots":{"heart_rate":{"continuous_heart_rate_mode":0,"frequency":5,"mode":0},"sedentary_reminder":{"no_disturb_in_launch":false}},"spo2":{"enabled":true,"threshold":90},"support":{"heart_rate":true,"heart_rate_workout":true,"high_stress_index":false,"relaxation_prompt":false,"sedentary_reminder":true,"sleep_reminder":false,"spo2":true,"wear_detection":true},"wear_detection_status":{"is_worn":false,"last_updated_at":1774793027842}}
2026-03-29 19:33:47.864 | AlertService | queryCallback type=AlertFeatureSupportObtained
2026-03-29 19:33:47.866 | AlertService | saveAlertSettings={"device_address":"D8:5C:08:30:00:1E","heart_rate":{"low_enabled":true,"low_threshold":79,"resting_enabled":true,"resting_threshold":80,"workout_enabled":false,"workout_threshold":175},"pending_sync":{"heart_rate":true,"relaxation_prompt":false,"sedentary_reminder":false,"sleep_reminder":false,"spo2":false},"pressure_mode":{"relaxation_prompt_enabled":false,"stress_monitoring_enabled":false},"sedentary_reminder":{"end_hour":18,"end_minute":0,"interval":60,"repeat_count":0,"start_hour":9,"start_minute":0,"status":false},"sleep_reminder":{"hour":0,"millisecond":0,"minute":0,"second":0,"status":false},"snapshots":{"heart_rate":{"continuous_heart_rate_mode":0,"frequency":5,"mode":0},"sedentary_reminder":{"no_disturb_in_launch":false}},"spo2":{"enabled":true,"threshold":90},"support":{"heart_rate":true,"heart_rate_workout":true,"high_stress_index":false,"relaxation_prompt":false,"sedentary_reminder":true,"sleep_reminder":false,"spo2":true,"wear_detection":true},"wear_detection_status":{"is_worn":false,"last_updated_at":1774793027842}}
2026-03-29 19:33:47.868 | ZhQuery | getRingWearingStatus state=SUCCEED
2026-03-29 19:33:47.870 | AlertVM | handleQueryCallback type=RingWearingStatusObtained
2026-03-29 19:33:47.872 | AlertVM | wearDetection query value={"is_worn":false,"last_updated_at":1774793027842}
2026-03-29 19:33:47.874 | AlertVM | handleQueryCallback type=Default
2026-03-29 19:33:47.876 | AlertVM | handleQueryCallback type=AlertFeatureSupportObtained
2026-03-29 19:33:47.877 | AlertVM | support feature=WEAR_DETECTION supported=true
2026-03-29 19:33:47.879 | AlertVM | handleQueryCallback type=Default
2026-03-29 19:33:48.124 | AlertService | queryCallback type=BatteryDataObtained
2026-03-29 19:33:48.134 | AlertVM | handleQueryCallback type=BatteryDataObtained
2026-03-29 19:33:48.137 | AlertVM | handleQueryCallback type=Default
2026-03-29 19:33:48.482 | AlertService | queryCallback type=UpdateFirmwareLogStatus
2026-03-29 19:33:48.496 | AlertVM | handleQueryCallback type=UpdateFirmwareLogStatus
2026-03-29 19:33:48.499 | AlertVM | handleQueryCallback type=Default
2026-03-29 19:33:49.216 | AlertVM | refreshWearDetectionStatus dispatched
2026-03-29 19:33:49.234 | ZhQuery | getRingWearingStatus dispatched
2026-03-29 19:33:49.709 | AlertService | queryCallback type=UpdateFirmwareLogStatus
2026-03-29 19:33:49.720 | AlertVM | handleQueryCallback type=UpdateFirmwareLogStatus
2026-03-29 19:33:49.723 | AlertVM | handleQueryCallback type=Default
2026-03-29 19:33:49.912 | AlertVM | refreshWearDetectionStatus dispatched
2026-03-29 19:33:49.913 | ZhQuery | getRingWearingStatus dispatched
2026-03-29 19:33:49.958 | ZhQuery | onRingWearingStatus status=0
2026-03-29 19:33:49.960 | AlertService | queryCallback type=RingWearingStatusObtained
2026-03-29 19:33:49.962 | AlertService | saveAlertSettings={"device_address":"D8:5C:08:30:00:1E","heart_rate":{"low_enabled":true,"low_threshold":79,"resting_enabled":true,"resting_threshold":80,"workout_enabled":false,"workout_threshold":175},"pending_sync":{"heart_rate":true,"relaxation_prompt":false,"sedentary_reminder":false,"sleep_reminder":false,"spo2":false},"pressure_mode":{"relaxation_prompt_enabled":false,"stress_monitoring_enabled":false},"sedentary_reminder":{"end_hour":18,"end_minute":0,"interval":60,"repeat_count":0,"start_hour":9,"start_minute":0,"status":false},"sleep_reminder":{"hour":0,"millisecond":0,"minute":0,"second":0,"status":false},"snapshots":{"heart_rate":{"continuous_heart_rate_mode":0,"frequency":5,"mode":0},"sedentary_reminder":{"no_disturb_in_launch":false}},"spo2":{"enabled":true,"threshold":90},"support":{"heart_rate":true,"heart_rate_workout":true,"high_stress_index":false,"relaxation_prompt":false,"sedentary_reminder":true,"sleep_reminder":false,"spo2":true,"wear_detection":true},"wear_detection_status":{"is_worn":false,"last_updated_at":1774793029957}}
2026-03-29 19:33:49.967 | AlertService | queryCallback type=AlertFeatureSupportObtained
2026-03-29 19:33:49.969 | AlertService | saveAlertSettings={"device_address":"D8:5C:08:30:00:1E","heart_rate":{"low_enabled":true,"low_threshold":79,"resting_enabled":true,"resting_threshold":80,"workout_enabled":false,"workout_threshold":175},"pending_sync":{"heart_rate":true,"relaxation_prompt":false,"sedentary_reminder":false,"sleep_reminder":false,"spo2":false},"pressure_mode":{"relaxation_prompt_enabled":false,"stress_monitoring_enabled":false},"sedentary_reminder":{"end_hour":18,"end_minute":0,"interval":60,"repeat_count":0,"start_hour":9,"start_minute":0,"status":false},"sleep_reminder":{"hour":0,"millisecond":0,"minute":0,"second":0,"status":false},"snapshots":{"heart_rate":{"continuous_heart_rate_mode":0,"frequency":5,"mode":0},"sedentary_reminder":{"no_disturb_in_launch":false}},"spo2":{"enabled":true,"threshold":90},"support":{"heart_rate":true,"heart_rate_workout":true,"high_stress_index":false,"relaxation_prompt":false,"sedentary_reminder":true,"sleep_reminder":false,"spo2":true,"wear_detection":true},"wear_detection_status":{"is_worn":false,"last_updated_at":1774793029957}}
2026-03-29 19:33:49.970 | ZhQuery | getRingWearingStatus state=SUCCEED
2026-03-29 19:33:49.972 | ZhQuery | getRingWearingStatus state=SUCCEED
2026-03-29 19:33:49.974 | AlertVM | handleQueryCallback type=RingWearingStatusObtained
2026-03-29 19:33:49.975 | AlertVM | wearDetection query value={"is_worn":false,"last_updated_at":1774793029957}
2026-03-29 19:33:49.976 | AlertVM | handleQueryCallback type=Default
2026-03-29 19:33:49.978 | AlertVM | handleQueryCallback type=AlertFeatureSupportObtained
2026-03-29 19:33:49.979 | AlertVM | support feature=WEAR_DETECTION supported=true
2026-03-29 19:33:49.981 | AlertVM | handleQueryCallback type=Default
2026-03-29 19:33:50.326 | AlertService | queryCallback type=UpdateFirmwareLogStatus
2026-03-29 19:33:50.342 | AlertVM | handleQueryCallback type=UpdateFirmwareLogStatus
2026-03-29 19:33:50.345 | AlertVM | handleQueryCallback type=Default
2026-03-29 19:33:50.684 | ZhQuery | onRingWearingStatus status=0
2026-03-29 19:33:50.685 | AlertService | queryCallback type=RingWearingStatusObtained
2026-03-29 19:33:50.691 | AlertService | saveAlertSettings={"device_address":"D8:5C:08:30:00:1E","heart_rate":{"low_enabled":true,"low_threshold":79,"resting_enabled":true,"resting_threshold":80,"workout_enabled":false,"workout_threshold":175},"pending_sync":{"heart_rate":true,"relaxation_prompt":false,"sedentary_reminder":false,"sleep_reminder":false,"spo2":false},"pressure_mode":{"relaxation_prompt_enabled":false,"stress_monitoring_enabled":false},"sedentary_reminder":{"end_hour":18,"end_minute":0,"interval":60,"repeat_count":0,"start_hour":9,"start_minute":0,"status":false},"sleep_reminder":{"hour":0,"millisecond":0,"minute":0,"second":0,"status":false},"snapshots":{"heart_rate":{"continuous_heart_rate_mode":0,"frequency":5,"mode":0},"sedentary_reminder":{"no_disturb_in_launch":false}},"spo2":{"enabled":true,"threshold":90},"support":{"heart_rate":true,"heart_rate_workout":true,"high_stress_index":false,"relaxation_prompt":false,"sedentary_reminder":true,"sleep_reminder":false,"spo2":true,"wear_detection":true},"wear_detection_status":{"is_worn":false,"last_updated_at":1774793030679}}
2026-03-29 19:33:50.693 | AlertService | queryCallback type=AlertFeatureSupportObtained
2026-03-29 19:33:50.695 | AlertService | saveAlertSettings={"device_address":"D8:5C:08:30:00:1E","heart_rate":{"low_enabled":true,"low_threshold":79,"resting_enabled":true,"resting_threshold":80,"workout_enabled":false,"workout_threshold":175},"pending_sync":{"heart_rate":true,"relaxation_prompt":false,"sedentary_reminder":false,"sleep_reminder":false,"spo2":false},"pressure_mode":{"relaxation_prompt_enabled":false,"stress_monitoring_enabled":false},"sedentary_reminder":{"end_hour":18,"end_minute":0,"interval":60,"repeat_count":0,"start_hour":9,"start_minute":0,"status":false},"sleep_reminder":{"hour":0,"millisecond":0,"minute":0,"second":0,"status":false},"snapshots":{"heart_rate":{"continuous_heart_rate_mode":0,"frequency":5,"mode":0},"sedentary_reminder":{"no_disturb_in_launch":false}},"spo2":{"enabled":true,"threshold":90},"support":{"heart_rate":true,"heart_rate_workout":true,"high_stress_index":false,"relaxation_prompt":false,"sedentary_reminder":true,"sleep_reminder":false,"spo2":true,"wear_detection":true},"wear_detection_status":{"is_worn":false,"last_updated_at":1774793030679}}
2026-03-29 19:33:50.696 | AlertVM | handleQueryCallback type=RingWearingStatusObtained
2026-03-29 19:33:50.699 | AlertVM | wearDetection query value={"is_worn":false,"last_updated_at":1774793030679}
2026-03-29 19:33:50.702 | AlertVM | handleQueryCallback type=Default
2026-03-29 19:33:50.704 | AlertVM | handleQueryCallback type=AlertFeatureSupportObtained
2026-03-29 19:33:50.706 | AlertVM | support feature=WEAR_DETECTION supported=true
2026-03-29 19:33:50.714 | AlertVM | handleQueryCallback type=Default
2026-03-29 19:33:50.716 | AlertVM | refreshWearDetectionStatus dispatched
2026-03-29 19:33:50.717 | ZhQuery | getRingWearingStatus dispatched
2026-03-29 19:33:51.125 | AlertVM | refreshWearDetectionStatus dispatched
2026-03-29 19:33:51.128 | ZhQuery | getRingWearingStatus dispatched
2026-03-29 19:33:51.292 | AlertVM | refreshWearDetectionStatus dispatched
2026-03-29 19:33:51.303 | ZhQuery | getRingWearingStatus dispatched
2026-03-29 19:33:51.305 | AlertService | queryCallback type=UpdateFirmwareLogStatus
2026-03-29 19:33:51.310 | AlertVM | handleQueryCallback type=UpdateFirmwareLogStatus
2026-03-29 19:33:51.313 | AlertVM | handleQueryCallback type=Default
2026-03-29 19:33:51.431 | AlertVM | refreshWearDetectionStatus dispatched
2026-03-29 19:33:51.446 | ZhQuery | getRingWearingStatus dispatched
2026-03-29 19:33:51.580 | ZhQuery | onRingWearingStatus status=0
2026-03-29 19:33:51.582 | AlertService | queryCallback type=RingWearingStatusObtained
2026-03-29 19:33:51.583 | AlertService | saveAlertSettings={"device_address":"D8:5C:08:30:00:1E","heart_rate":{"low_enabled":true,"low_threshold":79,"resting_enabled":true,"resting_threshold":80,"workout_enabled":false,"workout_threshold":175},"pending_sync":{"heart_rate":true,"relaxation_prompt":false,"sedentary_reminder":false,"sleep_reminder":false,"spo2":false},"pressure_mode":{"relaxation_prompt_enabled":false,"stress_monitoring_enabled":false},"sedentary_reminder":{"end_hour":18,"end_minute":0,"interval":60,"repeat_count":0,"start_hour":9,"start_minute":0,"status":false},"sleep_reminder":{"hour":0,"millisecond":0,"minute":0,"second":0,"status":false},"snapshots":{"heart_rate":{"continuous_heart_rate_mode":0,"frequency":5,"mode":0},"sedentary_reminder":{"no_disturb_in_launch":false}},"spo2":{"enabled":true,"threshold":90},"support":{"heart_rate":true,"heart_rate_workout":true,"high_stress_index":false,"relaxation_prompt":false,"sedentary_reminder":true,"sleep_reminder":false,"spo2":true,"wear_detection":true},"wear_detection_status":{"is_worn":false,"last_updated_at":1774793031576}}
2026-03-29 19:33:51.586 | AlertService | queryCallback type=AlertFeatureSupportObtained
2026-03-29 19:33:51.587 | AlertService | saveAlertSettings={"device_address":"D8:5C:08:30:00:1E","heart_rate":{"low_enabled":true,"low_threshold":79,"resting_enabled":true,"resting_threshold":80,"workout_enabled":false,"workout_threshold":175},"pending_sync":{"heart_rate":true,"relaxation_prompt":false,"sedentary_reminder":false,"sleep_reminder":false,"spo2":false},"pressure_mode":{"relaxation_prompt_enabled":false,"stress_monitoring_enabled":false},"sedentary_reminder":{"end_hour":18,"end_minute":0,"interval":60,"repeat_count":0,"start_hour":9,"start_minute":0,"status":false},"sleep_reminder":{"hour":0,"millisecond":0,"minute":0,"second":0,"status":false},"snapshots":{"heart_rate":{"continuous_heart_rate_mode":0,"frequency":5,"mode":0},"sedentary_reminder":{"no_disturb_in_launch":false}},"spo2":{"enabled":true,"threshold":90},"support":{"heart_rate":true,"heart_rate_workout":true,"high_stress_index":false,"relaxation_prompt":false,"sedentary_reminder":true,"sleep_reminder":false,"spo2":true,"wear_detection":true},"wear_detection_status":{"is_worn":false,"last_updated_at":1774793031576}}
2026-03-29 19:33:51.589 | ZhQuery | getRingWearingStatus state=SUCCEED
2026-03-29 19:33:51.591 | ZhQuery | getRingWearingStatus state=SUCCEED
2026-03-29 19:33:51.598 | ZhQuery | getRingWearingStatus state=SUCCEED
2026-03-29 19:33:51.601 | ZhQuery | getRingWearingStatus state=SUCCEED
2026-03-29 19:33:51.603 | AlertVM | handleQueryCallback type=RingWearingStatusObtained
2026-03-29 19:33:51.604 | AlertVM | wearDetection query value={"is_worn":false,"last_updated_at":1774793031576}
2026-03-29 19:33:51.605 | AlertVM | handleQueryCallback type=Default
2026-03-29 19:33:51.606 | AlertVM | handleQueryCallback type=AlertFeatureSupportObtained
2026-03-29 19:33:51.608 | AlertVM | support feature=WEAR_DETECTION supported=true
2026-03-29 19:33:51.609 | AlertVM | handleQueryCallback type=Default
2026-03-29 19:33:51.610 | AlertVM | refreshWearDetectionStatus dispatched
2026-03-29 19:33:51.611 | ZhQuery | getRingWearingStatus dispatched
2026-03-29 19:33:51.939 | ZhQuery | onRingWearingStatus status=0
2026-03-29 19:33:51.941 | AlertService | queryCallback type=RingWearingStatusObtained
2026-03-29 19:33:51.943 | AlertService | saveAlertSettings={"device_address":"D8:5C:08:30:00:1E","heart_rate":{"low_enabled":true,"low_threshold":79,"resting_enabled":true,"resting_threshold":80,"workout_enabled":false,"workout_threshold":175},"pending_sync":{"heart_rate":true,"relaxation_prompt":false,"sedentary_reminder":false,"sleep_reminder":false,"spo2":false},"pressure_mode":{"relaxation_prompt_enabled":false,"stress_monitoring_enabled":false},"sedentary_reminder":{"end_hour":18,"end_minute":0,"interval":60,"repeat_count":0,"start_hour":9,"start_minute":0,"status":false},"sleep_reminder":{"hour":0,"millisecond":0,"minute":0,"second":0,"status":false},"snapshots":{"heart_rate":{"continuous_heart_rate_mode":0,"frequency":5,"mode":0},"sedentary_reminder":{"no_disturb_in_launch":false}},"spo2":{"enabled":true,"threshold":90},"support":{"heart_rate":true,"heart_rate_workout":true,"high_stress_index":false,"relaxation_prompt":false,"sedentary_reminder":true,"sleep_reminder":false,"spo2":true,"wear_detection":true},"wear_detection_status":{"is_worn":false,"last_updated_at":1774793031937}}
2026-03-29 19:33:51.949 | AlertService | queryCallback type=AlertFeatureSupportObtained
2026-03-29 19:33:51.953 | AlertService | saveAlertSettings={"device_address":"D8:5C:08:30:00:1E","heart_rate":{"low_enabled":true,"low_threshold":79,"resting_enabled":true,"resting_threshold":80,"workout_enabled":false,"workout_threshold":175},"pending_sync":{"heart_rate":true,"relaxation_prompt":false,"sedentary_reminder":false,"sleep_reminder":false,"spo2":false},"pressure_mode":{"relaxation_prompt_enabled":false,"stress_monitoring_enabled":false},"sedentary_reminder":{"end_hour":18,"end_minute":0,"interval":60,"repeat_count":0,"start_hour":9,"start_minute":0,"status":false},"sleep_reminder":{"hour":0,"millisecond":0,"minute":0,"second":0,"status":false},"snapshots":{"heart_rate":{"continuous_heart_rate_mode":0,"frequency":5,"mode":0},"sedentary_reminder":{"no_disturb_in_launch":false}},"spo2":{"enabled":true,"threshold":90},"support":{"heart_rate":true,"heart_rate_workout":true,"high_stress_index":false,"relaxation_prompt":false,"sedentary_reminder":true,"sleep_reminder":false,"spo2":true,"wear_detection":true},"wear_detection_status":{"is_worn":false,"last_updated_at":1774793031937}}
2026-03-29 19:33:51.955 | ZhQuery | getRingWearingStatus state=SUCCEED
2026-03-29 19:33:51.957 | AlertVM | handleQueryCallback type=RingWearingStatusObtained
2026-03-29 19:33:51.960 | AlertVM | wearDetection query value={"is_worn":false,"last_updated_at":1774793031937}
2026-03-29 19:33:51.961 | AlertVM | handleQueryCallback type=Default
2026-03-29 19:33:51.963 | AlertVM | handleQueryCallback type=AlertFeatureSupportObtained
2026-03-29 19:33:51.965 | AlertVM | support feature=WEAR_DETECTION supported=true
2026-03-29 19:33:51.967 | AlertVM | handleQueryCallback type=Default
2026-03-29 19:33:52.221 | AlertVM | refreshWearDetectionStatus dispatched
2026-03-29 19:33:52.223 | ZhQuery | getRingWearingStatus dispatched
2026-03-29 19:33:52.349 | AlertService | queryCallback type=UpdateFirmwareLogStatus
2026-03-29 19:33:52.357 | AlertVM | handleQueryCallback type=UpdateFirmwareLogStatus
2026-03-29 19:33:52.358 | AlertVM | handleQueryCallback type=Default
2026-03-29 19:33:52.383 | AlertVM | refreshWearDetectionStatus dispatched
2026-03-29 19:33:52.386 | ZhQuery | getRingWearingStatus dispatched
2026-03-29 19:33:52.697 | AlertVM | refreshWearDetectionStatus dispatched
2026-03-29 19:33:52.699 | ZhQuery | getRingWearingStatus dispatched
2026-03-29 19:33:52.712 | ZhQuery | onRingWearingStatus status=0
2026-03-29 19:33:52.713 | AlertService | queryCallback type=RingWearingStatusObtained
2026-03-29 19:33:52.714 | AlertService | saveAlertSettings={"device_address":"D8:5C:08:30:00:1E","heart_rate":{"low_enabled":true,"low_threshold":79,"resting_enabled":true,"resting_threshold":80,"workout_enabled":false,"workout_threshold":175},"pending_sync":{"heart_rate":true,"relaxation_prompt":false,"sedentary_reminder":false,"sleep_reminder":false,"spo2":false},"pressure_mode":{"relaxation_prompt_enabled":false,"stress_monitoring_enabled":false},"sedentary_reminder":{"end_hour":18,"end_minute":0,"interval":60,"repeat_count":0,"start_hour":9,"start_minute":0,"status":false},"sleep_reminder":{"hour":0,"millisecond":0,"minute":0,"second":0,"status":false},"snapshots":{"heart_rate":{"continuous_heart_rate_mode":0,"frequency":5,"mode":0},"sedentary_reminder":{"no_disturb_in_launch":false}},"spo2":{"enabled":true,"threshold":90},"support":{"heart_rate":true,"heart_rate_workout":true,"high_stress_index":false,"relaxation_prompt":false,"sedentary_reminder":true,"sleep_reminder":false,"spo2":true,"wear_detection":true},"wear_detection_status":{"is_worn":false,"last_updated_at":1774793032702}}
2026-03-29 19:33:52.715 | AlertService | queryCallback type=AlertFeatureSupportObtained
2026-03-29 19:33:52.717 | AlertService | saveAlertSettings={"device_address":"D8:5C:08:30:00:1E","heart_rate":{"low_enabled":true,"low_threshold":79,"resting_enabled":true,"resting_threshold":80,"workout_enabled":false,"workout_threshold":175},"pending_sync":{"heart_rate":true,"relaxation_prompt":false,"sedentary_reminder":false,"sleep_reminder":false,"spo2":false},"pressure_mode":{"relaxation_prompt_enabled":false,"stress_monitoring_enabled":false},"sedentary_reminder":{"end_hour":18,"end_minute":0,"interval":60,"repeat_count":0,"start_hour":9,"start_minute":0,"status":false},"sleep_reminder":{"hour":0,"millisecond":0,"minute":0,"second":0,"status":false},"snapshots":{"heart_rate":{"continuous_heart_rate_mode":0,"frequency":5,"mode":0},"sedentary_reminder":{"no_disturb_in_launch":false}},"spo2":{"enabled":true,"threshold":90},"support":{"heart_rate":true,"heart_rate_workout":true,"high_stress_index":false,"relaxation_prompt":false,"sedentary_reminder":true,"sleep_reminder":false,"spo2":true,"wear_detection":true},"wear_detection_status":{"is_worn":false,"last_updated_at":1774793032702}}
2026-03-29 19:33:52.718 | ZhQuery | getRingWearingStatus state=SUCCEED
2026-03-29 19:33:52.720 | ZhQuery | getRingWearingStatus state=SUCCEED
2026-03-29 19:33:52.724 | ZhQuery | getRingWearingStatus state=SUCCEED
2026-03-29 19:33:52.726 | AlertVM | handleQueryCallback type=RingWearingStatusObtained
2026-03-29 19:33:52.727 | AlertVM | wearDetection query value={"is_worn":false,"last_updated_at":1774793032702}
2026-03-29 19:33:52.728 | AlertVM | handleQueryCallback type=Default
2026-03-29 19:33:52.729 | AlertVM | handleQueryCallback type=AlertFeatureSupportObtained
2026-03-29 19:33:52.730 | AlertVM | support feature=WEAR_DETECTION supported=true
2026-03-29 19:33:52.731 | AlertVM | handleQueryCallback type=Default
2026-03-29 19:33:52.834 | AlertVM | refreshWearDetectionStatus dispatched
2026-03-29 19:33:52.840 | ZhQuery | getRingWearingStatus dispatched
2026-03-29 19:33:52.964 | AlertVM | refreshWearDetectionStatus dispatched
2026-03-29 19:33:52.967 | ZhQuery | getRingWearingStatus dispatched
2026-03-29 19:33:53.059 | ZhQuery | onRingWearingStatus status=0
2026-03-29 19:33:53.061 | AlertService | queryCallback type=RingWearingStatusObtained
2026-03-29 19:33:53.062 | AlertService | saveAlertSettings={"device_address":"D8:5C:08:30:00:1E","heart_rate":{"low_enabled":true,"low_threshold":79,"resting_enabled":true,"resting_threshold":80,"workout_enabled":false,"workout_threshold":175},"pending_sync":{"heart_rate":true,"relaxation_prompt":false,"sedentary_reminder":false,"sleep_reminder":false,"spo2":false},"pressure_mode":{"relaxation_prompt_enabled":false,"stress_monitoring_enabled":false},"sedentary_reminder":{"end_hour":18,"end_minute":0,"interval":60,"repeat_count":0,"start_hour":9,"start_minute":0,"status":false},"sleep_reminder":{"hour":0,"millisecond":0,"minute":0,"second":0,"status":false},"snapshots":{"heart_rate":{"continuous_heart_rate_mode":0,"frequency":5,"mode":0},"sedentary_reminder":{"no_disturb_in_launch":false}},"spo2":{"enabled":true,"threshold":90},"support":{"heart_rate":true,"heart_rate_workout":true,"high_stress_index":false,"relaxation_prompt":false,"sedentary_reminder":true,"sleep_reminder":false,"spo2":true,"wear_detection":true},"wear_detection_status":{"is_worn":false,"last_updated_at":1774793033056}}
2026-03-29 19:33:53.068 | AlertService | queryCallback type=AlertFeatureSupportObtained
2026-03-29 19:33:53.069 | AlertService | saveAlertSettings={"device_address":"D8:5C:08:30:00:1E","heart_rate":{"low_enabled":true,"low_threshold":79,"resting_enabled":true,"resting_threshold":80,"workout_enabled":false,"workout_threshold":175},"pending_sync":{"heart_rate":true,"relaxation_prompt":false,"sedentary_reminder":false,"sleep_reminder":false,"spo2":false},"pressure_mode":{"relaxation_prompt_enabled":false,"stress_monitoring_enabled":false},"sedentary_reminder":{"end_hour":18,"end_minute":0,"interval":60,"repeat_count":0,"start_hour":9,"start_minute":0,"status":false},"sleep_reminder":{"hour":0,"millisecond":0,"minute":0,"second":0,"status":false},"snapshots":{"heart_rate":{"continuous_heart_rate_mode":0,"frequency":5,"mode":0},"sedentary_reminder":{"no_disturb_in_launch":false}},"spo2":{"enabled":true,"threshold":90},"support":{"heart_rate":true,"heart_rate_workout":true,"high_stress_index":false,"relaxation_prompt":false,"sedentary_reminder":true,"sleep_reminder":false,"spo2":true,"wear_detection":true},"wear_detection_status":{"is_worn":false,"last_updated_at":1774793033056}}
2026-03-29 19:33:53.071 | ZhQuery | getRingWearingStatus state=SUCCEED
2026-03-29 19:33:53.073 | ZhQuery | getRingWearingStatus state=SUCCEED
2026-03-29 19:33:53.074 | AlertVM | handleQueryCallback type=RingWearingStatusObtained
2026-03-29 19:33:53.076 | AlertVM | wearDetection query value={"is_worn":false,"last_updated_at":1774793033056}
2026-03-29 19:33:53.079 | AlertVM | handleQueryCallback type=Default
2026-03-29 19:33:53.080 | AlertVM | handleQueryCallback type=AlertFeatureSupportObtained
2026-03-29 19:33:53.082 | AlertVM | support feature=WEAR_DETECTION supported=true
2026-03-29 19:33:53.083 | AlertVM | handleQueryCallback type=Default
2026-03-29 19:33:53.118 | AlertVM | refreshWearDetectionStatus dispatched
2026-03-29 19:33:53.125 | ZhQuery | getRingWearingStatus dispatched
2026-03-29 19:33:53.279 | AlertVM | refreshWearDetectionStatus dispatched
2026-03-29 19:33:53.284 | ZhQuery | getRingWearingStatus dispatched
2026-03-29 19:33:53.401 | AlertVM | refreshWearDetectionStatus dispatched
2026-03-29 19:33:53.403 | ZhQuery | getRingWearingStatus dispatched
2026-03-29 19:33:53.424 | AlertService | queryCallback type=UpdateFirmwareLogStatus
2026-03-29 19:33:53.429 | AlertVM | handleQueryCallback type=UpdateFirmwareLogStatus
2026-03-29 19:33:53.430 | AlertVM | handleQueryCallback type=Default
2026-03-29 19:33:53.553 | AlertVM | refreshWearDetectionStatus dispatched
2026-03-29 19:33:53.555 | ZhQuery | getRingWearingStatus dispatched
2026-03-29 19:33:53.713 | AlertVM | refreshWearDetectionStatus dispatched
2026-03-29 19:33:53.715 | ZhQuery | getRingWearingStatus dispatched
2026-03-29 19:33:53.790 | ZhQuery | onRingWearingStatus status=0
2026-03-29 19:33:53.792 | AlertService | queryCallback type=RingWearingStatusObtained
2026-03-29 19:33:53.805 | AlertService | saveAlertSettings={"device_address":"D8:5C:08:30:00:1E","heart_rate":{"low_enabled":true,"low_threshold":79,"resting_enabled":true,"resting_threshold":80,"workout_enabled":false,"workout_threshold":175},"pending_sync":{"heart_rate":true,"relaxation_prompt":false,"sedentary_reminder":false,"sleep_reminder":false,"spo2":false},"pressure_mode":{"relaxation_prompt_enabled":false,"stress_monitoring_enabled":false},"sedentary_reminder":{"end_hour":18,"end_minute":0,"interval":60,"repeat_count":0,"start_hour":9,"start_minute":0,"status":false},"sleep_reminder":{"hour":0,"millisecond":0,"minute":0,"second":0,"status":false},"snapshots":{"heart_rate":{"continuous_heart_rate_mode":0,"frequency":5,"mode":0},"sedentary_reminder":{"no_disturb_in_launch":false}},"spo2":{"enabled":true,"threshold":90},"support":{"heart_rate":true,"heart_rate_workout":true,"high_stress_index":false,"relaxation_prompt":false,"sedentary_reminder":true,"sleep_reminder":false,"spo2":true,"wear_detection":true},"wear_detection_status":{"is_worn":false,"last_updated_at":1774793033787}}
2026-03-29 19:33:53.807 | AlertService | queryCallback type=AlertFeatureSupportObtained
2026-03-29 19:33:53.811 | AlertService | saveAlertSettings={"device_address":"D8:5C:08:30:00:1E","heart_rate":{"low_enabled":true,"low_threshold":79,"resting_enabled":true,"resting_threshold":80,"workout_enabled":false,"workout_threshold":175},"pending_sync":{"heart_rate":true,"relaxation_prompt":false,"sedentary_reminder":false,"sleep_reminder":false,"spo2":false},"pressure_mode":{"relaxation_prompt_enabled":false,"stress_monitoring_enabled":false},"sedentary_reminder":{"end_hour":18,"end_minute":0,"interval":60,"repeat_count":0,"start_hour":9,"start_minute":0,"status":false},"sleep_reminder":{"hour":0,"millisecond":0,"minute":0,"second":0,"status":false},"snapshots":{"heart_rate":{"continuous_heart_rate_mode":0,"frequency":5,"mode":0},"sedentary_reminder":{"no_disturb_in_launch":false}},"spo2":{"enabled":true,"threshold":90},"support":{"heart_rate":true,"heart_rate_workout":true,"high_stress_index":false,"relaxation_prompt":false,"sedentary_reminder":true,"sleep_reminder":false,"spo2":true,"wear_detection":true},"wear_detection_status":{"is_worn":false,"last_updated_at":1774793033787}}
2026-03-29 19:33:53.813 | ZhQuery | getRingWearingStatus state=SUCCEED
2026-03-29 19:33:53.814 | ZhQuery | getRingWearingStatus state=SUCCEED
2026-03-29 19:33:53.816 | ZhQuery | getRingWearingStatus state=SUCCEED
2026-03-29 19:33:53.817 | ZhQuery | getRingWearingStatus state=SUCCEED
2026-03-29 19:33:53.819 | ZhQuery | getRingWearingStatus state=SUCCEED
2026-03-29 19:33:53.820 | AlertVM | handleQueryCallback type=RingWearingStatusObtained
2026-03-29 19:33:53.822 | AlertVM | wearDetection query value={"is_worn":false,"last_updated_at":1774793033787}
2026-03-29 19:33:53.823 | AlertVM | handleQueryCallback type=Default
2026-03-29 19:33:53.825 | AlertVM | handleQueryCallback type=AlertFeatureSupportObtained
2026-03-29 19:33:53.826 | AlertVM | support feature=WEAR_DETECTION supported=true
2026-03-29 19:33:53.828 | AlertVM | handleQueryCallback type=Default
2026-03-29 19:33:53.840 | AlertVM | refreshWearDetectionStatus dispatched
2026-03-29 19:33:53.843 | ZhQuery | getRingWearingStatus dispatched
2026-03-29 19:33:53.992 | AlertVM | refreshWearDetectionStatus dispatched
2026-03-29 19:33:53.995 | ZhQuery | getRingWearingStatus dispatched
2026-03-29 19:33:54.164 | AlertVM | refreshWearDetectionStatus dispatched
2026-03-29 19:33:54.166 | ZhQuery | getRingWearingStatus dispatched
2026-03-29 19:33:54.224 | AlertService | queryCallback type=UpdateFirmwareLogStatus
2026-03-29 19:33:54.232 | AlertVM | handleQueryCallback type=UpdateFirmwareLogStatus
2026-03-29 19:33:54.235 | AlertVM | handleQueryCallback type=Default
2026-03-29 19:33:54.316 | AlertVM | refreshWearDetectionStatus dispatched
2026-03-29 19:33:54.317 | ZhQuery | getRingWearingStatus dispatched
2026-03-29 19:33:54.477 | AlertVM | refreshWearDetectionStatus dispatched
2026-03-29 19:33:54.487 | ZhQuery | getRingWearingStatus dispatched
2026-03-29 19:33:54.506 | ZhQuery | onRingWearingStatus status=0
2026-03-29 19:33:54.507 | AlertService | queryCallback type=RingWearingStatusObtained
2026-03-29 19:33:54.509 | AlertService | saveAlertSettings={"device_address":"D8:5C:08:30:00:1E","heart_rate":{"low_enabled":true,"low_threshold":79,"resting_enabled":true,"resting_threshold":80,"workout_enabled":false,"workout_threshold":175},"pending_sync":{"heart_rate":true,"relaxation_prompt":false,"sedentary_reminder":false,"sleep_reminder":false,"spo2":false},"pressure_mode":{"relaxation_prompt_enabled":false,"stress_monitoring_enabled":false},"sedentary_reminder":{"end_hour":18,"end_minute":0,"interval":60,"repeat_count":0,"start_hour":9,"start_minute":0,"status":false},"sleep_reminder":{"hour":0,"millisecond":0,"minute":0,"second":0,"status":false},"snapshots":{"heart_rate":{"continuous_heart_rate_mode":0,"frequency":5,"mode":0},"sedentary_reminder":{"no_disturb_in_launch":false}},"spo2":{"enabled":true,"threshold":90},"support":{"heart_rate":true,"heart_rate_workout":true,"high_stress_index":false,"relaxation_prompt":false,"sedentary_reminder":true,"sleep_reminder":false,"spo2":true,"wear_detection":true},"wear_detection_status":{"is_worn":false,"last_updated_at":1774793034493}}
2026-03-29 19:33:54.510 | AlertService | queryCallback type=AlertFeatureSupportObtained
2026-03-29 19:33:54.512 | AlertService | saveAlertSettings={"device_address":"D8:5C:08:30:00:1E","heart_rate":{"low_enabled":true,"low_threshold":79,"resting_enabled":true,"resting_threshold":80,"workout_enabled":false,"workout_threshold":175},"pending_sync":{"heart_rate":true,"relaxation_prompt":false,"sedentary_reminder":false,"sleep_reminder":false,"spo2":false},"pressure_mode":{"relaxation_prompt_enabled":false,"stress_monitoring_enabled":false},"sedentary_reminder":{"end_hour":18,"end_minute":0,"interval":60,"repeat_count":0,"start_hour":9,"start_minute":0,"status":false},"sleep_reminder":{"hour":0,"millisecond":0,"minute":0,"second":0,"status":false},"snapshots":{"heart_rate":{"continuous_heart_rate_mode":0,"frequency":5,"mode":0},"sedentary_reminder":{"no_disturb_in_launch":false}},"spo2":{"enabled":true,"threshold":90},"support":{"heart_rate":true,"heart_rate_workout":true,"high_stress_index":false,"relaxation_prompt":false,"sedentary_reminder":true,"sleep_reminder":false,"spo2":true,"wear_detection":true},"wear_detection_status":{"is_worn":false,"last_updated_at":1774793034493}}
2026-03-29 19:33:54.514 | ZhQuery | getRingWearingStatus state=SUCCEED
2026-03-29 19:33:54.517 | ZhQuery | getRingWearingStatus state=SUCCEED
2026-03-29 19:33:54.518 | ZhQuery | getRingWearingStatus state=SUCCEED
2026-03-29 19:33:54.520 | ZhQuery | getRingWearingStatus state=SUCCEED
2026-03-29 19:33:54.521 | ZhQuery | getRingWearingStatus state=SUCCEED
2026-03-29 19:33:54.523 | AlertVM | handleQueryCallback type=RingWearingStatusObtained
2026-03-29 19:33:54.526 | AlertVM | wearDetection query value={"is_worn":false,"last_updated_at":1774793034493}
2026-03-29 19:33:54.528 | AlertVM | handleQueryCallback type=Default
2026-03-29 19:33:54.530 | AlertVM | handleQueryCallback type=AlertFeatureSupportObtained
2026-03-29 19:33:54.531 | AlertVM | support feature=WEAR_DETECTION supported=true
2026-03-29 19:33:54.533 | AlertVM | handleQueryCallback type=Default
2026-03-29 19:33:54.638 | AlertVM | refreshWearDetectionStatus dispatched
2026-03-29 19:33:54.641 | ZhQuery | getRingWearingStatus dispatched
2026-03-29 19:33:54.787 | AlertVM | refreshWearDetectionStatus dispatched
2026-03-29 19:33:54.789 | ZhQuery | getRingWearingStatus dispatched
2026-03-29 19:33:54.814 | ZhQuery | onRingWearingStatus status=0
2026-03-29 19:33:54.816 | AlertService | queryCallback type=RingWearingStatusObtained
2026-03-29 19:33:54.817 | AlertService | saveAlertSettings={"device_address":"D8:5C:08:30:00:1E","heart_rate":{"low_enabled":true,"low_threshold":79,"resting_enabled":true,"resting_threshold":80,"workout_enabled":false,"workout_threshold":175},"pending_sync":{"heart_rate":true,"relaxation_prompt":false,"sedentary_reminder":false,"sleep_reminder":false,"spo2":false},"pressure_mode":{"relaxation_prompt_enabled":false,"stress_monitoring_enabled":false},"sedentary_reminder":{"end_hour":18,"end_minute":0,"interval":60,"repeat_count":0,"start_hour":9,"start_minute":0,"status":false},"sleep_reminder":{"hour":0,"millisecond":0,"minute":0,"second":0,"status":false},"snapshots":{"heart_rate":{"continuous_heart_rate_mode":0,"frequency":5,"mode":0},"sedentary_reminder":{"no_disturb_in_launch":false}},"spo2":{"enabled":true,"threshold":90},"support":{"heart_rate":true,"heart_rate_workout":true,"high_stress_index":false,"relaxation_prompt":false,"sedentary_reminder":true,"sleep_reminder":false,"spo2":true,"wear_detection":true},"wear_detection_status":{"is_worn":false,"last_updated_at":1774793034812}}
2026-03-29 19:33:54.822 | AlertService | queryCallback type=AlertFeatureSupportObtained
2026-03-29 19:33:54.824 | AlertService | saveAlertSettings={"device_address":"D8:5C:08:30:00:1E","heart_rate":{"low_enabled":true,"low_threshold":79,"resting_enabled":true,"resting_threshold":80,"workout_enabled":false,"workout_threshold":175},"pending_sync":{"heart_rate":true,"relaxation_prompt":false,"sedentary_reminder":false,"sleep_reminder":false,"spo2":false},"pressure_mode":{"relaxation_prompt_enabled":false,"stress_monitoring_enabled":false},"sedentary_reminder":{"end_hour":18,"end_minute":0,"interval":60,"repeat_count":0,"start_hour":9,"start_minute":0,"status":false},"sleep_reminder":{"hour":0,"millisecond":0,"minute":0,"second":0,"status":false},"snapshots":{"heart_rate":{"continuous_heart_rate_mode":0,"frequency":5,"mode":0},"sedentary_reminder":{"no_disturb_in_launch":false}},"spo2":{"enabled":true,"threshold":90},"support":{"heart_rate":true,"heart_rate_workout":true,"high_stress_index":false,"relaxation_prompt":false,"sedentary_reminder":true,"sleep_reminder":false,"spo2":true,"wear_detection":true},"wear_detection_status":{"is_worn":false,"last_updated_at":1774793034812}}
2026-03-29 19:33:54.827 | ZhQuery | getRingWearingStatus state=SUCCEED
2026-03-29 19:33:54.829 | ZhQuery | getRingWearingStatus state=SUCCEED
2026-03-29 19:33:54.831 | AlertVM | handleQueryCallback type=RingWearingStatusObtained
2026-03-29 19:33:54.833 | AlertVM | wearDetection query value={"is_worn":false,"last_updated_at":1774793034812}
2026-03-29 19:33:54.834 | AlertVM | handleQueryCallback type=Default
2026-03-29 19:33:54.836 | AlertVM | handleQueryCallback type=AlertFeatureSupportObtained
2026-03-29 19:33:54.837 | AlertVM | support feature=WEAR_DETECTION supported=true
2026-03-29 19:33:54.839 | AlertVM | handleQueryCallback type=Default
2026-03-29 19:33:54.935 | AlertVM | refreshWearDetectionStatus dispatched
2026-03-29 19:33:54.937 | ZhQuery | getRingWearingStatus dispatched
2026-03-29 19:33:55.358 | AlertService | queryCallback type=UpdateFirmwareLogStatus
2026-03-29 19:33:55.368 | AlertVM | handleQueryCallback type=UpdateFirmwareLogStatus
2026-03-29 19:33:55.369 | AlertVM | handleQueryCallback type=Default
2026-03-29 19:33:55.372 | AlertVM | refreshWearDetectionStatus dispatched
2026-03-29 19:33:55.375 | ZhQuery | getRingWearingStatus dispatched
2026-03-29 19:33:55.534 | AlertVM | refreshWearDetectionStatus dispatched
2026-03-29 19:33:55.538 | ZhQuery | getRingWearingStatus dispatched
2026-03-29 19:33:55.676 | ZhQuery | onRingWearingStatus status=0
2026-03-29 19:33:55.678 | AlertService | queryCallback type=RingWearingStatusObtained
2026-03-29 19:33:55.694 | AlertService | saveAlertSettings={"device_address":"D8:5C:08:30:00:1E","heart_rate":{"low_enabled":true,"low_threshold":79,"resting_enabled":true,"resting_threshold":80,"workout_enabled":false,"workout_threshold":175},"pending_sync":{"heart_rate":true,"relaxation_prompt":false,"sedentary_reminder":false,"sleep_reminder":false,"spo2":false},"pressure_mode":{"relaxation_prompt_enabled":false,"stress_monitoring_enabled":false},"sedentary_reminder":{"end_hour":18,"end_minute":0,"interval":60,"repeat_count":0,"start_hour":9,"start_minute":0,"status":false},"sleep_reminder":{"hour":0,"millisecond":0,"minute":0,"second":0,"status":false},"snapshots":{"heart_rate":{"continuous_heart_rate_mode":0,"frequency":5,"mode":0},"sedentary_reminder":{"no_disturb_in_launch":false}},"spo2":{"enabled":true,"threshold":90},"support":{"heart_rate":true,"heart_rate_workout":true,"high_stress_index":false,"relaxation_prompt":false,"sedentary_reminder":true,"sleep_reminder":false,"spo2":true,"wear_detection":true},"wear_detection_status":{"is_worn":false,"last_updated_at":1774793035674}}
2026-03-29 19:33:55.697 | AlertService | queryCallback type=AlertFeatureSupportObtained
2026-03-29 19:33:55.699 | AlertService | saveAlertSettings={"device_address":"D8:5C:08:30:00:1E","heart_rate":{"low_enabled":true,"low_threshold":79,"resting_enabled":true,"resting_threshold":80,"workout_enabled":false,"workout_threshold":175},"pending_sync":{"heart_rate":true,"relaxation_prompt":false,"sedentary_reminder":false,"sleep_reminder":false,"spo2":false},"pressure_mode":{"relaxation_prompt_enabled":false,"stress_monitoring_enabled":false},"sedentary_reminder":{"end_hour":18,"end_minute":0,"interval":60,"repeat_count":0,"start_hour":9,"start_minute":0,"status":false},"sleep_reminder":{"hour":0,"millisecond":0,"minute":0,"second":0,"status":false},"snapshots":{"heart_rate":{"continuous_heart_rate_mode":0,"frequency":5,"mode":0},"sedentary_reminder":{"no_disturb_in_launch":false}},"spo2":{"enabled":true,"threshold":90},"support":{"heart_rate":true,"heart_rate_workout":true,"high_stress_index":false,"relaxation_prompt":false,"sedentary_reminder":true,"sleep_reminder":false,"spo2":true,"wear_detection":true},"wear_detection_status":{"is_worn":false,"last_updated_at":1774793035674}}
2026-03-29 19:33:55.701 | ZhQuery | getRingWearingStatus state=SUCCEED
2026-03-29 19:33:55.702 | ZhQuery | getRingWearingStatus state=SUCCEED
2026-03-29 19:33:55.706 | ZhQuery | getRingWearingStatus state=SUCCEED
2026-03-29 19:33:55.708 | AlertVM | handleQueryCallback type=RingWearingStatusObtained
2026-03-29 19:33:55.709 | AlertVM | wearDetection query value={"is_worn":false,"last_updated_at":1774793035674}
2026-03-29 19:33:55.712 | AlertVM | handleQueryCallback type=Default
2026-03-29 19:33:55.713 | AlertVM | handleQueryCallback type=AlertFeatureSupportObtained
2026-03-29 19:33:55.715 | AlertVM | support feature=WEAR_DETECTION supported=true
2026-03-29 19:33:55.717 | AlertVM | handleQueryCallback type=Default
2026-03-29 19:33:55.718 | AlertVM | refreshWearDetectionStatus dispatched
2026-03-29 19:33:55.720 | ZhQuery | getRingWearingStatus dispatched
2026-03-29 19:33:55.842 | AlertVM | refreshWearDetectionStatus dispatched
2026-03-29 19:33:55.844 | ZhQuery | getRingWearingStatus dispatched
2026-03-29 19:33:56.084 | ZhQuery | onRingWearingStatus status=0
2026-03-29 19:33:56.086 | AlertService | queryCallback type=RingWearingStatusObtained
2026-03-29 19:33:56.088 | AlertService | saveAlertSettings={"device_address":"D8:5C:08:30:00:1E","heart_rate":{"low_enabled":true,"low_threshold":79,"resting_enabled":true,"resting_threshold":80,"workout_enabled":false,"workout_threshold":175},"pending_sync":{"heart_rate":true,"relaxation_prompt":false,"sedentary_reminder":false,"sleep_reminder":false,"spo2":false},"pressure_mode":{"relaxation_prompt_enabled":false,"stress_monitoring_enabled":false},"sedentary_reminder":{"end_hour":18,"end_minute":0,"interval":60,"repeat_count":0,"start_hour":9,"start_minute":0,"status":false},"sleep_reminder":{"hour":0,"millisecond":0,"minute":0,"second":0,"status":false},"snapshots":{"heart_rate":{"continuous_heart_rate_mode":0,"frequency":5,"mode":0},"sedentary_reminder":{"no_disturb_in_launch":false}},"spo2":{"enabled":true,"threshold":90},"support":{"heart_rate":true,"heart_rate_workout":true,"high_stress_index":false,"relaxation_prompt":false,"sedentary_reminder":true,"sleep_reminder":false,"spo2":true,"wear_detection":true},"wear_detection_status":{"is_worn":false,"last_updated_at":1774793036082}}
2026-03-29 19:33:56.095 | AlertService | queryCallback type=AlertFeatureSupportObtained
2026-03-29 19:33:56.097 | AlertService | saveAlertSettings={"device_address":"D8:5C:08:30:00:1E","heart_rate":{"low_enabled":true,"low_threshold":79,"resting_enabled":true,"resting_threshold":80,"workout_enabled":false,"workout_threshold":175},"pending_sync":{"heart_rate":true,"relaxation_prompt":false,"sedentary_reminder":false,"sleep_reminder":false,"spo2":false},"pressure_mode":{"relaxation_prompt_enabled":false,"stress_monitoring_enabled":false},"sedentary_reminder":{"end_hour":18,"end_minute":0,"interval":60,"repeat_count":0,"start_hour":9,"start_minute":0,"status":false},"sleep_reminder":{"hour":0,"millisecond":0,"minute":0,"second":0,"status":false},"snapshots":{"heart_rate":{"continuous_heart_rate_mode":0,"frequency":5,"mode":0},"sedentary_reminder":{"no_disturb_in_launch":false}},"spo2":{"enabled":true,"threshold":90},"support":{"heart_rate":true,"heart_rate_workout":true,"high_stress_index":false,"relaxation_prompt":false,"sedentary_reminder":true,"sleep_reminder":false,"spo2":true,"wear_detection":true},"wear_detection_status":{"is_worn":false,"last_updated_at":1774793036082}}
2026-03-29 19:33:56.099 | ZhQuery | getRingWearingStatus state=SUCCEED
2026-03-29 19:33:56.100 | ZhQuery | getRingWearingStatus state=SUCCEED
2026-03-29 19:33:56.102 | AlertVM | handleQueryCallback type=RingWearingStatusObtained
2026-03-29 19:33:56.104 | AlertVM | wearDetection query value={"is_worn":false,"last_updated_at":1774793036082}
2026-03-29 19:33:56.105 | AlertVM | handleQueryCallback type=Default
2026-03-29 19:33:56.107 | AlertVM | handleQueryCallback type=AlertFeatureSupportObtained
2026-03-29 19:33:56.108 | AlertVM | support feature=WEAR_DETECTION supported=true
2026-03-29 19:33:56.110 | AlertVM | handleQueryCallback type=Default
2026-03-29 19:33:56.158 | AlertVM | refreshWearDetectionStatus dispatched
2026-03-29 19:33:56.160 | ZhQuery | getRingWearingStatus dispatched
2026-03-29 19:33:56.316 | AlertVM | refreshWearDetectionStatus dispatched
2026-03-29 19:33:56.329 | ZhQuery | getRingWearingStatus dispatched
2026-03-29 19:33:56.387 | AlertService | queryCallback type=UpdateFirmwareLogStatus
2026-03-29 19:33:56.396 | AlertVM | handleQueryCallback type=UpdateFirmwareLogStatus
2026-03-29 19:33:56.397 | AlertVM | handleQueryCallback type=Default
2026-03-29 19:33:56.476 | AlertVM | refreshWearDetectionStatus dispatched
2026-03-29 19:33:56.478 | ZhQuery | getRingWearingStatus dispatched
2026-03-29 19:33:56.639 | AlertVM | refreshWearDetectionStatus dispatched
2026-03-29 19:33:56.641 | ZhQuery | getRingWearingStatus dispatched
2026-03-29 19:33:56.657 | ZhQuery | onRingWearingStatus status=0
2026-03-29 19:33:56.659 | AlertService | queryCallback type=RingWearingStatusObtained
2026-03-29 19:33:56.660 | AlertService | saveAlertSettings={"device_address":"D8:5C:08:30:00:1E","heart_rate":{"low_enabled":true,"low_threshold":79,"resting_enabled":true,"resting_threshold":80,"workout_enabled":false,"workout_threshold":175},"pending_sync":{"heart_rate":true,"relaxation_prompt":false,"sedentary_reminder":false,"sleep_reminder":false,"spo2":false},"pressure_mode":{"relaxation_prompt_enabled":false,"stress_monitoring_enabled":false},"sedentary_reminder":{"end_hour":18,"end_minute":0,"interval":60,"repeat_count":0,"start_hour":9,"start_minute":0,"status":false},"sleep_reminder":{"hour":0,"millisecond":0,"minute":0,"second":0,"status":false},"snapshots":{"heart_rate":{"continuous_heart_rate_mode":0,"frequency":5,"mode":0},"sedentary_reminder":{"no_disturb_in_launch":false}},"spo2":{"enabled":true,"threshold":90},"support":{"heart_rate":true,"heart_rate_workout":true,"high_stress_index":false,"relaxation_prompt":false,"sedentary_reminder":true,"sleep_reminder":false,"spo2":true,"wear_detection":true},"wear_detection_status":{"is_worn":false,"last_updated_at":1774793036654}}
2026-03-29 19:33:56.665 | AlertService | queryCallback type=AlertFeatureSupportObtained
2026-03-29 19:33:56.666 | AlertService | saveAlertSettings={"device_address":"D8:5C:08:30:00:1E","heart_rate":{"low_enabled":true,"low_threshold":79,"resting_enabled":true,"resting_threshold":80,"workout_enabled":false,"workout_threshold":175},"pending_sync":{"heart_rate":true,"relaxation_prompt":false,"sedentary_reminder":false,"sleep_reminder":false,"spo2":false},"pressure_mode":{"relaxation_prompt_enabled":false,"stress_monitoring_enabled":false},"sedentary_reminder":{"end_hour":18,"end_minute":0,"interval":60,"repeat_count":0,"start_hour":9,"start_minute":0,"status":false},"sleep_reminder":{"hour":0,"millisecond":0,"minute":0,"second":0,"status":false},"snapshots":{"heart_rate":{"continuous_heart_rate_mode":0,"frequency":5,"mode":0},"sedentary_reminder":{"no_disturb_in_launch":false}},"spo2":{"enabled":true,"threshold":90},"support":{"heart_rate":true,"heart_rate_workout":true,"high_stress_index":false,"relaxation_prompt":false,"sedentary_reminder":true,"sleep_reminder":false,"spo2":true,"wear_detection":true},"wear_detection_status":{"is_worn":false,"last_updated_at":1774793036654}}
2026-03-29 19:33:56.668 | ZhQuery | getRingWearingStatus state=SUCCEED
2026-03-29 19:33:56.669 | ZhQuery | getRingWearingStatus state=SUCCEED
2026-03-29 19:33:56.671 | ZhQuery | getRingWearingStatus state=SUCCEED
2026-03-29 19:33:56.673 | ZhQuery | getRingWearingStatus state=SUCCEED
2026-03-29 19:33:56.674 | AlertVM | handleQueryCallback type=RingWearingStatusObtained
2026-03-29 19:33:56.675 | AlertVM | wearDetection query value={"is_worn":false,"last_updated_at":1774793036654}
2026-03-29 19:33:56.678 | AlertVM | handleQueryCallback type=Default
2026-03-29 19:33:56.679 | AlertVM | handleQueryCallback type=AlertFeatureSupportObtained
2026-03-29 19:33:56.681 | AlertVM | support feature=WEAR_DETECTION supported=true
2026-03-29 19:33:56.683 | AlertVM | handleQueryCallback type=Default
2026-03-29 19:33:56.789 | AlertVM | refreshWearDetectionStatus dispatched
2026-03-29 19:33:56.795 | ZhQuery | getRingWearingStatus dispatched
2026-03-29 19:33:56.944 | AlertVM | refreshWearDetectionStatus dispatched
2026-03-29 19:33:56.947 | ZhQuery | getRingWearingStatus dispatched
2026-03-29 19:33:57.018 | ZhQuery | onRingWearingStatus status=0
2026-03-29 19:33:57.020 | AlertService | queryCallback type=RingWearingStatusObtained
2026-03-29 19:33:57.022 | AlertService | saveAlertSettings={"device_address":"D8:5C:08:30:00:1E","heart_rate":{"low_enabled":true,"low_threshold":79,"resting_enabled":true,"resting_threshold":80,"workout_enabled":false,"workout_threshold":175},"pending_sync":{"heart_rate":true,"relaxation_prompt":false,"sedentary_reminder":false,"sleep_reminder":false,"spo2":false},"pressure_mode":{"relaxation_prompt_enabled":false,"stress_monitoring_enabled":false},"sedentary_reminder":{"end_hour":18,"end_minute":0,"interval":60,"repeat_count":0,"start_hour":9,"start_minute":0,"status":false},"sleep_reminder":{"hour":0,"millisecond":0,"minute":0,"second":0,"status":false},"snapshots":{"heart_rate":{"continuous_heart_rate_mode":0,"frequency":5,"mode":0},"sedentary_reminder":{"no_disturb_in_launch":false}},"spo2":{"enabled":true,"threshold":90},"support":{"heart_rate":true,"heart_rate_workout":true,"high_stress_index":false,"relaxation_prompt":false,"sedentary_reminder":true,"sleep_reminder":false,"spo2":true,"wear_detection":true},"wear_detection_status":{"is_worn":false,"last_updated_at":1774793037017}}
2026-03-29 19:33:57.026 | AlertService | queryCallback type=AlertFeatureSupportObtained
2026-03-29 19:33:57.028 | AlertService | saveAlertSettings={"device_address":"D8:5C:08:30:00:1E","heart_rate":{"low_enabled":true,"low_threshold":79,"resting_enabled":true,"resting_threshold":80,"workout_enabled":false,"workout_threshold":175},"pending_sync":{"heart_rate":true,"relaxation_prompt":false,"sedentary_reminder":false,"sleep_reminder":false,"spo2":false},"pressure_mode":{"relaxation_prompt_enabled":false,"stress_monitoring_enabled":false},"sedentary_reminder":{"end_hour":18,"end_minute":0,"interval":60,"repeat_count":0,"start_hour":9,"start_minute":0,"status":false},"sleep_reminder":{"hour":0,"millisecond":0,"minute":0,"second":0,"status":false},"snapshots":{"heart_rate":{"continuous_heart_rate_mode":0,"frequency":5,"mode":0},"sedentary_reminder":{"no_disturb_in_launch":false}},"spo2":{"enabled":true,"threshold":90},"support":{"heart_rate":true,"heart_rate_workout":true,"high_stress_index":false,"relaxation_prompt":false,"sedentary_reminder":true,"sleep_reminder":false,"spo2":true,"wear_detection":true},"wear_detection_status":{"is_worn":false,"last_updated_at":1774793037017}}
2026-03-29 19:33:57.029 | ZhQuery | getRingWearingStatus state=SUCCEED
2026-03-29 19:33:57.032 | ZhQuery | getRingWearingStatus state=SUCCEED
2026-03-29 19:33:57.034 | AlertVM | handleQueryCallback type=RingWearingStatusObtained
2026-03-29 19:33:57.035 | AlertVM | wearDetection query value={"is_worn":false,"last_updated_at":1774793037017}
2026-03-29 19:33:57.037 | AlertVM | handleQueryCallback type=Default
2026-03-29 19:33:57.039 | AlertVM | handleQueryCallback type=AlertFeatureSupportObtained
2026-03-29 19:33:57.040 | AlertVM | support feature=WEAR_DETECTION supported=true
2026-03-29 19:33:57.042 | AlertVM | handleQueryCallback type=Default
2026-03-29 19:33:57.101 | AlertVM | refreshWearDetectionStatus dispatched
2026-03-29 19:33:57.106 | ZhQuery | getRingWearingStatus dispatched
2026-03-29 19:33:57.390 | AlertService | queryCallback type=UpdateFirmwareLogStatus
2026-03-29 19:33:57.395 | AlertVM | handleQueryCallback type=UpdateFirmwareLogStatus
2026-03-29 19:33:57.396 | AlertVM | handleQueryCallback type=Default
2026-03-29 19:33:57.692 | ZhQuery | onRingWearingStatus status=0
2026-03-29 19:33:57.694 | AlertService | queryCallback type=RingWearingStatusObtained
2026-03-29 19:33:57.697 | AlertService | saveAlertSettings={"device_address":"D8:5C:08:30:00:1E","heart_rate":{"low_enabled":true,"low_threshold":79,"resting_enabled":true,"resting_threshold":80,"workout_enabled":false,"workout_threshold":175},"pending_sync":{"heart_rate":true,"relaxation_prompt":false,"sedentary_reminder":false,"sleep_reminder":false,"spo2":false},"pressure_mode":{"relaxation_prompt_enabled":false,"stress_monitoring_enabled":false},"sedentary_reminder":{"end_hour":18,"end_minute":0,"interval":60,"repeat_count":0,"start_hour":9,"start_minute":0,"status":false},"sleep_reminder":{"hour":0,"millisecond":0,"minute":0,"second":0,"status":false},"snapshots":{"heart_rate":{"continuous_heart_rate_mode":0,"frequency":5,"mode":0},"sedentary_reminder":{"no_disturb_in_launch":false}},"spo2":{"enabled":true,"threshold":90},"support":{"heart_rate":true,"heart_rate_workout":true,"high_stress_index":false,"relaxation_prompt":false,"sedentary_reminder":true,"sleep_reminder":false,"spo2":true,"wear_detection":true},"wear_detection_status":{"is_worn":false,"last_updated_at":1774793037689}}
2026-03-29 19:33:57.700 | AlertService | queryCallback type=AlertFeatureSupportObtained
2026-03-29 19:33:57.702 | AlertService | saveAlertSettings={"device_address":"D8:5C:08:30:00:1E","heart_rate":{"low_enabled":true,"low_threshold":79,"resting_enabled":true,"resting_threshold":80,"workout_enabled":false,"workout_threshold":175},"pending_sync":{"heart_rate":true,"relaxation_prompt":false,"sedentary_reminder":false,"sleep_reminder":false,"spo2":false},"pressure_mode":{"relaxation_prompt_enabled":false,"stress_monitoring_enabled":false},"sedentary_reminder":{"end_hour":18,"end_minute":0,"interval":60,"repeat_count":0,"start_hour":9,"start_minute":0,"status":false},"sleep_reminder":{"hour":0,"millisecond":0,"minute":0,"second":0,"status":false},"snapshots":{"heart_rate":{"continuous_heart_rate_mode":0,"frequency":5,"mode":0},"sedentary_reminder":{"no_disturb_in_launch":false}},"spo2":{"enabled":true,"threshold":90},"support":{"heart_rate":true,"heart_rate_workout":true,"high_stress_index":false,"relaxation_prompt":false,"sedentary_reminder":true,"sleep_reminder":false,"spo2":true,"wear_detection":true},"wear_detection_status":{"is_worn":false,"last_updated_at":1774793037689}}
2026-03-29 19:33:57.705 | ZhQuery | getRingWearingStatus state=SUCCEED
2026-03-29 19:33:57.707 | AlertVM | handleQueryCallback type=RingWearingStatusObtained
2026-03-29 19:33:57.711 | AlertVM | wearDetection query value={"is_worn":false,"last_updated_at":1774793037689}
2026-03-29 19:33:57.714 | AlertVM | handleQueryCallback type=Default
2026-03-29 19:33:57.716 | AlertVM | handleQueryCallback type=AlertFeatureSupportObtained
2026-03-29 19:33:57.720 | AlertVM | support feature=WEAR_DETECTION supported=true
2026-03-29 19:33:57.721 | AlertVM | handleQueryCallback type=Default
2026-03-29 19:33:58.008 | AlertService | queryCallback type=BatteryDataObtained
2026-03-29 19:33:58.010 | AlertVM | handleQueryCallback type=BatteryDataObtained
2026-03-29 19:33:58.011 | AlertVM | handleQueryCallback type=Default
2026-03-29 19:33:58.244 | ZhQuery | onRingWearingStatus status=0
2026-03-29 19:33:58.246 | AlertService | queryCallback type=RingWearingStatusObtained
2026-03-29 19:33:58.250 | AlertService | saveAlertSettings={"device_address":"D8:5C:08:30:00:1E","heart_rate":{"low_enabled":true,"low_threshold":79,"resting_enabled":true,"resting_threshold":80,"workout_enabled":false,"workout_threshold":175},"pending_sync":{"heart_rate":true,"relaxation_prompt":false,"sedentary_reminder":false,"sleep_reminder":false,"spo2":false},"pressure_mode":{"relaxation_prompt_enabled":false,"stress_monitoring_enabled":false},"sedentary_reminder":{"end_hour":18,"end_minute":0,"interval":60,"repeat_count":0,"start_hour":9,"start_minute":0,"status":false},"sleep_reminder":{"hour":0,"millisecond":0,"minute":0,"second":0,"status":false},"snapshots":{"heart_rate":{"continuous_heart_rate_mode":0,"frequency":5,"mode":0},"sedentary_reminder":{"no_disturb_in_launch":false}},"spo2":{"enabled":true,"threshold":90},"support":{"heart_rate":true,"heart_rate_workout":true,"high_stress_index":false,"relaxation_prompt":false,"sedentary_reminder":true,"sleep_reminder":false,"spo2":true,"wear_detection":true},"wear_detection_status":{"is_worn":false,"last_updated_at":1774793038243}}
2026-03-29 19:33:58.255 | AlertService | queryCallback type=AlertFeatureSupportObtained
2026-03-29 19:33:58.256 | AlertService | saveAlertSettings={"device_address":"D8:5C:08:30:00:1E","heart_rate":{"low_enabled":true,"low_threshold":79,"resting_enabled":true,"resting_threshold":80,"workout_enabled":false,"workout_threshold":175},"pending_sync":{"heart_rate":true,"relaxation_prompt":false,"sedentary_reminder":false,"sleep_reminder":false,"spo2":false},"pressure_mode":{"relaxation_prompt_enabled":false,"stress_monitoring_enabled":false},"sedentary_reminder":{"end_hour":18,"end_minute":0,"interval":60,"repeat_count":0,"start_hour":9,"start_minute":0,"status":false},"sleep_reminder":{"hour":0,"millisecond":0,"minute":0,"second":0,"status":false},"snapshots":{"heart_rate":{"continuous_heart_rate_mode":0,"frequency":5,"mode":0},"sedentary_reminder":{"no_disturb_in_launch":false}},"spo2":{"enabled":true,"threshold":90},"support":{"heart_rate":true,"heart_rate_workout":true,"high_stress_index":false,"relaxation_prompt":false,"sedentary_reminder":true,"sleep_reminder":false,"spo2":true,"wear_detection":true},"wear_detection_status":{"is_worn":false,"last_updated_at":1774793038243}}
2026-03-29 19:33:58.257 | AlertVM | handleQueryCallback type=RingWearingStatusObtained
2026-03-29 19:33:58.259 | AlertVM | wearDetection query value={"is_worn":false,"last_updated_at":1774793038243}
2026-03-29 19:33:58.261 | AlertVM | handleQueryCallback type=Default
2026-03-29 19:33:58.262 | AlertVM | handleQueryCallback type=AlertFeatureSupportObtained
2026-03-29 19:33:58.264 | AlertVM | support feature=WEAR_DETECTION supported=true
2026-03-29 19:33:58.265 | AlertVM | handleQueryCallback type=Default
2026-03-29 19:33:58.549 | AlertService | queryCallback type=UpdateFirmwareLogStatus
2026-03-29 19:33:58.553 | AlertVM | handleQueryCallback type=UpdateFirmwareLogStatus
2026-03-29 19:33:58.554 | AlertVM | handleQueryCallback type=Default
2026-03-29 19:33:58.819 | AlertVM | refreshWearDetectionStatus dispatched
2026-03-29 19:33:58.821 | ZhQuery | getRingWearingStatus dispatched
2026-03-29 19:33:58.861 | ZhQuery | onRingWearingStatus status=0
2026-03-29 19:33:58.863 | AlertService | queryCallback type=RingWearingStatusObtained
2026-03-29 19:33:58.864 | AlertService | saveAlertSettings={"device_address":"D8:5C:08:30:00:1E","heart_rate":{"low_enabled":true,"low_threshold":79,"resting_enabled":true,"resting_threshold":80,"workout_enabled":false,"workout_threshold":175},"pending_sync":{"heart_rate":true,"relaxation_prompt":false,"sedentary_reminder":false,"sleep_reminder":false,"spo2":false},"pressure_mode":{"relaxation_prompt_enabled":false,"stress_monitoring_enabled":false},"sedentary_reminder":{"end_hour":18,"end_minute":0,"interval":60,"repeat_count":0,"start_hour":9,"start_minute":0,"status":false},"sleep_reminder":{"hour":0,"millisecond":0,"minute":0,"second":0,"status":false},"snapshots":{"heart_rate":{"continuous_heart_rate_mode":0,"frequency":5,"mode":0},"sedentary_reminder":{"no_disturb_in_launch":false}},"spo2":{"enabled":true,"threshold":90},"support":{"heart_rate":true,"heart_rate_workout":true,"high_stress_index":false,"relaxation_prompt":false,"sedentary_reminder":true,"sleep_reminder":false,"spo2":true,"wear_detection":true},"wear_detection_status":{"is_worn":false,"last_updated_at":1774793038859}}
2026-03-29 19:33:58.872 | AlertService | queryCallback type=AlertFeatureSupportObtained
2026-03-29 19:33:58.874 | AlertService | saveAlertSettings={"device_address":"D8:5C:08:30:00:1E","heart_rate":{"low_enabled":true,"low_threshold":79,"resting_enabled":true,"resting_threshold":80,"workout_enabled":false,"workout_threshold":175},"pending_sync":{"heart_rate":true,"relaxation_prompt":false,"sedentary_reminder":false,"sleep_reminder":false,"spo2":false},"pressure_mode":{"relaxation_prompt_enabled":false,"stress_monitoring_enabled":false},"sedentary_reminder":{"end_hour":18,"end_minute":0,"interval":60,"repeat_count":0,"start_hour":9,"start_minute":0,"status":false},"sleep_reminder":{"hour":0,"millisecond":0,"minute":0,"second":0,"status":false},"snapshots":{"heart_rate":{"continuous_heart_rate_mode":0,"frequency":5,"mode":0},"sedentary_reminder":{"no_disturb_in_launch":false}},"spo2":{"enabled":true,"threshold":90},"support":{"heart_rate":true,"heart_rate_workout":true,"high_stress_index":false,"relaxation_prompt":false,"sedentary_reminder":true,"sleep_reminder":false,"spo2":true,"wear_detection":true},"wear_detection_status":{"is_worn":false,"last_updated_at":1774793038859}}
2026-03-29 19:33:58.875 | ZhQuery | getRingWearingStatus state=SUCCEED
2026-03-29 19:33:58.877 | AlertVM | handleQueryCallback type=RingWearingStatusObtained
2026-03-29 19:33:58.879 | AlertVM | wearDetection query value={"is_worn":false,"last_updated_at":1774793038859}
2026-03-29 19:33:58.880 | AlertVM | handleQueryCallback type=Default
2026-03-29 19:33:58.883 | AlertVM | handleQueryCallback type=AlertFeatureSupportObtained
2026-03-29 19:33:58.884 | AlertVM | support feature=WEAR_DETECTION supported=true
2026-03-29 19:33:58.886 | AlertVM | handleQueryCallback type=Default
2026-03-29 19:33:58.959 | AlertVM | refreshWearDetectionStatus dispatched
2026-03-29 19:33:58.960 | ZhQuery | getRingWearingStatus dispatched
2026-03-29 19:33:59.111 | AlertVM | refreshWearDetectionStatus dispatched
2026-03-29 19:33:59.112 | ZhQuery | getRingWearingStatus dispatched
2026-03-29 19:33:59.313 | AlertService | queryCallback type=UpdateFirmwareLogStatus
2026-03-29 19:33:59.325 | AlertVM | handleQueryCallback type=UpdateFirmwareLogStatus
2026-03-29 19:33:59.329 | AlertVM | handleQueryCallback type=Default
2026-03-29 19:33:59.669 | ZhQuery | onRingWearingStatus status=0
2026-03-29 19:33:59.672 | AlertService | queryCallback type=RingWearingStatusObtained
2026-03-29 19:33:59.674 | AlertService | saveAlertSettings={"device_address":"D8:5C:08:30:00:1E","heart_rate":{"low_enabled":true,"low_threshold":79,"resting_enabled":true,"resting_threshold":80,"workout_enabled":false,"workout_threshold":175},"pending_sync":{"heart_rate":true,"relaxation_prompt":false,"sedentary_reminder":false,"sleep_reminder":false,"spo2":false},"pressure_mode":{"relaxation_prompt_enabled":false,"stress_monitoring_enabled":false},"sedentary_reminder":{"end_hour":18,"end_minute":0,"interval":60,"repeat_count":0,"start_hour":9,"start_minute":0,"status":false},"sleep_reminder":{"hour":0,"millisecond":0,"minute":0,"second":0,"status":false},"snapshots":{"heart_rate":{"continuous_heart_rate_mode":0,"frequency":5,"mode":0},"sedentary_reminder":{"no_disturb_in_launch":false}},"spo2":{"enabled":true,"threshold":90},"support":{"heart_rate":true,"heart_rate_workout":true,"high_stress_index":false,"relaxation_prompt":false,"sedentary_reminder":true,"sleep_reminder":false,"spo2":true,"wear_detection":true},"wear_detection_status":{"is_worn":false,"last_updated_at":1774793039666}}
2026-03-29 19:33:59.677 | AlertService | queryCallback type=AlertFeatureSupportObtained
2026-03-29 19:33:59.679 | AlertService | saveAlertSettings={"device_address":"D8:5C:08:30:00:1E","heart_rate":{"low_enabled":true,"low_threshold":79,"resting_enabled":true,"resting_threshold":80,"workout_enabled":false,"workout_threshold":175},"pending_sync":{"heart_rate":true,"relaxation_prompt":false,"sedentary_reminder":false,"sleep_reminder":false,"spo2":false},"pressure_mode":{"relaxation_prompt_enabled":false,"stress_monitoring_enabled":false},"sedentary_reminder":{"end_hour":18,"end_minute":0,"interval":60,"repeat_count":0,"start_hour":9,"start_minute":0,"status":false},"sleep_reminder":{"hour":0,"millisecond":0,"minute":0,"second":0,"status":false},"snapshots":{"heart_rate":{"continuous_heart_rate_mode":0,"frequency":5,"mode":0},"sedentary_reminder":{"no_disturb_in_launch":false}},"spo2":{"enabled":true,"threshold":90},"support":{"heart_rate":true,"heart_rate_workout":true,"high_stress_index":false,"relaxation_prompt":false,"sedentary_reminder":true,"sleep_reminder":false,"spo2":true,"wear_detection":true},"wear_detection_status":{"is_worn":false,"last_updated_at":1774793039666}}
2026-03-29 19:33:59.682 | ZhQuery | getRingWearingStatus state=SUCCEED
2026-03-29 19:33:59.684 | ZhQuery | getRingWearingStatus state=SUCCEED
2026-03-29 19:33:59.687 | AlertVM | handleQueryCallback type=RingWearingStatusObtained
2026-03-29 19:33:59.688 | AlertVM | wearDetection query value={"is_worn":false,"last_updated_at":1774793039666}
2026-03-29 19:33:59.690 | AlertVM | handleQueryCallback type=Default
2026-03-29 19:33:59.692 | AlertVM | handleQueryCallback type=AlertFeatureSupportObtained
2026-03-29 19:33:59.694 | AlertVM | support feature=WEAR_DETECTION supported=true
2026-03-29 19:33:59.696 | AlertVM | handleQueryCallback type=Default
2026-03-29 19:33:59.957 | AlertVM | refreshWearDetectionStatus dispatched
2026-03-29 19:33:59.959 | ZhQuery | getRingWearingStatus dispatched
2026-03-29 19:34:00.080 | ZhQuery | onRingWearingStatus status=0
2026-03-29 19:34:00.082 | AlertService | queryCallback type=RingWearingStatusObtained
2026-03-29 19:34:00.084 | AlertService | saveAlertSettings={"device_address":"D8:5C:08:30:00:1E","heart_rate":{"low_enabled":true,"low_threshold":79,"resting_enabled":true,"resting_threshold":80,"workout_enabled":false,"workout_threshold":175},"pending_sync":{"heart_rate":true,"relaxation_prompt":false,"sedentary_reminder":false,"sleep_reminder":false,"spo2":false},"pressure_mode":{"relaxation_prompt_enabled":false,"stress_monitoring_enabled":false},"sedentary_reminder":{"end_hour":18,"end_minute":0,"interval":60,"repeat_count":0,"start_hour":9,"start_minute":0,"status":false},"sleep_reminder":{"hour":0,"millisecond":0,"minute":0,"second":0,"status":false},"snapshots":{"heart_rate":{"continuous_heart_rate_mode":0,"frequency":5,"mode":0},"sedentary_reminder":{"no_disturb_in_launch":false}},"spo2":{"enabled":true,"threshold":90},"support":{"heart_rate":true,"heart_rate_workout":true,"high_stress_index":false,"relaxation_prompt":false,"sedentary_reminder":true,"sleep_reminder":false,"spo2":true,"wear_detection":true},"wear_detection_status":{"is_worn":false,"last_updated_at":1774793040077}}
2026-03-29 19:34:00.085 | AlertService | queryCallback type=AlertFeatureSupportObtained
2026-03-29 19:34:00.086 | AlertService | saveAlertSettings={"device_address":"D8:5C:08:30:00:1E","heart_rate":{"low_enabled":true,"low_threshold":79,"resting_enabled":true,"resting_threshold":80,"workout_enabled":false,"workout_threshold":175},"pending_sync":{"heart_rate":true,"relaxation_prompt":false,"sedentary_reminder":false,"sleep_reminder":false,"spo2":false},"pressure_mode":{"relaxation_prompt_enabled":false,"stress_monitoring_enabled":false},"sedentary_reminder":{"end_hour":18,"end_minute":0,"interval":60,"repeat_count":0,"start_hour":9,"start_minute":0,"status":false},"sleep_reminder":{"hour":0,"millisecond":0,"minute":0,"second":0,"status":false},"snapshots":{"heart_rate":{"continuous_heart_rate_mode":0,"frequency":5,"mode":0},"sedentary_reminder":{"no_disturb_in_launch":false}},"spo2":{"enabled":true,"threshold":90},"support":{"heart_rate":true,"heart_rate_workout":true,"high_stress_index":false,"relaxation_prompt":false,"sedentary_reminder":true,"sleep_reminder":false,"spo2":true,"wear_detection":true},"wear_detection_status":{"is_worn":false,"last_updated_at":1774793040077}}
2026-03-29 19:34:00.089 | ZhQuery | getRingWearingStatus state=SUCCEED
2026-03-29 19:34:00.090 | AlertVM | handleQueryCallback type=RingWearingStatusObtained
2026-03-29 19:34:00.094 | AlertVM | wearDetection query value={"is_worn":false,"last_updated_at":1774793040077}
2026-03-29 19:34:00.096 | AlertVM | handleQueryCallback type=Default
2026-03-29 19:34:00.097 | AlertVM | handleQueryCallback type=AlertFeatureSupportObtained
2026-03-29 19:34:00.099 | AlertVM | support feature=WEAR_DETECTION supported=true
2026-03-29 19:34:00.100 | AlertVM | handleQueryCallback type=Default
2026-03-29 19:34:00.118 | AlertVM | refreshWearDetectionStatus dispatched
2026-03-29 19:34:00.125 | ZhQuery | getRingWearingStatus dispatched
2026-03-29 19:34:00.279 | AlertVM | refreshWearDetectionStatus dispatched
2026-03-29 19:34:00.280 | ZhQuery | getRingWearingStatus dispatched
2026-03-29 19:34:00.455 | AlertVM | refreshWearDetectionStatus dispatched
2026-03-29 19:34:00.458 | ZhQuery | getRingWearingStatus dispatched
2026-03-29 19:34:00.521 | AlertService | queryCallback type=UpdateFirmwareLogStatus
2026-03-29 19:34:00.529 | AlertVM | handleQueryCallback type=UpdateFirmwareLogStatus
2026-03-29 19:34:00.532 | AlertVM | handleQueryCallback type=Default
2026-03-29 19:34:00.614 | AlertVM | refreshWearDetectionStatus dispatched
2026-03-29 19:34:00.617 | ZhQuery | getRingWearingStatus dispatched
2026-03-29 19:34:00.775 | AlertVM | refreshWearDetectionStatus dispatched
2026-03-29 19:34:00.780 | ZhQuery | getRingWearingStatus dispatched
2026-03-29 19:34:00.935 | AlertVM | refreshWearDetectionStatus dispatched
2026-03-29 19:34:00.942 | ZhQuery | getRingWearingStatus dispatched
2026-03-29 19:34:00.986 | ZhQuery | onRingWearingStatus status=0
2026-03-29 19:34:00.988 | AlertService | queryCallback type=RingWearingStatusObtained
2026-03-29 19:34:00.989 | AlertService | saveAlertSettings={"device_address":"D8:5C:08:30:00:1E","heart_rate":{"low_enabled":true,"low_threshold":79,"resting_enabled":true,"resting_threshold":80,"workout_enabled":false,"workout_threshold":175},"pending_sync":{"heart_rate":true,"relaxation_prompt":false,"sedentary_reminder":false,"sleep_reminder":false,"spo2":false},"pressure_mode":{"relaxation_prompt_enabled":false,"stress_monitoring_enabled":false},"sedentary_reminder":{"end_hour":18,"end_minute":0,"interval":60,"repeat_count":0,"start_hour":9,"start_minute":0,"status":false},"sleep_reminder":{"hour":0,"millisecond":0,"minute":0,"second":0,"status":false},"snapshots":{"heart_rate":{"continuous_heart_rate_mode":0,"frequency":5,"mode":0},"sedentary_reminder":{"no_disturb_in_launch":false}},"spo2":{"enabled":true,"threshold":90},"support":{"heart_rate":true,"heart_rate_workout":true,"high_stress_index":false,"relaxation_prompt":false,"sedentary_reminder":true,"sleep_reminder":false,"spo2":true,"wear_detection":true},"wear_detection_status":{"is_worn":false,"last_updated_at":1774793040972}}
2026-03-29 19:34:00.992 | AlertService | queryCallback type=AlertFeatureSupportObtained
2026-03-29 19:34:00.996 | AlertService | saveAlertSettings={"device_address":"D8:5C:08:30:00:1E","heart_rate":{"low_enabled":true,"low_threshold":79,"resting_enabled":true,"resting_threshold":80,"workout_enabled":false,"workout_threshold":175},"pending_sync":{"heart_rate":true,"relaxation_prompt":false,"sedentary_reminder":false,"sleep_reminder":false,"spo2":false},"pressure_mode":{"relaxation_prompt_enabled":false,"stress_monitoring_enabled":false},"sedentary_reminder":{"end_hour":18,"end_minute":0,"interval":60,"repeat_count":0,"start_hour":9,"start_minute":0,"status":false},"sleep_reminder":{"hour":0,"millisecond":0,"minute":0,"second":0,"status":false},"snapshots":{"heart_rate":{"continuous_heart_rate_mode":0,"frequency":5,"mode":0},"sedentary_reminder":{"no_disturb_in_launch":false}},"spo2":{"enabled":true,"threshold":90},"support":{"heart_rate":true,"heart_rate_workout":true,"high_stress_index":false,"relaxation_prompt":false,"sedentary_reminder":true,"sleep_reminder":false,"spo2":true,"wear_detection":true},"wear_detection_status":{"is_worn":false,"last_updated_at":1774793040972}}
2026-03-29 19:34:00.998 | ZhQuery | getRingWearingStatus state=SUCCEED
2026-03-29 19:34:01.000 | ZhQuery | getRingWearingStatus state=SUCCEED
2026-03-29 19:34:01.001 | ZhQuery | getRingWearingStatus state=SUCCEED
2026-03-29 19:34:01.003 | ZhQuery | getRingWearingStatus state=SUCCEED
2026-03-29 19:34:01.004 | ZhQuery | getRingWearingStatus state=SUCCEED
2026-03-29 19:34:01.006 | ZhQuery | getRingWearingStatus state=SUCCEED
2026-03-29 19:34:01.008 | AlertVM | handleQueryCallback type=RingWearingStatusObtained
2026-03-29 19:34:01.009 | AlertVM | wearDetection query value={"is_worn":false,"last_updated_at":1774793040972}
2026-03-29 19:34:01.011 | AlertVM | handleQueryCallback type=Default
2026-03-29 19:34:01.013 | AlertVM | handleQueryCallback type=AlertFeatureSupportObtained
2026-03-29 19:34:01.014 | AlertVM | support feature=WEAR_DETECTION supported=true
2026-03-29 19:34:01.016 | AlertVM | handleQueryCallback type=Default
2026-03-29 19:34:01.090 | AlertVM | refreshWearDetectionStatus dispatched
2026-03-29 19:34:01.092 | ZhQuery | getRingWearingStatus dispatched
2026-03-29 19:34:01.246 | AlertVM | refreshWearDetectionStatus dispatched
2026-03-29 19:34:01.248 | ZhQuery | getRingWearingStatus dispatched
2026-03-29 19:34:01.283 | AlertService | queryCallback type=UpdateFirmwareLogStatus
2026-03-29 19:34:01.290 | AlertVM | handleQueryCallback type=UpdateFirmwareLogStatus
2026-03-29 19:34:01.291 | AlertVM | handleQueryCallback type=Default
2026-03-29 19:34:01.417 | AlertVM | refreshWearDetectionStatus dispatched
2026-03-29 19:34:01.418 | ZhQuery | getRingWearingStatus dispatched
2026-03-29 19:34:01.584 | AlertVM | refreshWearDetectionStatus dispatched
2026-03-29 19:34:01.586 | ZhQuery | getRingWearingStatus dispatched
2026-03-29 19:34:01.651 | ZhQuery | onRingWearingStatus status=0
2026-03-29 19:34:01.653 | AlertService | queryCallback type=RingWearingStatusObtained
2026-03-29 19:34:01.663 | AlertService | saveAlertSettings={"device_address":"D8:5C:08:30:00:1E","heart_rate":{"low_enabled":true,"low_threshold":79,"resting_enabled":true,"resting_threshold":80,"workout_enabled":false,"workout_threshold":175},"pending_sync":{"heart_rate":true,"relaxation_prompt":false,"sedentary_reminder":false,"sleep_reminder":false,"spo2":false},"pressure_mode":{"relaxation_prompt_enabled":false,"stress_monitoring_enabled":false},"sedentary_reminder":{"end_hour":18,"end_minute":0,"interval":60,"repeat_count":0,"start_hour":9,"start_minute":0,"status":false},"sleep_reminder":{"hour":0,"millisecond":0,"minute":0,"second":0,"status":false},"snapshots":{"heart_rate":{"continuous_heart_rate_mode":0,"frequency":5,"mode":0},"sedentary_reminder":{"no_disturb_in_launch":false}},"spo2":{"enabled":true,"threshold":90},"support":{"heart_rate":true,"heart_rate_workout":true,"high_stress_index":false,"relaxation_prompt":false,"sedentary_reminder":true,"sleep_reminder":false,"spo2":true,"wear_detection":true},"wear_detection_status":{"is_worn":false,"last_updated_at":1774793041647}}
2026-03-29 19:34:01.665 | AlertService | queryCallback type=AlertFeatureSupportObtained
2026-03-29 19:34:01.666 | AlertService | saveAlertSettings={"device_address":"D8:5C:08:30:00:1E","heart_rate":{"low_enabled":true,"low_threshold":79,"resting_enabled":true,"resting_threshold":80,"workout_enabled":false,"workout_threshold":175},"pending_sync":{"heart_rate":true,"relaxation_prompt":false,"sedentary_reminder":false,"sleep_reminder":false,"spo2":false},"pressure_mode":{"relaxation_prompt_enabled":false,"stress_monitoring_enabled":false},"sedentary_reminder":{"end_hour":18,"end_minute":0,"interval":60,"repeat_count":0,"start_hour":9,"start_minute":0,"status":false},"sleep_reminder":{"hour":0,"millisecond":0,"minute":0,"second":0,"status":false},"snapshots":{"heart_rate":{"continuous_heart_rate_mode":0,"frequency":5,"mode":0},"sedentary_reminder":{"no_disturb_in_launch":false}},"spo2":{"enabled":true,"threshold":90},"support":{"heart_rate":true,"heart_rate_workout":true,"high_stress_index":false,"relaxation_prompt":false,"sedentary_reminder":true,"sleep_reminder":false,"spo2":true,"wear_detection":true},"wear_detection_status":{"is_worn":false,"last_updated_at":1774793041647}}
2026-03-29 19:34:01.667 | ZhQuery | getRingWearingStatus state=SUCCEED
2026-03-29 19:34:01.669 | ZhQuery | getRingWearingStatus state=SUCCEED
2026-03-29 19:34:01.670 | ZhQuery | getRingWearingStatus state=SUCCEED
2026-03-29 19:34:01.671 | ZhQuery | getRingWearingStatus state=SUCCEED
2026-03-29 19:34:01.673 | AlertVM | handleQueryCallback type=RingWearingStatusObtained
2026-03-29 19:34:01.674 | AlertVM | wearDetection query value={"is_worn":false,"last_updated_at":1774793041647}
2026-03-29 19:34:01.676 | AlertVM | handleQueryCallback type=Default
2026-03-29 19:34:01.678 | AlertVM | handleQueryCallback type=AlertFeatureSupportObtained
2026-03-29 19:34:01.679 | AlertVM | support feature=WEAR_DETECTION supported=true
2026-03-29 19:34:01.680 | AlertVM | handleQueryCallback type=Default
2026-03-29 19:34:02.021 | ZhQuery | onRingWearingStatus status=0
2026-03-29 19:34:02.023 | AlertService | queryCallback type=RingWearingStatusObtained
2026-03-29 19:34:02.025 | AlertService | saveAlertSettings={"device_address":"D8:5C:08:30:00:1E","heart_rate":{"low_enabled":true,"low_threshold":79,"resting_enabled":true,"resting_threshold":80,"workout_enabled":false,"workout_threshold":175},"pending_sync":{"heart_rate":true,"relaxation_prompt":false,"sedentary_reminder":false,"sleep_reminder":false,"spo2":false},"pressure_mode":{"relaxation_prompt_enabled":false,"stress_monitoring_enabled":false},"sedentary_reminder":{"end_hour":18,"end_minute":0,"interval":60,"repeat_count":0,"start_hour":9,"start_minute":0,"status":false},"sleep_reminder":{"hour":0,"millisecond":0,"minute":0,"second":0,"status":false},"snapshots":{"heart_rate":{"continuous_heart_rate_mode":0,"frequency":5,"mode":0},"sedentary_reminder":{"no_disturb_in_launch":false}},"spo2":{"enabled":true,"threshold":90},"support":{"heart_rate":true,"heart_rate_workout":true,"high_stress_index":false,"relaxation_prompt":false,"sedentary_reminder":true,"sleep_reminder":false,"spo2":true,"wear_detection":true},"wear_detection_status":{"is_worn":false,"last_updated_at":1774793042019}}
2026-03-29 19:34:02.026 | AlertService | queryCallback type=AlertFeatureSupportObtained
2026-03-29 19:34:02.028 | AlertService | saveAlertSettings={"device_address":"D8:5C:08:30:00:1E","heart_rate":{"low_enabled":true,"low_threshold":79,"resting_enabled":true,"resting_threshold":80,"workout_enabled":false,"workout_threshold":175},"pending_sync":{"heart_rate":true,"relaxation_prompt":false,"sedentary_reminder":false,"sleep_reminder":false,"spo2":false},"pressure_mode":{"relaxation_prompt_enabled":false,"stress_monitoring_enabled":false},"sedentary_reminder":{"end_hour":18,"end_minute":0,"interval":60,"repeat_count":0,"start_hour":9,"start_minute":0,"status":false},"sleep_reminder":{"hour":0,"millisecond":0,"minute":0,"second":0,"status":false},"snapshots":{"heart_rate":{"continuous_heart_rate_mode":0,"frequency":5,"mode":0},"sedentary_reminder":{"no_disturb_in_launch":false}},"spo2":{"enabled":true,"threshold":90},"support":{"heart_rate":true,"heart_rate_workout":true,"high_stress_index":false,"relaxation_prompt":false,"sedentary_reminder":true,"sleep_reminder":false,"spo2":true,"wear_detection":true},"wear_detection_status":{"is_worn":false,"last_updated_at":1774793042019}}
2026-03-29 19:34:02.030 | AlertVM | handleQueryCallback type=RingWearingStatusObtained
2026-03-29 19:34:02.032 | AlertVM | wearDetection query value={"is_worn":false,"last_updated_at":1774793042019}
2026-03-29 19:34:02.034 | AlertVM | handleQueryCallback type=Default
2026-03-29 19:34:02.036 | AlertVM | handleQueryCallback type=AlertFeatureSupportObtained
2026-03-29 19:34:02.037 | AlertVM | support feature=WEAR_DETECTION supported=true
2026-03-29 19:34:02.039 | AlertVM | handleQueryCallback type=Default
2026-03-29 19:34:02.322 | AlertService | queryCallback type=UpdateFirmwareLogStatus
2026-03-29 19:34:02.329 | AlertVM | handleQueryCallback type=UpdateFirmwareLogStatus
2026-03-29 19:34:02.333 | AlertVM | handleQueryCallback type=Default
2026-03-29 19:34:02.603 | ZhQuery | onRingWearingStatus status=0
2026-03-29 19:34:02.605 | AlertService | queryCallback type=RingWearingStatusObtained
2026-03-29 19:34:02.608 | AlertService | saveAlertSettings={"device_address":"D8:5C:08:30:00:1E","heart_rate":{"low_enabled":true,"low_threshold":79,"resting_enabled":true,"resting_threshold":80,"workout_enabled":false,"workout_threshold":175},"pending_sync":{"heart_rate":true,"relaxation_prompt":false,"sedentary_reminder":false,"sleep_reminder":false,"spo2":false},"pressure_mode":{"relaxation_prompt_enabled":false,"stress_monitoring_enabled":false},"sedentary_reminder":{"end_hour":18,"end_minute":0,"interval":60,"repeat_count":0,"start_hour":9,"start_minute":0,"status":false},"sleep_reminder":{"hour":0,"millisecond":0,"minute":0,"second":0,"status":false},"snapshots":{"heart_rate":{"continuous_heart_rate_mode":0,"frequency":5,"mode":0},"sedentary_reminder":{"no_disturb_in_launch":false}},"spo2":{"enabled":true,"threshold":90},"support":{"heart_rate":true,"heart_rate_workout":true,"high_stress_index":false,"relaxation_prompt":false,"sedentary_reminder":true,"sleep_reminder":false,"spo2":true,"wear_detection":true},"wear_detection_status":{"is_worn":false,"last_updated_at":1774793042601}}
2026-03-29 19:34:02.614 | AlertService | queryCallback type=AlertFeatureSupportObtained
2026-03-29 19:34:02.618 | AlertService | saveAlertSettings={"device_address":"D8:5C:08:30:00:1E","heart_rate":{"low_enabled":true,"low_threshold":79,"resting_enabled":true,"resting_threshold":80,"workout_enabled":false,"workout_threshold":175},"pending_sync":{"heart_rate":true,"relaxation_prompt":false,"sedentary_reminder":false,"sleep_reminder":false,"spo2":false},"pressure_mode":{"relaxation_prompt_enabled":false,"stress_monitoring_enabled":false},"sedentary_reminder":{"end_hour":18,"end_minute":0,"interval":60,"repeat_count":0,"start_hour":9,"start_minute":0,"status":false},"sleep_reminder":{"hour":0,"millisecond":0,"minute":0,"second":0,"status":false},"snapshots":{"heart_rate":{"continuous_heart_rate_mode":0,"frequency":5,"mode":0},"sedentary_reminder":{"no_disturb_in_launch":false}},"spo2":{"enabled":true,"threshold":90},"support":{"heart_rate":true,"heart_rate_workout":true,"high_stress_index":false,"relaxation_prompt":false,"sedentary_reminder":true,"sleep_reminder":false,"spo2":true,"wear_detection":true},"wear_detection_status":{"is_worn":false,"last_updated_at":1774793042601}}
2026-03-29 19:34:02.621 | AlertVM | handleQueryCallback type=RingWearingStatusObtained
2026-03-29 19:34:02.624 | AlertVM | wearDetection query value={"is_worn":false,"last_updated_at":1774793042601}
2026-03-29 19:34:02.627 | AlertVM | handleQueryCallback type=Default
2026-03-29 19:34:02.629 | AlertVM | handleQueryCallback type=AlertFeatureSupportObtained
2026-03-29 19:34:02.636 | AlertVM | support feature=WEAR_DETECTION supported=true
2026-03-29 19:34:02.638 | AlertVM | handleQueryCallback type=Default
2026-03-29 19:34:03.257 | ZhQuery | onRingWearingStatus status=0
2026-03-29 19:34:03.263 | AlertService | queryCallback type=RingWearingStatusObtained
2026-03-29 19:34:03.266 | AlertService | saveAlertSettings={"device_address":"D8:5C:08:30:00:1E","heart_rate":{"low_enabled":true,"low_threshold":79,"resting_enabled":true,"resting_threshold":80,"workout_enabled":false,"workout_threshold":175},"pending_sync":{"heart_rate":true,"relaxation_prompt":false,"sedentary_reminder":false,"sleep_reminder":false,"spo2":false},"pressure_mode":{"relaxation_prompt_enabled":false,"stress_monitoring_enabled":false},"sedentary_reminder":{"end_hour":18,"end_minute":0,"interval":60,"repeat_count":0,"start_hour":9,"start_minute":0,"status":false},"sleep_reminder":{"hour":0,"millisecond":0,"minute":0,"second":0,"status":false},"snapshots":{"heart_rate":{"continuous_heart_rate_mode":0,"frequency":5,"mode":0},"sedentary_reminder":{"no_disturb_in_launch":false}},"spo2":{"enabled":true,"threshold":90},"support":{"heart_rate":true,"heart_rate_workout":true,"high_stress_index":false,"relaxation_prompt":false,"sedentary_reminder":true,"sleep_reminder":false,"spo2":true,"wear_detection":true},"wear_detection_status":{"is_worn":false,"last_updated_at":1774793043252}}
2026-03-29 19:34:03.279 | AlertService | queryCallback type=AlertFeatureSupportObtained
2026-03-29 19:34:03.282 | AlertService | saveAlertSettings={"device_address":"D8:5C:08:30:00:1E","heart_rate":{"low_enabled":true,"low_threshold":79,"resting_enabled":true,"resting_threshold":80,"workout_enabled":false,"workout_threshold":175},"pending_sync":{"heart_rate":true,"relaxation_prompt":false,"sedentary_reminder":false,"sleep_reminder":false,"spo2":false},"pressure_mode":{"relaxation_prompt_enabled":false,"stress_monitoring_enabled":false},"sedentary_reminder":{"end_hour":18,"end_minute":0,"interval":60,"repeat_count":0,"start_hour":9,"start_minute":0,"status":false},"sleep_reminder":{"hour":0,"millisecond":0,"minute":0,"second":0,"status":false},"snapshots":{"heart_rate":{"continuous_heart_rate_mode":0,"frequency":5,"mode":0},"sedentary_reminder":{"no_disturb_in_launch":false}},"spo2":{"enabled":true,"threshold":90},"support":{"heart_rate":true,"heart_rate_workout":true,"high_stress_index":false,"relaxation_prompt":false,"sedentary_reminder":true,"sleep_reminder":false,"spo2":true,"wear_detection":true},"wear_detection_status":{"is_worn":false,"last_updated_at":1774793043252}}
2026-03-29 19:34:03.283 | AlertVM | handleQueryCallback type=RingWearingStatusObtained
2026-03-29 19:34:03.285 | AlertVM | wearDetection query value={"is_worn":false,"last_updated_at":1774793043252}
2026-03-29 19:34:03.287 | AlertVM | handleQueryCallback type=Default
2026-03-29 19:34:03.289 | AlertVM | handleQueryCallback type=AlertFeatureSupportObtained
2026-03-29 19:34:03.290 | AlertVM | support feature=WEAR_DETECTION supported=true
2026-03-29 19:34:03.293 | AlertVM | handleQueryCallback type=Default
2026-03-29 19:34:03.588 | AlertService | queryCallback type=UpdateFirmwareLogStatus
2026-03-29 19:34:03.594 | AlertVM | handleQueryCallback type=UpdateFirmwareLogStatus
2026-03-29 19:34:03.595 | AlertVM | handleQueryCallback type=Default
2026-03-29 19:34:04.010 | ZhQuery | onRingWearingStatus status=0
2026-03-29 19:34:04.012 | AlertService | queryCallback type=RingWearingStatusObtained
2026-03-29 19:34:04.014 | AlertService | saveAlertSettings={"device_address":"D8:5C:08:30:00:1E","heart_rate":{"low_enabled":true,"low_threshold":79,"resting_enabled":true,"resting_threshold":80,"workout_enabled":false,"workout_threshold":175},"pending_sync":{"heart_rate":true,"relaxation_prompt":false,"sedentary_reminder":false,"sleep_reminder":false,"spo2":false},"pressure_mode":{"relaxation_prompt_enabled":false,"stress_monitoring_enabled":false},"sedentary_reminder":{"end_hour":18,"end_minute":0,"interval":60,"repeat_count":0,"start_hour":9,"start_minute":0,"status":false},"sleep_reminder":{"hour":0,"millisecond":0,"minute":0,"second":0,"status":false},"snapshots":{"heart_rate":{"continuous_heart_rate_mode":0,"frequency":5,"mode":0},"sedentary_reminder":{"no_disturb_in_launch":false}},"spo2":{"enabled":true,"threshold":90},"support":{"heart_rate":true,"heart_rate_workout":true,"high_stress_index":false,"relaxation_prompt":false,"sedentary_reminder":true,"sleep_reminder":false,"spo2":true,"wear_detection":true},"wear_detection_status":{"is_worn":false,"last_updated_at":1774793044005}}
2026-03-29 19:34:04.018 | AlertService | queryCallback type=AlertFeatureSupportObtained
2026-03-29 19:34:04.020 | AlertService | saveAlertSettings={"device_address":"D8:5C:08:30:00:1E","heart_rate":{"low_enabled":true,"low_threshold":79,"resting_enabled":true,"resting_threshold":80,"workout_enabled":false,"workout_threshold":175},"pending_sync":{"heart_rate":true,"relaxation_prompt":false,"sedentary_reminder":false,"sleep_reminder":false,"spo2":false},"pressure_mode":{"relaxation_prompt_enabled":false,"stress_monitoring_enabled":false},"sedentary_reminder":{"end_hour":18,"end_minute":0,"interval":60,"repeat_count":0,"start_hour":9,"start_minute":0,"status":false},"sleep_reminder":{"hour":0,"millisecond":0,"minute":0,"second":0,"status":false},"snapshots":{"heart_rate":{"continuous_heart_rate_mode":0,"frequency":5,"mode":0},"sedentary_reminder":{"no_disturb_in_launch":false}},"spo2":{"enabled":true,"threshold":90},"support":{"heart_rate":true,"heart_rate_workout":true,"high_stress_index":false,"relaxation_prompt":false,"sedentary_reminder":true,"sleep_reminder":false,"spo2":true,"wear_detection":true},"wear_detection_status":{"is_worn":false,"last_updated_at":1774793044005}}
2026-03-29 19:34:04.024 | AlertVM | handleQueryCallback type=RingWearingStatusObtained
2026-03-29 19:34:04.026 | AlertVM | wearDetection query value={"is_worn":false,"last_updated_at":1774793044005}
2026-03-29 19:34:04.029 | AlertVM | handleQueryCallback type=Default
2026-03-29 19:34:04.030 | AlertVM | handleQueryCallback type=AlertFeatureSupportObtained
2026-03-29 19:34:04.032 | AlertVM | support feature=WEAR_DETECTION supported=true
2026-03-29 19:34:04.034 | AlertVM | handleQueryCallback type=Default
2026-03-29 19:34:04.490 | AlertService | queryCallback type=UpdateFirmwareLogStatus
2026-03-29 19:34:04.502 | AlertVM | handleQueryCallback type=UpdateFirmwareLogStatus
2026-03-29 19:34:04.504 | AlertVM | handleQueryCallback type=Default
2026-03-29 19:34:04.942 | ZhQuery | onRingWearingStatus status=0
2026-03-29 19:34:04.944 | AlertService | queryCallback type=RingWearingStatusObtained
2026-03-29 19:34:04.946 | AlertService | saveAlertSettings={"device_address":"D8:5C:08:30:00:1E","heart_rate":{"low_enabled":true,"low_threshold":79,"resting_enabled":true,"resting_threshold":80,"workout_enabled":false,"workout_threshold":175},"pending_sync":{"heart_rate":true,"relaxation_prompt":false,"sedentary_reminder":false,"sleep_reminder":false,"spo2":false},"pressure_mode":{"relaxation_prompt_enabled":false,"stress_monitoring_enabled":false},"sedentary_reminder":{"end_hour":18,"end_minute":0,"interval":60,"repeat_count":0,"start_hour":9,"start_minute":0,"status":false},"sleep_reminder":{"hour":0,"millisecond":0,"minute":0,"second":0,"status":false},"snapshots":{"heart_rate":{"continuous_heart_rate_mode":0,"frequency":5,"mode":0},"sedentary_reminder":{"no_disturb_in_launch":false}},"spo2":{"enabled":true,"threshold":90},"support":{"heart_rate":true,"heart_rate_workout":true,"high_stress_index":false,"relaxation_prompt":false,"sedentary_reminder":true,"sleep_reminder":false,"spo2":true,"wear_detection":true},"wear_detection_status":{"is_worn":false,"last_updated_at":1774793044940}}
2026-03-29 19:34:04.951 | AlertService | queryCallback type=AlertFeatureSupportObtained
2026-03-29 19:34:04.953 | AlertService | saveAlertSettings={"device_address":"D8:5C:08:30:00:1E","heart_rate":{"low_enabled":true,"low_threshold":79,"resting_enabled":true,"resting_threshold":80,"workout_enabled":false,"workout_threshold":175},"pending_sync":{"heart_rate":true,"relaxation_prompt":false,"sedentary_reminder":false,"sleep_reminder":false,"spo2":false},"pressure_mode":{"relaxation_prompt_enabled":false,"stress_monitoring_enabled":false},"sedentary_reminder":{"end_hour":18,"end_minute":0,"interval":60,"repeat_count":0,"start_hour":9,"start_minute":0,"status":false},"sleep_reminder":{"hour":0,"millisecond":0,"minute":0,"second":0,"status":false},"snapshots":{"heart_rate":{"continuous_heart_rate_mode":0,"frequency":5,"mode":0},"sedentary_reminder":{"no_disturb_in_launch":false}},"spo2":{"enabled":true,"threshold":90},"support":{"heart_rate":true,"heart_rate_workout":true,"high_stress_index":false,"relaxation_prompt":false,"sedentary_reminder":true,"sleep_reminder":false,"spo2":true,"wear_detection":true},"wear_detection_status":{"is_worn":false,"last_updated_at":1774793044940}}
2026-03-29 19:34:04.954 | AlertVM | handleQueryCallback type=RingWearingStatusObtained
2026-03-29 19:34:04.956 | AlertVM | wearDetection query value={"is_worn":false,"last_updated_at":1774793044940}
2026-03-29 19:34:04.958 | AlertVM | handleQueryCallback type=Default
2026-03-29 19:34:04.959 | AlertVM | handleQueryCallback type=AlertFeatureSupportObtained
2026-03-29 19:34:04.961 | AlertVM | support feature=WEAR_DETECTION supported=true
2026-03-29 19:34:04.962 | AlertVM | handleQueryCallback type=Default
2026-03-29 19:34:05.311 | AlertService | queryCallback type=UpdateFirmwareLogStatus
2026-03-29 19:34:05.317 | AlertVM | handleQueryCallback type=UpdateFirmwareLogStatus
2026-03-29 19:34:05.319 | AlertVM | handleQueryCallback type=Default
2026-03-29 19:34:05.565 | ZhQuery | onRingWearingStatus status=0
2026-03-29 19:34:05.568 | AlertService | queryCallback type=RingWearingStatusObtained
2026-03-29 19:34:05.569 | AlertService | saveAlertSettings={"device_address":"D8:5C:08:30:00:1E","heart_rate":{"low_enabled":true,"low_threshold":79,"resting_enabled":true,"resting_threshold":80,"workout_enabled":false,"workout_threshold":175},"pending_sync":{"heart_rate":true,"relaxation_prompt":false,"sedentary_reminder":false,"sleep_reminder":false,"spo2":false},"pressure_mode":{"relaxation_prompt_enabled":false,"stress_monitoring_enabled":false},"sedentary_reminder":{"end_hour":18,"end_minute":0,"interval":60,"repeat_count":0,"start_hour":9,"start_minute":0,"status":false},"sleep_reminder":{"hour":0,"millisecond":0,"minute":0,"second":0,"status":false},"snapshots":{"heart_rate":{"continuous_heart_rate_mode":0,"frequency":5,"mode":0},"sedentary_reminder":{"no_disturb_in_launch":false}},"spo2":{"enabled":true,"threshold":90},"support":{"heart_rate":true,"heart_rate_workout":true,"high_stress_index":false,"relaxation_prompt":false,"sedentary_reminder":true,"sleep_reminder":false,"spo2":true,"wear_detection":true},"wear_detection_status":{"is_worn":false,"last_updated_at":1774793045562}}
2026-03-29 19:34:05.573 | AlertService | queryCallback type=AlertFeatureSupportObtained
2026-03-29 19:34:05.577 | AlertService | saveAlertSettings={"device_address":"D8:5C:08:30:00:1E","heart_rate":{"low_enabled":true,"low_threshold":79,"resting_enabled":true,"resting_threshold":80,"workout_enabled":false,"workout_threshold":175},"pending_sync":{"heart_rate":true,"relaxation_prompt":false,"sedentary_reminder":false,"sleep_reminder":false,"spo2":false},"pressure_mode":{"relaxation_prompt_enabled":false,"stress_monitoring_enabled":false},"sedentary_reminder":{"end_hour":18,"end_minute":0,"interval":60,"repeat_count":0,"start_hour":9,"start_minute":0,"status":false},"sleep_reminder":{"hour":0,"millisecond":0,"minute":0,"second":0,"status":false},"snapshots":{"heart_rate":{"continuous_heart_rate_mode":0,"frequency":5,"mode":0},"sedentary_reminder":{"no_disturb_in_launch":false}},"spo2":{"enabled":true,"threshold":90},"support":{"heart_rate":true,"heart_rate_workout":true,"high_stress_index":false,"relaxation_prompt":false,"sedentary_reminder":true,"sleep_reminder":false,"spo2":true,"wear_detection":true},"wear_detection_status":{"is_worn":false,"last_updated_at":1774793045562}}
2026-03-29 19:34:05.579 | AlertVM | handleQueryCallback type=RingWearingStatusObtained
2026-03-29 19:34:05.581 | AlertVM | wearDetection query value={"is_worn":false,"last_updated_at":1774793045562}
2026-03-29 19:34:05.584 | AlertVM | handleQueryCallback type=Default
2026-03-29 19:34:05.585 | AlertVM | handleQueryCallback type=AlertFeatureSupportObtained
2026-03-29 19:34:05.589 | AlertVM | support feature=WEAR_DETECTION supported=true
2026-03-29 19:34:05.590 | AlertVM | handleQueryCallback type=Default
2026-03-29 19:34:05.984 | ZhQuery | onRingWearingStatus status=0
2026-03-29 19:34:05.985 | AlertService | queryCallback type=RingWearingStatusObtained
2026-03-29 19:34:05.990 | AlertService | saveAlertSettings={"device_address":"D8:5C:08:30:00:1E","heart_rate":{"low_enabled":true,"low_threshold":79,"resting_enabled":true,"resting_threshold":80,"workout_enabled":false,"workout_threshold":175},"pending_sync":{"heart_rate":true,"relaxation_prompt":false,"sedentary_reminder":false,"sleep_reminder":false,"spo2":false},"pressure_mode":{"relaxation_prompt_enabled":false,"stress_monitoring_enabled":false},"sedentary_reminder":{"end_hour":18,"end_minute":0,"interval":60,"repeat_count":0,"start_hour":9,"start_minute":0,"status":false},"sleep_reminder":{"hour":0,"millisecond":0,"minute":0,"second":0,"status":false},"snapshots":{"heart_rate":{"continuous_heart_rate_mode":0,"frequency":5,"mode":0},"sedentary_reminder":{"no_disturb_in_launch":false}},"spo2":{"enabled":true,"threshold":90},"support":{"heart_rate":true,"heart_rate_workout":true,"high_stress_index":false,"relaxation_prompt":false,"sedentary_reminder":true,"sleep_reminder":false,"spo2":true,"wear_detection":true},"wear_detection_status":{"is_worn":false,"last_updated_at":1774793045983}}
2026-03-29 19:34:05.998 | AlertService | queryCallback type=AlertFeatureSupportObtained
2026-03-29 19:34:06.000 | AlertService | saveAlertSettings={"device_address":"D8:5C:08:30:00:1E","heart_rate":{"low_enabled":true,"low_threshold":79,"resting_enabled":true,"resting_threshold":80,"workout_enabled":false,"workout_threshold":175},"pending_sync":{"heart_rate":true,"relaxation_prompt":false,"sedentary_reminder":false,"sleep_reminder":false,"spo2":false},"pressure_mode":{"relaxation_prompt_enabled":false,"stress_monitoring_enabled":false},"sedentary_reminder":{"end_hour":18,"end_minute":0,"interval":60,"repeat_count":0,"start_hour":9,"start_minute":0,"status":false},"sleep_reminder":{"hour":0,"millisecond":0,"minute":0,"second":0,"status":false},"snapshots":{"heart_rate":{"continuous_heart_rate_mode":0,"frequency":5,"mode":0},"sedentary_reminder":{"no_disturb_in_launch":false}},"spo2":{"enabled":true,"threshold":90},"support":{"heart_rate":true,"heart_rate_workout":true,"high_stress_index":false,"relaxation_prompt":false,"sedentary_reminder":true,"sleep_reminder":false,"spo2":true,"wear_detection":true},"wear_detection_status":{"is_worn":false,"last_updated_at":1774793045983}}
2026-03-29 19:34:06.002 | AlertVM | handleQueryCallback type=RingWearingStatusObtained
2026-03-29 19:34:06.004 | AlertVM | wearDetection query value={"is_worn":false,"last_updated_at":1774793045983}
2026-03-29 19:34:06.005 | AlertVM | handleQueryCallback type=Default
2026-03-29 19:34:06.007 | AlertVM | handleQueryCallback type=AlertFeatureSupportObtained
2026-03-29 19:34:06.008 | AlertVM | support feature=WEAR_DETECTION supported=true
2026-03-29 19:34:06.009 | AlertVM | handleQueryCallback type=Default
2026-03-29 19:34:06.287 | AlertService | queryCallback type=UpdateFirmwareLogStatus
2026-03-29 19:34:06.295 | AlertVM | handleQueryCallback type=UpdateFirmwareLogStatus
2026-03-29 19:34:06.297 | AlertVM | handleQueryCallback type=Default
2026-03-29 19:34:06.408 | AlertVM | refreshWearDetectionStatus dispatched
2026-03-29 19:34:06.410 | ZhQuery | getRingWearingStatus dispatched
2026-03-29 19:34:06.550 | AlertVM | refreshWearDetectionStatus dispatched
2026-03-29 19:34:06.552 | ZhQuery | getRingWearingStatus dispatched
2026-03-29 19:34:06.601 | ZhQuery | onRingWearingStatus status=0
2026-03-29 19:34:06.603 | AlertService | queryCallback type=RingWearingStatusObtained
2026-03-29 19:34:06.605 | AlertService | saveAlertSettings={"device_address":"D8:5C:08:30:00:1E","heart_rate":{"low_enabled":true,"low_threshold":79,"resting_enabled":true,"resting_threshold":80,"workout_enabled":false,"workout_threshold":175},"pending_sync":{"heart_rate":true,"relaxation_prompt":false,"sedentary_reminder":false,"sleep_reminder":false,"spo2":false},"pressure_mode":{"relaxation_prompt_enabled":false,"stress_monitoring_enabled":false},"sedentary_reminder":{"end_hour":18,"end_minute":0,"interval":60,"repeat_count":0,"start_hour":9,"start_minute":0,"status":false},"sleep_reminder":{"hour":0,"millisecond":0,"minute":0,"second":0,"status":false},"snapshots":{"heart_rate":{"continuous_heart_rate_mode":0,"frequency":5,"mode":0},"sedentary_reminder":{"no_disturb_in_launch":false}},"spo2":{"enabled":true,"threshold":90},"support":{"heart_rate":true,"heart_rate_workout":true,"high_stress_index":false,"relaxation_prompt":false,"sedentary_reminder":true,"sleep_reminder":false,"spo2":true,"wear_detection":true},"wear_detection_status":{"is_worn":false,"last_updated_at":1774793046599}}
2026-03-29 19:34:06.609 | AlertService | queryCallback type=AlertFeatureSupportObtained
2026-03-29 19:34:06.611 | AlertService | saveAlertSettings={"device_address":"D8:5C:08:30:00:1E","heart_rate":{"low_enabled":true,"low_threshold":79,"resting_enabled":true,"resting_threshold":80,"workout_enabled":false,"workout_threshold":175},"pending_sync":{"heart_rate":true,"relaxation_prompt":false,"sedentary_reminder":false,"sleep_reminder":false,"spo2":false},"pressure_mode":{"relaxation_prompt_enabled":false,"stress_monitoring_enabled":false},"sedentary_reminder":{"end_hour":18,"end_minute":0,"interval":60,"repeat_count":0,"start_hour":9,"start_minute":0,"status":false},"sleep_reminder":{"hour":0,"millisecond":0,"minute":0,"second":0,"status":false},"snapshots":{"heart_rate":{"continuous_heart_rate_mode":0,"frequency":5,"mode":0},"sedentary_reminder":{"no_disturb_in_launch":false}},"spo2":{"enabled":true,"threshold":90},"support":{"heart_rate":true,"heart_rate_workout":true,"high_stress_index":false,"relaxation_prompt":false,"sedentary_reminder":true,"sleep_reminder":false,"spo2":true,"wear_detection":true},"wear_detection_status":{"is_worn":false,"last_updated_at":1774793046599}}
2026-03-29 19:34:06.613 | ZhQuery | getRingWearingStatus state=SUCCEED
2026-03-29 19:34:06.614 | ZhQuery | getRingWearingStatus state=SUCCEED
2026-03-29 19:34:06.616 | AlertVM | handleQueryCallback type=RingWearingStatusObtained
2026-03-29 19:34:06.617 | AlertVM | wearDetection query value={"is_worn":false,"last_updated_at":1774793046599}
2026-03-29 19:34:06.619 | AlertVM | handleQueryCallback type=Default
2026-03-29 19:34:06.621 | AlertVM | handleQueryCallback type=AlertFeatureSupportObtained
2026-03-29 19:34:06.624 | AlertVM | support feature=WEAR_DETECTION supported=true
2026-03-29 19:34:06.626 | AlertVM | handleQueryCallback type=Default
2026-03-29 19:34:06.722 | AlertVM | refreshWearDetectionStatus dispatched
2026-03-29 19:34:06.724 | ZhQuery | getRingWearingStatus dispatched
2026-03-29 19:34:06.871 | AlertVM | refreshWearDetectionStatus dispatched
2026-03-29 19:34:06.874 | ZhQuery | getRingWearingStatus dispatched
2026-03-29 19:34:06.920 | ZhQuery | onRingWearingStatus status=0
2026-03-29 19:34:06.922 | AlertService | queryCallback type=RingWearingStatusObtained
2026-03-29 19:34:06.923 | AlertService | saveAlertSettings={"device_address":"D8:5C:08:30:00:1E","heart_rate":{"low_enabled":true,"low_threshold":79,"resting_enabled":true,"resting_threshold":80,"workout_enabled":false,"workout_threshold":175},"pending_sync":{"heart_rate":true,"relaxation_prompt":false,"sedentary_reminder":false,"sleep_reminder":false,"spo2":false},"pressure_mode":{"relaxation_prompt_enabled":false,"stress_monitoring_enabled":false},"sedentary_reminder":{"end_hour":18,"end_minute":0,"interval":60,"repeat_count":0,"start_hour":9,"start_minute":0,"status":false},"sleep_reminder":{"hour":0,"millisecond":0,"minute":0,"second":0,"status":false},"snapshots":{"heart_rate":{"continuous_heart_rate_mode":0,"frequency":5,"mode":0},"sedentary_reminder":{"no_disturb_in_launch":false}},"spo2":{"enabled":true,"threshold":90},"support":{"heart_rate":true,"heart_rate_workout":true,"high_stress_index":false,"relaxation_prompt":false,"sedentary_reminder":true,"sleep_reminder":false,"spo2":true,"wear_detection":true},"wear_detection_status":{"is_worn":false,"last_updated_at":1774793046916}}
2026-03-29 19:34:06.925 | AlertService | queryCallback type=AlertFeatureSupportObtained
2026-03-29 19:34:06.928 | AlertService | saveAlertSettings={"device_address":"D8:5C:08:30:00:1E","heart_rate":{"low_enabled":true,"low_threshold":79,"resting_enabled":true,"resting_threshold":80,"workout_enabled":false,"workout_threshold":175},"pending_sync":{"heart_rate":true,"relaxation_prompt":false,"sedentary_reminder":false,"sleep_reminder":false,"spo2":false},"pressure_mode":{"relaxation_prompt_enabled":false,"stress_monitoring_enabled":false},"sedentary_reminder":{"end_hour":18,"end_minute":0,"interval":60,"repeat_count":0,"start_hour":9,"start_minute":0,"status":false},"sleep_reminder":{"hour":0,"millisecond":0,"minute":0,"second":0,"status":false},"snapshots":{"heart_rate":{"continuous_heart_rate_mode":0,"frequency":5,"mode":0},"sedentary_reminder":{"no_disturb_in_launch":false}},"spo2":{"enabled":true,"threshold":90},"support":{"heart_rate":true,"heart_rate_workout":true,"high_stress_index":false,"relaxation_prompt":false,"sedentary_reminder":true,"sleep_reminder":false,"spo2":true,"wear_detection":true},"wear_detection_status":{"is_worn":false,"last_updated_at":1774793046916}}
2026-03-29 19:34:06.929 | ZhQuery | getRingWearingStatus state=SUCCEED
2026-03-29 19:34:06.931 | ZhQuery | getRingWearingStatus state=SUCCEED
2026-03-29 19:34:06.932 | AlertVM | handleQueryCallback type=RingWearingStatusObtained
2026-03-29 19:34:06.934 | AlertVM | wearDetection query value={"is_worn":false,"last_updated_at":1774793046916}
2026-03-29 19:34:06.935 | AlertVM | handleQueryCallback type=Default
2026-03-29 19:34:06.937 | AlertVM | handleQueryCallback type=AlertFeatureSupportObtained
2026-03-29 19:34:06.938 | AlertVM | support feature=WEAR_DETECTION supported=true
2026-03-29 19:34:06.941 | AlertVM | handleQueryCallback type=Default
2026-03-29 19:34:06.997 | AlertVM | refreshWearDetectionStatus dispatched
2026-03-29 19:34:07.004 | ZhQuery | getRingWearingStatus dispatched
2026-03-29 19:34:07.125 | AlertVM | refreshWearDetectionStatus dispatched
2026-03-29 19:34:07.135 | ZhQuery | getRingWearingStatus dispatched
2026-03-29 19:34:07.273 | AlertVM | refreshWearDetectionStatus dispatched
2026-03-29 19:34:07.275 | ZhQuery | getRingWearingStatus dispatched
2026-03-29 19:34:07.279 | AlertService | queryCallback type=UpdateFirmwareLogStatus
2026-03-29 19:34:07.290 | AlertVM | handleQueryCallback type=UpdateFirmwareLogStatus
2026-03-29 19:34:07.293 | AlertVM | handleQueryCallback type=Default
2026-03-29 19:34:07.412 | AlertVM | refreshWearDetectionStatus dispatched
2026-03-29 19:34:07.413 | ZhQuery | getRingWearingStatus dispatched
2026-03-29 19:34:07.578 | AlertVM | refreshWearDetectionStatus dispatched
2026-03-29 19:34:07.581 | ZhQuery | getRingWearingStatus dispatched
2026-03-29 19:34:07.601 | ZhQuery | onRingWearingStatus status=0
2026-03-29 19:34:07.603 | AlertService | queryCallback type=RingWearingStatusObtained
2026-03-29 19:34:07.606 | AlertService | saveAlertSettings={"device_address":"D8:5C:08:30:00:1E","heart_rate":{"low_enabled":true,"low_threshold":79,"resting_enabled":true,"resting_threshold":80,"workout_enabled":false,"workout_threshold":175},"pending_sync":{"heart_rate":true,"relaxation_prompt":false,"sedentary_reminder":false,"sleep_reminder":false,"spo2":false},"pressure_mode":{"relaxation_prompt_enabled":false,"stress_monitoring_enabled":false},"sedentary_reminder":{"end_hour":18,"end_minute":0,"interval":60,"repeat_count":0,"start_hour":9,"start_minute":0,"status":false},"sleep_reminder":{"hour":0,"millisecond":0,"minute":0,"second":0,"status":false},"snapshots":{"heart_rate":{"continuous_heart_rate_mode":0,"frequency":5,"mode":0},"sedentary_reminder":{"no_disturb_in_launch":false}},"spo2":{"enabled":true,"threshold":90},"support":{"heart_rate":true,"heart_rate_workout":true,"high_stress_index":false,"relaxation_prompt":false,"sedentary_reminder":true,"sleep_reminder":false,"spo2":true,"wear_detection":true},"wear_detection_status":{"is_worn":false,"last_updated_at":1774793047599}}
2026-03-29 19:34:07.609 | AlertService | queryCallback type=AlertFeatureSupportObtained
2026-03-29 19:34:07.615 | AlertService | saveAlertSettings={"device_address":"D8:5C:08:30:00:1E","heart_rate":{"low_enabled":true,"low_threshold":79,"resting_enabled":true,"resting_threshold":80,"workout_enabled":false,"workout_threshold":175},"pending_sync":{"heart_rate":true,"relaxation_prompt":false,"sedentary_reminder":false,"sleep_reminder":false,"spo2":false},"pressure_mode":{"relaxation_prompt_enabled":false,"stress_monitoring_enabled":false},"sedentary_reminder":{"end_hour":18,"end_minute":0,"interval":60,"repeat_count":0,"start_hour":9,"start_minute":0,"status":false},"sleep_reminder":{"hour":0,"millisecond":0,"minute":0,"second":0,"status":false},"snapshots":{"heart_rate":{"continuous_heart_rate_mode":0,"frequency":5,"mode":0},"sedentary_reminder":{"no_disturb_in_launch":false}},"spo2":{"enabled":true,"threshold":90},"support":{"heart_rate":true,"heart_rate_workout":true,"high_stress_index":false,"relaxation_prompt":false,"sedentary_reminder":true,"sleep_reminder":false,"spo2":true,"wear_detection":true},"wear_detection_status":{"is_worn":false,"last_updated_at":1774793047599}}
2026-03-29 19:34:07.617 | ZhQuery | getRingWearingStatus state=SUCCEED
2026-03-29 19:34:07.618 | ZhQuery | getRingWearingStatus state=SUCCEED
2026-03-29 19:34:07.620 | ZhQuery | getRingWearingStatus state=SUCCEED
2026-03-29 19:34:07.621 | ZhQuery | getRingWearingStatus state=SUCCEED
2026-03-29 19:34:07.622 | ZhQuery | getRingWearingStatus state=SUCCEED
2026-03-29 19:34:07.624 | AlertVM | handleQueryCallback type=RingWearingStatusObtained
2026-03-29 19:34:07.625 | AlertVM | wearDetection query value={"is_worn":false,"last_updated_at":1774793047599}
2026-03-29 19:34:07.627 | AlertVM | handleQueryCallback type=Default
2026-03-29 19:34:07.629 | AlertVM | handleQueryCallback type=AlertFeatureSupportObtained
2026-03-29 19:34:07.630 | AlertVM | support feature=WEAR_DETECTION supported=true
2026-03-29 19:34:07.632 | AlertVM | handleQueryCallback type=Default
2026-03-29 19:34:07.989 | AlertService | queryCallback type=BatteryDataObtained
2026-03-29 19:34:07.991 | AlertVM | handleQueryCallback type=BatteryDataObtained
2026-03-29 19:34:07.993 | AlertVM | handleQueryCallback type=Default
2026-03-29 19:34:08.176 | ZhQuery | onRingWearingStatus status=0
2026-03-29 19:34:08.178 | AlertService | queryCallback type=RingWearingStatusObtained
2026-03-29 19:34:08.181 | AlertService | saveAlertSettings={"device_address":"D8:5C:08:30:00:1E","heart_rate":{"low_enabled":true,"low_threshold":79,"resting_enabled":true,"resting_threshold":80,"workout_enabled":false,"workout_threshold":175},"pending_sync":{"heart_rate":true,"relaxation_prompt":false,"sedentary_reminder":false,"sleep_reminder":false,"spo2":false},"pressure_mode":{"relaxation_prompt_enabled":false,"stress_monitoring_enabled":false},"sedentary_reminder":{"end_hour":18,"end_minute":0,"interval":60,"repeat_count":0,"start_hour":9,"start_minute":0,"status":false},"sleep_reminder":{"hour":0,"millisecond":0,"minute":0,"second":0,"status":false},"snapshots":{"heart_rate":{"continuous_heart_rate_mode":0,"frequency":5,"mode":0},"sedentary_reminder":{"no_disturb_in_launch":false}},"spo2":{"enabled":true,"threshold":90},"support":{"heart_rate":true,"heart_rate_workout":true,"high_stress_index":false,"relaxation_prompt":false,"sedentary_reminder":true,"sleep_reminder":false,"spo2":true,"wear_detection":true},"wear_detection_status":{"is_worn":false,"last_updated_at":1774793048175}}
2026-03-29 19:34:08.186 | AlertService | queryCallback type=AlertFeatureSupportObtained
2026-03-29 19:34:08.188 | AlertService | saveAlertSettings={"device_address":"D8:5C:08:30:00:1E","heart_rate":{"low_enabled":true,"low_threshold":79,"resting_enabled":true,"resting_threshold":80,"workout_enabled":false,"workout_threshold":175},"pending_sync":{"heart_rate":true,"relaxation_prompt":false,"sedentary_reminder":false,"sleep_reminder":false,"spo2":false},"pressure_mode":{"relaxation_prompt_enabled":false,"stress_monitoring_enabled":false},"sedentary_reminder":{"end_hour":18,"end_minute":0,"interval":60,"repeat_count":0,"start_hour":9,"start_minute":0,"status":false},"sleep_reminder":{"hour":0,"millisecond":0,"minute":0,"second":0,"status":false},"snapshots":{"heart_rate":{"continuous_heart_rate_mode":0,"frequency":5,"mode":0},"sedentary_reminder":{"no_disturb_in_launch":false}},"spo2":{"enabled":true,"threshold":90},"support":{"heart_rate":true,"heart_rate_workout":true,"high_stress_index":false,"relaxation_prompt":false,"sedentary_reminder":true,"sleep_reminder":false,"spo2":true,"wear_detection":true},"wear_detection_status":{"is_worn":false,"last_updated_at":1774793048175}}
2026-03-29 19:34:08.189 | AlertVM | handleQueryCallback type=RingWearingStatusObtained
2026-03-29 19:34:08.191 | AlertVM | wearDetection query value={"is_worn":false,"last_updated_at":1774793048175}
2026-03-29 19:34:08.193 | AlertVM | handleQueryCallback type=Default
2026-03-29 19:34:08.194 | AlertVM | handleQueryCallback type=AlertFeatureSupportObtained
2026-03-29 19:34:08.196 | AlertVM | support feature=WEAR_DETECTION supported=true
2026-03-29 19:34:08.198 | AlertVM | handleQueryCallback type=Default
2026-03-29 19:34:08.629 | AlertService | queryCallback type=UpdateFirmwareLogStatus
2026-03-29 19:34:08.632 | AlertVM | handleQueryCallback type=UpdateFirmwareLogStatus
2026-03-29 19:34:08.633 | AlertVM | handleQueryCallback type=Default
2026-03-29 19:34:08.945 | ZhQuery | onRingWearingStatus status=0
2026-03-29 19:34:08.947 | AlertService | queryCallback type=RingWearingStatusObtained
2026-03-29 19:34:08.950 | AlertService | saveAlertSettings={"device_address":"D8:5C:08:30:00:1E","heart_rate":{"low_enabled":true,"low_threshold":79,"resting_enabled":true,"resting_threshold":80,"workout_enabled":false,"workout_threshold":175},"pending_sync":{"heart_rate":true,"relaxation_prompt":false,"sedentary_reminder":false,"sleep_reminder":false,"spo2":false},"pressure_mode":{"relaxation_prompt_enabled":false,"stress_monitoring_enabled":false},"sedentary_reminder":{"end_hour":18,"end_minute":0,"interval":60,"repeat_count":0,"start_hour":9,"start_minute":0,"status":false},"sleep_reminder":{"hour":0,"millisecond":0,"minute":0,"second":0,"status":false},"snapshots":{"heart_rate":{"continuous_heart_rate_mode":0,"frequency":5,"mode":0},"sedentary_reminder":{"no_disturb_in_launch":false}},"spo2":{"enabled":true,"threshold":90},"support":{"heart_rate":true,"heart_rate_workout":true,"high_stress_index":false,"relaxation_prompt":false,"sedentary_reminder":true,"sleep_reminder":false,"spo2":true,"wear_detection":true},"wear_detection_status":{"is_worn":false,"last_updated_at":1774793048944}}
2026-03-29 19:34:08.953 | AlertService | queryCallback type=AlertFeatureSupportObtained
2026-03-29 19:34:08.954 | AlertService | saveAlertSettings={"device_address":"D8:5C:08:30:00:1E","heart_rate":{"low_enabled":true,"low_threshold":79,"resting_enabled":true,"resting_threshold":80,"workout_enabled":false,"workout_threshold":175},"pending_sync":{"heart_rate":true,"relaxation_prompt":false,"sedentary_reminder":false,"sleep_reminder":false,"spo2":false},"pressure_mode":{"relaxation_prompt_enabled":false,"stress_monitoring_enabled":false},"sedentary_reminder":{"end_hour":18,"end_minute":0,"interval":60,"repeat_count":0,"start_hour":9,"start_minute":0,"status":false},"sleep_reminder":{"hour":0,"millisecond":0,"minute":0,"second":0,"status":false},"snapshots":{"heart_rate":{"continuous_heart_rate_mode":0,"frequency":5,"mode":0},"sedentary_reminder":{"no_disturb_in_launch":false}},"spo2":{"enabled":true,"threshold":90},"support":{"heart_rate":true,"heart_rate_workout":true,"high_stress_index":false,"relaxation_prompt":false,"sedentary_reminder":true,"sleep_reminder":false,"spo2":true,"wear_detection":true},"wear_detection_status":{"is_worn":false,"last_updated_at":1774793048944}}
2026-03-29 19:34:08.957 | AlertVM | handleQueryCallback type=RingWearingStatusObtained
2026-03-29 19:34:08.959 | AlertVM | wearDetection query value={"is_worn":false,"last_updated_at":1774793048944}
2026-03-29 19:34:08.961 | AlertVM | handleQueryCallback type=Default
2026-03-29 19:34:08.963 | AlertVM | handleQueryCallback type=AlertFeatureSupportObtained
2026-03-29 19:34:08.965 | AlertVM | support feature=WEAR_DETECTION supported=true
2026-03-29 19:34:08.966 | AlertVM | handleQueryCallback type=Default
2026-03-29 19:34:09.350 | AlertService | queryCallback type=UpdateFirmwareLogStatus
2026-03-29 19:34:09.355 | AlertVM | handleQueryCallback type=UpdateFirmwareLogStatus
2026-03-29 19:34:09.357 | AlertVM | handleQueryCallback type=Default
2026-03-29 19:34:09.852 | ZhQuery | onRingWearingStatus status=0
2026-03-29 19:34:09.854 | AlertService | queryCallback type=RingWearingStatusObtained
2026-03-29 19:34:09.856 | AlertService | saveAlertSettings={"device_address":"D8:5C:08:30:00:1E","heart_rate":{"low_enabled":true,"low_threshold":79,"resting_enabled":true,"resting_threshold":80,"workout_enabled":false,"workout_threshold":175},"pending_sync":{"heart_rate":true,"relaxation_prompt":false,"sedentary_reminder":false,"sleep_reminder":false,"spo2":false},"pressure_mode":{"relaxation_prompt_enabled":false,"stress_monitoring_enabled":false},"sedentary_reminder":{"end_hour":18,"end_minute":0,"interval":60,"repeat_count":0,"start_hour":9,"start_minute":0,"status":false},"sleep_reminder":{"hour":0,"millisecond":0,"minute":0,"second":0,"status":false},"snapshots":{"heart_rate":{"continuous_heart_rate_mode":0,"frequency":5,"mode":0},"sedentary_reminder":{"no_disturb_in_launch":false}},"spo2":{"enabled":true,"threshold":90},"support":{"heart_rate":true,"heart_rate_workout":true,"high_stress_index":false,"relaxation_prompt":false,"sedentary_reminder":true,"sleep_reminder":false,"spo2":true,"wear_detection":true},"wear_detection_status":{"is_worn":false,"last_updated_at":1774793049850}}
2026-03-29 19:34:09.861 | AlertService | queryCallback type=AlertFeatureSupportObtained
2026-03-29 19:34:09.862 | AlertService | saveAlertSettings={"device_address":"D8:5C:08:30:00:1E","heart_rate":{"low_enabled":true,"low_threshold":79,"resting_enabled":true,"resting_threshold":80,"workout_enabled":false,"workout_threshold":175},"pending_sync":{"heart_rate":true,"relaxation_prompt":false,"sedentary_reminder":false,"sleep_reminder":false,"spo2":false},"pressure_mode":{"relaxation_prompt_enabled":false,"stress_monitoring_enabled":false},"sedentary_reminder":{"end_hour":18,"end_minute":0,"interval":60,"repeat_count":0,"start_hour":9,"start_minute":0,"status":false},"sleep_reminder":{"hour":0,"millisecond":0,"minute":0,"second":0,"status":false},"snapshots":{"heart_rate":{"continuous_heart_rate_mode":0,"frequency":5,"mode":0},"sedentary_reminder":{"no_disturb_in_launch":false}},"spo2":{"enabled":true,"threshold":90},"support":{"heart_rate":true,"heart_rate_workout":true,"high_stress_index":false,"relaxation_prompt":false,"sedentary_reminder":true,"sleep_reminder":false,"spo2":true,"wear_detection":true},"wear_detection_status":{"is_worn":false,"last_updated_at":1774793049850}}
2026-03-29 19:34:09.865 | AlertVM | handleQueryCallback type=RingWearingStatusObtained
2026-03-29 19:34:09.870 | AlertVM | wearDetection query value={"is_worn":false,"last_updated_at":1774793049850}
2026-03-29 19:34:09.872 | AlertVM | handleQueryCallback type=Default
2026-03-29 19:34:09.873 | AlertVM | handleQueryCallback type=AlertFeatureSupportObtained
2026-03-29 19:34:09.874 | AlertVM | support feature=WEAR_DETECTION supported=true
2026-03-29 19:34:09.876 | AlertVM | handleQueryCallback type=Default
2026-03-29 19:34:10.289 | AlertService | queryCallback type=UpdateFirmwareLogStatus
2026-03-29 19:34:10.295 | AlertVM | handleQueryCallback type=UpdateFirmwareLogStatus
2026-03-29 19:34:10.297 | AlertVM | handleQueryCallback type=Default
2026-03-29 19:34:10.839 | AlertVM | saveHeartRateSettings requested={"low_enabled":true,"low_threshold":79,"resting_enabled":true,"resting_threshold":80,"workout_enabled":false,"workout_threshold":175}
2026-03-29 19:34:10.842 | AlertVM | persistFeature feature=HEART_RATE connected=true
2026-03-29 19:34:10.843 | AlertVM | persistFeature state={"device_address":"D8:5C:08:30:00:1E","heart_rate":{"low_enabled":true,"low_threshold":79,"resting_enabled":true,"resting_threshold":80,"workout_enabled":false,"workout_threshold":175},"pending_sync":{"heart_rate":true,"relaxation_prompt":false,"sedentary_reminder":false,"sleep_reminder":false,"spo2":false},"pressure_mode":{"relaxation_prompt_enabled":false,"stress_monitoring_enabled":false},"sedentary_reminder":{"end_hour":18,"end_minute":0,"interval":60,"repeat_count":0,"start_hour":9,"start_minute":0,"status":false},"sleep_reminder":{"hour":0,"millisecond":0,"minute":0,"second":0,"status":false},"snapshots":{"heart_rate":{"continuous_heart_rate_mode":0,"frequency":5,"mode":0},"sedentary_reminder":{"no_disturb_in_launch":false}},"spo2":{"enabled":true,"threshold":90},"support":{"heart_rate":true,"heart_rate_workout":true,"high_stress_index":false,"relaxation_prompt":false,"sedentary_reminder":true,"sleep_reminder":false,"spo2":true,"wear_detection":true},"wear_detection_status":{"is_worn":false,"last_updated_at":1774793049850}}
2026-03-29 19:34:10.844 | AlertVM | syncQueuedFeatures feature=HEART_RATE requiresSnapshot=false
2026-03-29 19:34:10.846 | AlertVM | sendUpdate feature=HEART_RATE
2026-03-29 19:34:10.847 | AlertVM | sendUpdate state={"device_address":"D8:5C:08:30:00:1E","heart_rate":{"low_enabled":true,"low_threshold":79,"resting_enabled":true,"resting_threshold":80,"workout_enabled":false,"workout_threshold":175},"pending_sync":{"heart_rate":true,"relaxation_prompt":false,"sedentary_reminder":false,"sleep_reminder":false,"spo2":false},"pressure_mode":{"relaxation_prompt_enabled":false,"stress_monitoring_enabled":false},"sedentary_reminder":{"end_hour":18,"end_minute":0,"interval":60,"repeat_count":0,"start_hour":9,"start_minute":0,"status":false},"sleep_reminder":{"hour":0,"millisecond":0,"minute":0,"second":0,"status":false},"snapshots":{"heart_rate":{"continuous_heart_rate_mode":0,"frequency":5,"mode":0},"sedentary_reminder":{"no_disturb_in_launch":false}},"spo2":{"enabled":true,"threshold":90},"support":{"heart_rate":true,"heart_rate_workout":true,"high_stress_index":false,"relaxation_prompt":false,"sedentary_reminder":true,"sleep_reminder":false,"spo2":true,"wear_detection":true},"wear_detection_status":{"is_worn":false,"last_updated_at":1774793049850}}
2026-03-29 19:34:11.036 | ZhQuery | onRingWearingStatus status=0
2026-03-29 19:34:11.037 | AlertService | queryCallback type=RingWearingStatusObtained
2026-03-29 19:34:11.039 | AlertService | saveAlertSettings={"device_address":"D8:5C:08:30:00:1E","heart_rate":{"low_enabled":true,"low_threshold":79,"resting_enabled":true,"resting_threshold":80,"workout_enabled":false,"workout_threshold":175},"pending_sync":{"heart_rate":true,"relaxation_prompt":false,"sedentary_reminder":false,"sleep_reminder":false,"spo2":false},"pressure_mode":{"relaxation_prompt_enabled":false,"stress_monitoring_enabled":false},"sedentary_reminder":{"end_hour":18,"end_minute":0,"interval":60,"repeat_count":0,"start_hour":9,"start_minute":0,"status":false},"sleep_reminder":{"hour":0,"millisecond":0,"minute":0,"second":0,"status":false},"snapshots":{"heart_rate":{"continuous_heart_rate_mode":0,"frequency":5,"mode":0},"sedentary_reminder":{"no_disturb_in_launch":false}},"spo2":{"enabled":true,"threshold":90},"support":{"heart_rate":true,"heart_rate_workout":true,"high_stress_index":false,"relaxation_prompt":false,"sedentary_reminder":true,"sleep_reminder":false,"spo2":true,"wear_detection":true},"wear_detection_status":{"is_worn":false,"last_updated_at":1774793051030}}
2026-03-29 19:34:11.042 | AlertService | queryCallback type=AlertFeatureSupportObtained
2026-03-29 19:34:11.044 | AlertService | saveAlertSettings={"device_address":"D8:5C:08:30:00:1E","heart_rate":{"low_enabled":true,"low_threshold":79,"resting_enabled":true,"resting_threshold":80,"workout_enabled":false,"workout_threshold":175},"pending_sync":{"heart_rate":true,"relaxation_prompt":false,"sedentary_reminder":false,"sleep_reminder":false,"spo2":false},"pressure_mode":{"relaxation_prompt_enabled":false,"stress_monitoring_enabled":false},"sedentary_reminder":{"end_hour":18,"end_minute":0,"interval":60,"repeat_count":0,"start_hour":9,"start_minute":0,"status":false},"sleep_reminder":{"hour":0,"millisecond":0,"minute":0,"second":0,"status":false},"snapshots":{"heart_rate":{"continuous_heart_rate_mode":0,"frequency":5,"mode":0},"sedentary_reminder":{"no_disturb_in_launch":false}},"spo2":{"enabled":true,"threshold":90},"support":{"heart_rate":true,"heart_rate_workout":true,"high_stress_index":false,"relaxation_prompt":false,"sedentary_reminder":true,"sleep_reminder":false,"spo2":true,"wear_detection":true},"wear_detection_status":{"is_worn":false,"last_updated_at":1774793051030}}
2026-03-29 19:34:11.059 | ZhUpdate | setHeartRateAlertSettings={"low_enabled":true,"low_threshold":79,"resting_enabled":true,"resting_threshold":80,"workout_enabled":false,"workout_threshold":175}
2026-03-29 19:34:11.062 | ZhUpdate | setHeartRateAlertSettings api=HeartRateMonitor
2026-03-29 19:34:11.064 | ZhUpdate | setHeartRateAlertSettings bean={"continuousHeartRateMode":0,"frequency":0,"isSportWarning":false,"isWarning":true,"lowWarningValue":79,"mode":0,"sportWarningValue":175,"warningValue":80}
2026-03-29 19:34:11.066 | ZhQuery | onRingWearingStatus status=0
2026-03-29 19:34:11.068 | AlertService | queryCallback type=RingWearingStatusObtained
2026-03-29 19:34:11.071 | AlertService | saveAlertSettings={"device_address":"D8:5C:08:30:00:1E","heart_rate":{"low_enabled":true,"low_threshold":79,"resting_enabled":true,"resting_threshold":80,"workout_enabled":false,"workout_threshold":175},"pending_sync":{"heart_rate":true,"relaxation_prompt":false,"sedentary_reminder":false,"sleep_reminder":false,"spo2":false},"pressure_mode":{"relaxation_prompt_enabled":false,"stress_monitoring_enabled":false},"sedentary_reminder":{"end_hour":18,"end_minute":0,"interval":60,"repeat_count":0,"start_hour":9,"start_minute":0,"status":false},"sleep_reminder":{"hour":0,"millisecond":0,"minute":0,"second":0,"status":false},"snapshots":{"heart_rate":{"continuous_heart_rate_mode":0,"frequency":5,"mode":0},"sedentary_reminder":{"no_disturb_in_launch":false}},"spo2":{"enabled":true,"threshold":90},"support":{"heart_rate":true,"heart_rate_workout":true,"high_stress_index":false,"relaxation_prompt":false,"sedentary_reminder":true,"sleep_reminder":false,"spo2":true,"wear_detection":true},"wear_detection_status":{"is_worn":false,"last_updated_at":1774793051054}}
2026-03-29 19:34:11.075 | AlertService | queryCallback type=AlertFeatureSupportObtained
2026-03-29 19:34:11.077 | AlertService | saveAlertSettings={"device_address":"D8:5C:08:30:00:1E","heart_rate":{"low_enabled":true,"low_threshold":79,"resting_enabled":true,"resting_threshold":80,"workout_enabled":false,"workout_threshold":175},"pending_sync":{"heart_rate":true,"relaxation_prompt":false,"sedentary_reminder":false,"sleep_reminder":false,"spo2":false},"pressure_mode":{"relaxation_prompt_enabled":false,"stress_monitoring_enabled":false},"sedentary_reminder":{"end_hour":18,"end_minute":0,"interval":60,"repeat_count":0,"start_hour":9,"start_minute":0,"status":false},"sleep_reminder":{"hour":0,"millisecond":0,"minute":0,"second":0,"status":false},"snapshots":{"heart_rate":{"continuous_heart_rate_mode":0,"frequency":5,"mode":0},"sedentary_reminder":{"no_disturb_in_launch":false}},"spo2":{"enabled":true,"threshold":90},"support":{"heart_rate":true,"heart_rate_workout":true,"high_stress_index":false,"relaxation_prompt":false,"sedentary_reminder":true,"sleep_reminder":false,"spo2":true,"wear_detection":true},"wear_detection_status":{"is_worn":false,"last_updated_at":1774793051054}}
2026-03-29 19:34:11.577 | AlertService | queryCallback type=UpdateFirmwareLogStatus
2026-03-29 19:34:11.588 | ZhQuery | onRingWearingStatus status=0
2026-03-29 19:34:11.589 | AlertService | queryCallback type=RingWearingStatusObtained
2026-03-29 19:34:11.590 | AlertService | saveAlertSettings={"device_address":"D8:5C:08:30:00:1E","heart_rate":{"low_enabled":true,"low_threshold":79,"resting_enabled":true,"resting_threshold":80,"workout_enabled":false,"workout_threshold":175},"pending_sync":{"heart_rate":true,"relaxation_prompt":false,"sedentary_reminder":false,"sleep_reminder":false,"spo2":false},"pressure_mode":{"relaxation_prompt_enabled":false,"stress_monitoring_enabled":false},"sedentary_reminder":{"end_hour":18,"end_minute":0,"interval":60,"repeat_count":0,"start_hour":9,"start_minute":0,"status":false},"sleep_reminder":{"hour":0,"millisecond":0,"minute":0,"second":0,"status":false},"snapshots":{"heart_rate":{"continuous_heart_rate_mode":0,"frequency":5,"mode":0},"sedentary_reminder":{"no_disturb_in_launch":false}},"spo2":{"enabled":true,"threshold":90},"support":{"heart_rate":true,"heart_rate_workout":true,"high_stress_index":false,"relaxation_prompt":false,"sedentary_reminder":true,"sleep_reminder":false,"spo2":true,"wear_detection":true},"wear_detection_status":{"is_worn":false,"last_updated_at":1774793051585}}
2026-03-29 19:34:11.599 | AlertService | queryCallback type=AlertFeatureSupportObtained
2026-03-29 19:34:11.602 | AlertService | saveAlertSettings={"device_address":"D8:5C:08:30:00:1E","heart_rate":{"low_enabled":true,"low_threshold":79,"resting_enabled":true,"resting_threshold":80,"workout_enabled":false,"workout_threshold":175},"pending_sync":{"heart_rate":true,"relaxation_prompt":false,"sedentary_reminder":false,"sleep_reminder":false,"spo2":false},"pressure_mode":{"relaxation_prompt_enabled":false,"stress_monitoring_enabled":false},"sedentary_reminder":{"end_hour":18,"end_minute":0,"interval":60,"repeat_count":0,"start_hour":9,"start_minute":0,"status":false},"sleep_reminder":{"hour":0,"millisecond":0,"minute":0,"second":0,"status":false},"snapshots":{"heart_rate":{"continuous_heart_rate_mode":0,"frequency":5,"mode":0},"sedentary_reminder":{"no_disturb_in_launch":false}},"spo2":{"enabled":true,"threshold":90},"support":{"heart_rate":true,"heart_rate_workout":true,"high_stress_index":false,"relaxation_prompt":false,"sedentary_reminder":true,"sleep_reminder":false,"spo2":true,"wear_detection":true},"wear_detection_status":{"is_worn":false,"last_updated_at":1774793051585}}
2026-03-29 19:34:12.047 | ZhQuery | onRingWearingStatus status=0
2026-03-29 19:34:12.049 | AlertService | queryCallback type=RingWearingStatusObtained
2026-03-29 19:34:12.050 | AlertService | saveAlertSettings={"device_address":"D8:5C:08:30:00:1E","heart_rate":{"low_enabled":true,"low_threshold":79,"resting_enabled":true,"resting_threshold":80,"workout_enabled":false,"workout_threshold":175},"pending_sync":{"heart_rate":true,"relaxation_prompt":false,"sedentary_reminder":false,"sleep_reminder":false,"spo2":false},"pressure_mode":{"relaxation_prompt_enabled":false,"stress_monitoring_enabled":false},"sedentary_reminder":{"end_hour":18,"end_minute":0,"interval":60,"repeat_count":0,"start_hour":9,"start_minute":0,"status":false},"sleep_reminder":{"hour":0,"millisecond":0,"minute":0,"second":0,"status":false},"snapshots":{"heart_rate":{"continuous_heart_rate_mode":0,"frequency":5,"mode":0},"sedentary_reminder":{"no_disturb_in_launch":false}},"spo2":{"enabled":true,"threshold":90},"support":{"heart_rate":true,"heart_rate_workout":true,"high_stress_index":false,"relaxation_prompt":false,"sedentary_reminder":true,"sleep_reminder":false,"spo2":true,"wear_detection":true},"wear_detection_status":{"is_worn":false,"last_updated_at":1774793052037}}
2026-03-29 19:34:12.058 | AlertService | queryCallback type=AlertFeatureSupportObtained
2026-03-29 19:34:12.059 | AlertService | saveAlertSettings={"device_address":"D8:5C:08:30:00:1E","heart_rate":{"low_enabled":true,"low_threshold":79,"resting_enabled":true,"resting_threshold":80,"workout_enabled":false,"workout_threshold":175},"pending_sync":{"heart_rate":true,"relaxation_prompt":false,"sedentary_reminder":false,"sleep_reminder":false,"spo2":false},"pressure_mode":{"relaxation_prompt_enabled":false,"stress_monitoring_enabled":false},"sedentary_reminder":{"end_hour":18,"end_minute":0,"interval":60,"repeat_count":0,"start_hour":9,"start_minute":0,"status":false},"sleep_reminder":{"hour":0,"millisecond":0,"minute":0,"second":0,"status":false},"snapshots":{"heart_rate":{"continuous_heart_rate_mode":0,"frequency":5,"mode":0},"sedentary_reminder":{"no_disturb_in_launch":false}},"spo2":{"enabled":true,"threshold":90},"support":{"heart_rate":true,"heart_rate_workout":true,"high_stress_index":false,"relaxation_prompt":false,"sedentary_reminder":true,"sleep_reminder":false,"spo2":true,"wear_detection":true},"wear_detection_status":{"is_worn":false,"last_updated_at":1774793052037}}
2026-03-29 19:34:12.237 | AlertService | queryCallback type=UpdateFirmwareLogStatus
2026-03-29 19:34:12.509 | ZhQuery | onRingWearingStatus status=0
2026-03-29 19:34:12.511 | AlertService | queryCallback type=RingWearingStatusObtained
2026-03-29 19:34:12.515 | AlertService | saveAlertSettings={"device_address":"D8:5C:08:30:00:1E","heart_rate":{"low_enabled":true,"low_threshold":79,"resting_enabled":true,"resting_threshold":80,"workout_enabled":false,"workout_threshold":175},"pending_sync":{"heart_rate":true,"relaxation_prompt":false,"sedentary_reminder":false,"sleep_reminder":false,"spo2":false},"pressure_mode":{"relaxation_prompt_enabled":false,"stress_monitoring_enabled":false},"sedentary_reminder":{"end_hour":18,"end_minute":0,"interval":60,"repeat_count":0,"start_hour":9,"start_minute":0,"status":false},"sleep_reminder":{"hour":0,"millisecond":0,"minute":0,"second":0,"status":false},"snapshots":{"heart_rate":{"continuous_heart_rate_mode":0,"frequency":5,"mode":0},"sedentary_reminder":{"no_disturb_in_launch":false}},"spo2":{"enabled":true,"threshold":90},"support":{"heart_rate":true,"heart_rate_workout":true,"high_stress_index":false,"relaxation_prompt":false,"sedentary_reminder":true,"sleep_reminder":false,"spo2":true,"wear_detection":true},"wear_detection_status":{"is_worn":false,"last_updated_at":1774793052508}}
2026-03-29 19:34:12.521 | AlertService | queryCallback type=AlertFeatureSupportObtained
2026-03-29 19:34:12.523 | AlertService | saveAlertSettings={"device_address":"D8:5C:08:30:00:1E","heart_rate":{"low_enabled":true,"low_threshold":79,"resting_enabled":true,"resting_threshold":80,"workout_enabled":false,"workout_threshold":175},"pending_sync":{"heart_rate":true,"relaxation_prompt":false,"sedentary_reminder":false,"sleep_reminder":false,"spo2":false},"pressure_mode":{"relaxation_prompt_enabled":false,"stress_monitoring_enabled":false},"sedentary_reminder":{"end_hour":18,"end_minute":0,"interval":60,"repeat_count":0,"start_hour":9,"start_minute":0,"status":false},"sleep_reminder":{"hour":0,"millisecond":0,"minute":0,"second":0,"status":false},"snapshots":{"heart_rate":{"continuous_heart_rate_mode":0,"frequency":5,"mode":0},"sedentary_reminder":{"no_disturb_in_launch":false}},"spo2":{"enabled":true,"threshold":90},"support":{"heart_rate":true,"heart_rate_workout":true,"high_stress_index":false,"relaxation_prompt":false,"sedentary_reminder":true,"sleep_reminder":false,"spo2":true,"wear_detection":true},"wear_detection_status":{"is_worn":false,"last_updated_at":1774793052508}}
2026-03-29 19:34:12.853 | ZhQuery | onRingWearingStatus status=0
2026-03-29 19:34:12.855 | AlertService | queryCallback type=RingWearingStatusObtained
2026-03-29 19:34:12.856 | AlertService | saveAlertSettings={"device_address":"D8:5C:08:30:00:1E","heart_rate":{"low_enabled":true,"low_threshold":79,"resting_enabled":true,"resting_threshold":80,"workout_enabled":false,"workout_threshold":175},"pending_sync":{"heart_rate":true,"relaxation_prompt":false,"sedentary_reminder":false,"sleep_reminder":false,"spo2":false},"pressure_mode":{"relaxation_prompt_enabled":false,"stress_monitoring_enabled":false},"sedentary_reminder":{"end_hour":18,"end_minute":0,"interval":60,"repeat_count":0,"start_hour":9,"start_minute":0,"status":false},"sleep_reminder":{"hour":0,"millisecond":0,"minute":0,"second":0,"status":false},"snapshots":{"heart_rate":{"continuous_heart_rate_mode":0,"frequency":5,"mode":0},"sedentary_reminder":{"no_disturb_in_launch":false}},"spo2":{"enabled":true,"threshold":90},"support":{"heart_rate":true,"heart_rate_workout":true,"high_stress_index":false,"relaxation_prompt":false,"sedentary_reminder":true,"sleep_reminder":false,"spo2":true,"wear_detection":true},"wear_detection_status":{"is_worn":false,"last_updated_at":1774793052849}}
2026-03-29 19:34:12.861 | AlertService | queryCallback type=AlertFeatureSupportObtained
2026-03-29 19:34:12.863 | AlertService | saveAlertSettings={"device_address":"D8:5C:08:30:00:1E","heart_rate":{"low_enabled":true,"low_threshold":79,"resting_enabled":true,"resting_threshold":80,"workout_enabled":false,"workout_threshold":175},"pending_sync":{"heart_rate":true,"relaxation_prompt":false,"sedentary_reminder":false,"sleep_reminder":false,"spo2":false},"pressure_mode":{"relaxation_prompt_enabled":false,"stress_monitoring_enabled":false},"sedentary_reminder":{"end_hour":18,"end_minute":0,"interval":60,"repeat_count":0,"start_hour":9,"start_minute":0,"status":false},"sleep_reminder":{"hour":0,"millisecond":0,"minute":0,"second":0,"status":false},"snapshots":{"heart_rate":{"continuous_heart_rate_mode":0,"frequency":5,"mode":0},"sedentary_reminder":{"no_disturb_in_launch":false}},"spo2":{"enabled":true,"threshold":90},"support":{"heart_rate":true,"heart_rate_workout":true,"high_stress_index":false,"relaxation_prompt":false,"sedentary_reminder":true,"sleep_reminder":false,"spo2":true,"wear_detection":true},"wear_detection_status":{"is_worn":false,"last_updated_at":1774793052849}}
2026-03-29 19:34:13.168 | AlertService | queryCallback type=UpdateFirmwareLogStatus
2026-03-29 19:34:13.347 | ZhQuery | onRingWearingStatus status=0
2026-03-29 19:34:13.349 | AlertService | queryCallback type=RingWearingStatusObtained
2026-03-29 19:34:13.350 | AlertService | saveAlertSettings={"device_address":"D8:5C:08:30:00:1E","heart_rate":{"low_enabled":true,"low_threshold":79,"resting_enabled":true,"resting_threshold":80,"workout_enabled":false,"workout_threshold":175},"pending_sync":{"heart_rate":true,"relaxation_prompt":false,"sedentary_reminder":false,"sleep_reminder":false,"spo2":false},"pressure_mode":{"relaxation_prompt_enabled":false,"stress_monitoring_enabled":false},"sedentary_reminder":{"end_hour":18,"end_minute":0,"interval":60,"repeat_count":0,"start_hour":9,"start_minute":0,"status":false},"sleep_reminder":{"hour":0,"millisecond":0,"minute":0,"second":0,"status":false},"snapshots":{"heart_rate":{"continuous_heart_rate_mode":0,"frequency":5,"mode":0},"sedentary_reminder":{"no_disturb_in_launch":false}},"spo2":{"enabled":true,"threshold":90},"support":{"heart_rate":true,"heart_rate_workout":true,"high_stress_index":false,"relaxation_prompt":false,"sedentary_reminder":true,"sleep_reminder":false,"spo2":true,"wear_detection":true},"wear_detection_status":{"is_worn":false,"last_updated_at":1774793053345}}
2026-03-29 19:34:13.359 | AlertService | queryCallback type=AlertFeatureSupportObtained
2026-03-29 19:34:13.361 | AlertService | saveAlertSettings={"device_address":"D8:5C:08:30:00:1E","heart_rate":{"low_enabled":true,"low_threshold":79,"resting_enabled":true,"resting_threshold":80,"workout_enabled":false,"workout_threshold":175},"pending_sync":{"heart_rate":true,"relaxation_prompt":false,"sedentary_reminder":false,"sleep_reminder":false,"spo2":false},"pressure_mode":{"relaxation_prompt_enabled":false,"stress_monitoring_enabled":false},"sedentary_reminder":{"end_hour":18,"end_minute":0,"interval":60,"repeat_count":0,"start_hour":9,"start_minute":0,"status":false},"sleep_reminder":{"hour":0,"millisecond":0,"minute":0,"second":0,"status":false},"snapshots":{"heart_rate":{"continuous_heart_rate_mode":0,"frequency":5,"mode":0},"sedentary_reminder":{"no_disturb_in_launch":false}},"spo2":{"enabled":true,"threshold":90},"support":{"heart_rate":true,"heart_rate_workout":true,"high_stress_index":false,"relaxation_prompt":false,"sedentary_reminder":true,"sleep_reminder":false,"spo2":true,"wear_detection":true},"wear_detection_status":{"is_worn":false,"last_updated_at":1774793053345}}
2026-03-29 19:34:13.625 | ZhQuery | onRingWearingStatus status=0
2026-03-29 19:34:13.626 | AlertService | queryCallback type=RingWearingStatusObtained
2026-03-29 19:34:13.628 | AlertService | saveAlertSettings={"device_address":"D8:5C:08:30:00:1E","heart_rate":{"low_enabled":true,"low_threshold":79,"resting_enabled":true,"resting_threshold":80,"workout_enabled":false,"workout_threshold":175},"pending_sync":{"heart_rate":true,"relaxation_prompt":false,"sedentary_reminder":false,"sleep_reminder":false,"spo2":false},"pressure_mode":{"relaxation_prompt_enabled":false,"stress_monitoring_enabled":false},"sedentary_reminder":{"end_hour":18,"end_minute":0,"interval":60,"repeat_count":0,"start_hour":9,"start_minute":0,"status":false},"sleep_reminder":{"hour":0,"millisecond":0,"minute":0,"second":0,"status":false},"snapshots":{"heart_rate":{"continuous_heart_rate_mode":0,"frequency":5,"mode":0},"sedentary_reminder":{"no_disturb_in_launch":false}},"spo2":{"enabled":true,"threshold":90},"support":{"heart_rate":true,"heart_rate_workout":true,"high_stress_index":false,"relaxation_prompt":false,"sedentary_reminder":true,"sleep_reminder":false,"spo2":true,"wear_detection":true},"wear_detection_status":{"is_worn":false,"last_updated_at":1774793053616}}
2026-03-29 19:34:13.631 | AlertService | queryCallback type=AlertFeatureSupportObtained
2026-03-29 19:34:13.637 | AlertService | saveAlertSettings={"device_address":"D8:5C:08:30:00:1E","heart_rate":{"low_enabled":true,"low_threshold":79,"resting_enabled":true,"resting_threshold":80,"workout_enabled":false,"workout_threshold":175},"pending_sync":{"heart_rate":true,"relaxation_prompt":false,"sedentary_reminder":false,"sleep_reminder":false,"spo2":false},"pressure_mode":{"relaxation_prompt_enabled":false,"stress_monitoring_enabled":false},"sedentary_reminder":{"end_hour":18,"end_minute":0,"interval":60,"repeat_count":0,"start_hour":9,"start_minute":0,"status":false},"sleep_reminder":{"hour":0,"millisecond":0,"minute":0,"second":0,"status":false},"snapshots":{"heart_rate":{"continuous_heart_rate_mode":0,"frequency":5,"mode":0},"sedentary_reminder":{"no_disturb_in_launch":false}},"spo2":{"enabled":true,"threshold":90},"support":{"heart_rate":true,"heart_rate_workout":true,"high_stress_index":false,"relaxation_prompt":false,"sedentary_reminder":true,"sleep_reminder":false,"spo2":true,"wear_detection":true},"wear_detection_status":{"is_worn":false,"last_updated_at":1774793053616}}
2026-03-29 19:34:13.944 | ZhQuery | onRingWearingStatus status=0
2026-03-29 19:34:13.945 | AlertService | queryCallback type=RingWearingStatusObtained
2026-03-29 19:34:13.949 | AlertService | saveAlertSettings={"device_address":"D8:5C:08:30:00:1E","heart_rate":{"low_enabled":true,"low_threshold":79,"resting_enabled":true,"resting_threshold":80,"workout_enabled":false,"workout_threshold":175},"pending_sync":{"heart_rate":true,"relaxation_prompt":false,"sedentary_reminder":false,"sleep_reminder":false,"spo2":false},"pressure_mode":{"relaxation_prompt_enabled":false,"stress_monitoring_enabled":false},"sedentary_reminder":{"end_hour":18,"end_minute":0,"interval":60,"repeat_count":0,"start_hour":9,"start_minute":0,"status":false},"sleep_reminder":{"hour":0,"millisecond":0,"minute":0,"second":0,"status":false},"snapshots":{"heart_rate":{"continuous_heart_rate_mode":0,"frequency":5,"mode":0},"sedentary_reminder":{"no_disturb_in_launch":false}},"spo2":{"enabled":true,"threshold":90},"support":{"heart_rate":true,"heart_rate_workout":true,"high_stress_index":false,"relaxation_prompt":false,"sedentary_reminder":true,"sleep_reminder":false,"spo2":true,"wear_detection":true},"wear_detection_status":{"is_worn":false,"last_updated_at":1774793053942}}
2026-03-29 19:34:13.954 | AlertService | queryCallback type=AlertFeatureSupportObtained
2026-03-29 19:34:13.960 | AlertService | saveAlertSettings={"device_address":"D8:5C:08:30:00:1E","heart_rate":{"low_enabled":true,"low_threshold":79,"resting_enabled":true,"resting_threshold":80,"workout_enabled":false,"workout_threshold":175},"pending_sync":{"heart_rate":true,"relaxation_prompt":false,"sedentary_reminder":false,"sleep_reminder":false,"spo2":false},"pressure_mode":{"relaxation_prompt_enabled":false,"stress_monitoring_enabled":false},"sedentary_reminder":{"end_hour":18,"end_minute":0,"interval":60,"repeat_count":0,"start_hour":9,"start_minute":0,"status":false},"sleep_reminder":{"hour":0,"millisecond":0,"minute":0,"second":0,"status":false},"snapshots":{"heart_rate":{"continuous_heart_rate_mode":0,"frequency":5,"mode":0},"sedentary_reminder":{"no_disturb_in_launch":false}},"spo2":{"enabled":true,"threshold":90},"support":{"heart_rate":true,"heart_rate_workout":true,"high_stress_index":false,"relaxation_prompt":false,"sedentary_reminder":true,"sleep_reminder":false,"spo2":true,"wear_detection":true},"wear_detection_status":{"is_worn":false,"last_updated_at":1774793053942}}
2026-03-29 19:34:14.437 | AlertService | queryCallback type=UpdateFirmwareLogStatus
2026-03-29 19:34:14.791 | ZhQuery | onRingWearingStatus status=0
2026-03-29 19:34:14.793 | AlertService | queryCallback type=RingWearingStatusObtained
2026-03-29 19:34:14.795 | AlertService | saveAlertSettings={"device_address":"D8:5C:08:30:00:1E","heart_rate":{"low_enabled":true,"low_threshold":79,"resting_enabled":true,"resting_threshold":80,"workout_enabled":false,"workout_threshold":175},"pending_sync":{"heart_rate":true,"relaxation_prompt":false,"sedentary_reminder":false,"sleep_reminder":false,"spo2":false},"pressure_mode":{"relaxation_prompt_enabled":false,"stress_monitoring_enabled":false},"sedentary_reminder":{"end_hour":18,"end_minute":0,"interval":60,"repeat_count":0,"start_hour":9,"start_minute":0,"status":false},"sleep_reminder":{"hour":0,"millisecond":0,"minute":0,"second":0,"status":false},"snapshots":{"heart_rate":{"continuous_heart_rate_mode":0,"frequency":5,"mode":0},"sedentary_reminder":{"no_disturb_in_launch":false}},"spo2":{"enabled":true,"threshold":90},"support":{"heart_rate":true,"heart_rate_workout":true,"high_stress_index":false,"relaxation_prompt":false,"sedentary_reminder":true,"sleep_reminder":false,"spo2":true,"wear_detection":true},"wear_detection_status":{"is_worn":false,"last_updated_at":1774793054787}}
2026-03-29 19:34:14.797 | AlertService | queryCallback type=AlertFeatureSupportObtained
2026-03-29 19:34:14.800 | AlertService | saveAlertSettings={"device_address":"D8:5C:08:30:00:1E","heart_rate":{"low_enabled":true,"low_threshold":79,"resting_enabled":true,"resting_threshold":80,"workout_enabled":false,"workout_threshold":175},"pending_sync":{"heart_rate":true,"relaxation_prompt":false,"sedentary_reminder":false,"sleep_reminder":false,"spo2":false},"pressure_mode":{"relaxation_prompt_enabled":false,"stress_monitoring_enabled":false},"sedentary_reminder":{"end_hour":18,"end_minute":0,"interval":60,"repeat_count":0,"start_hour":9,"start_minute":0,"status":false},"sleep_reminder":{"hour":0,"millisecond":0,"minute":0,"second":0,"status":false},"snapshots":{"heart_rate":{"continuous_heart_rate_mode":0,"frequency":5,"mode":0},"sedentary_reminder":{"no_disturb_in_launch":false}},"spo2":{"enabled":true,"threshold":90},"support":{"heart_rate":true,"heart_rate_workout":true,"high_stress_index":false,"relaxation_prompt":false,"sedentary_reminder":true,"sleep_reminder":false,"spo2":true,"wear_detection":true},"wear_detection_status":{"is_worn":false,"last_updated_at":1774793054787}}
2026-03-29 19:34:15.163 | AlertService | queryCallback type=UpdateFirmwareLogStatus
2026-03-29 19:34:15.410 | ZhQuery | onRingWearingStatus status=0
2026-03-29 19:34:15.416 | AlertService | queryCallback type=RingWearingStatusObtained
2026-03-29 19:34:15.423 | AlertService | saveAlertSettings={"device_address":"D8:5C:08:30:00:1E","heart_rate":{"low_enabled":true,"low_threshold":79,"resting_enabled":true,"resting_threshold":80,"workout_enabled":false,"workout_threshold":175},"pending_sync":{"heart_rate":true,"relaxation_prompt":false,"sedentary_reminder":false,"sleep_reminder":false,"spo2":false},"pressure_mode":{"relaxation_prompt_enabled":false,"stress_monitoring_enabled":false},"sedentary_reminder":{"end_hour":18,"end_minute":0,"interval":60,"repeat_count":0,"start_hour":9,"start_minute":0,"status":false},"sleep_reminder":{"hour":0,"millisecond":0,"minute":0,"second":0,"status":false},"snapshots":{"heart_rate":{"continuous_heart_rate_mode":0,"frequency":5,"mode":0},"sedentary_reminder":{"no_disturb_in_launch":false}},"spo2":{"enabled":true,"threshold":90},"support":{"heart_rate":true,"heart_rate_workout":true,"high_stress_index":false,"relaxation_prompt":false,"sedentary_reminder":true,"sleep_reminder":false,"spo2":true,"wear_detection":true},"wear_detection_status":{"is_worn":false,"last_updated_at":1774793055407}}
2026-03-29 19:34:15.434 | AlertService | queryCallback type=AlertFeatureSupportObtained
2026-03-29 19:34:15.437 | AlertService | saveAlertSettings={"device_address":"D8:5C:08:30:00:1E","heart_rate":{"low_enabled":true,"low_threshold":79,"resting_enabled":true,"resting_threshold":80,"workout_enabled":false,"workout_threshold":175},"pending_sync":{"heart_rate":true,"relaxation_prompt":false,"sedentary_reminder":false,"sleep_reminder":false,"spo2":false},"pressure_mode":{"relaxation_prompt_enabled":false,"stress_monitoring_enabled":false},"sedentary_reminder":{"end_hour":18,"end_minute":0,"interval":60,"repeat_count":0,"start_hour":9,"start_minute":0,"status":false},"sleep_reminder":{"hour":0,"millisecond":0,"minute":0,"second":0,"status":false},"snapshots":{"heart_rate":{"continuous_heart_rate_mode":0,"frequency":5,"mode":0},"sedentary_reminder":{"no_disturb_in_launch":false}},"spo2":{"enabled":true,"threshold":90},"support":{"heart_rate":true,"heart_rate_workout":true,"high_stress_index":false,"relaxation_prompt":false,"sedentary_reminder":true,"sleep_reminder":false,"spo2":true,"wear_detection":true},"wear_detection_status":{"is_worn":false,"last_updated_at":1774793055407}}
2026-03-29 19:34:15.835 | ZhQuery | onRingWearingStatus status=0
2026-03-29 19:34:15.843 | AlertService | queryCallback type=RingWearingStatusObtained
2026-03-29 19:34:15.845 | AlertService | saveAlertSettings={"device_address":"D8:5C:08:30:00:1E","heart_rate":{"low_enabled":true,"low_threshold":79,"resting_enabled":true,"resting_threshold":80,"workout_enabled":false,"workout_threshold":175},"pending_sync":{"heart_rate":true,"relaxation_prompt":false,"sedentary_reminder":false,"sleep_reminder":false,"spo2":false},"pressure_mode":{"relaxation_prompt_enabled":false,"stress_monitoring_enabled":false},"sedentary_reminder":{"end_hour":18,"end_minute":0,"interval":60,"repeat_count":0,"start_hour":9,"start_minute":0,"status":false},"sleep_reminder":{"hour":0,"millisecond":0,"minute":0,"second":0,"status":false},"snapshots":{"heart_rate":{"continuous_heart_rate_mode":0,"frequency":5,"mode":0},"sedentary_reminder":{"no_disturb_in_launch":false}},"spo2":{"enabled":true,"threshold":90},"support":{"heart_rate":true,"heart_rate_workout":true,"high_stress_index":false,"relaxation_prompt":false,"sedentary_reminder":true,"sleep_reminder":false,"spo2":true,"wear_detection":true},"wear_detection_status":{"is_worn":false,"last_updated_at":1774793055840}}
2026-03-29 19:34:15.852 | AlertService | queryCallback type=AlertFeatureSupportObtained
2026-03-29 19:34:15.853 | AlertService | saveAlertSettings={"device_address":"D8:5C:08:30:00:1E","heart_rate":{"low_enabled":true,"low_threshold":79,"resting_enabled":true,"resting_threshold":80,"workout_enabled":false,"workout_threshold":175},"pending_sync":{"heart_rate":true,"relaxation_prompt":false,"sedentary_reminder":false,"sleep_reminder":false,"spo2":false},"pressure_mode":{"relaxation_prompt_enabled":false,"stress_monitoring_enabled":false},"sedentary_reminder":{"end_hour":18,"end_minute":0,"interval":60,"repeat_count":0,"start_hour":9,"start_minute":0,"status":false},"sleep_reminder":{"hour":0,"millisecond":0,"minute":0,"second":0,"status":false},"snapshots":{"heart_rate":{"continuous_heart_rate_mode":0,"frequency":5,"mode":0},"sedentary_reminder":{"no_disturb_in_launch":false}},"spo2":{"enabled":true,"threshold":90},"support":{"heart_rate":true,"heart_rate_workout":true,"high_stress_index":false,"relaxation_prompt":false,"sedentary_reminder":true,"sleep_reminder":false,"spo2":true,"wear_detection":true},"wear_detection_status":{"is_worn":false,"last_updated_at":1774793055840}}
2026-03-29 19:34:16.305 | AlertService | queryCallback type=UpdateFirmwareLogStatus
2026-03-29 19:34:16.796 | ZhQuery | onRingWearingStatus status=0
2026-03-29 19:34:16.798 | AlertService | queryCallback type=RingWearingStatusObtained
2026-03-29 19:34:16.800 | AlertService | saveAlertSettings={"device_address":"D8:5C:08:30:00:1E","heart_rate":{"low_enabled":true,"low_threshold":79,"resting_enabled":true,"resting_threshold":80,"workout_enabled":false,"workout_threshold":175},"pending_sync":{"heart_rate":true,"relaxation_prompt":false,"sedentary_reminder":false,"sleep_reminder":false,"spo2":false},"pressure_mode":{"relaxation_prompt_enabled":false,"stress_monitoring_enabled":false},"sedentary_reminder":{"end_hour":18,"end_minute":0,"interval":60,"repeat_count":0,"start_hour":9,"start_minute":0,"status":false},"sleep_reminder":{"hour":0,"millisecond":0,"minute":0,"second":0,"status":false},"snapshots":{"heart_rate":{"continuous_heart_rate_mode":0,"frequency":5,"mode":0},"sedentary_reminder":{"no_disturb_in_launch":false}},"spo2":{"enabled":true,"threshold":90},"support":{"heart_rate":true,"heart_rate_workout":true,"high_stress_index":false,"relaxation_prompt":false,"sedentary_reminder":true,"sleep_reminder":false,"spo2":true,"wear_detection":true},"wear_detection_status":{"is_worn":false,"last_updated_at":1774793056791}}
2026-03-29 19:34:16.811 | AlertService | queryCallback type=AlertFeatureSupportObtained
2026-03-29 19:34:16.813 | AlertService | saveAlertSettings={"device_address":"D8:5C:08:30:00:1E","heart_rate":{"low_enabled":true,"low_threshold":79,"resting_enabled":true,"resting_threshold":80,"workout_enabled":false,"workout_threshold":175},"pending_sync":{"heart_rate":true,"relaxation_prompt":false,"sedentary_reminder":false,"sleep_reminder":false,"spo2":false},"pressure_mode":{"relaxation_prompt_enabled":false,"stress_monitoring_enabled":false},"sedentary_reminder":{"end_hour":18,"end_minute":0,"interval":60,"repeat_count":0,"start_hour":9,"start_minute":0,"status":false},"sleep_reminder":{"hour":0,"millisecond":0,"minute":0,"second":0,"status":false},"snapshots":{"heart_rate":{"continuous_heart_rate_mode":0,"frequency":5,"mode":0},"sedentary_reminder":{"no_disturb_in_launch":false}},"spo2":{"enabled":true,"threshold":90},"support":{"heart_rate":true,"heart_rate_workout":true,"high_stress_index":false,"relaxation_prompt":false,"sedentary_reminder":true,"sleep_reminder":false,"spo2":true,"wear_detection":true},"wear_detection_status":{"is_worn":false,"last_updated_at":1774793056791}}
2026-03-29 19:34:17.273 | AlertService | queryCallback type=UpdateFirmwareLogStatus
2026-03-29 19:34:17.509 | ZhQuery | onRingWearingStatus status=0
2026-03-29 19:34:17.512 | AlertService | queryCallback type=RingWearingStatusObtained
2026-03-29 19:34:17.515 | AlertService | saveAlertSettings={"device_address":"D8:5C:08:30:00:1E","heart_rate":{"low_enabled":true,"low_threshold":79,"resting_enabled":true,"resting_threshold":80,"workout_enabled":false,"workout_threshold":175},"pending_sync":{"heart_rate":true,"relaxation_prompt":false,"sedentary_reminder":false,"sleep_reminder":false,"spo2":false},"pressure_mode":{"relaxation_prompt_enabled":false,"stress_monitoring_enabled":false},"sedentary_reminder":{"end_hour":18,"end_minute":0,"interval":60,"repeat_count":0,"start_hour":9,"start_minute":0,"status":false},"sleep_reminder":{"hour":0,"millisecond":0,"minute":0,"second":0,"status":false},"snapshots":{"heart_rate":{"continuous_heart_rate_mode":0,"frequency":5,"mode":0},"sedentary_reminder":{"no_disturb_in_launch":false}},"spo2":{"enabled":true,"threshold":90},"support":{"heart_rate":true,"heart_rate_workout":true,"high_stress_index":false,"relaxation_prompt":false,"sedentary_reminder":true,"sleep_reminder":false,"spo2":true,"wear_detection":true},"wear_detection_status":{"is_worn":false,"last_updated_at":1774793057507}}
2026-03-29 19:34:17.523 | AlertService | queryCallback type=AlertFeatureSupportObtained
2026-03-29 19:34:17.525 | AlertService | saveAlertSettings={"device_address":"D8:5C:08:30:00:1E","heart_rate":{"low_enabled":true,"low_threshold":79,"resting_enabled":true,"resting_threshold":80,"workout_enabled":false,"workout_threshold":175},"pending_sync":{"heart_rate":true,"relaxation_prompt":false,"sedentary_reminder":false,"sleep_reminder":false,"spo2":false},"pressure_mode":{"relaxation_prompt_enabled":false,"stress_monitoring_enabled":false},"sedentary_reminder":{"end_hour":18,"end_minute":0,"interval":60,"repeat_count":0,"start_hour":9,"start_minute":0,"status":false},"sleep_reminder":{"hour":0,"millisecond":0,"minute":0,"second":0,"status":false},"snapshots":{"heart_rate":{"continuous_heart_rate_mode":0,"frequency":5,"mode":0},"sedentary_reminder":{"no_disturb_in_launch":false}},"spo2":{"enabled":true,"threshold":90},"support":{"heart_rate":true,"heart_rate_workout":true,"high_stress_index":false,"relaxation_prompt":false,"sedentary_reminder":true,"sleep_reminder":false,"spo2":true,"wear_detection":true},"wear_detection_status":{"is_worn":false,"last_updated_at":1774793057507}}
2026-03-29 19:34:17.953 | ZhQuery | onRingWearingStatus status=0
2026-03-29 19:34:17.955 | AlertService | queryCallback type=RingWearingStatusObtained
2026-03-29 19:34:17.958 | AlertService | saveAlertSettings={"device_address":"D8:5C:08:30:00:1E","heart_rate":{"low_enabled":true,"low_threshold":79,"resting_enabled":true,"resting_threshold":80,"workout_enabled":false,"workout_threshold":175},"pending_sync":{"heart_rate":true,"relaxation_prompt":false,"sedentary_reminder":false,"sleep_reminder":false,"spo2":false},"pressure_mode":{"relaxation_prompt_enabled":false,"stress_monitoring_enabled":false},"sedentary_reminder":{"end_hour":18,"end_minute":0,"interval":60,"repeat_count":0,"start_hour":9,"start_minute":0,"status":false},"sleep_reminder":{"hour":0,"millisecond":0,"minute":0,"second":0,"status":false},"snapshots":{"heart_rate":{"continuous_heart_rate_mode":0,"frequency":5,"mode":0},"sedentary_reminder":{"no_disturb_in_launch":false}},"spo2":{"enabled":true,"threshold":90},"support":{"heart_rate":true,"heart_rate_workout":true,"high_stress_index":false,"relaxation_prompt":false,"sedentary_reminder":true,"sleep_reminder":false,"spo2":true,"wear_detection":true},"wear_detection_status":{"is_worn":false,"last_updated_at":1774793057950}}
2026-03-29 19:34:17.962 | AlertService | queryCallback type=AlertFeatureSupportObtained
2026-03-29 19:34:17.965 | AlertService | saveAlertSettings={"device_address":"D8:5C:08:30:00:1E","heart_rate":{"low_enabled":true,"low_threshold":79,"resting_enabled":true,"resting_threshold":80,"workout_enabled":false,"workout_threshold":175},"pending_sync":{"heart_rate":true,"relaxation_prompt":false,"sedentary_reminder":false,"sleep_reminder":false,"spo2":false},"pressure_mode":{"relaxation_prompt_enabled":false,"stress_monitoring_enabled":false},"sedentary_reminder":{"end_hour":18,"end_minute":0,"interval":60,"repeat_count":0,"start_hour":9,"start_minute":0,"status":false},"sleep_reminder":{"hour":0,"millisecond":0,"minute":0,"second":0,"status":false},"snapshots":{"heart_rate":{"continuous_heart_rate_mode":0,"frequency":5,"mode":0},"sedentary_reminder":{"no_disturb_in_launch":false}},"spo2":{"enabled":true,"threshold":90},"support":{"heart_rate":true,"heart_rate_workout":true,"high_stress_index":false,"relaxation_prompt":false,"sedentary_reminder":true,"sleep_reminder":false,"spo2":true,"wear_detection":true},"wear_detection_status":{"is_worn":false,"last_updated_at":1774793057950}}
2026-03-29 19:34:18.173 | AlertService | queryCallback type=BatteryDataObtained
2026-03-29 19:34:18.749 | AlertService | queryCallback type=UpdateFirmwareLogStatus
2026-03-29 19:34:18.976 | ZhQuery | onRingWearingStatus status=0
2026-03-29 19:34:18.979 | AlertService | queryCallback type=RingWearingStatusObtained
2026-03-29 19:34:18.984 | AlertService | saveAlertSettings={"device_address":"D8:5C:08:30:00:1E","heart_rate":{"low_enabled":true,"low_threshold":79,"resting_enabled":true,"resting_threshold":80,"workout_enabled":false,"workout_threshold":175},"pending_sync":{"heart_rate":true,"relaxation_prompt":false,"sedentary_reminder":false,"sleep_reminder":false,"spo2":false},"pressure_mode":{"relaxation_prompt_enabled":false,"stress_monitoring_enabled":false},"sedentary_reminder":{"end_hour":18,"end_minute":0,"interval":60,"repeat_count":0,"start_hour":9,"start_minute":0,"status":false},"sleep_reminder":{"hour":0,"millisecond":0,"minute":0,"second":0,"status":false},"snapshots":{"heart_rate":{"continuous_heart_rate_mode":0,"frequency":5,"mode":0},"sedentary_reminder":{"no_disturb_in_launch":false}},"spo2":{"enabled":true,"threshold":90},"support":{"heart_rate":true,"heart_rate_workout":true,"high_stress_index":false,"relaxation_prompt":false,"sedentary_reminder":true,"sleep_reminder":false,"spo2":true,"wear_detection":true},"wear_detection_status":{"is_worn":false,"last_updated_at":1774793058975}}
2026-03-29 19:34:18.989 | AlertService | queryCallback type=AlertFeatureSupportObtained
2026-03-29 19:34:18.994 | AlertService | saveAlertSettings={"device_address":"D8:5C:08:30:00:1E","heart_rate":{"low_enabled":true,"low_threshold":79,"resting_enabled":true,"resting_threshold":80,"workout_enabled":false,"workout_threshold":175},"pending_sync":{"heart_rate":true,"relaxation_prompt":false,"sedentary_reminder":false,"sleep_reminder":false,"spo2":false},"pressure_mode":{"relaxation_prompt_enabled":false,"stress_monitoring_enabled":false},"sedentary_reminder":{"end_hour":18,"end_minute":0,"interval":60,"repeat_count":0,"start_hour":9,"start_minute":0,"status":false},"sleep_reminder":{"hour":0,"millisecond":0,"minute":0,"second":0,"status":false},"snapshots":{"heart_rate":{"continuous_heart_rate_mode":0,"frequency":5,"mode":0},"sedentary_reminder":{"no_disturb_in_launch":false}},"spo2":{"enabled":true,"threshold":90},"support":{"heart_rate":true,"heart_rate_workout":true,"high_stress_index":false,"relaxation_prompt":false,"sedentary_reminder":true,"sleep_reminder":false,"spo2":true,"wear_detection":true},"wear_detection_status":{"is_worn":false,"last_updated_at":1774793058975}}
2026-03-29 19:34:19.430 | AlertService | queryCallback type=UpdateFirmwareLogStatus
2026-03-29 19:34:19.769 | ZhQuery | onRingWearingStatus status=0
2026-03-29 19:34:19.773 | AlertService | queryCallback type=RingWearingStatusObtained
2026-03-29 19:34:19.778 | AlertService | saveAlertSettings={"device_address":"D8:5C:08:30:00:1E","heart_rate":{"low_enabled":true,"low_threshold":79,"resting_enabled":true,"resting_threshold":80,"workout_enabled":false,"workout_threshold":175},"pending_sync":{"heart_rate":true,"relaxation_prompt":false,"sedentary_reminder":false,"sleep_reminder":false,"spo2":false},"pressure_mode":{"relaxation_prompt_enabled":false,"stress_monitoring_enabled":false},"sedentary_reminder":{"end_hour":18,"end_minute":0,"interval":60,"repeat_count":0,"start_hour":9,"start_minute":0,"status":false},"sleep_reminder":{"hour":0,"millisecond":0,"minute":0,"second":0,"status":false},"snapshots":{"heart_rate":{"continuous_heart_rate_mode":0,"frequency":5,"mode":0},"sedentary_reminder":{"no_disturb_in_launch":false}},"spo2":{"enabled":true,"threshold":90},"support":{"heart_rate":true,"heart_rate_workout":true,"high_stress_index":false,"relaxation_prompt":false,"sedentary_reminder":true,"sleep_reminder":false,"spo2":true,"wear_detection":true},"wear_detection_status":{"is_worn":false,"last_updated_at":1774793059760}}
2026-03-29 19:34:19.784 | AlertService | queryCallback type=AlertFeatureSupportObtained
2026-03-29 19:34:19.790 | AlertService | saveAlertSettings={"device_address":"D8:5C:08:30:00:1E","heart_rate":{"low_enabled":true,"low_threshold":79,"resting_enabled":true,"resting_threshold":80,"workout_enabled":false,"workout_threshold":175},"pending_sync":{"heart_rate":true,"relaxation_prompt":false,"sedentary_reminder":false,"sleep_reminder":false,"spo2":false},"pressure_mode":{"relaxation_prompt_enabled":false,"stress_monitoring_enabled":false},"sedentary_reminder":{"end_hour":18,"end_minute":0,"interval":60,"repeat_count":0,"start_hour":9,"start_minute":0,"status":false},"sleep_reminder":{"hour":0,"millisecond":0,"minute":0,"second":0,"status":false},"snapshots":{"heart_rate":{"continuous_heart_rate_mode":0,"frequency":5,"mode":0},"sedentary_reminder":{"no_disturb_in_launch":false}},"spo2":{"enabled":true,"threshold":90},"support":{"heart_rate":true,"heart_rate_workout":true,"high_stress_index":false,"relaxation_prompt":false,"sedentary_reminder":true,"sleep_reminder":false,"spo2":true,"wear_detection":true},"wear_detection_status":{"is_worn":false,"last_updated_at":1774793059760}}
2026-03-29 19:34:20.329 | AlertService | queryCallback type=UpdateFirmwareLogStatus
2026-03-29 19:34:20.594 | ZhQuery | onRingWearingStatus status=0
2026-03-29 19:34:20.598 | AlertService | queryCallback type=RingWearingStatusObtained
2026-03-29 19:34:20.605 | AlertService | saveAlertSettings={"device_address":"D8:5C:08:30:00:1E","heart_rate":{"low_enabled":true,"low_threshold":79,"resting_enabled":true,"resting_threshold":80,"workout_enabled":false,"workout_threshold":175},"pending_sync":{"heart_rate":true,"relaxation_prompt":false,"sedentary_reminder":false,"sleep_reminder":false,"spo2":false},"pressure_mode":{"relaxation_prompt_enabled":false,"stress_monitoring_enabled":false},"sedentary_reminder":{"end_hour":18,"end_minute":0,"interval":60,"repeat_count":0,"start_hour":9,"start_minute":0,"status":false},"sleep_reminder":{"hour":0,"millisecond":0,"minute":0,"second":0,"status":false},"snapshots":{"heart_rate":{"continuous_heart_rate_mode":0,"frequency":5,"mode":0},"sedentary_reminder":{"no_disturb_in_launch":false}},"spo2":{"enabled":true,"threshold":90},"support":{"heart_rate":true,"heart_rate_workout":true,"high_stress_index":false,"relaxation_prompt":false,"sedentary_reminder":true,"sleep_reminder":false,"spo2":true,"wear_detection":true},"wear_detection_status":{"is_worn":false,"last_updated_at":1774793060591}}
2026-03-29 19:34:20.609 | AlertService | queryCallback type=AlertFeatureSupportObtained
2026-03-29 19:34:20.612 | AlertService | saveAlertSettings={"device_address":"D8:5C:08:30:00:1E","heart_rate":{"low_enabled":true,"low_threshold":79,"resting_enabled":true,"resting_threshold":80,"workout_enabled":false,"workout_threshold":175},"pending_sync":{"heart_rate":true,"relaxation_prompt":false,"sedentary_reminder":false,"sleep_reminder":false,"spo2":false},"pressure_mode":{"relaxation_prompt_enabled":false,"stress_monitoring_enabled":false},"sedentary_reminder":{"end_hour":18,"end_minute":0,"interval":60,"repeat_count":0,"start_hour":9,"start_minute":0,"status":false},"sleep_reminder":{"hour":0,"millisecond":0,"minute":0,"second":0,"status":false},"snapshots":{"heart_rate":{"continuous_heart_rate_mode":0,"frequency":5,"mode":0},"sedentary_reminder":{"no_disturb_in_launch":false}},"spo2":{"enabled":true,"threshold":90},"support":{"heart_rate":true,"heart_rate_workout":true,"high_stress_index":false,"relaxation_prompt":false,"sedentary_reminder":true,"sleep_reminder":false,"spo2":true,"wear_detection":true},"wear_detection_status":{"is_worn":false,"last_updated_at":1774793060591}}
2026-03-29 19:34:20.922 | ZhQuery | onRingWearingStatus status=0
2026-03-29 19:34:20.930 | AlertService | queryCallback type=RingWearingStatusObtained
2026-03-29 19:34:20.942 | AlertService | saveAlertSettings={"device_address":"D8:5C:08:30:00:1E","heart_rate":{"low_enabled":true,"low_threshold":79,"resting_enabled":true,"resting_threshold":80,"workout_enabled":false,"workout_threshold":175},"pending_sync":{"heart_rate":true,"relaxation_prompt":false,"sedentary_reminder":false,"sleep_reminder":false,"spo2":false},"pressure_mode":{"relaxation_prompt_enabled":false,"stress_monitoring_enabled":false},"sedentary_reminder":{"end_hour":18,"end_minute":0,"interval":60,"repeat_count":0,"start_hour":9,"start_minute":0,"status":false},"sleep_reminder":{"hour":0,"millisecond":0,"minute":0,"second":0,"status":false},"snapshots":{"heart_rate":{"continuous_heart_rate_mode":0,"frequency":5,"mode":0},"sedentary_reminder":{"no_disturb_in_launch":false}},"spo2":{"enabled":true,"threshold":90},"support":{"heart_rate":true,"heart_rate_workout":true,"high_stress_index":false,"relaxation_prompt":false,"sedentary_reminder":true,"sleep_reminder":false,"spo2":true,"wear_detection":true},"wear_detection_status":{"is_worn":false,"last_updated_at":1774793060918}}
2026-03-29 19:34:20.943 | AlertService | queryCallback type=AlertFeatureSupportObtained
2026-03-29 19:34:20.950 | AlertService | saveAlertSettings={"device_address":"D8:5C:08:30:00:1E","heart_rate":{"low_enabled":true,"low_threshold":79,"resting_enabled":true,"resting_threshold":80,"workout_enabled":false,"workout_threshold":175},"pending_sync":{"heart_rate":true,"relaxation_prompt":false,"sedentary_reminder":false,"sleep_reminder":false,"spo2":false},"pressure_mode":{"relaxation_prompt_enabled":false,"stress_monitoring_enabled":false},"sedentary_reminder":{"end_hour":18,"end_minute":0,"interval":60,"repeat_count":0,"start_hour":9,"start_minute":0,"status":false},"sleep_reminder":{"hour":0,"millisecond":0,"minute":0,"second":0,"status":false},"snapshots":{"heart_rate":{"continuous_heart_rate_mode":0,"frequency":5,"mode":0},"sedentary_reminder":{"no_disturb_in_launch":false}},"spo2":{"enabled":true,"threshold":90},"support":{"heart_rate":true,"heart_rate_workout":true,"high_stress_index":false,"relaxation_prompt":false,"sedentary_reminder":true,"sleep_reminder":false,"spo2":true,"wear_detection":true},"wear_detection_status":{"is_worn":false,"last_updated_at":1774793060918}}
2026-03-29 19:34:21.315 | AlertService | queryCallback type=UpdateFirmwareLogStatus
2026-03-29 19:34:21.590 | ZhQuery | onRingWearingStatus status=0
2026-03-29 19:34:21.594 | AlertService | queryCallback type=RingWearingStatusObtained
2026-03-29 19:34:21.599 | AlertService | saveAlertSettings={"device_address":"D8:5C:08:30:00:1E","heart_rate":{"low_enabled":true,"low_threshold":79,"resting_enabled":true,"resting_threshold":80,"workout_enabled":false,"workout_threshold":175},"pending_sync":{"heart_rate":true,"relaxation_prompt":false,"sedentary_reminder":false,"sleep_reminder":false,"spo2":false},"pressure_mode":{"relaxation_prompt_enabled":false,"stress_monitoring_enabled":false},"sedentary_reminder":{"end_hour":18,"end_minute":0,"interval":60,"repeat_count":0,"start_hour":9,"start_minute":0,"status":false},"sleep_reminder":{"hour":0,"millisecond":0,"minute":0,"second":0,"status":false},"snapshots":{"heart_rate":{"continuous_heart_rate_mode":0,"frequency":5,"mode":0},"sedentary_reminder":{"no_disturb_in_launch":false}},"spo2":{"enabled":true,"threshold":90},"support":{"heart_rate":true,"heart_rate_workout":true,"high_stress_index":false,"relaxation_prompt":false,"sedentary_reminder":true,"sleep_reminder":false,"spo2":true,"wear_detection":true},"wear_detection_status":{"is_worn":false,"last_updated_at":1774793061587}}
2026-03-29 19:34:21.602 | AlertService | queryCallback type=AlertFeatureSupportObtained
2026-03-29 19:34:21.605 | AlertService | saveAlertSettings={"device_address":"D8:5C:08:30:00:1E","heart_rate":{"low_enabled":true,"low_threshold":79,"resting_enabled":true,"resting_threshold":80,"workout_enabled":false,"workout_threshold":175},"pending_sync":{"heart_rate":true,"relaxation_prompt":false,"sedentary_reminder":false,"sleep_reminder":false,"spo2":false},"pressure_mode":{"relaxation_prompt_enabled":false,"stress_monitoring_enabled":false},"sedentary_reminder":{"end_hour":18,"end_minute":0,"interval":60,"repeat_count":0,"start_hour":9,"start_minute":0,"status":false},"sleep_reminder":{"hour":0,"millisecond":0,"minute":0,"second":0,"status":false},"snapshots":{"heart_rate":{"continuous_heart_rate_mode":0,"frequency":5,"mode":0},"sedentary_reminder":{"no_disturb_in_launch":false}},"spo2":{"enabled":true,"threshold":90},"support":{"heart_rate":true,"heart_rate_workout":true,"high_stress_index":false,"relaxation_prompt":false,"sedentary_reminder":true,"sleep_reminder":false,"spo2":true,"wear_detection":true},"wear_detection_status":{"is_worn":false,"last_updated_at":1774793061587}}
2026-03-29 19:34:21.965 | ZhQuery | onRingWearingStatus status=0
2026-03-29 19:34:21.969 | AlertService | queryCallback type=RingWearingStatusObtained
2026-03-29 19:34:21.972 | AlertService | saveAlertSettings={"device_address":"D8:5C:08:30:00:1E","heart_rate":{"low_enabled":true,"low_threshold":79,"resting_enabled":true,"resting_threshold":80,"workout_enabled":false,"workout_threshold":175},"pending_sync":{"heart_rate":true,"relaxation_prompt":false,"sedentary_reminder":false,"sleep_reminder":false,"spo2":false},"pressure_mode":{"relaxation_prompt_enabled":false,"stress_monitoring_enabled":false},"sedentary_reminder":{"end_hour":18,"end_minute":0,"interval":60,"repeat_count":0,"start_hour":9,"start_minute":0,"status":false},"sleep_reminder":{"hour":0,"millisecond":0,"minute":0,"second":0,"status":false},"snapshots":{"heart_rate":{"continuous_heart_rate_mode":0,"frequency":5,"mode":0},"sedentary_reminder":{"no_disturb_in_launch":false}},"spo2":{"enabled":true,"threshold":90},"support":{"heart_rate":true,"heart_rate_workout":true,"high_stress_index":false,"relaxation_prompt":false,"sedentary_reminder":true,"sleep_reminder":false,"spo2":true,"wear_detection":true},"wear_detection_status":{"is_worn":false,"last_updated_at":1774793061955}}
2026-03-29 19:34:21.976 | AlertService | queryCallback type=AlertFeatureSupportObtained
2026-03-29 19:34:21.980 | AlertService | saveAlertSettings={"device_address":"D8:5C:08:30:00:1E","heart_rate":{"low_enabled":true,"low_threshold":79,"resting_enabled":true,"resting_threshold":80,"workout_enabled":false,"workout_threshold":175},"pending_sync":{"heart_rate":true,"relaxation_prompt":false,"sedentary_reminder":false,"sleep_reminder":false,"spo2":false},"pressure_mode":{"relaxation_prompt_enabled":false,"stress_monitoring_enabled":false},"sedentary_reminder":{"end_hour":18,"end_minute":0,"interval":60,"repeat_count":0,"start_hour":9,"start_minute":0,"status":false},"sleep_reminder":{"hour":0,"millisecond":0,"minute":0,"second":0,"status":false},"snapshots":{"heart_rate":{"continuous_heart_rate_mode":0,"frequency":5,"mode":0},"sedentary_reminder":{"no_disturb_in_launch":false}},"spo2":{"enabled":true,"threshold":90},"support":{"heart_rate":true,"heart_rate_workout":true,"high_stress_index":false,"relaxation_prompt":false,"sedentary_reminder":true,"sleep_reminder":false,"spo2":true,"wear_detection":true},"wear_detection_status":{"is_worn":false,"last_updated_at":1774793061955}}
2026-03-29 19:34:22.259 | AlertService | queryCallback type=UpdateFirmwareLogStatus
2026-03-29 19:34:22.534 | ZhQuery | onRingWearingStatus status=0
2026-03-29 19:34:22.538 | AlertService | queryCallback type=RingWearingStatusObtained
2026-03-29 19:34:22.544 | AlertService | saveAlertSettings={"device_address":"D8:5C:08:30:00:1E","heart_rate":{"low_enabled":true,"low_threshold":79,"resting_enabled":true,"resting_threshold":80,"workout_enabled":false,"workout_threshold":175},"pending_sync":{"heart_rate":true,"relaxation_prompt":false,"sedentary_reminder":false,"sleep_reminder":false,"spo2":false},"pressure_mode":{"relaxation_prompt_enabled":false,"stress_monitoring_enabled":false},"sedentary_reminder":{"end_hour":18,"end_minute":0,"interval":60,"repeat_count":0,"start_hour":9,"start_minute":0,"status":false},"sleep_reminder":{"hour":0,"millisecond":0,"minute":0,"second":0,"status":false},"snapshots":{"heart_rate":{"continuous_heart_rate_mode":0,"frequency":5,"mode":0},"sedentary_reminder":{"no_disturb_in_launch":false}},"spo2":{"enabled":true,"threshold":90},"support":{"heart_rate":true,"heart_rate_workout":true,"high_stress_index":false,"relaxation_prompt":false,"sedentary_reminder":true,"sleep_reminder":false,"spo2":true,"wear_detection":true},"wear_detection_status":{"is_worn":false,"last_updated_at":1774793062531}}
2026-03-29 19:34:22.549 | AlertService | queryCallback type=AlertFeatureSupportObtained
2026-03-29 19:34:22.553 | AlertService | saveAlertSettings={"device_address":"D8:5C:08:30:00:1E","heart_rate":{"low_enabled":true,"low_threshold":79,"resting_enabled":true,"resting_threshold":80,"workout_enabled":false,"workout_threshold":175},"pending_sync":{"heart_rate":true,"relaxation_prompt":false,"sedentary_reminder":false,"sleep_reminder":false,"spo2":false},"pressure_mode":{"relaxation_prompt_enabled":false,"stress_monitoring_enabled":false},"sedentary_reminder":{"end_hour":18,"end_minute":0,"interval":60,"repeat_count":0,"start_hour":9,"start_minute":0,"status":false},"sleep_reminder":{"hour":0,"millisecond":0,"minute":0,"second":0,"status":false},"snapshots":{"heart_rate":{"continuous_heart_rate_mode":0,"frequency":5,"mode":0},"sedentary_reminder":{"no_disturb_in_launch":false}},"spo2":{"enabled":true,"threshold":90},"support":{"heart_rate":true,"heart_rate_workout":true,"high_stress_index":false,"relaxation_prompt":false,"sedentary_reminder":true,"sleep_reminder":false,"spo2":true,"wear_detection":true},"wear_detection_status":{"is_worn":false,"last_updated_at":1774793062531}}
2026-03-29 19:34:22.802 | ZhQuery | onRingWearingStatus status=0
2026-03-29 19:34:22.806 | AlertService | queryCallback type=RingWearingStatusObtained
2026-03-29 19:34:22.808 | AlertService | saveAlertSettings={"device_address":"D8:5C:08:30:00:1E","heart_rate":{"low_enabled":true,"low_threshold":79,"resting_enabled":true,"resting_threshold":80,"workout_enabled":false,"workout_threshold":175},"pending_sync":{"heart_rate":true,"relaxation_prompt":false,"sedentary_reminder":false,"sleep_reminder":false,"spo2":false},"pressure_mode":{"relaxation_prompt_enabled":false,"stress_monitoring_enabled":false},"sedentary_reminder":{"end_hour":18,"end_minute":0,"interval":60,"repeat_count":0,"start_hour":9,"start_minute":0,"status":false},"sleep_reminder":{"hour":0,"millisecond":0,"minute":0,"second":0,"status":false},"snapshots":{"heart_rate":{"continuous_heart_rate_mode":0,"frequency":5,"mode":0},"sedentary_reminder":{"no_disturb_in_launch":false}},"spo2":{"enabled":true,"threshold":90},"support":{"heart_rate":true,"heart_rate_workout":true,"high_stress_index":false,"relaxation_prompt":false,"sedentary_reminder":true,"sleep_reminder":false,"spo2":true,"wear_detection":true},"wear_detection_status":{"is_worn":false,"last_updated_at":1774793062800}}
2026-03-29 19:34:22.812 | AlertService | queryCallback type=AlertFeatureSupportObtained
2026-03-29 19:34:22.815 | AlertService | saveAlertSettings={"device_address":"D8:5C:08:30:00:1E","heart_rate":{"low_enabled":true,"low_threshold":79,"resting_enabled":true,"resting_threshold":80,"workout_enabled":false,"workout_threshold":175},"pending_sync":{"heart_rate":true,"relaxation_prompt":false,"sedentary_reminder":false,"sleep_reminder":false,"spo2":false},"pressure_mode":{"relaxation_prompt_enabled":false,"stress_monitoring_enabled":false},"sedentary_reminder":{"end_hour":18,"end_minute":0,"interval":60,"repeat_count":0,"start_hour":9,"start_minute":0,"status":false},"sleep_reminder":{"hour":0,"millisecond":0,"minute":0,"second":0,"status":false},"snapshots":{"heart_rate":{"continuous_heart_rate_mode":0,"frequency":5,"mode":0},"sedentary_reminder":{"no_disturb_in_launch":false}},"spo2":{"enabled":true,"threshold":90},"support":{"heart_rate":true,"heart_rate_workout":true,"high_stress_index":false,"relaxation_prompt":false,"sedentary_reminder":true,"sleep_reminder":false,"spo2":true,"wear_detection":true},"wear_detection_status":{"is_worn":false,"last_updated_at":1774793062800}}
2026-03-29 19:34:23.175 | AlertService | queryCallback type=UpdateFirmwareLogStatus
2026-03-29 19:34:23.385 | ZhQuery | onRingWearingStatus status=0
2026-03-29 19:34:23.388 | AlertService | queryCallback type=RingWearingStatusObtained
2026-03-29 19:34:23.389 | AlertService | saveAlertSettings={"device_address":"D8:5C:08:30:00:1E","heart_rate":{"low_enabled":true,"low_threshold":79,"resting_enabled":true,"resting_threshold":80,"workout_enabled":false,"workout_threshold":175},"pending_sync":{"heart_rate":true,"relaxation_prompt":false,"sedentary_reminder":false,"sleep_reminder":false,"spo2":false},"pressure_mode":{"relaxation_prompt_enabled":false,"stress_monitoring_enabled":false},"sedentary_reminder":{"end_hour":18,"end_minute":0,"interval":60,"repeat_count":0,"start_hour":9,"start_minute":0,"status":false},"sleep_reminder":{"hour":0,"millisecond":0,"minute":0,"second":0,"status":false},"snapshots":{"heart_rate":{"continuous_heart_rate_mode":0,"frequency":5,"mode":0},"sedentary_reminder":{"no_disturb_in_launch":false}},"spo2":{"enabled":true,"threshold":90},"support":{"heart_rate":true,"heart_rate_workout":true,"high_stress_index":false,"relaxation_prompt":false,"sedentary_reminder":true,"sleep_reminder":false,"spo2":true,"wear_detection":true},"wear_detection_status":{"is_worn":false,"last_updated_at":1774793063382}}
2026-03-29 19:34:23.390 | AlertService | queryCallback type=AlertFeatureSupportObtained
2026-03-29 19:34:23.394 | AlertService | saveAlertSettings={"device_address":"D8:5C:08:30:00:1E","heart_rate":{"low_enabled":true,"low_threshold":79,"resting_enabled":true,"resting_threshold":80,"workout_enabled":false,"workout_threshold":175},"pending_sync":{"heart_rate":true,"relaxation_prompt":false,"sedentary_reminder":false,"sleep_reminder":false,"spo2":false},"pressure_mode":{"relaxation_prompt_enabled":false,"stress_monitoring_enabled":false},"sedentary_reminder":{"end_hour":18,"end_minute":0,"interval":60,"repeat_count":0,"start_hour":9,"start_minute":0,"status":false},"sleep_reminder":{"hour":0,"millisecond":0,"minute":0,"second":0,"status":false},"snapshots":{"heart_rate":{"continuous_heart_rate_mode":0,"frequency":5,"mode":0},"sedentary_reminder":{"no_disturb_in_launch":false}},"spo2":{"enabled":true,"threshold":90},"support":{"heart_rate":true,"heart_rate_workout":true,"high_stress_index":false,"relaxation_prompt":false,"sedentary_reminder":true,"sleep_reminder":false,"spo2":true,"wear_detection":true},"wear_detection_status":{"is_worn":false,"last_updated_at":1774793063382}}
2026-03-29 19:34:23.657 | ZhQuery | onRingWearingStatus status=0
2026-03-29 19:34:23.658 | AlertService | queryCallback type=RingWearingStatusObtained
2026-03-29 19:34:23.659 | AlertService | saveAlertSettings={"device_address":"D8:5C:08:30:00:1E","heart_rate":{"low_enabled":true,"low_threshold":79,"resting_enabled":true,"resting_threshold":80,"workout_enabled":false,"workout_threshold":175},"pending_sync":{"heart_rate":true,"relaxation_prompt":false,"sedentary_reminder":false,"sleep_reminder":false,"spo2":false},"pressure_mode":{"relaxation_prompt_enabled":false,"stress_monitoring_enabled":false},"sedentary_reminder":{"end_hour":18,"end_minute":0,"interval":60,"repeat_count":0,"start_hour":9,"start_minute":0,"status":false},"sleep_reminder":{"hour":0,"millisecond":0,"minute":0,"second":0,"status":false},"snapshots":{"heart_rate":{"continuous_heart_rate_mode":0,"frequency":5,"mode":0},"sedentary_reminder":{"no_disturb_in_launch":false}},"spo2":{"enabled":true,"threshold":90},"support":{"heart_rate":true,"heart_rate_workout":true,"high_stress_index":false,"relaxation_prompt":false,"sedentary_reminder":true,"sleep_reminder":false,"spo2":true,"wear_detection":true},"wear_detection_status":{"is_worn":false,"last_updated_at":1774793063655}}
2026-03-29 19:34:23.661 | AlertService | queryCallback type=AlertFeatureSupportObtained
2026-03-29 19:34:23.662 | AlertService | saveAlertSettings={"device_address":"D8:5C:08:30:00:1E","heart_rate":{"low_enabled":true,"low_threshold":79,"resting_enabled":true,"resting_threshold":80,"workout_enabled":false,"workout_threshold":175},"pending_sync":{"heart_rate":true,"relaxation_prompt":false,"sedentary_reminder":false,"sleep_reminder":false,"spo2":false},"pressure_mode":{"relaxation_prompt_enabled":false,"stress_monitoring_enabled":false},"sedentary_reminder":{"end_hour":18,"end_minute":0,"interval":60,"repeat_count":0,"start_hour":9,"start_minute":0,"status":false},"sleep_reminder":{"hour":0,"millisecond":0,"minute":0,"second":0,"status":false},"snapshots":{"heart_rate":{"continuous_heart_rate_mode":0,"frequency":5,"mode":0},"sedentary_reminder":{"no_disturb_in_launch":false}},"spo2":{"enabled":true,"threshold":90},"support":{"heart_rate":true,"heart_rate_workout":true,"high_stress_index":false,"relaxation_prompt":false,"sedentary_reminder":true,"sleep_reminder":false,"spo2":true,"wear_detection":true},"wear_detection_status":{"is_worn":false,"last_updated_at":1774793063655}}
2026-03-29 19:34:23.926 | ZhQuery | onRingWearingStatus status=0
2026-03-29 19:34:23.927 | AlertService | queryCallback type=RingWearingStatusObtained
2026-03-29 19:34:23.929 | AlertService | saveAlertSettings={"device_address":"D8:5C:08:30:00:1E","heart_rate":{"low_enabled":true,"low_threshold":79,"resting_enabled":true,"resting_threshold":80,"workout_enabled":false,"workout_threshold":175},"pending_sync":{"heart_rate":true,"relaxation_prompt":false,"sedentary_reminder":false,"sleep_reminder":false,"spo2":false},"pressure_mode":{"relaxation_prompt_enabled":false,"stress_monitoring_enabled":false},"sedentary_reminder":{"end_hour":18,"end_minute":0,"interval":60,"repeat_count":0,"start_hour":9,"start_minute":0,"status":false},"sleep_reminder":{"hour":0,"millisecond":0,"minute":0,"second":0,"status":false},"snapshots":{"heart_rate":{"continuous_heart_rate_mode":0,"frequency":5,"mode":0},"sedentary_reminder":{"no_disturb_in_launch":false}},"spo2":{"enabled":true,"threshold":90},"support":{"heart_rate":true,"heart_rate_workout":true,"high_stress_index":false,"relaxation_prompt":false,"sedentary_reminder":true,"sleep_reminder":false,"spo2":true,"wear_detection":true},"wear_detection_status":{"is_worn":false,"last_updated_at":1774793063921}}
2026-03-29 19:34:23.944 | AlertService | queryCallback type=AlertFeatureSupportObtained
2026-03-29 19:34:23.945 | AlertService | saveAlertSettings={"device_address":"D8:5C:08:30:00:1E","heart_rate":{"low_enabled":true,"low_threshold":79,"resting_enabled":true,"resting_threshold":80,"workout_enabled":false,"workout_threshold":175},"pending_sync":{"heart_rate":true,"relaxation_prompt":false,"sedentary_reminder":false,"sleep_reminder":false,"spo2":false},"pressure_mode":{"relaxation_prompt_enabled":false,"stress_monitoring_enabled":false},"sedentary_reminder":{"end_hour":18,"end_minute":0,"interval":60,"repeat_count":0,"start_hour":9,"start_minute":0,"status":false},"sleep_reminder":{"hour":0,"millisecond":0,"minute":0,"second":0,"status":false},"snapshots":{"heart_rate":{"continuous_heart_rate_mode":0,"frequency":5,"mode":0},"sedentary_reminder":{"no_disturb_in_launch":false}},"spo2":{"enabled":true,"threshold":90},"support":{"heart_rate":true,"heart_rate_workout":true,"high_stress_index":false,"relaxation_prompt":false,"sedentary_reminder":true,"sleep_reminder":false,"spo2":true,"wear_detection":true},"wear_detection_status":{"is_worn":false,"last_updated_at":1774793063921}}
2026-03-29 19:34:24.330 | AlertService | queryCallback type=UpdateFirmwareLogStatus
2026-03-29 19:34:24.796 | ZhUpdate | setHeartRateAlertSettings api=HeartRateMonitor state=SUCCEED
2026-03-29 19:34:24.810 | AlertService | updateCallback type=HeartRateAlertSettingsUpdated
2026-03-29 19:34:24.816 | AlertService | onAlertUpdateCompleted feature=HEART_RATE success=true
2026-03-29 19:34:25.152 | AlertService | queryCallback type=UpdateFirmwareLogStatus
2026-03-29 19:34:25.415 | AlertService | queryCallback type=BatteryDataObtained
2026-03-29 19:34:26.130 | AlertService | queryCallback type=UpdateFirmwareLogStatus
2026-03-29 19:34:27.399 | AlertService | queryCallback type=UpdateFirmwareLogStatus
2026-03-29 19:34:28.372 | AlertService | queryCallback type=UpdateFirmwareLogStatus
2026-03-29 19:34:29.194 | AlertService | queryCallback type=UpdateFirmwareLogStatus
2026-03-29 19:34:30.136 | AlertService | queryCallback type=UpdateFirmwareLogStatus
2026-03-29 19:34:31.213 | AlertService | queryCallback type=UpdateFirmwareLogStatus
2026-03-29 19:34:32.250 | AlertService | queryCallback type=UpdateFirmwareLogStatus
2026-03-29 19:34:33.382 | AlertService | queryCallback type=UpdateFirmwareLogStatus
2026-03-29 19:34:34.316 | AlertService | queryCallback type=UpdateFirmwareLogStatus
2026-03-29 19:34:34.646 | AlertService | queryCallback type=BatteryDataObtained
2026-03-29 19:34:34.926 | AlertService | queryCallback type=BatteryDataObtained
2026-03-29 19:34:35.229 | AlertService | queryCallback type=UpdateFirmwareLogStatus
2026-03-29 19:34:35.676 | AlertService | updateCallback type=OngoingWorkoutData
2026-03-29 19:34:35.684 | AlertService | updateCallback type=WorkoutStartState
2026-03-29 19:34:37.064 | AlertService | updateCallback type=WorkoutRealTimeDataObtained
2026-03-29 19:34:37.899 | AlertService | queryCallback type=UpdateFirmwareLogStatus
2026-03-29 19:34:38.781 | AlertService | queryCallback type=UpdateFirmwareLogStatus
2026-03-29 19:34:38.965 | AlertService | updateCallback type=WorkoutRealTimeDataObtained
2026-03-29 19:34:39.881 | AlertService | queryCallback type=UpdateFirmwareLogStatus
2026-03-29 19:34:40.786 | AlertService | queryCallback type=UpdateFirmwareLogStatus
2026-03-29 19:34:41.041 | AlertService | queryCallback type=UpdateFirmwareLogStatus
2026-03-29 19:34:41.234 | AlertService | updateCallback type=WorkoutRealTimeDataObtained
2026-03-29 19:34:42.838 | AlertService | queryCallback type=UpdateFirmwareLogStatus
2026-03-29 19:34:43.041 | AlertService | updateCallback type=WorkoutRealTimeDataObtained
2026-03-29 19:34:43.799 | AlertService | queryCallback type=UpdateFirmwareLogStatus
2026-03-29 19:34:44.778 | AlertService | queryCallback type=UpdateFirmwareLogStatus
2026-03-29 19:34:44.962 | AlertService | updateCallback type=WorkoutRealTimeDataObtained
2026-03-29 19:34:45.765 | AlertService | queryCallback type=UpdateFirmwareLogStatus
2026-03-29 19:34:46.803 | AlertService | queryCallback type=UpdateFirmwareLogStatus
2026-03-29 19:34:46.987 | AlertService | updateCallback type=WorkoutRealTimeDataObtained
2026-03-29 19:34:47.791 | AlertService | queryCallback type=UpdateFirmwareLogStatus
2026-03-29 19:34:48.804 | AlertService | queryCallback type=UpdateFirmwareLogStatus
2026-03-29 19:34:49.001 | AlertService | updateCallback type=WorkoutRealTimeDataObtained
2026-03-29 19:34:49.812 | AlertService | queryCallback type=UpdateFirmwareLogStatus
2026-03-29 19:34:50.757 | AlertService | queryCallback type=UpdateFirmwareLogStatus
2026-03-29 19:34:50.945 | AlertService | updateCallback type=WorkoutRealTimeDataObtained
2026-03-29 19:34:51.802 | AlertService | queryCallback type=UpdateFirmwareLogStatus
2026-03-29 19:34:52.815 | AlertService | queryCallback type=UpdateFirmwareLogStatus
2026-03-29 19:34:53.013 | AlertService | updateCallback type=WorkoutRealTimeDataObtained
2026-03-29 19:34:53.780 | AlertService | queryCallback type=UpdateFirmwareLogStatus
2026-03-29 19:34:54.776 | AlertService | queryCallback type=UpdateFirmwareLogStatus
2026-03-29 19:34:54.939 | AlertService | updateCallback type=WorkoutRealTimeDataObtained
2026-03-29 19:34:55.770 | AlertService | queryCallback type=UpdateFirmwareLogStatus
2026-03-29 19:34:56.742 | AlertService | queryCallback type=UpdateFirmwareLogStatus
2026-03-29 19:34:56.916 | AlertService | updateCallback type=WorkoutRealTimeDataObtained
2026-03-29 19:34:57.778 | AlertService | queryCallback type=UpdateFirmwareLogStatus
2026-03-29 19:34:58.771 | AlertService | queryCallback type=UpdateFirmwareLogStatus
2026-03-29 19:34:58.955 | AlertService | updateCallback type=WorkoutRealTimeDataObtained
2026-03-29 19:34:59.852 | AlertService | queryCallback type=UpdateFirmwareLogStatus
2026-03-29 19:35:00.751 | AlertService | queryCallback type=UpdateFirmwareLogStatus
2026-03-29 19:35:00.921 | AlertService | updateCallback type=WorkoutRealTimeDataObtained
2026-03-29 19:35:01.790 | AlertService | queryCallback type=UpdateFirmwareLogStatus
2026-03-29 19:35:02.842 | AlertService | queryCallback type=UpdateFirmwareLogStatus
2026-03-29 19:35:03.051 | AlertService | updateCallback type=WorkoutRealTimeDataObtained
2026-03-29 19:35:03.774 | AlertService | queryCallback type=UpdateFirmwareLogStatus
2026-03-29 19:35:04.762 | AlertService | queryCallback type=UpdateFirmwareLogStatus
2026-03-29 19:35:04.949 | AlertService | updateCallback type=WorkoutRealTimeDataObtained
2026-03-29 19:35:05.791 | AlertService | queryCallback type=UpdateFirmwareLogStatus
2026-03-29 19:35:06.782 | AlertService | queryCallback type=UpdateFirmwareLogStatus
2026-03-29 19:35:07.058 | AlertService | updateCallback type=WorkoutRealTimeDataObtained
2026-03-29 19:35:07.764 | AlertService | queryCallback type=UpdateFirmwareLogStatus
2026-03-29 19:35:08.753 | AlertService | queryCallback type=UpdateFirmwareLogStatus
2026-03-29 19:35:08.987 | AlertService | updateCallback type=WorkoutRealTimeDataObtained
2026-03-29 19:35:09.834 | AlertService | queryCallback type=UpdateFirmwareLogStatus
2026-03-29 19:35:10.741 | AlertService | queryCallback type=UpdateFirmwareLogStatus
2026-03-29 19:35:10.925 | AlertService | updateCallback type=WorkoutRealTimeDataObtained
2026-03-29 19:35:11.848 | AlertService | queryCallback type=UpdateFirmwareLogStatus
2026-03-29 19:35:12.764 | AlertService | queryCallback type=UpdateFirmwareLogStatus
2026-03-29 19:35:12.936 | AlertService | updateCallback type=WorkoutRealTimeDataObtained
2026-03-29 19:35:13.796 | AlertService | queryCallback type=UpdateFirmwareLogStatus
2026-03-29 19:35:14.750 | AlertService | queryCallback type=UpdateFirmwareLogStatus
2026-03-29 19:35:14.934 | AlertService | updateCallback type=WorkoutRealTimeDataObtained
2026-03-29 19:35:15.889 | AlertService | queryCallback type=UpdateFirmwareLogStatus
2026-03-29 19:35:16.853 | AlertService | queryCallback type=UpdateFirmwareLogStatus
2026-03-29 19:35:17.036 | AlertService | updateCallback type=WorkoutRealTimeDataObtained
2026-03-29 19:35:17.757 | AlertService | queryCallback type=UpdateFirmwareLogStatus
2026-03-29 19:35:18.842 | AlertService | queryCallback type=UpdateFirmwareLogStatus
2026-03-29 19:35:19.011 | AlertService | updateCallback type=WorkoutRealTimeDataObtained
2026-03-29 19:35:19.874 | AlertService | queryCallback type=UpdateFirmwareLogStatus
2026-03-29 19:35:20.731 | AlertService | queryCallback type=UpdateFirmwareLogStatus
2026-03-29 19:35:20.899 | AlertService | updateCallback type=WorkoutRealTimeDataObtained
2026-03-29 19:35:21.764 | AlertService | queryCallback type=UpdateFirmwareLogStatus
2026-03-29 19:35:22.759 | AlertService | queryCallback type=UpdateFirmwareLogStatus
2026-03-29 19:35:22.931 | AlertService | updateCallback type=WorkoutRealTimeDataObtained
2026-03-29 19:35:23.770 | AlertService | queryCallback type=UpdateFirmwareLogStatus
2026-03-29 19:35:24.954 | AlertService | queryCallback type=UpdateFirmwareLogStatus
2026-03-29 19:35:25.155 | AlertService | updateCallback type=WorkoutRealTimeDataObtained
2026-03-29 19:35:25.728 | AlertService | queryCallback type=UpdateFirmwareLogStatus
2026-03-29 19:35:26.812 | AlertService | queryCallback type=UpdateFirmwareLogStatus
2026-03-29 19:35:27.034 | AlertService | updateCallback type=WorkoutRealTimeDataObtained
2026-03-29 19:35:27.752 | AlertService | queryCallback type=UpdateFirmwareLogStatus
2026-03-29 19:35:28.836 | AlertService | queryCallback type=UpdateFirmwareLogStatus
2026-03-29 19:35:29.011 | AlertService | updateCallback type=WorkoutRealTimeDataObtained
2026-03-29 19:35:29.942 | AlertService | queryCallback type=UpdateFirmwareLogStatus
2026-03-29 19:35:30.771 | AlertService | queryCallback type=UpdateFirmwareLogStatus
2026-03-29 19:35:30.954 | AlertService | updateCallback type=WorkoutRealTimeDataObtained
2026-03-29 19:35:31.853 | AlertService | queryCallback type=UpdateFirmwareLogStatus
2026-03-29 19:35:32.775 | AlertService | queryCallback type=UpdateFirmwareLogStatus
2026-03-29 19:35:33.028 | AlertService | updateCallback type=WorkoutRealTimeDataObtained
2026-03-29 19:35:33.737 | AlertService | queryCallback type=UpdateFirmwareLogStatus
2026-03-29 19:35:34.779 | AlertService | queryCallback type=UpdateFirmwareLogStatus
2026-03-29 19:35:34.955 | AlertService | updateCallback type=WorkoutRealTimeDataObtained
2026-03-29 19:35:35.816 | AlertService | queryCallback type=UpdateFirmwareLogStatus
2026-03-29 19:35:36.790 | AlertService | queryCallback type=UpdateFirmwareLogStatus
2026-03-29 19:35:36.995 | AlertService | updateCallback type=WorkoutRealTimeDataObtained
2026-03-29 19:35:37.746 | AlertService | queryCallback type=UpdateFirmwareLogStatus
2026-03-29 19:35:38.730 | AlertService | queryCallback type=UpdateFirmwareLogStatus
2026-03-29 19:35:38.900 | AlertService | updateCallback type=WorkoutRealTimeDataObtained
2026-03-29 19:35:39.764 | AlertService | queryCallback type=UpdateFirmwareLogStatus
2026-03-29 19:35:40.803 | AlertService | queryCallback type=UpdateFirmwareLogStatus
2026-03-29 19:35:40.982 | AlertService | updateCallback type=WorkoutRealTimeDataObtained
2026-03-29 19:35:41.797 | AlertService | queryCallback type=UpdateFirmwareLogStatus
2026-03-29 19:35:42.738 | AlertService | queryCallback type=UpdateFirmwareLogStatus
2026-03-29 19:35:42.908 | AlertService | updateCallback type=WorkoutRealTimeDataObtained
2026-03-29 19:35:43.779 | AlertService | queryCallback type=UpdateFirmwareLogStatus
2026-03-29 19:35:44.797 | AlertService | queryCallback type=UpdateFirmwareLogStatus
2026-03-29 19:35:45.572 | AlertService | updateCallback type=WorkoutRealTimeDataObtained
2026-03-29 19:35:45.974 | AlertService | updateCallback type=WorkoutStopped
2026-03-29 19:35:46.386 | AlertService | queryCallback type=UpdateFirmwareLogStatus
2026-03-29 19:35:47.203 | AlertService | queryCallback type=UpdateFirmwareLogStatus
2026-03-29 19:35:47.824 | AlertService | queryCallback type=UpdateFirmwareLogStatus
2026-03-29 19:35:48.729 | AlertService | queryCallback type=UpdateFirmwareLogStatus
2026-03-29 19:35:49.756 | AlertService | queryCallback type=UpdateFirmwareLogStatus
2026-03-29 19:35:50.885 | AlertService | queryCallback type=UpdateFirmwareLogStatus
2026-03-29 19:35:52.114 | AlertService | queryCallback type=UpdateFirmwareLogStatus
2026-03-29 19:35:52.313 | AlertService | updateCallback type=DeviceTimeSynced
2026-03-29 19:35:52.880 | AlertService | queryCallback type=UpdateFirmwareLogStatus
2026-03-29 19:35:53.277 | AlertUI | BlankTestFragment alert panel initialized
2026-03-29 19:35:53.282 | AlertVM | handleQueryCallback type=Default
2026-03-29 19:35:53.291 | AlertVM | handleUpdateCallback type=DeviceTimeSynced
2026-03-29 19:35:53.293 | AlertVM | loadState={"device_address":"D8:5C:08:30:00:1E","heart_rate":{"low_enabled":true,"low_threshold":79,"resting_enabled":true,"resting_threshold":80,"workout_enabled":false,"workout_threshold":175},"pending_sync":{"heart_rate":true,"relaxation_prompt":false,"sedentary_reminder":false,"sleep_reminder":false,"spo2":false},"pressure_mode":{"relaxation_prompt_enabled":false,"stress_monitoring_enabled":false},"sedentary_reminder":{"end_hour":18,"end_minute":0,"interval":60,"repeat_count":0,"start_hour":9,"start_minute":0,"status":false},"sleep_reminder":{"hour":0,"millisecond":0,"minute":0,"second":0,"status":false},"snapshots":{"heart_rate":{"continuous_heart_rate_mode":0,"frequency":5,"mode":0},"sedentary_reminder":{"no_disturb_in_launch":false}},"spo2":{"enabled":true,"threshold":90},"support":{"heart_rate":true,"heart_rate_workout":true,"high_stress_index":false,"relaxation_prompt":false,"sedentary_reminder":true,"sleep_reminder":false,"spo2":true,"wear_detection":true},"wear_detection_status":{"is_worn":false,"last_updated_at":1774793063921}}
2026-03-29 19:35:53.294 | AlertVM | onConnectedStateChanged state=ConnectSuccess
2026-03-29 19:35:53.297 | AlertVM | syncQueuedFeatures feature=HEART_RATE requiresSnapshot=false
2026-03-29 19:35:53.301 | AlertVM | sendUpdate feature=HEART_RATE
2026-03-29 19:35:53.304 | AlertVM | sendUpdate state={"device_address":"D8:5C:08:30:00:1E","heart_rate":{"low_enabled":true,"low_threshold":79,"resting_enabled":true,"resting_threshold":80,"workout_enabled":false,"workout_threshold":175},"pending_sync":{"heart_rate":true,"relaxation_prompt":false,"sedentary_reminder":false,"sleep_reminder":false,"spo2":false},"pressure_mode":{"relaxation_prompt_enabled":false,"stress_monitoring_enabled":false},"sedentary_reminder":{"end_hour":18,"end_minute":0,"interval":60,"repeat_count":0,"start_hour":9,"start_minute":0,"status":false},"sleep_reminder":{"hour":0,"millisecond":0,"minute":0,"second":0,"status":false},"snapshots":{"heart_rate":{"continuous_heart_rate_mode":0,"frequency":5,"mode":0},"sedentary_reminder":{"no_disturb_in_launch":false}},"spo2":{"enabled":true,"threshold":90},"support":{"heart_rate":true,"heart_rate_workout":true,"high_stress_index":false,"relaxation_prompt":false,"sedentary_reminder":true,"sleep_reminder":false,"spo2":true,"wear_detection":true},"wear_detection_status":{"is_worn":false,"last_updated_at":1774793063921}}
2026-03-29 19:35:53.359 | AlertVM | syncQueuedFeatures skipped activePhase=UPDATE_SENT feature=HEART_RATE
2026-03-29 19:35:53.367 | ZhUpdate | setHeartRateAlertSettings={"low_enabled":true,"low_threshold":79,"resting_enabled":true,"resting_threshold":80,"workout_enabled":false,"workout_threshold":175}
2026-03-29 19:35:53.370 | ZhUpdate | setHeartRateAlertSettings api=HeartRateMonitor
2026-03-29 19:35:53.371 | ZhUpdate | setHeartRateAlertSettings bean={"continuousHeartRateMode":0,"frequency":0,"isSportWarning":false,"isWarning":true,"lowWarningValue":79,"mode":0,"sportWarningValue":175,"warningValue":80}
2026-03-29 19:35:54.143 | AlertService | queryCallback type=UpdateFirmwareLogStatus
2026-03-29 19:35:54.153 | AlertVM | handleQueryCallback type=UpdateFirmwareLogStatus
2026-03-29 19:35:54.156 | AlertVM | handleQueryCallback type=Default
2026-03-29 19:35:54.322 | AlertService | queryCallback type=BatteryDataObtained
2026-03-29 19:35:54.327 | AlertVM | handleQueryCallback type=BatteryDataObtained
2026-03-29 19:35:54.329 | AlertVM | handleQueryCallback type=Default
2026-03-29 19:35:55.076 | AlertService | queryCallback type=UpdateFirmwareLogStatus
2026-03-29 19:35:55.079 | AlertVM | handleQueryCallback type=UpdateFirmwareLogStatus
2026-03-29 19:35:55.081 | AlertVM | handleQueryCallback type=Default
2026-03-29 19:35:55.873 | AlertService | queryCallback type=UpdateFirmwareLogStatus
2026-03-29 19:35:55.876 | AlertVM | handleQueryCallback type=UpdateFirmwareLogStatus
2026-03-29 19:35:55.877 | AlertVM | handleQueryCallback type=Default
2026-03-29 19:35:57.031 | AlertService | queryCallback type=UpdateFirmwareLogStatus
2026-03-29 19:35:57.038 | AlertVM | handleQueryCallback type=UpdateFirmwareLogStatus
2026-03-29 19:35:57.041 | AlertVM | handleQueryCallback type=Default
2026-03-29 19:35:57.613 | ZhUpdate | setHeartRateAlertSettings api=HeartRateMonitor state=SUCCEED
2026-03-29 19:35:57.614 | AlertService | updateCallback type=HeartRateAlertSettingsUpdated
2026-03-29 19:35:57.617 | AlertService | onAlertUpdateCompleted feature=HEART_RATE success=true
2026-03-29 19:35:57.624 | AlertVM | handleUpdateCallback type=HeartRateAlertSettingsUpdated
2026-03-29 19:35:57.627 | AlertVM | heartRate update success=true
2026-03-29 19:35:57.630 | AlertVM | handleScreenUpdateCompletion feature=HEART_RATE success=true
2026-03-29 19:35:57.631 | AlertVM | sendQuery feature=HEART_RATE
2026-03-29 19:35:57.632 | ZhQuery | getHeartRateAlertSettings dispatched api=HeartRateMonitor
2026-03-29 19:35:57.904 | AlertService | queryCallback type=UpdateFirmwareLogStatus
2026-03-29 19:35:57.910 | AlertVM | handleQueryCallback type=UpdateFirmwareLogStatus
2026-03-29 19:35:57.911 | AlertVM | handleQueryCallback type=Default
2026-03-29 19:35:58.498 | ZhQuery | onHeartRateMonitorResult={"continuousHeartRateMode":0,"frequency":5,"isSportWarning":false,"isWarning":false,"lowWarningValue":0,"mode":0,"sportWarningValue":0,"warningValue":220}
2026-03-29 19:35:58.505 | AlertService | queryCallback type=HeartRateAlertSettingsObtained
2026-03-29 19:35:58.507 | AlertService | heartRate passive query preserving pending local value
2026-03-29 19:35:58.509 | AlertService | saveAlertSettings={"device_address":"D8:5C:08:30:00:1E","heart_rate":{"low_enabled":true,"low_threshold":79,"resting_enabled":true,"resting_threshold":80,"workout_enabled":false,"workout_threshold":175},"pending_sync":{"heart_rate":true,"relaxation_prompt":false,"sedentary_reminder":false,"sleep_reminder":false,"spo2":false},"pressure_mode":{"relaxation_prompt_enabled":false,"stress_monitoring_enabled":false},"sedentary_reminder":{"end_hour":18,"end_minute":0,"interval":60,"repeat_count":0,"start_hour":9,"start_minute":0,"status":false},"sleep_reminder":{"hour":0,"millisecond":0,"minute":0,"second":0,"status":false},"snapshots":{"heart_rate":{"continuous_heart_rate_mode":0,"frequency":5,"mode":0},"sedentary_reminder":{"no_disturb_in_launch":false}},"spo2":{"enabled":true,"threshold":90},"support":{"heart_rate":true,"heart_rate_workout":true,"high_stress_index":false,"relaxation_prompt":false,"sedentary_reminder":true,"sleep_reminder":false,"spo2":true,"wear_detection":true},"wear_detection_status":{"is_worn":false,"last_updated_at":1774793063921}}
2026-03-29 19:35:58.511 | AlertService | queryCallback type=AlertFeatureSupportObtained
2026-03-29 19:35:58.514 | AlertService | saveAlertSettings={"device_address":"D8:5C:08:30:00:1E","heart_rate":{"low_enabled":true,"low_threshold":79,"resting_enabled":true,"resting_threshold":80,"workout_enabled":false,"workout_threshold":175},"pending_sync":{"heart_rate":true,"relaxation_prompt":false,"sedentary_reminder":false,"sleep_reminder":false,"spo2":false},"pressure_mode":{"relaxation_prompt_enabled":false,"stress_monitoring_enabled":false},"sedentary_reminder":{"end_hour":18,"end_minute":0,"interval":60,"repeat_count":0,"start_hour":9,"start_minute":0,"status":false},"sleep_reminder":{"hour":0,"millisecond":0,"minute":0,"second":0,"status":false},"snapshots":{"heart_rate":{"continuous_heart_rate_mode":0,"frequency":5,"mode":0},"sedentary_reminder":{"no_disturb_in_launch":false}},"spo2":{"enabled":true,"threshold":90},"support":{"heart_rate":true,"heart_rate_workout":true,"high_stress_index":false,"relaxation_prompt":false,"sedentary_reminder":true,"sleep_reminder":false,"spo2":true,"wear_detection":true},"wear_detection_status":{"is_worn":false,"last_updated_at":1774793063921}}
2026-03-29 19:35:58.515 | ZhQuery | getHeartRateAlertSettings api=HeartRateMonitor state=SUCCEED
2026-03-29 19:35:58.516 | AlertVM | handleQueryCallback type=HeartRateAlertSettingsObtained
2026-03-29 19:35:58.519 | AlertVM | heartRate query matchesStored=false pending=true phase=VERIFY_QUERY
2026-03-29 19:35:58.521 | AlertVM | heartRate query value={"low_enabled":false,"low_threshold":0,"resting_enabled":false,"resting_threshold":220,"workout_enabled":false,"workout_threshold":0}
2026-03-29 19:35:58.522 | AlertVM | heartRate verify mismatch preserving local value
2026-03-29 19:35:58.524 | AlertVM | handleScreenQueryCompletion feature=HEART_RATE phase=VERIFY_QUERY matchesStored=false
2026-03-29 19:35:58.526 | AlertVM | handleQueryCallback type=Default
2026-03-29 19:35:58.529 | AlertVM | handleQueryCallback type=AlertFeatureSupportObtained
2026-03-29 19:35:58.533 | AlertVM | support feature=HEART_RATE supported=true
2026-03-29 19:35:58.535 | AlertVM | handleQueryCallback type=Default
2026-03-29 19:35:58.747 | AlertService | queryCallback type=UpdateFirmwareLogStatus
2026-03-29 19:35:58.753 | AlertVM | handleQueryCallback type=UpdateFirmwareLogStatus
2026-03-29 19:35:58.754 | AlertVM | handleQueryCallback type=Default
2026-03-29 19:35:59.872 | AlertService | queryCallback type=UpdateFirmwareLogStatus
2026-03-29 19:35:59.876 | AlertVM | handleQueryCallback type=UpdateFirmwareLogStatus
2026-03-29 19:35:59.878 | AlertVM | handleQueryCallback type=Default
2026-03-29 19:36:00.788 | AlertService | queryCallback type=UpdateFirmwareLogStatus
2026-03-29 19:36:00.793 | AlertVM | handleQueryCallback type=UpdateFirmwareLogStatus
2026-03-29 19:36:00.794 | AlertVM | handleQueryCallback type=Default
2026-03-29 19:36:01.902 | AlertService | queryCallback type=UpdateFirmwareLogStatus
2026-03-29 19:36:01.912 | AlertVM | handleQueryCallback type=UpdateFirmwareLogStatus
2026-03-29 19:36:01.914 | AlertVM | handleQueryCallback type=Default
2026-03-29 19:36:02.797 | AlertService | queryCallback type=UpdateFirmwareLogStatus
2026-03-29 19:36:02.807 | AlertVM | handleQueryCallback type=UpdateFirmwareLogStatus
2026-03-29 19:36:02.809 | AlertVM | handleQueryCallback type=Default
2026-03-29 19:36:03.790 | AlertService | queryCallback type=UpdateFirmwareLogStatus
2026-03-29 19:36:03.796 | AlertVM | handleQueryCallback type=UpdateFirmwareLogStatus
2026-03-29 19:36:03.798 | AlertVM | handleQueryCallback type=Default
2026-03-29 19:36:04.294 | AlertService | queryCallback type=BatteryDataObtained
2026-03-29 19:36:04.299 | AlertVM | handleQueryCallback type=BatteryDataObtained
2026-03-29 19:36:04.301 | AlertVM | handleQueryCallback type=Default
2026-03-29 19:36:04.823 | AlertService | queryCallback type=UpdateFirmwareLogStatus
2026-03-29 19:36:04.831 | AlertVM | handleQueryCallback type=UpdateFirmwareLogStatus
2026-03-29 19:36:04.832 | AlertVM | handleQueryCallback type=Default
2026-03-29 19:36:05.778 | AlertService | queryCallback type=UpdateFirmwareLogStatus
2026-03-29 19:36:05.786 | AlertVM | handleQueryCallback type=UpdateFirmwareLogStatus
2026-03-29 19:36:05.788 | AlertVM | handleQueryCallback type=Default
2026-03-29 19:36:06.778 | AlertService | queryCallback type=UpdateFirmwareLogStatus
2026-03-29 19:36:06.787 | AlertVM | handleQueryCallback type=UpdateFirmwareLogStatus
2026-03-29 19:36:06.790 | AlertVM | handleQueryCallback type=Default
2026-03-29 19:36:07.887 | AlertService | queryCallback type=UpdateFirmwareLogStatus
2026-03-29 19:36:07.902 | AlertVM | handleQueryCallback type=UpdateFirmwareLogStatus
2026-03-29 19:36:07.905 | AlertVM | handleQueryCallback type=Default
2026-03-29 19:36:08.809 | AlertService | queryCallback type=UpdateFirmwareLogStatus
2026-03-29 19:36:08.822 | AlertVM | handleQueryCallback type=UpdateFirmwareLogStatus
2026-03-29 19:36:08.824 | AlertVM | handleQueryCallback type=Default
2026-03-29 19:36:10.150 | AlertService | queryCallback type=UpdateFirmwareLogStatus
2026-03-29 19:36:10.168 | AlertVM | handleQueryCallback type=UpdateFirmwareLogStatus
2026-03-29 19:36:10.169 | AlertVM | handleQueryCallback type=Default
2026-03-29 19:36:10.742 | AlertService | queryCallback type=UpdateFirmwareLogStatus
2026-03-29 19:36:11.287 | AlertService | queryCallback type=UpdateFirmwareLogStatus
2026-03-29 19:36:11.882 | AlertService | queryCallback type=UpdateFirmwareLogStatus
2026-03-29 19:36:12.924 | AlertService | queryCallback type=UpdateFirmwareLogStatus
2026-03-29 19:36:13.659 | AlertVM | handleQueryCallback type=Default
2026-03-29 19:36:13.921 | AlertService | queryCallback type=UpdateFirmwareLogStatus
2026-03-29 19:36:13.943 | AlertVM | handleQueryCallback type=UpdateFirmwareLogStatus
2026-03-29 19:36:13.944 | AlertVM | handleQueryCallback type=Default
2026-03-29 19:36:14.269 | AlertService | queryCallback type=BatteryDataObtained
2026-03-29 19:36:14.274 | AlertVM | handleQueryCallback type=BatteryDataObtained
2026-03-29 19:36:14.276 | AlertVM | handleQueryCallback type=Default
2026-03-29 19:36:15.138 | AlertService | queryCallback type=UpdateFirmwareLogStatus
2026-03-29 19:36:15.897 | AlertService | queryCallback type=UpdateFirmwareLogStatus
2026-03-29 19:36:17.059 | AlertService | queryCallback type=UpdateFirmwareLogStatus
2026-03-29 19:36:17.928 | AlertService | queryCallback type=UpdateFirmwareLogStatus
2026-03-29 19:36:18.910 | AlertService | queryCallback type=UpdateFirmwareLogStatus
2026-03-29 19:36:19.985 | AlertService | queryCallback type=UpdateFirmwareLogStatus
2026-03-29 19:36:20.976 | AlertService | queryCallback type=UpdateFirmwareLogStatus
2026-03-29 19:36:21.972 | AlertService | queryCallback type=UpdateFirmwareLogStatus
2026-03-29 19:36:23.134 | AlertService | queryCallback type=UpdateFirmwareLogStatus
2026-03-29 19:36:23.922 | AlertService | queryCallback type=UpdateFirmwareLogStatus
2026-03-29 19:36:24.894 | AlertService | queryCallback type=UpdateFirmwareLogStatus
2026-03-29 19:36:25.900 | AlertService | queryCallback type=UpdateFirmwareLogStatus
2026-03-29 19:36:26.937 | AlertService | queryCallback type=UpdateFirmwareLogStatus
2026-03-29 19:36:27.925 | AlertService | queryCallback type=UpdateFirmwareLogStatus
2026-03-29 19:36:28.904 | AlertService | queryCallback type=UpdateFirmwareLogStatus
2026-03-29 19:36:29.964 | AlertService | queryCallback type=UpdateFirmwareLogStatus
2026-03-29 19:36:30.889 | AlertService | queryCallback type=UpdateFirmwareLogStatus
2026-03-29 19:36:31.932 | AlertService | queryCallback type=UpdateFirmwareLogStatus
2026-03-29 19:36:33.046 | AlertService | queryCallback type=UpdateFirmwareLogStatus
2026-03-29 19:36:33.962 | AlertService | queryCallback type=UpdateFirmwareLogStatus
2026-03-29 19:36:35.381 | AlertService | queryCallback type=UpdateFirmwareLogStatus
2026-03-29 19:36:35.874 | AlertService | queryCallback type=UpdateFirmwareLogStatus
2026-03-29 19:36:36.910 | AlertService | queryCallback type=UpdateFirmwareLogStatus
2026-03-29 19:36:37.945 | AlertService | queryCallback type=UpdateFirmwareLogStatus
2026-03-29 19:36:38.954 | AlertService | queryCallback type=UpdateFirmwareLogStatus
2026-03-29 19:36:40.109 | AlertService | queryCallback type=UpdateFirmwareLogStatus
2026-03-29 19:36:40.998 | AlertService | queryCallback type=UpdateFirmwareLogStatus
2026-03-29 19:36:41.940 | AlertService | queryCallback type=UpdateFirmwareLogStatus
2026-03-29 19:36:42.908 | AlertService | queryCallback type=UpdateFirmwareLogStatus
2026-03-29 19:36:43.909 | AlertService | queryCallback type=UpdateFirmwareLogStatus
2026-03-29 19:36:44.905 | AlertService | queryCallback type=UpdateFirmwareLogStatus
2026-03-29 19:36:45.949 | AlertService | queryCallback type=UpdateFirmwareLogStatus
2026-03-29 19:36:46.906 | AlertService | queryCallback type=UpdateFirmwareLogStatus
2026-03-29 19:36:47.899 | AlertService | queryCallback type=UpdateFirmwareLogStatus
2026-03-29 19:36:48.972 | AlertService | queryCallback type=UpdateFirmwareLogStatus
2026-03-29 19:36:49.889 | AlertService | queryCallback type=UpdateFirmwareLogStatus
2026-03-29 19:36:50.874 | AlertService | queryCallback type=UpdateFirmwareLogStatus
2026-03-29 19:36:51.889 | AlertService | queryCallback type=UpdateFirmwareLogStatus
2026-03-29 19:36:52.943 | AlertService | queryCallback type=UpdateFirmwareLogStatus
2026-03-29 19:36:53.946 | AlertService | queryCallback type=UpdateFirmwareLogStatus
2026-03-29 19:36:54.926 | AlertService | queryCallback type=UpdateFirmwareLogStatus
2026-03-29 19:36:56.006 | AlertService | queryCallback type=UpdateFirmwareLogStatus
2026-03-29 19:36:56.903 | AlertService | queryCallback type=UpdateFirmwareLogStatus
2026-03-29 19:36:57.890 | AlertService | queryCallback type=UpdateFirmwareLogStatus
2026-03-29 19:36:58.888 | AlertService | queryCallback type=UpdateFirmwareLogStatus
2026-03-29 19:36:59.860 | AlertService | queryCallback type=UpdateFirmwareLogStatus
2026-03-29 19:37:00.988 | AlertService | queryCallback type=UpdateFirmwareLogStatus
2026-03-29 19:37:02.007 | AlertService | queryCallback type=UpdateFirmwareLogStatus
2026-03-29 19:37:02.907 | AlertService | queryCallback type=UpdateFirmwareLogStatus
2026-03-29 19:37:03.868 | AlertService | queryCallback type=UpdateFirmwareLogStatus
2026-03-29 19:37:04.914 | AlertService | queryCallback type=UpdateFirmwareLogStatus
2026-03-29 19:37:05.908 | AlertService | queryCallback type=UpdateFirmwareLogStatus
2026-03-29 19:37:06.915 | AlertService | queryCallback type=UpdateFirmwareLogStatus
2026-03-29 19:37:07.886 | AlertService | queryCallback type=UpdateFirmwareLogStatus
2026-03-29 19:37:08.866 | AlertService | queryCallback type=UpdateFirmwareLogStatus
2026-03-29 19:37:09.945 | AlertService | queryCallback type=UpdateFirmwareLogStatus
2026-03-29 19:37:10.880 | AlertService | queryCallback type=UpdateFirmwareLogStatus
2026-03-29 19:37:11.879 | AlertService | queryCallback type=UpdateFirmwareLogStatus
2026-03-29 19:37:12.868 | AlertService | queryCallback type=UpdateFirmwareLogStatus
2026-03-29 19:37:13.875 | AlertService | queryCallback type=UpdateFirmwareLogStatus
2026-03-29 19:37:14.870 | AlertService | queryCallback type=UpdateFirmwareLogStatus
2026-03-29 19:37:15.876 | AlertService | queryCallback type=UpdateFirmwareLogStatus
2026-03-29 19:37:16.907 | AlertService | queryCallback type=UpdateFirmwareLogStatus
2026-03-29 19:37:17.881 | AlertService | queryCallback type=UpdateFirmwareLogStatus
2026-03-29 19:37:18.864 | AlertService | queryCallback type=UpdateFirmwareLogStatus
2026-03-29 19:37:19.930 | AlertService | queryCallback type=UpdateFirmwareLogStatus
2026-03-29 19:37:20.891 | AlertService | queryCallback type=UpdateFirmwareLogStatus
2026-03-29 19:37:21.880 | AlertService | queryCallback type=UpdateFirmwareLogStatus
2026-03-29 19:37:22.901 | AlertService | queryCallback type=UpdateFirmwareLogStatus
2026-03-29 19:37:23.882 | AlertService | queryCallback type=UpdateFirmwareLogStatus
2026-03-29 19:37:25.011 | AlertService | queryCallback type=UpdateFirmwareLogStatus
2026-03-29 19:37:26.020 | AlertService | queryCallback type=UpdateFirmwareLogStatus
2026-03-29 19:37:26.881 | AlertService | queryCallback type=UpdateFirmwareLogStatus
2026-03-29 19:37:27.871 | AlertService | queryCallback type=UpdateFirmwareLogStatus
2026-03-29 19:37:28.865 | AlertService | queryCallback type=UpdateFirmwareLogStatus
2026-03-29 19:37:29.848 | AlertService | queryCallback type=UpdateFirmwareLogStatus
2026-03-29 19:37:30.884 | AlertService | queryCallback type=UpdateFirmwareLogStatus
2026-03-29 19:37:31.856 | AlertService | queryCallback type=UpdateFirmwareLogStatus
2026-03-29 19:37:32.906 | AlertService | queryCallback type=UpdateFirmwareLogStatus
2026-03-29 19:37:33.868 | AlertService | queryCallback type=UpdateFirmwareLogStatus
2026-03-29 19:37:34.867 | AlertService | queryCallback type=UpdateFirmwareLogStatus
2026-03-29 19:37:36.081 | AlertService | queryCallback type=UpdateFirmwareLogStatus
2026-03-29 19:37:37.011 | AlertService | queryCallback type=UpdateFirmwareLogStatus
2026-03-29 19:37:37.854 | AlertService | queryCallback type=UpdateFirmwareLogStatus
2026-03-29 19:37:38.916 | AlertService | queryCallback type=UpdateFirmwareLogStatus
2026-03-29 19:37:39.863 | AlertService | queryCallback type=UpdateFirmwareLogStatus
2026-03-29 19:37:40.856 | AlertService | queryCallback type=UpdateFirmwareLogStatus
2026-03-29 19:37:41.867 | AlertService | queryCallback type=UpdateFirmwareLogStatus
2026-03-29 19:37:42.877 | AlertService | queryCallback type=UpdateFirmwareLogStatus
2026-03-29 19:37:43.834 | AlertService | queryCallback type=UpdateFirmwareLogStatus
2026-03-29 19:37:44.871 | AlertService | queryCallback type=UpdateFirmwareLogStatus
2026-03-29 19:37:45.925 | AlertService | queryCallback type=UpdateFirmwareLogStatus
2026-03-29 19:37:46.902 | AlertService | queryCallback type=UpdateFirmwareLogStatus
2026-03-29 19:37:47.925 | AlertService | queryCallback type=UpdateFirmwareLogStatus
2026-03-29 19:37:48.818 | AlertService | queryCallback type=UpdateFirmwareLogStatus
2026-03-29 19:37:49.856 | AlertService | queryCallback type=UpdateFirmwareLogStatus
2026-03-29 19:37:50.906 | AlertService | queryCallback type=UpdateFirmwareLogStatus
2026-03-29 19:37:51.851 | AlertService | queryCallback type=UpdateFirmwareLogStatus
2026-03-29 19:37:52.835 | AlertService | queryCallback type=UpdateFirmwareLogStatus
2026-03-29 19:37:53.878 | AlertService | queryCallback type=UpdateFirmwareLogStatus
2026-03-29 19:37:54.854 | AlertService | queryCallback type=UpdateFirmwareLogStatus
2026-03-29 19:37:56.009 | AlertService | queryCallback type=UpdateFirmwareLogStatus
2026-03-29 19:37:56.943 | AlertService | queryCallback type=UpdateFirmwareLogStatus
2026-03-29 19:37:57.826 | AlertService | queryCallback type=UpdateFirmwareLogStatus
2026-03-29 19:37:58.809 | AlertService | queryCallback type=UpdateFirmwareLogStatus
2026-03-29 19:37:59.955 | AlertService | queryCallback type=UpdateFirmwareLogStatus
2026-03-29 19:38:00.884 | AlertService | queryCallback type=UpdateFirmwareLogStatus
2026-03-29 19:38:01.851 | AlertService | queryCallback type=UpdateFirmwareLogStatus
2026-03-29 19:38:02.885 | AlertService | queryCallback type=UpdateFirmwareLogStatus
2026-03-29 19:38:03.914 | AlertService | queryCallback type=UpdateFirmwareLogStatus
2026-03-29 19:38:05.010 | AlertService | queryCallback type=UpdateFirmwareLogStatus
2026-03-29 19:38:05.998 | AlertService | queryCallback type=UpdateFirmwareLogStatus
2026-03-29 19:38:06.964 | AlertService | queryCallback type=UpdateFirmwareLogStatus
2026-03-29 19:38:07.849 | AlertService | queryCallback type=UpdateFirmwareLogStatus
2026-03-29 19:38:09.103 | AlertService | queryCallback type=UpdateFirmwareLogStatus
2026-03-29 19:38:10.158 | AlertService | queryCallback type=UpdateFirmwareLogStatus
2026-03-29 19:38:10.939 | AlertService | queryCallback type=UpdateFirmwareLogStatus
2026-03-29 19:38:11.867 | AlertService | queryCallback type=UpdateFirmwareLogStatus
2026-03-29 19:38:12.837 | AlertService | queryCallback type=UpdateFirmwareLogStatus
2026-03-29 19:38:13.935 | AlertService | queryCallback type=UpdateFirmwareLogStatus
2026-03-29 19:38:14.905 | AlertService | queryCallback type=UpdateFirmwareLogStatus
2026-03-29 19:38:16.330 | AlertService | queryCallback type=UpdateFirmwareLogStatus
2026-03-29 19:38:17.024 | AlertService | queryCallback type=UpdateFirmwareLogStatus
2026-03-29 19:38:17.940 | AlertService | queryCallback type=UpdateFirmwareLogStatus
2026-03-29 19:38:18.897 | AlertService | queryCallback type=UpdateFirmwareLogStatus
2026-03-29 19:38:19.826 | AlertService | queryCallback type=UpdateFirmwareLogStatus
2026-03-29 19:38:20.813 | AlertService | queryCallback type=UpdateFirmwareLogStatus
2026-03-29 19:38:21.853 | AlertService | queryCallback type=UpdateFirmwareLogStatus
2026-03-29 19:38:22.875 | AlertService | queryCallback type=UpdateFirmwareLogStatus
2026-03-29 19:38:23.872 | AlertService | queryCallback type=UpdateFirmwareLogStatus
2026-03-29 19:38:24.834 | AlertService | queryCallback type=UpdateFirmwareLogStatus
2026-03-29 19:38:25.806 | AlertService | queryCallback type=UpdateFirmwareLogStatus
2026-03-29 19:38:26.811 | AlertService | queryCallback type=UpdateFirmwareLogStatus
2026-03-29 19:38:27.806 | AlertService | queryCallback type=UpdateFirmwareLogStatus
2026-03-29 19:38:28.827 | AlertService | queryCallback type=UpdateFirmwareLogStatus
2026-03-29 19:38:29.905 | AlertService | queryCallback type=UpdateFirmwareLogStatus
2026-03-29 19:38:30.811 | AlertService | queryCallback type=UpdateFirmwareLogStatus
2026-03-29 19:38:31.805 | AlertService | queryCallback type=UpdateFirmwareLogStatus
2026-03-29 19:38:32.792 | AlertService | queryCallback type=UpdateFirmwareLogStatus
2026-03-29 19:38:33.996 | AlertService | queryCallback type=UpdateFirmwareLogStatus
2026-03-29 19:38:34.851 | AlertService | queryCallback type=UpdateFirmwareLogStatus
2026-03-29 19:38:35.804 | AlertService | queryCallback type=UpdateFirmwareLogStatus
2026-03-29 19:38:36.798 | AlertService | queryCallback type=UpdateFirmwareLogStatus
2026-03-29 19:38:37.867 | AlertService | queryCallback type=UpdateFirmwareLogStatus
2026-03-29 19:38:38.814 | AlertService | queryCallback type=UpdateFirmwareLogStatus
2026-03-29 19:38:39.820 | AlertService | queryCallback type=UpdateFirmwareLogStatus
2026-03-29 19:38:40.795 | AlertService | queryCallback type=UpdateFirmwareLogStatus
2026-03-29 19:38:41.794 | AlertService | queryCallback type=UpdateFirmwareLogStatus
2026-03-29 19:38:42.824 | AlertService | queryCallback type=UpdateFirmwareLogStatus
2026-03-29 19:38:43.824 | AlertService | queryCallback type=UpdateFirmwareLogStatus
2026-03-29 19:38:44.846 | AlertService | queryCallback type=UpdateFirmwareLogStatus
2026-03-29 19:38:45.854 | AlertService | queryCallback type=UpdateFirmwareLogStatus
2026-03-29 19:38:46.938 | AlertService | queryCallback type=UpdateFirmwareLogStatus
2026-03-29 19:38:47.837 | AlertService | queryCallback type=UpdateFirmwareLogStatus
2026-03-29 19:38:48.810 | AlertService | queryCallback type=UpdateFirmwareLogStatus
2026-03-29 19:38:49.786 | AlertService | queryCallback type=UpdateFirmwareLogStatus
2026-03-29 19:38:50.800 | AlertService | queryCallback type=UpdateFirmwareLogStatus
2026-03-29 19:38:51.782 | AlertService | queryCallback type=UpdateFirmwareLogStatus
2026-03-29 19:38:52.822 | AlertService | queryCallback type=UpdateFirmwareLogStatus
2026-03-29 19:38:53.819 | AlertService | queryCallback type=UpdateFirmwareLogStatus
2026-03-29 19:38:54.797 | AlertService | queryCallback type=UpdateFirmwareLogStatus
2026-03-29 19:38:55.855 | AlertService | queryCallback type=UpdateFirmwareLogStatus
2026-03-29 19:38:56.852 | AlertService | queryCallback type=UpdateFirmwareLogStatus
2026-03-29 19:38:57.819 | AlertService | queryCallback type=UpdateFirmwareLogStatus
2026-03-29 19:38:58.797 | AlertService | queryCallback type=UpdateFirmwareLogStatus
2026-03-29 19:38:59.951 | AlertService | queryCallback type=UpdateFirmwareLogStatus
2026-03-29 19:39:00.793 | AlertService | queryCallback type=UpdateFirmwareLogStatus
2026-03-29 19:39:01.808 | AlertService | queryCallback type=UpdateFirmwareLogStatus
2026-03-29 19:39:02.907 | AlertService | queryCallback type=UpdateFirmwareLogStatus
2026-03-29 19:39:03.815 | AlertService | queryCallback type=UpdateFirmwareLogStatus
2026-03-29 19:39:04.793 | AlertService | queryCallback type=UpdateFirmwareLogStatus
2026-03-29 19:39:05.844 | AlertService | queryCallback type=UpdateFirmwareLogStatus
2026-03-29 19:39:06.828 | AlertService | queryCallback type=UpdateFirmwareLogStatus
2026-03-29 19:39:07.838 | AlertService | queryCallback type=UpdateFirmwareLogStatus
2026-03-29 19:39:08.844 | AlertService | queryCallback type=UpdateFirmwareLogStatus
2026-03-29 19:39:09.830 | AlertService | queryCallback type=UpdateFirmwareLogStatus
2026-03-29 19:39:10.779 | AlertService | queryCallback type=UpdateFirmwareLogStatus
2026-03-29 19:39:11.829 | AlertService | queryCallback type=UpdateFirmwareLogStatus
2026-03-29 19:39:12.812 | AlertService | queryCallback type=UpdateFirmwareLogStatus
2026-03-29 19:39:13.793 | AlertService | queryCallback type=UpdateFirmwareLogStatus
2026-03-29 19:39:14.854 | AlertService | queryCallback type=UpdateFirmwareLogStatus
2026-03-29 19:39:15.789 | AlertService | queryCallback type=UpdateFirmwareLogStatus
2026-03-29 19:39:16.815 | AlertService | queryCallback type=UpdateFirmwareLogStatus
2026-03-29 19:39:17.810 | AlertService | queryCallback type=UpdateFirmwareLogStatus
2026-03-29 19:39:18.781 | AlertService | queryCallback type=UpdateFirmwareLogStatus
2026-03-29 19:39:19.770 | AlertService | queryCallback type=UpdateFirmwareLogStatus
2026-03-29 19:39:20.772 | AlertService | queryCallback type=UpdateFirmwareLogStatus
2026-03-29 19:39:21.890 | AlertService | queryCallback type=UpdateFirmwareLogStatus
2026-03-29 19:39:22.788 | AlertService | queryCallback type=UpdateFirmwareLogStatus
2026-03-29 19:39:23.826 | AlertService | queryCallback type=UpdateFirmwareLogStatus
2026-03-29 19:39:24.793 | AlertService | queryCallback type=UpdateFirmwareLogStatus
2026-03-29 19:39:25.829 | AlertService | queryCallback type=UpdateFirmwareLogStatus
2026-03-29 19:39:26.825 | AlertService | queryCallback type=UpdateFirmwareLogStatus
2026-03-29 19:39:27.827 | AlertService | queryCallback type=UpdateFirmwareLogStatus
2026-03-29 19:39:28.786 | AlertService | queryCallback type=UpdateFirmwareLogStatus
2026-03-29 19:39:29.764 | AlertService | queryCallback type=UpdateFirmwareLogStatus
2026-03-29 19:39:30.805 | AlertService | queryCallback type=UpdateFirmwareLogStatus
2026-03-29 19:39:31.790 | AlertService | queryCallback type=UpdateFirmwareLogStatus
2026-03-29 19:39:32.800 | AlertService | queryCallback type=UpdateFirmwareLogStatus
2026-03-29 19:39:33.877 | AlertService | queryCallback type=UpdateFirmwareLogStatus
2026-03-29 19:39:34.790 | AlertService | queryCallback type=UpdateFirmwareLogStatus
2026-03-29 19:39:35.807 | AlertService | queryCallback type=UpdateFirmwareLogStatus
2026-03-29 19:39:36.784 | AlertService | queryCallback type=UpdateFirmwareLogStatus
2026-03-29 19:39:37.774 | AlertService | queryCallback type=UpdateFirmwareLogStatus
2026-03-29 19:39:38.766 | AlertService | queryCallback type=UpdateFirmwareLogStatus
2026-03-29 19:39:39.770 | AlertService | queryCallback type=UpdateFirmwareLogStatus
2026-03-29 19:39:40.789 | AlertService | queryCallback type=UpdateFirmwareLogStatus
2026-03-29 19:39:41.797 | AlertService | queryCallback type=UpdateFirmwareLogStatus
2026-03-29 19:39:42.766 | AlertService | queryCallback type=UpdateFirmwareLogStatus
2026-03-29 19:39:43.769 | AlertService | queryCallback type=UpdateFirmwareLogStatus
2026-03-29 19:39:44.770 | AlertService | queryCallback type=UpdateFirmwareLogStatus
2026-03-29 19:39:45.794 | AlertService | queryCallback type=UpdateFirmwareLogStatus
2026-03-29 19:39:46.785 | AlertService | queryCallback type=UpdateFirmwareLogStatus
2026-03-29 19:39:47.787 | AlertService | queryCallback type=UpdateFirmwareLogStatus
2026-03-29 19:39:48.754 | AlertService | queryCallback type=UpdateFirmwareLogStatus
2026-03-29 19:39:49.740 | AlertService | queryCallback type=UpdateFirmwareLogStatus
2026-03-29 19:39:50.774 | AlertService | queryCallback type=UpdateFirmwareLogStatus
2026-03-29 19:39:51.936 | AlertService | queryCallback type=UpdateFirmwareLogStatus
2026-03-29 19:39:52.751 | AlertService | queryCallback type=UpdateFirmwareLogStatus
2026-03-29 19:39:53.735 | AlertService | queryCallback type=UpdateFirmwareLogStatus
2026-03-29 19:39:54.748 | AlertService | queryCallback type=UpdateFirmwareLogStatus
2026-03-29 19:39:55.771 | AlertService | queryCallback type=UpdateFirmwareLogStatus
2026-03-29 19:39:56.764 | AlertService | queryCallback type=UpdateFirmwareLogStatus
2026-03-29 19:39:57.804 | AlertService | queryCallback type=UpdateFirmwareLogStatus
2026-03-29 19:39:58.754 | AlertService | queryCallback type=UpdateFirmwareLogStatus
2026-03-29 19:39:59.870 | AlertService | queryCallback type=UpdateFirmwareLogStatus
2026-03-29 19:40:00.774 | AlertService | queryCallback type=UpdateFirmwareLogStatus
2026-03-29 19:40:01.769 | AlertService | queryCallback type=UpdateFirmwareLogStatus
2026-03-29 19:40:02.760 | AlertService | queryCallback type=UpdateFirmwareLogStatus
2026-03-29 19:40:03.755 | AlertService | queryCallback type=UpdateFirmwareLogStatus
2026-03-29 19:40:04.749 | AlertService | queryCallback type=UpdateFirmwareLogStatus
2026-03-29 19:40:05.771 | AlertService | queryCallback type=UpdateFirmwareLogStatus
2026-03-29 19:40:06.779 | AlertService | queryCallback type=UpdateFirmwareLogStatus
2026-03-29 19:40:07.762 | AlertService | queryCallback type=UpdateFirmwareLogStatus
2026-03-29 19:40:08.796 | AlertService | queryCallback type=UpdateFirmwareLogStatus
2026-03-29 19:40:09.770 | AlertService | queryCallback type=UpdateFirmwareLogStatus
2026-03-29 19:40:10.752 | AlertService | queryCallback type=UpdateFirmwareLogStatus
2026-03-29 19:40:11.747 | AlertService | queryCallback type=UpdateFirmwareLogStatus
2026-03-29 19:40:12.749 | AlertService | queryCallback type=UpdateFirmwareLogStatus
2026-03-29 19:40:13.754 | AlertService | queryCallback type=UpdateFirmwareLogStatus
2026-03-29 19:40:14.764 | AlertService | queryCallback type=UpdateFirmwareLogStatus
2026-03-29 19:40:15.761 | AlertService | queryCallback type=UpdateFirmwareLogStatus
2026-03-29 19:40:16.784 | AlertService | queryCallback type=UpdateFirmwareLogStatus
2026-03-29 19:40:17.746 | AlertService | queryCallback type=UpdateFirmwareLogStatus
2026-03-29 19:40:18.722 | AlertService | queryCallback type=UpdateFirmwareLogStatus
2026-03-29 19:40:19.781 | AlertService | queryCallback type=UpdateFirmwareLogStatus
2026-03-29 19:40:20.805 | AlertService | queryCallback type=UpdateFirmwareLogStatus
2026-03-29 19:40:21.751 | AlertService | queryCallback type=UpdateFirmwareLogStatus
2026-03-29 19:40:22.733 | AlertService | queryCallback type=UpdateFirmwareLogStatus
2026-03-29 19:40:23.738 | AlertService | queryCallback type=UpdateFirmwareLogStatus
2026-03-29 19:40:24.760 | AlertService | queryCallback type=UpdateFirmwareLogStatus
2026-03-29 19:40:25.756 | AlertService | queryCallback type=UpdateFirmwareLogStatus
2026-03-29 19:40:26.805 | AlertService | queryCallback type=UpdateFirmwareLogStatus
2026-03-29 19:40:27.771 | AlertService | queryCallback type=UpdateFirmwareLogStatus
2026-03-29 19:40:28.729 | AlertService | queryCallback type=UpdateFirmwareLogStatus
2026-03-29 19:40:29.747 | AlertService | queryCallback type=UpdateFirmwareLogStatus
2026-03-29 19:40:30.754 | AlertService | queryCallback type=UpdateFirmwareLogStatus
2026-03-29 19:40:31.732 | AlertService | queryCallback type=UpdateFirmwareLogStatus
2026-03-29 19:40:32.717 | AlertService | queryCallback type=UpdateFirmwareLogStatus
2026-03-29 19:40:33.769 | AlertService | queryCallback type=UpdateFirmwareLogStatus
2026-03-29 19:40:34.755 | AlertService | queryCallback type=UpdateFirmwareLogStatus
2026-03-29 19:40:35.738 | AlertService | queryCallback type=UpdateFirmwareLogStatus
2026-03-29 19:40:36.787 | AlertService | queryCallback type=UpdateFirmwareLogStatus
2026-03-29 19:40:37.722 | AlertService | queryCallback type=UpdateFirmwareLogStatus
2026-03-29 19:40:38.745 | AlertService | queryCallback type=UpdateFirmwareLogStatus
2026-03-29 19:40:39.746 | AlertService | queryCallback type=UpdateFirmwareLogStatus
2026-03-29 19:40:40.742 | AlertService | queryCallback type=UpdateFirmwareLogStatus
2026-03-29 19:40:41.729 | AlertService | queryCallback type=UpdateFirmwareLogStatus
2026-03-29 19:40:42.710 | AlertService | queryCallback type=UpdateFirmwareLogStatus
2026-03-29 19:40:43.801 | AlertService | queryCallback type=UpdateFirmwareLogStatus
2026-03-29 19:40:44.734 | AlertService | queryCallback type=UpdateFirmwareLogStatus
2026-03-29 19:40:45.708 | AlertService | queryCallback type=UpdateFirmwareLogStatus
2026-03-29 19:40:46.702 | AlertService | queryCallback type=UpdateFirmwareLogStatus
2026-03-29 19:40:47.715 | AlertService | queryCallback type=UpdateFirmwareLogStatus
2026-03-29 19:40:48.802 | AlertService | queryCallback type=UpdateFirmwareLogStatus
2026-03-29 19:40:49.957 | AlertService | queryCallback type=UpdateFirmwareLogStatus
2026-03-29 19:40:50.706 | AlertService | queryCallback type=UpdateFirmwareLogStatus
2026-03-29 19:40:51.746 | AlertService | queryCallback type=UpdateFirmwareLogStatus
2026-03-29 19:40:52.690 | AlertService | queryCallback type=UpdateFirmwareLogStatus
2026-03-29 19:40:53.727 | AlertService | queryCallback type=UpdateFirmwareLogStatus
2026-03-29 19:40:54.723 | AlertService | queryCallback type=UpdateFirmwareLogStatus
2026-03-29 19:40:56.038 | AlertService | queryCallback type=UpdateFirmwareLogStatus
2026-03-29 19:40:57.048 | AlertService | queryCallback type=UpdateFirmwareLogStatus
2026-03-29 19:40:57.710 | AlertService | queryCallback type=UpdateFirmwareLogStatus
2026-03-29 19:40:58.727 | AlertService | queryCallback type=UpdateFirmwareLogStatus
2026-03-29 19:40:59.730 | AlertService | queryCallback type=UpdateFirmwareLogStatus
2026-03-29 19:41:00.764 | AlertService | queryCallback type=UpdateFirmwareLogStatus
2026-03-29 19:41:01.750 | AlertService | queryCallback type=UpdateFirmwareLogStatus
2026-03-29 19:41:02.772 | AlertService | queryCallback type=UpdateFirmwareLogStatus
2026-03-29 19:41:03.836 | AlertService | queryCallback type=UpdateFirmwareLogStatus
2026-03-29 19:41:04.706 | AlertService | queryCallback type=UpdateFirmwareLogStatus
2026-03-29 19:41:05.698 | AlertService | queryCallback type=UpdateFirmwareLogStatus
2026-03-29 19:41:06.680 | AlertService | queryCallback type=UpdateFirmwareLogStatus
2026-03-29 19:41:07.739 | AlertService | queryCallback type=UpdateFirmwareLogStatus
2026-03-29 19:41:08.851 | AlertService | queryCallback type=UpdateFirmwareLogStatus
2026-03-29 19:41:09.939 | AlertService | queryCallback type=UpdateFirmwareLogStatus
2026-03-29 19:41:10.989 | AlertService | queryCallback type=UpdateFirmwareLogStatus
2026-03-29 19:41:11.738 | AlertService | queryCallback type=UpdateFirmwareLogStatus
2026-03-29 19:41:12.782 | AlertService | queryCallback type=UpdateFirmwareLogStatus
2026-03-29 19:41:13.738 | AlertService | queryCallback type=UpdateFirmwareLogStatus
2026-03-29 19:41:14.686 | AlertService | queryCallback type=UpdateFirmwareLogStatus
2026-03-29 19:41:15.695 | AlertService | queryCallback type=UpdateFirmwareLogStatus
2026-03-29 19:41:16.726 | AlertService | queryCallback type=UpdateFirmwareLogStatus
2026-03-29 19:41:17.950 | AlertService | queryCallback type=UpdateFirmwareLogStatus
2026-03-29 19:41:18.707 | AlertService | queryCallback type=UpdateFirmwareLogStatus
2026-03-29 19:41:19.772 | AlertService | queryCallback type=UpdateFirmwareLogStatus
2026-03-29 19:41:20.683 | AlertService | queryCallback type=UpdateFirmwareLogStatus
2026-03-29 19:41:21.673 | AlertService | queryCallback type=UpdateFirmwareLogStatus
2026-03-29 19:41:22.719 | AlertService | queryCallback type=UpdateFirmwareLogStatus
2026-03-29 19:41:23.702 | AlertService | queryCallback type=UpdateFirmwareLogStatus
2026-03-29 19:41:24.766 | AlertService | queryCallback type=UpdateFirmwareLogStatus
2026-03-29 19:41:25.686 | AlertService | queryCallback type=UpdateFirmwareLogStatus
2026-03-29 19:41:26.671 | AlertService | queryCallback type=UpdateFirmwareLogStatus
2026-03-29 19:41:27.795 | AlertService | queryCallback type=UpdateFirmwareLogStatus
2026-03-29 19:41:28.925 | AlertService | queryCallback type=UpdateFirmwareLogStatus
2026-03-29 19:41:30.289 | AlertService | queryCallback type=UpdateFirmwareLogStatus
2026-03-29 19:41:30.882 | AlertService | queryCallback type=UpdateFirmwareLogStatus
2026-03-29 19:41:31.026 | AlertVM | handleQueryCallback type=Default
2026-03-29 19:41:31.748 | AlertService | queryCallback type=UpdateFirmwareLogStatus
2026-03-29 19:41:31.755 | AlertVM | handleQueryCallback type=UpdateFirmwareLogStatus
2026-03-29 19:41:31.757 | AlertVM | handleQueryCallback type=Default
2026-03-29 19:41:32.109 | AlertService | queryCallback type=BatteryDataObtained
2026-03-29 19:41:32.111 | AlertVM | handleQueryCallback type=BatteryDataObtained
2026-03-29 19:41:32.113 | AlertVM | handleQueryCallback type=Default
2026-03-29 19:41:32.397 | AlertService | queryCallback type=BatteryDataObtained
2026-03-29 19:41:32.399 | AlertVM | handleQueryCallback type=BatteryDataObtained
2026-03-29 19:41:32.400 | AlertVM | handleQueryCallback type=Default
2026-03-29 19:41:32.912 | AlertService | queryCallback type=UpdateFirmwareLogStatus
2026-03-29 19:41:32.913 | AlertVM | handleQueryCallback type=UpdateFirmwareLogStatus
2026-03-29 19:41:32.915 | AlertVM | handleQueryCallback type=Default
2026-03-29 19:41:33.818 | AlertService | queryCallback type=UpdateFirmwareLogStatus
2026-03-29 19:41:33.823 | AlertVM | handleQueryCallback type=UpdateFirmwareLogStatus
2026-03-29 19:41:33.825 | AlertVM | handleQueryCallback type=Default
2026-03-29 19:41:34.676 | AlertService | queryCallback type=UpdateFirmwareLogStatus
2026-03-29 19:41:34.681 | AlertVM | handleQueryCallback type=UpdateFirmwareLogStatus
2026-03-29 19:41:34.684 | AlertVM | handleQueryCallback type=Default
2026-03-29 19:41:35.666 | AlertService | queryCallback type=UpdateFirmwareLogStatus
2026-03-29 19:41:35.672 | AlertVM | handleQueryCallback type=UpdateFirmwareLogStatus
2026-03-29 19:41:35.674 | AlertVM | handleQueryCallback type=Default
2026-03-29 19:41:36.717 | AlertService | queryCallback type=UpdateFirmwareLogStatus
2026-03-29 19:41:36.726 | AlertVM | handleQueryCallback type=UpdateFirmwareLogStatus
2026-03-29 19:41:36.730 | AlertVM | handleQueryCallback type=Default
2026-03-29 19:41:37.692 | AlertService | queryCallback type=UpdateFirmwareLogStatus
2026-03-29 19:41:37.698 | AlertVM | handleQueryCallback type=UpdateFirmwareLogStatus
2026-03-29 19:41:37.699 | AlertVM | handleQueryCallback type=Default
2026-03-29 19:41:38.341 | AlertVM | saveSpo2Settings requested={"enabled":true,"threshold":100}
2026-03-29 19:41:38.347 | AlertVM | persistFeature feature=SPO2 connected=true
2026-03-29 19:41:38.351 | AlertVM | persistFeature state={"device_address":"D8:5C:08:30:00:1E","heart_rate":{"low_enabled":true,"low_threshold":79,"resting_enabled":true,"resting_threshold":80,"workout_enabled":false,"workout_threshold":175},"pending_sync":{"heart_rate":true,"relaxation_prompt":false,"sedentary_reminder":false,"sleep_reminder":false,"spo2":true},"pressure_mode":{"relaxation_prompt_enabled":false,"stress_monitoring_enabled":false},"sedentary_reminder":{"end_hour":18,"end_minute":0,"interval":60,"repeat_count":0,"start_hour":9,"start_minute":0,"status":false},"sleep_reminder":{"hour":0,"millisecond":0,"minute":0,"second":0,"status":false},"snapshots":{"heart_rate":{"continuous_heart_rate_mode":0,"frequency":5,"mode":0},"sedentary_reminder":{"no_disturb_in_launch":false}},"spo2":{"enabled":true,"threshold":100},"support":{"heart_rate":true,"heart_rate_workout":true,"high_stress_index":false,"relaxation_prompt":false,"sedentary_reminder":true,"sleep_reminder":false,"spo2":true,"wear_detection":true},"wear_detection_status":{"is_worn":false,"last_updated_at":1774793063921}}
2026-03-29 19:41:38.355 | AlertVM | syncQueuedFeatures feature=SPO2 requiresSnapshot=false
2026-03-29 19:41:38.364 | AlertVM | sendUpdate feature=SPO2
2026-03-29 19:41:38.366 | AlertVM | sendUpdate state={"device_address":"D8:5C:08:30:00:1E","heart_rate":{"low_enabled":true,"low_threshold":79,"resting_enabled":true,"resting_threshold":80,"workout_enabled":false,"workout_threshold":175},"pending_sync":{"heart_rate":true,"relaxation_prompt":false,"sedentary_reminder":false,"sleep_reminder":false,"spo2":true},"pressure_mode":{"relaxation_prompt_enabled":false,"stress_monitoring_enabled":false},"sedentary_reminder":{"end_hour":18,"end_minute":0,"interval":60,"repeat_count":0,"start_hour":9,"start_minute":0,"status":false},"sleep_reminder":{"hour":0,"millisecond":0,"minute":0,"second":0,"status":false},"snapshots":{"heart_rate":{"continuous_heart_rate_mode":0,"frequency":5,"mode":0},"sedentary_reminder":{"no_disturb_in_launch":false}},"spo2":{"enabled":true,"threshold":100},"support":{"heart_rate":true,"heart_rate_workout":true,"high_stress_index":false,"relaxation_prompt":false,"sedentary_reminder":true,"sleep_reminder":false,"spo2":true,"wear_detection":true},"wear_detection_status":{"is_worn":false,"last_updated_at":1774793063921}}
2026-03-29 19:41:38.367 | ZhUpdate | setSpo2AlertSettings={"enabled":true,"threshold":100}
2026-03-29 19:41:38.691 | AlertService | queryCallback type=UpdateFirmwareLogStatus
2026-03-29 19:41:38.692 | AlertVM | handleQueryCallback type=UpdateFirmwareLogStatus
2026-03-29 19:41:38.694 | AlertVM | handleQueryCallback type=Default
2026-03-29 19:41:38.859 | ZhUpdate | setSpo2AlertSettings state=SUCCEED
2026-03-29 19:41:38.862 | AlertService | updateCallback type=Spo2AlertSettingsUpdated
2026-03-29 19:41:38.865 | AlertService | onAlertUpdateCompleted feature=SPO2 success=true
2026-03-29 19:41:38.877 | AlertService | updateCallback type=Spo2SettingsUpdated
2026-03-29 19:41:38.880 | AlertVM | handleUpdateCallback type=Spo2AlertSettingsUpdated
2026-03-29 19:41:38.882 | AlertVM | spo2 update success=true
2026-03-29 19:41:38.885 | AlertVM | handleScreenUpdateCompletion feature=SPO2 success=true
2026-03-29 19:41:38.887 | AlertVM | sendQuery feature=SPO2
2026-03-29 19:41:38.889 | AlertVM | handleUpdateCallback type=Spo2SettingsUpdated
2026-03-29 19:41:38.891 | ZhQuery | getSpo2AlertSettings dispatched
2026-03-29 19:41:39.198 | ZhQuery | onSWSPO2Monitor={"isWarning":true,"warningValue":100}
2026-03-29 19:41:39.205 | AlertService | queryCallback type=Spo2AlertSettingsObtained
2026-03-29 19:41:39.209 | AlertService | spo2 passive query preserving pending local value
2026-03-29 19:41:39.213 | AlertService | saveAlertSettings={"device_address":"D8:5C:08:30:00:1E","heart_rate":{"low_enabled":true,"low_threshold":79,"resting_enabled":true,"resting_threshold":80,"workout_enabled":false,"workout_threshold":175},"pending_sync":{"heart_rate":true,"relaxation_prompt":false,"sedentary_reminder":false,"sleep_reminder":false,"spo2":true},"pressure_mode":{"relaxation_prompt_enabled":false,"stress_monitoring_enabled":false},"sedentary_reminder":{"end_hour":18,"end_minute":0,"interval":60,"repeat_count":0,"start_hour":9,"start_minute":0,"status":false},"sleep_reminder":{"hour":0,"millisecond":0,"minute":0,"second":0,"status":false},"snapshots":{"heart_rate":{"continuous_heart_rate_mode":0,"frequency":5,"mode":0},"sedentary_reminder":{"no_disturb_in_launch":false}},"spo2":{"enabled":true,"threshold":100},"support":{"heart_rate":true,"heart_rate_workout":true,"high_stress_index":false,"relaxation_prompt":false,"sedentary_reminder":true,"sleep_reminder":false,"spo2":true,"wear_detection":true},"wear_detection_status":{"is_worn":false,"last_updated_at":1774793063921}}
2026-03-29 19:41:39.217 | AlertService | queryCallback type=AlertFeatureSupportObtained
2026-03-29 19:41:39.221 | AlertService | saveAlertSettings={"device_address":"D8:5C:08:30:00:1E","heart_rate":{"low_enabled":true,"low_threshold":79,"resting_enabled":true,"resting_threshold":80,"workout_enabled":false,"workout_threshold":175},"pending_sync":{"heart_rate":true,"relaxation_prompt":false,"sedentary_reminder":false,"sleep_reminder":false,"spo2":true},"pressure_mode":{"relaxation_prompt_enabled":false,"stress_monitoring_enabled":false},"sedentary_reminder":{"end_hour":18,"end_minute":0,"interval":60,"repeat_count":0,"start_hour":9,"start_minute":0,"status":false},"sleep_reminder":{"hour":0,"millisecond":0,"minute":0,"second":0,"status":false},"snapshots":{"heart_rate":{"continuous_heart_rate_mode":0,"frequency":5,"mode":0},"sedentary_reminder":{"no_disturb_in_launch":false}},"spo2":{"enabled":true,"threshold":100},"support":{"heart_rate":true,"heart_rate_workout":true,"high_stress_index":false,"relaxation_prompt":false,"sedentary_reminder":true,"sleep_reminder":false,"spo2":true,"wear_detection":true},"wear_detection_status":{"is_worn":false,"last_updated_at":1774793063921}}
2026-03-29 19:41:39.225 | ZhQuery | getSpo2AlertSettings state=SUCCEED
2026-03-29 19:41:39.229 | AlertVM | handleQueryCallback type=Spo2AlertSettingsObtained
2026-03-29 19:41:39.233 | AlertVM | spo2 query matchesStored=true pending=true phase=VERIFY_QUERY
2026-03-29 19:41:39.237 | AlertVM | spo2 query value={"enabled":true,"threshold":100}
2026-03-29 19:41:39.240 | AlertVM | handleScreenQueryCompletion feature=SPO2 phase=VERIFY_QUERY matchesStored=true
2026-03-29 19:41:39.245 | AlertVM | handleQueryCallback type=Default
2026-03-29 19:41:39.247 | AlertVM | handleQueryCallback type=AlertFeatureSupportObtained
2026-03-29 19:41:39.249 | AlertVM | support feature=SPO2 supported=true
2026-03-29 19:41:39.251 | AlertVM | handleQueryCallback type=Default
2026-03-29 19:41:39.666 | AlertService | queryCallback type=UpdateFirmwareLogStatus
2026-03-29 19:41:39.675 | AlertVM | handleQueryCallback type=UpdateFirmwareLogStatus
2026-03-29 19:41:39.676 | AlertVM | handleQueryCallback type=Default
2026-03-29 19:41:40.688 | AlertService | queryCallback type=UpdateFirmwareLogStatus
2026-03-29 19:41:40.697 | AlertVM | handleQueryCallback type=UpdateFirmwareLogStatus
2026-03-29 19:41:40.699 | AlertVM | handleQueryCallback type=Default
2026-03-29 19:41:41.699 | AlertService | queryCallback type=UpdateFirmwareLogStatus
2026-03-29 19:41:41.704 | AlertVM | handleQueryCallback type=UpdateFirmwareLogStatus
2026-03-29 19:41:41.706 | AlertVM | handleQueryCallback type=Default
2026-03-29 19:41:42.732 | AlertService | queryCallback type=UpdateFirmwareLogStatus
2026-03-29 19:41:42.734 | AlertVM | handleQueryCallback type=UpdateFirmwareLogStatus
2026-03-29 19:41:42.736 | AlertVM | handleQueryCallback type=Default
2026-03-29 19:41:43.693 | AlertService | queryCallback type=UpdateFirmwareLogStatus
2026-03-29 19:41:43.705 | AlertVM | handleQueryCallback type=UpdateFirmwareLogStatus
2026-03-29 19:41:43.708 | AlertVM | handleQueryCallback type=Default
2026-03-29 19:41:44.626 | AlertVM | saveSpo2Settings requested={"enabled":true,"threshold":100}
2026-03-29 19:41:44.627 | AlertVM | persistFeature feature=SPO2 connected=true
2026-03-29 19:41:44.629 | AlertVM | persistFeature state={"device_address":"D8:5C:08:30:00:1E","heart_rate":{"low_enabled":true,"low_threshold":79,"resting_enabled":true,"resting_threshold":80,"workout_enabled":false,"workout_threshold":175},"pending_sync":{"heart_rate":true,"relaxation_prompt":false,"sedentary_reminder":false,"sleep_reminder":false,"spo2":true},"pressure_mode":{"relaxation_prompt_enabled":false,"stress_monitoring_enabled":false},"sedentary_reminder":{"end_hour":18,"end_minute":0,"interval":60,"repeat_count":0,"start_hour":9,"start_minute":0,"status":false},"sleep_reminder":{"hour":0,"millisecond":0,"minute":0,"second":0,"status":false},"snapshots":{"heart_rate":{"continuous_heart_rate_mode":0,"frequency":5,"mode":0},"sedentary_reminder":{"no_disturb_in_launch":false}},"spo2":{"enabled":true,"threshold":100},"support":{"heart_rate":true,"heart_rate_workout":true,"high_stress_index":false,"relaxation_prompt":false,"sedentary_reminder":true,"sleep_reminder":false,"spo2":true,"wear_detection":true},"wear_detection_status":{"is_worn":false,"last_updated_at":1774793063921}}
2026-03-29 19:41:44.632 | AlertVM | syncQueuedFeatures feature=SPO2 requiresSnapshot=false
2026-03-29 19:41:44.637 | AlertVM | sendUpdate feature=SPO2
2026-03-29 19:41:44.639 | AlertVM | sendUpdate state={"device_address":"D8:5C:08:30:00:1E","heart_rate":{"low_enabled":true,"low_threshold":79,"resting_enabled":true,"resting_threshold":80,"workout_enabled":false,"workout_threshold":175},"pending_sync":{"heart_rate":true,"relaxation_prompt":false,"sedentary_reminder":false,"sleep_reminder":false,"spo2":true},"pressure_mode":{"relaxation_prompt_enabled":false,"stress_monitoring_enabled":false},"sedentary_reminder":{"end_hour":18,"end_minute":0,"interval":60,"repeat_count":0,"start_hour":9,"start_minute":0,"status":false},"sleep_reminder":{"hour":0,"millisecond":0,"minute":0,"second":0,"status":false},"snapshots":{"heart_rate":{"continuous_heart_rate_mode":0,"frequency":5,"mode":0},"sedentary_reminder":{"no_disturb_in_launch":false}},"spo2":{"enabled":true,"threshold":100},"support":{"heart_rate":true,"heart_rate_workout":true,"high_stress_index":false,"relaxation_prompt":false,"sedentary_reminder":true,"sleep_reminder":false,"spo2":true,"wear_detection":true},"wear_detection_status":{"is_worn":false,"last_updated_at":1774793063921}}
2026-03-29 19:41:44.865 | ZhUpdate | setSpo2AlertSettings={"enabled":true,"threshold":100}
2026-03-29 19:41:44.882 | AlertService | queryCallback type=UpdateFirmwareLogStatus
2026-03-29 19:41:44.912 | AlertService | updateCallback type=DeviceTimeSynced
2026-03-29 19:41:45.569 | ZhUpdate | setSpo2AlertSettings state=SUCCEED
2026-03-29 19:41:45.571 | AlertService | updateCallback type=Spo2AlertSettingsUpdated
2026-03-29 19:41:45.572 | AlertService | onAlertUpdateCompleted feature=SPO2 success=true
2026-03-29 19:41:45.573 | AlertService | updateCallback type=Spo2SettingsUpdated
2026-03-29 19:41:45.778 | AlertService | queryCallback type=UpdateFirmwareLogStatus
2026-03-29 19:41:46.834 | AlertService | queryCallback type=UpdateFirmwareLogStatus
2026-03-29 19:41:47.674 | AlertService | queryCallback type=UpdateFirmwareLogStatus
2026-03-29 19:41:48.817 | AlertService | queryCallback type=UpdateFirmwareLogStatus
2026-03-29 19:41:49.659 | AlertService | queryCallback type=UpdateFirmwareLogStatus
2026-03-29 19:41:50.786 | AlertService | queryCallback type=UpdateFirmwareLogStatus
2026-03-29 19:41:51.697 | AlertService | queryCallback type=UpdateFirmwareLogStatus
2026-03-29 19:41:52.867 | AlertService | queryCallback type=UpdateFirmwareLogStatus
2026-03-29 19:41:53.704 | AlertService | queryCallback type=UpdateFirmwareLogStatus
2026-03-29 19:41:54.663 | AlertService | queryCallback type=UpdateFirmwareLogStatus
2026-03-29 19:41:55.695 | AlertService | queryCallback type=UpdateFirmwareLogStatus
2026-03-29 19:41:56.236 | AlertUI | BlankTestFragment alert panel initialized
2026-03-29 19:41:56.237 | AlertVM | handleQueryCallback type=Default
2026-03-29 19:41:56.239 | AlertVM | handleUpdateCallback type=Spo2SettingsUpdated
2026-03-29 19:41:56.240 | AlertVM | loadState={"device_address":"D8:5C:08:30:00:1E","heart_rate":{"low_enabled":true,"low_threshold":79,"resting_enabled":true,"resting_threshold":80,"workout_enabled":false,"workout_threshold":175},"pending_sync":{"heart_rate":true,"relaxation_prompt":false,"sedentary_reminder":false,"sleep_reminder":false,"spo2":true},"pressure_mode":{"relaxation_prompt_enabled":false,"stress_monitoring_enabled":false},"sedentary_reminder":{"end_hour":18,"end_minute":0,"interval":60,"repeat_count":0,"start_hour":9,"start_minute":0,"status":false},"sleep_reminder":{"hour":0,"millisecond":0,"minute":0,"second":0,"status":false},"snapshots":{"heart_rate":{"continuous_heart_rate_mode":0,"frequency":5,"mode":0},"sedentary_reminder":{"no_disturb_in_launch":false}},"spo2":{"enabled":true,"threshold":100},"support":{"heart_rate":true,"heart_rate_workout":true,"high_stress_index":false,"relaxation_prompt":false,"sedentary_reminder":true,"sleep_reminder":false,"spo2":true,"wear_detection":true},"wear_detection_status":{"is_worn":false,"last_updated_at":1774793063921}}
2026-03-29 19:41:56.241 | AlertVM | onConnectedStateChanged state=ConnectSuccess
2026-03-29 19:41:56.242 | AlertVM | syncQueuedFeatures feature=HEART_RATE requiresSnapshot=false
2026-03-29 19:41:56.244 | AlertVM | sendUpdate feature=HEART_RATE
2026-03-29 19:41:56.249 | AlertVM | sendUpdate state={"device_address":"D8:5C:08:30:00:1E","heart_rate":{"low_enabled":true,"low_threshold":79,"resting_enabled":true,"resting_threshold":80,"workout_enabled":false,"workout_threshold":175},"pending_sync":{"heart_rate":true,"relaxation_prompt":false,"sedentary_reminder":false,"sleep_reminder":false,"spo2":true},"pressure_mode":{"relaxation_prompt_enabled":false,"stress_monitoring_enabled":false},"sedentary_reminder":{"end_hour":18,"end_minute":0,"interval":60,"repeat_count":0,"start_hour":9,"start_minute":0,"status":false},"sleep_reminder":{"hour":0,"millisecond":0,"minute":0,"second":0,"status":false},"snapshots":{"heart_rate":{"continuous_heart_rate_mode":0,"frequency":5,"mode":0},"sedentary_reminder":{"no_disturb_in_launch":false}},"spo2":{"enabled":true,"threshold":100},"support":{"heart_rate":true,"heart_rate_workout":true,"high_stress_index":false,"relaxation_prompt":false,"sedentary_reminder":true,"sleep_reminder":false,"spo2":true,"wear_detection":true},"wear_detection_status":{"is_worn":false,"last_updated_at":1774793063921}}
2026-03-29 19:41:56.353 | AlertVM | syncQueuedFeatures skipped activePhase=UPDATE_SENT feature=HEART_RATE
2026-03-29 19:41:56.355 | ZhUpdate | setHeartRateAlertSettings={"low_enabled":true,"low_threshold":79,"resting_enabled":true,"resting_threshold":80,"workout_enabled":false,"workout_threshold":175}
2026-03-29 19:41:56.356 | ZhUpdate | setHeartRateAlertSettings api=HeartRateMonitor
2026-03-29 19:41:56.360 | ZhUpdate | setHeartRateAlertSettings bean={"continuousHeartRateMode":0,"frequency":0,"isSportWarning":false,"isWarning":true,"lowWarningValue":79,"mode":0,"sportWarningValue":175,"warningValue":80}
2026-03-29 19:41:56.716 | AlertService | queryCallback type=UpdateFirmwareLogStatus
2026-03-29 19:41:56.718 | AlertVM | handleQueryCallback type=UpdateFirmwareLogStatus
2026-03-29 19:41:56.720 | AlertVM | handleQueryCallback type=Default
2026-03-29 19:41:57.942 | AlertService | queryCallback type=UpdateFirmwareLogStatus
2026-03-29 19:41:57.949 | AlertVM | handleQueryCallback type=UpdateFirmwareLogStatus
2026-03-29 19:41:57.951 | AlertVM | handleQueryCallback type=Default
2026-03-29 19:41:58.451 | ZhUpdate | setHeartRateAlertSettings api=HeartRateMonitor state=SUCCEED
2026-03-29 19:41:58.461 | AlertService | updateCallback type=HeartRateAlertSettingsUpdated
2026-03-29 19:41:58.464 | AlertService | onAlertUpdateCompleted feature=HEART_RATE success=true
2026-03-29 19:41:58.466 | AlertVM | handleUpdateCallback type=HeartRateAlertSettingsUpdated
2026-03-29 19:41:58.476 | AlertVM | heartRate update success=true
2026-03-29 19:41:58.481 | AlertVM | handleScreenUpdateCompletion feature=HEART_RATE success=true
2026-03-29 19:41:58.482 | AlertVM | sendQuery feature=HEART_RATE
2026-03-29 19:41:58.488 | ZhQuery | getHeartRateAlertSettings dispatched api=HeartRateMonitor
2026-03-29 19:41:58.850 | AlertService | queryCallback type=UpdateFirmwareLogStatus
2026-03-29 19:41:58.858 | AlertVM | handleQueryCallback type=UpdateFirmwareLogStatus
2026-03-29 19:41:58.860 | AlertVM | handleQueryCallback type=Default
2026-03-29 19:42:00.298 | AlertService | queryCallback type=UpdateFirmwareLogStatus
2026-03-29 19:42:00.305 | AlertVM | handleQueryCallback type=UpdateFirmwareLogStatus
2026-03-29 19:42:00.308 | AlertVM | handleQueryCallback type=Default
2026-03-29 19:42:00.781 | AlertService | queryCallback type=UpdateFirmwareLogStatus
2026-03-29 19:42:00.784 | AlertVM | handleQueryCallback type=UpdateFirmwareLogStatus
2026-03-29 19:42:00.789 | AlertVM | handleQueryCallback type=Default
2026-03-29 19:42:01.082 | ZhQuery | onHeartRateMonitorResult={"continuousHeartRateMode":0,"frequency":5,"isSportWarning":false,"isWarning":false,"lowWarningValue":0,"mode":0,"sportWarningValue":0,"warningValue":220}
2026-03-29 19:42:01.084 | AlertService | queryCallback type=HeartRateAlertSettingsObtained
2026-03-29 19:42:01.085 | AlertService | heartRate passive query preserving pending local value
2026-03-29 19:42:01.087 | AlertService | saveAlertSettings={"device_address":"D8:5C:08:30:00:1E","heart_rate":{"low_enabled":true,"low_threshold":79,"resting_enabled":true,"resting_threshold":80,"workout_enabled":false,"workout_threshold":175},"pending_sync":{"heart_rate":true,"relaxation_prompt":false,"sedentary_reminder":false,"sleep_reminder":false,"spo2":true},"pressure_mode":{"relaxation_prompt_enabled":false,"stress_monitoring_enabled":false},"sedentary_reminder":{"end_hour":18,"end_minute":0,"interval":60,"repeat_count":0,"start_hour":9,"start_minute":0,"status":false},"sleep_reminder":{"hour":0,"millisecond":0,"minute":0,"second":0,"status":false},"snapshots":{"heart_rate":{"continuous_heart_rate_mode":0,"frequency":5,"mode":0},"sedentary_reminder":{"no_disturb_in_launch":false}},"spo2":{"enabled":true,"threshold":100},"support":{"heart_rate":true,"heart_rate_workout":true,"high_stress_index":false,"relaxation_prompt":false,"sedentary_reminder":true,"sleep_reminder":false,"spo2":true,"wear_detection":true},"wear_detection_status":{"is_worn":false,"last_updated_at":1774793063921}}
2026-03-29 19:42:01.090 | AlertService | queryCallback type=AlertFeatureSupportObtained
2026-03-29 19:42:01.092 | AlertService | saveAlertSettings={"device_address":"D8:5C:08:30:00:1E","heart_rate":{"low_enabled":true,"low_threshold":79,"resting_enabled":true,"resting_threshold":80,"workout_enabled":false,"workout_threshold":175},"pending_sync":{"heart_rate":true,"relaxation_prompt":false,"sedentary_reminder":false,"sleep_reminder":false,"spo2":true},"pressure_mode":{"relaxation_prompt_enabled":false,"stress_monitoring_enabled":false},"sedentary_reminder":{"end_hour":18,"end_minute":0,"interval":60,"repeat_count":0,"start_hour":9,"start_minute":0,"status":false},"sleep_reminder":{"hour":0,"millisecond":0,"minute":0,"second":0,"status":false},"snapshots":{"heart_rate":{"continuous_heart_rate_mode":0,"frequency":5,"mode":0},"sedentary_reminder":{"no_disturb_in_launch":false}},"spo2":{"enabled":true,"threshold":100},"support":{"heart_rate":true,"heart_rate_workout":true,"high_stress_index":false,"relaxation_prompt":false,"sedentary_reminder":true,"sleep_reminder":false,"spo2":true,"wear_detection":true},"wear_detection_status":{"is_worn":false,"last_updated_at":1774793063921}}
2026-03-29 19:42:01.099 | ZhQuery | getHeartRateAlertSettings api=HeartRateMonitor state=SUCCEED
2026-03-29 19:42:01.100 | AlertVM | handleQueryCallback type=HeartRateAlertSettingsObtained
2026-03-29 19:42:01.105 | AlertVM | heartRate query matchesStored=false pending=true phase=VERIFY_QUERY
2026-03-29 19:42:01.109 | AlertVM | heartRate query value={"low_enabled":false,"low_threshold":0,"resting_enabled":false,"resting_threshold":220,"workout_enabled":false,"workout_threshold":0}
2026-03-29 19:42:01.115 | AlertVM | heartRate verify mismatch preserving local value
2026-03-29 19:42:01.117 | AlertVM | handleScreenQueryCompletion feature=HEART_RATE phase=VERIFY_QUERY matchesStored=false
2026-03-29 19:42:01.118 | AlertVM | syncQueuedFeatures feature=SPO2 requiresSnapshot=false
2026-03-29 19:42:01.119 | AlertVM | sendUpdate feature=SPO2
2026-03-29 19:42:01.121 | AlertVM | sendUpdate state={"device_address":"D8:5C:08:30:00:1E","heart_rate":{"low_enabled":true,"low_threshold":79,"resting_enabled":true,"resting_threshold":80,"workout_enabled":false,"workout_threshold":175},"pending_sync":{"heart_rate":true,"relaxation_prompt":false,"sedentary_reminder":false,"sleep_reminder":false,"spo2":true},"pressure_mode":{"relaxation_prompt_enabled":false,"stress_monitoring_enabled":false},"sedentary_reminder":{"end_hour":18,"end_minute":0,"interval":60,"repeat_count":0,"start_hour":9,"start_minute":0,"status":false},"sleep_reminder":{"hour":0,"millisecond":0,"minute":0,"second":0,"status":false},"snapshots":{"heart_rate":{"continuous_heart_rate_mode":0,"frequency":5,"mode":0},"sedentary_reminder":{"no_disturb_in_launch":false}},"spo2":{"enabled":true,"threshold":100},"support":{"heart_rate":true,"heart_rate_workout":true,"high_stress_index":false,"relaxation_prompt":false,"sedentary_reminder":true,"sleep_reminder":false,"spo2":true,"wear_detection":true},"wear_detection_status":{"is_worn":false,"last_updated_at":1774793063921}}
2026-03-29 19:42:01.122 | AlertVM | handleQueryCallback type=Default
2026-03-29 19:42:01.125 | AlertVM | handleQueryCallback type=AlertFeatureSupportObtained
2026-03-29 19:42:01.127 | AlertVM | support feature=HEART_RATE supported=true
2026-03-29 19:42:01.128 | AlertVM | handleQueryCallback type=Default
2026-03-29 19:42:01.130 | ZhUpdate | setSpo2AlertSettings={"enabled":true,"threshold":100}
2026-03-29 19:42:01.461 | ZhUpdate | setSpo2AlertSettings state=SUCCEED
2026-03-29 19:42:01.463 | AlertService | updateCallback type=Spo2AlertSettingsUpdated
2026-03-29 19:42:01.466 | AlertService | onAlertUpdateCompleted feature=SPO2 success=true
2026-03-29 19:42:01.468 | AlertService | updateCallback type=Spo2SettingsUpdated
2026-03-29 19:42:01.473 | AlertVM | handleUpdateCallback type=Spo2AlertSettingsUpdated
2026-03-29 19:42:01.474 | AlertVM | spo2 update success=true
2026-03-29 19:42:01.476 | AlertVM | handleScreenUpdateCompletion feature=SPO2 success=true
2026-03-29 19:42:01.478 | AlertVM | sendQuery feature=SPO2
2026-03-29 19:42:01.480 | AlertVM | handleUpdateCallback type=Spo2SettingsUpdated
2026-03-29 19:42:01.481 | ZhQuery | getSpo2AlertSettings dispatched
2026-03-29 19:42:01.770 | AlertService | queryCallback type=UpdateFirmwareLogStatus
2026-03-29 19:42:01.776 | AlertVM | handleQueryCallback type=UpdateFirmwareLogStatus
2026-03-29 19:42:01.777 | AlertVM | handleQueryCallback type=Default
2026-03-29 19:42:02.078 | ZhQuery | onSWSPO2Monitor={"isWarning":true,"warningValue":100}
2026-03-29 19:42:02.080 | AlertService | queryCallback type=Spo2AlertSettingsObtained
2026-03-29 19:42:02.081 | AlertService | spo2 passive query preserving pending local value
2026-03-29 19:42:02.083 | AlertService | saveAlertSettings={"device_address":"D8:5C:08:30:00:1E","heart_rate":{"low_enabled":true,"low_threshold":79,"resting_enabled":true,"resting_threshold":80,"workout_enabled":false,"workout_threshold":175},"pending_sync":{"heart_rate":true,"relaxation_prompt":false,"sedentary_reminder":false,"sleep_reminder":false,"spo2":true},"pressure_mode":{"relaxation_prompt_enabled":false,"stress_monitoring_enabled":false},"sedentary_reminder":{"end_hour":18,"end_minute":0,"interval":60,"repeat_count":0,"start_hour":9,"start_minute":0,"status":false},"sleep_reminder":{"hour":0,"millisecond":0,"minute":0,"second":0,"status":false},"snapshots":{"heart_rate":{"continuous_heart_rate_mode":0,"frequency":5,"mode":0},"sedentary_reminder":{"no_disturb_in_launch":false}},"spo2":{"enabled":true,"threshold":100},"support":{"heart_rate":true,"heart_rate_workout":true,"high_stress_index":false,"relaxation_prompt":false,"sedentary_reminder":true,"sleep_reminder":false,"spo2":true,"wear_detection":true},"wear_detection_status":{"is_worn":false,"last_updated_at":1774793063921}}
2026-03-29 19:42:02.085 | AlertService | queryCallback type=AlertFeatureSupportObtained
2026-03-29 19:42:02.087 | AlertService | saveAlertSettings={"device_address":"D8:5C:08:30:00:1E","heart_rate":{"low_enabled":true,"low_threshold":79,"resting_enabled":true,"resting_threshold":80,"workout_enabled":false,"workout_threshold":175},"pending_sync":{"heart_rate":true,"relaxation_prompt":false,"sedentary_reminder":false,"sleep_reminder":false,"spo2":true},"pressure_mode":{"relaxation_prompt_enabled":false,"stress_monitoring_enabled":false},"sedentary_reminder":{"end_hour":18,"end_minute":0,"interval":60,"repeat_count":0,"start_hour":9,"start_minute":0,"status":false},"sleep_reminder":{"hour":0,"millisecond":0,"minute":0,"second":0,"status":false},"snapshots":{"heart_rate":{"continuous_heart_rate_mode":0,"frequency":5,"mode":0},"sedentary_reminder":{"no_disturb_in_launch":false}},"spo2":{"enabled":true,"threshold":100},"support":{"heart_rate":true,"heart_rate_workout":true,"high_stress_index":false,"relaxation_prompt":false,"sedentary_reminder":true,"sleep_reminder":false,"spo2":true,"wear_detection":true},"wear_detection_status":{"is_worn":false,"last_updated_at":1774793063921}}
2026-03-29 19:42:02.089 | ZhQuery | getSpo2AlertSettings state=SUCCEED
2026-03-29 19:42:02.090 | AlertVM | handleQueryCallback type=Spo2AlertSettingsObtained
2026-03-29 19:42:02.092 | AlertVM | spo2 query matchesStored=true pending=true phase=VERIFY_QUERY
2026-03-29 19:42:02.093 | AlertVM | spo2 query value={"enabled":true,"threshold":100}
2026-03-29 19:42:02.095 | AlertVM | handleScreenQueryCompletion feature=SPO2 phase=VERIFY_QUERY matchesStored=true
2026-03-29 19:42:02.096 | AlertVM | handleQueryCallback type=Default
2026-03-29 19:42:02.098 | AlertVM | handleQueryCallback type=AlertFeatureSupportObtained
2026-03-29 19:42:02.099 | AlertVM | support feature=SPO2 supported=true
2026-03-29 19:42:02.100 | AlertVM | handleQueryCallback type=Default
2026-03-29 19:42:02.720 | AlertService | queryCallback type=UpdateFirmwareLogStatus
2026-03-29 19:42:02.725 | AlertVM | handleQueryCallback type=UpdateFirmwareLogStatus
2026-03-29 19:42:02.726 | AlertVM | handleQueryCallback type=Default
2026-03-29 19:42:03.016 | AlertService | queryCallback type=FirmwareVersionObtained
2026-03-29 19:42:03.018 | AlertService | queryCallback type=BatteryDataObtained
2026-03-29 19:42:03.029 | AlertVM | handleQueryCallback type=FirmwareVersionObtained
2026-03-29 19:42:03.031 | AlertVM | handleQueryCallback type=Default
2026-03-29 19:42:03.033 | AlertVM | handleQueryCallback type=BatteryDataObtained
2026-03-29 19:42:03.035 | AlertVM | handleQueryCallback type=Default
2026-03-29 19:42:03.672 | AlertService | queryCallback type=UpdateFirmwareLogStatus
2026-03-29 19:42:03.684 | AlertVM | handleQueryCallback type=UpdateFirmwareLogStatus
2026-03-29 19:42:03.687 | AlertVM | handleQueryCallback type=Default
2026-03-29 19:42:04.258 | AlertVM | saveHeartRateSettings requested={"low_enabled":true,"low_threshold":79,"resting_enabled":true,"resting_threshold":80,"workout_enabled":false,"workout_threshold":175}
2026-03-29 19:42:04.262 | AlertVM | persistFeature feature=HEART_RATE connected=true
2026-03-29 19:42:04.266 | AlertVM | persistFeature state={"device_address":"D8:5C:08:30:00:1E","heart_rate":{"low_enabled":true,"low_threshold":79,"resting_enabled":true,"resting_threshold":80,"workout_enabled":false,"workout_threshold":175},"pending_sync":{"heart_rate":true,"relaxation_prompt":false,"sedentary_reminder":false,"sleep_reminder":false,"spo2":false},"pressure_mode":{"relaxation_prompt_enabled":false,"stress_monitoring_enabled":false},"sedentary_reminder":{"end_hour":18,"end_minute":0,"interval":60,"repeat_count":0,"start_hour":9,"start_minute":0,"status":false},"sleep_reminder":{"hour":0,"millisecond":0,"minute":0,"second":0,"status":false},"snapshots":{"heart_rate":{"continuous_heart_rate_mode":0,"frequency":5,"mode":0},"sedentary_reminder":{"no_disturb_in_launch":false}},"spo2":{"enabled":true,"threshold":100},"support":{"heart_rate":true,"heart_rate_workout":true,"high_stress_index":false,"relaxation_prompt":false,"sedentary_reminder":true,"sleep_reminder":false,"spo2":true,"wear_detection":true},"wear_detection_status":{"is_worn":false,"last_updated_at":1774793063921}}
2026-03-29 19:42:04.269 | AlertVM | syncQueuedFeatures feature=HEART_RATE requiresSnapshot=false
2026-03-29 19:42:04.273 | AlertVM | sendUpdate feature=HEART_RATE
2026-03-29 19:42:04.276 | AlertVM | sendUpdate state={"device_address":"D8:5C:08:30:00:1E","heart_rate":{"low_enabled":true,"low_threshold":79,"resting_enabled":true,"resting_threshold":80,"workout_enabled":false,"workout_threshold":175},"pending_sync":{"heart_rate":true,"relaxation_prompt":false,"sedentary_reminder":false,"sleep_reminder":false,"spo2":false},"pressure_mode":{"relaxation_prompt_enabled":false,"stress_monitoring_enabled":false},"sedentary_reminder":{"end_hour":18,"end_minute":0,"interval":60,"repeat_count":0,"start_hour":9,"start_minute":0,"status":false},"sleep_reminder":{"hour":0,"millisecond":0,"minute":0,"second":0,"status":false},"snapshots":{"heart_rate":{"continuous_heart_rate_mode":0,"frequency":5,"mode":0},"sedentary_reminder":{"no_disturb_in_launch":false}},"spo2":{"enabled":true,"threshold":100},"support":{"heart_rate":true,"heart_rate_workout":true,"high_stress_index":false,"relaxation_prompt":false,"sedentary_reminder":true,"sleep_reminder":false,"spo2":true,"wear_detection":true},"wear_detection_status":{"is_worn":false,"last_updated_at":1774793063921}}
2026-03-29 19:42:04.278 | ZhUpdate | setHeartRateAlertSettings={"low_enabled":true,"low_threshold":79,"resting_enabled":true,"resting_threshold":80,"workout_enabled":false,"workout_threshold":175}
2026-03-29 19:42:04.281 | ZhUpdate | setHeartRateAlertSettings api=HeartRateMonitor
2026-03-29 19:42:04.288 | ZhUpdate | setHeartRateAlertSettings bean={"continuousHeartRateMode":0,"frequency":0,"isSportWarning":false,"isWarning":true,"lowWarningValue":79,"mode":0,"sportWarningValue":175,"warningValue":80}
2026-03-29 19:42:04.397 | AlertVM | saveHeartRateSettings requested={"low_enabled":true,"low_threshold":79,"resting_enabled":true,"resting_threshold":80,"workout_enabled":false,"workout_threshold":175}
2026-03-29 19:42:04.399 | AlertVM | persistFeature feature=HEART_RATE connected=true
2026-03-29 19:42:04.401 | AlertVM | persistFeature state={"device_address":"D8:5C:08:30:00:1E","heart_rate":{"low_enabled":true,"low_threshold":79,"resting_enabled":true,"resting_threshold":80,"workout_enabled":false,"workout_threshold":175},"pending_sync":{"heart_rate":true,"relaxation_prompt":false,"sedentary_reminder":false,"sleep_reminder":false,"spo2":false},"pressure_mode":{"relaxation_prompt_enabled":false,"stress_monitoring_enabled":false},"sedentary_reminder":{"end_hour":18,"end_minute":0,"interval":60,"repeat_count":0,"start_hour":9,"start_minute":0,"status":false},"sleep_reminder":{"hour":0,"millisecond":0,"minute":0,"second":0,"status":false},"snapshots":{"heart_rate":{"continuous_heart_rate_mode":0,"frequency":5,"mode":0},"sedentary_reminder":{"no_disturb_in_launch":false}},"spo2":{"enabled":true,"threshold":100},"support":{"heart_rate":true,"heart_rate_workout":true,"high_stress_index":false,"relaxation_prompt":false,"sedentary_reminder":true,"sleep_reminder":false,"spo2":true,"wear_detection":true},"wear_detection_status":{"is_worn":false,"last_updated_at":1774793063921}}
2026-03-29 19:42:04.402 | AlertVM | syncQueuedFeatures skipped activePhase=UPDATE_SENT feature=HEART_RATE
2026-03-29 19:42:04.545 | AlertVM | saveHeartRateSettings requested={"low_enabled":true,"low_threshold":79,"resting_enabled":true,"resting_threshold":80,"workout_enabled":false,"workout_threshold":175}
2026-03-29 19:42:04.549 | AlertVM | persistFeature feature=HEART_RATE connected=true
2026-03-29 19:42:04.554 | AlertVM | persistFeature state={"device_address":"D8:5C:08:30:00:1E","heart_rate":{"low_enabled":true,"low_threshold":79,"resting_enabled":true,"resting_threshold":80,"workout_enabled":false,"workout_threshold":175},"pending_sync":{"heart_rate":true,"relaxation_prompt":false,"sedentary_reminder":false,"sleep_reminder":false,"spo2":false},"pressure_mode":{"relaxation_prompt_enabled":false,"stress_monitoring_enabled":false},"sedentary_reminder":{"end_hour":18,"end_minute":0,"interval":60,"repeat_count":0,"start_hour":9,"start_minute":0,"status":false},"sleep_reminder":{"hour":0,"millisecond":0,"minute":0,"second":0,"status":false},"snapshots":{"heart_rate":{"continuous_heart_rate_mode":0,"frequency":5,"mode":0},"sedentary_reminder":{"no_disturb_in_launch":false}},"spo2":{"enabled":true,"threshold":100},"support":{"heart_rate":true,"heart_rate_workout":true,"high_stress_index":false,"relaxation_prompt":false,"sedentary_reminder":true,"sleep_reminder":false,"spo2":true,"wear_detection":true},"wear_detection_status":{"is_worn":false,"last_updated_at":1774793063921}}
2026-03-29 19:42:04.557 | AlertVM | syncQueuedFeatures skipped activePhase=UPDATE_SENT feature=HEART_RATE
2026-03-29 19:42:04.650 | AlertService | queryCallback type=UpdateFirmwareLogStatus
2026-03-29 19:42:04.656 | AlertVM | handleQueryCallback type=UpdateFirmwareLogStatus
2026-03-29 19:42:04.657 | AlertVM | handleQueryCallback type=Default
2026-03-29 19:42:04.671 | AlertVM | saveHeartRateSettings requested={"low_enabled":true,"low_threshold":79,"resting_enabled":true,"resting_threshold":80,"workout_enabled":false,"workout_threshold":175}
2026-03-29 19:42:04.672 | AlertVM | persistFeature feature=HEART_RATE connected=true
2026-03-29 19:42:04.674 | AlertVM | persistFeature state={"device_address":"D8:5C:08:30:00:1E","heart_rate":{"low_enabled":true,"low_threshold":79,"resting_enabled":true,"resting_threshold":80,"workout_enabled":false,"workout_threshold":175},"pending_sync":{"heart_rate":true,"relaxation_prompt":false,"sedentary_reminder":false,"sleep_reminder":false,"spo2":false},"pressure_mode":{"relaxation_prompt_enabled":false,"stress_monitoring_enabled":false},"sedentary_reminder":{"end_hour":18,"end_minute":0,"interval":60,"repeat_count":0,"start_hour":9,"start_minute":0,"status":false},"sleep_reminder":{"hour":0,"millisecond":0,"minute":0,"second":0,"status":false},"snapshots":{"heart_rate":{"continuous_heart_rate_mode":0,"frequency":5,"mode":0},"sedentary_reminder":{"no_disturb_in_launch":false}},"spo2":{"enabled":true,"threshold":100},"support":{"heart_rate":true,"heart_rate_workout":true,"high_stress_index":false,"relaxation_prompt":false,"sedentary_reminder":true,"sleep_reminder":false,"spo2":true,"wear_detection":true},"wear_detection_status":{"is_worn":false,"last_updated_at":1774793063921}}
2026-03-29 19:42:04.676 | AlertVM | syncQueuedFeatures skipped activePhase=UPDATE_SENT feature=HEART_RATE
2026-03-29 19:42:04.826 | ZhUpdate | setHeartRateAlertSettings api=HeartRateMonitor state=SUCCEED
2026-03-29 19:42:04.833 | AlertService | updateCallback type=HeartRateAlertSettingsUpdated
2026-03-29 19:42:04.835 | AlertService | onAlertUpdateCompleted feature=HEART_RATE success=true
2026-03-29 19:42:04.837 | AlertVM | handleUpdateCallback type=HeartRateAlertSettingsUpdated
2026-03-29 19:42:04.838 | AlertVM | heartRate update success=true
2026-03-29 19:42:04.840 | AlertVM | handleScreenUpdateCompletion feature=HEART_RATE success=true
2026-03-29 19:42:04.842 | AlertVM | sendQuery feature=HEART_RATE
2026-03-29 19:42:04.844 | ZhQuery | getHeartRateAlertSettings dispatched api=HeartRateMonitor
2026-03-29 19:42:05.146 | ZhQuery | onHeartRateMonitorResult={"continuousHeartRateMode":0,"frequency":5,"isSportWarning":false,"isWarning":false,"lowWarningValue":0,"mode":0,"sportWarningValue":0,"warningValue":220}
2026-03-29 19:42:05.149 | AlertService | queryCallback type=HeartRateAlertSettingsObtained
2026-03-29 19:42:05.151 | AlertService | heartRate passive query preserving pending local value
2026-03-29 19:42:05.154 | AlertService | saveAlertSettings={"device_address":"D8:5C:08:30:00:1E","heart_rate":{"low_enabled":true,"low_threshold":79,"resting_enabled":true,"resting_threshold":80,"workout_enabled":false,"workout_threshold":175},"pending_sync":{"heart_rate":true,"relaxation_prompt":false,"sedentary_reminder":false,"sleep_reminder":false,"spo2":false},"pressure_mode":{"relaxation_prompt_enabled":false,"stress_monitoring_enabled":false},"sedentary_reminder":{"end_hour":18,"end_minute":0,"interval":60,"repeat_count":0,"start_hour":9,"start_minute":0,"status":false},"sleep_reminder":{"hour":0,"millisecond":0,"minute":0,"second":0,"status":false},"snapshots":{"heart_rate":{"continuous_heart_rate_mode":0,"frequency":5,"mode":0},"sedentary_reminder":{"no_disturb_in_launch":false}},"spo2":{"enabled":true,"threshold":100},"support":{"heart_rate":true,"heart_rate_workout":true,"high_stress_index":false,"relaxation_prompt":false,"sedentary_reminder":true,"sleep_reminder":false,"spo2":true,"wear_detection":true},"wear_detection_status":{"is_worn":false,"last_updated_at":1774793063921}}
2026-03-29 19:42:05.157 | AlertService | queryCallback type=AlertFeatureSupportObtained
2026-03-29 19:42:05.162 | AlertService | saveAlertSettings={"device_address":"D8:5C:08:30:00:1E","heart_rate":{"low_enabled":true,"low_threshold":79,"resting_enabled":true,"resting_threshold":80,"workout_enabled":false,"workout_threshold":175},"pending_sync":{"heart_rate":true,"relaxation_prompt":false,"sedentary_reminder":false,"sleep_reminder":false,"spo2":false},"pressure_mode":{"relaxation_prompt_enabled":false,"stress_monitoring_enabled":false},"sedentary_reminder":{"end_hour":18,"end_minute":0,"interval":60,"repeat_count":0,"start_hour":9,"start_minute":0,"status":false},"sleep_reminder":{"hour":0,"millisecond":0,"minute":0,"second":0,"status":false},"snapshots":{"heart_rate":{"continuous_heart_rate_mode":0,"frequency":5,"mode":0},"sedentary_reminder":{"no_disturb_in_launch":false}},"spo2":{"enabled":true,"threshold":100},"support":{"heart_rate":true,"heart_rate_workout":true,"high_stress_index":false,"relaxation_prompt":false,"sedentary_reminder":true,"sleep_reminder":false,"spo2":true,"wear_detection":true},"wear_detection_status":{"is_worn":false,"last_updated_at":1774793063921}}
2026-03-29 19:42:05.165 | ZhQuery | getHeartRateAlertSettings api=HeartRateMonitor state=SUCCEED
2026-03-29 19:42:05.168 | AlertVM | handleQueryCallback type=HeartRateAlertSettingsObtained
2026-03-29 19:42:05.171 | AlertVM | heartRate query matchesStored=false pending=true phase=VERIFY_QUERY
2026-03-29 19:42:05.173 | AlertVM | heartRate query value={"low_enabled":false,"low_threshold":0,"resting_enabled":false,"resting_threshold":220,"workout_enabled":false,"workout_threshold":0}
2026-03-29 19:42:05.175 | AlertVM | heartRate verify mismatch preserving local value
2026-03-29 19:42:05.177 | AlertVM | handleScreenQueryCompletion feature=HEART_RATE phase=VERIFY_QUERY matchesStored=false
2026-03-29 19:42:05.178 | AlertVM | handleQueryCallback type=Default
2026-03-29 19:42:05.180 | AlertVM | handleQueryCallback type=AlertFeatureSupportObtained
2026-03-29 19:42:05.181 | AlertVM | support feature=HEART_RATE supported=true
2026-03-29 19:42:05.186 | AlertVM | handleQueryCallback type=Default
2026-03-29 19:42:05.698 | AlertService | queryCallback type=UpdateFirmwareLogStatus
2026-03-29 19:42:05.703 | AlertVM | handleQueryCallback type=UpdateFirmwareLogStatus
2026-03-29 19:42:05.705 | AlertVM | handleQueryCallback type=Default
2026-03-29 19:42:06.671 | AlertService | queryCallback type=UpdateFirmwareLogStatus
2026-03-29 19:42:06.677 | AlertVM | handleQueryCallback type=UpdateFirmwareLogStatus
2026-03-29 19:42:06.678 | AlertVM | handleQueryCallback type=Default
2026-03-29 19:42:07.658 | AlertService | queryCallback type=UpdateFirmwareLogStatus
2026-03-29 19:42:07.663 | AlertVM | handleQueryCallback type=UpdateFirmwareLogStatus
2026-03-29 19:42:07.665 | AlertVM | handleQueryCallback type=Default
2026-03-29 19:42:08.660 | AlertService | queryCallback type=UpdateFirmwareLogStatus
2026-03-29 19:42:08.662 | AlertVM | handleQueryCallback type=UpdateFirmwareLogStatus
2026-03-29 19:42:08.664 | AlertVM | handleQueryCallback type=Default
2026-03-29 19:42:09.671 | AlertService | queryCallback type=UpdateFirmwareLogStatus
2026-03-29 19:42:09.684 | AlertVM | handleQueryCallback type=UpdateFirmwareLogStatus
2026-03-29 19:42:09.687 | AlertVM | handleQueryCallback type=Default
2026-03-29 19:42:10.682 | AlertService | queryCallback type=UpdateFirmwareLogStatus
2026-03-29 19:42:10.695 | AlertVM | handleQueryCallback type=UpdateFirmwareLogStatus
2026-03-29 19:42:10.698 | AlertVM | handleQueryCallback type=Default
2026-03-29 19:42:11.053 | AlertService | queryCallback type=BatteryDataObtained
2026-03-29 19:42:11.068 | AlertVM | handleQueryCallback type=BatteryDataObtained
2026-03-29 19:42:11.070 | AlertVM | handleQueryCallback type=Default
2026-03-29 19:42:11.732 | AlertService | queryCallback type=UpdateFirmwareLogStatus
2026-03-29 19:42:11.738 | AlertVM | handleQueryCallback type=UpdateFirmwareLogStatus
2026-03-29 19:42:11.741 | AlertVM | handleQueryCallback type=Default
2026-03-29 19:42:12.684 | AlertService | queryCallback type=UpdateFirmwareLogStatus
2026-03-29 19:42:12.691 | AlertVM | handleQueryCallback type=UpdateFirmwareLogStatus
2026-03-29 19:42:12.693 | AlertVM | handleQueryCallback type=Default
2026-03-29 19:42:13.667 | AlertService | queryCallback type=UpdateFirmwareLogStatus
2026-03-29 19:42:13.680 | AlertVM | handleQueryCallback type=UpdateFirmwareLogStatus
2026-03-29 19:42:13.682 | AlertVM | handleQueryCallback type=Default
2026-03-29 19:42:14.718 | AlertService | queryCallback type=UpdateFirmwareLogStatus
2026-03-29 19:42:14.725 | AlertVM | handleQueryCallback type=UpdateFirmwareLogStatus
2026-03-29 19:42:14.726 | AlertVM | handleQueryCallback type=Default
2026-03-29 19:42:15.703 | AlertService | queryCallback type=UpdateFirmwareLogStatus
2026-03-29 19:42:15.711 | AlertVM | handleQueryCallback type=UpdateFirmwareLogStatus
2026-03-29 19:42:15.714 | AlertVM | handleQueryCallback type=Default
2026-03-29 19:42:16.669 | AlertService | queryCallback type=UpdateFirmwareLogStatus
2026-03-29 19:42:16.678 | AlertVM | handleQueryCallback type=UpdateFirmwareLogStatus
2026-03-29 19:42:16.681 | AlertVM | handleQueryCallback type=Default
2026-03-29 19:42:17.710 | AlertService | queryCallback type=UpdateFirmwareLogStatus
2026-03-29 19:42:17.725 | AlertVM | handleQueryCallback type=UpdateFirmwareLogStatus
2026-03-29 19:42:17.728 | AlertVM | handleQueryCallback type=Default
2026-03-29 19:42:18.650 | AlertService | queryCallback type=UpdateFirmwareLogStatus
2026-03-29 19:42:18.657 | AlertVM | handleQueryCallback type=UpdateFirmwareLogStatus
2026-03-29 19:42:18.660 | AlertVM | handleQueryCallback type=Default
2026-03-29 19:42:19.643 | AlertService | queryCallback type=UpdateFirmwareLogStatus
2026-03-29 19:42:19.651 | AlertVM | handleQueryCallback type=UpdateFirmwareLogStatus
2026-03-29 19:42:19.654 | AlertVM | handleQueryCallback type=Default
2026-03-29 19:42:20.686 | AlertService | queryCallback type=UpdateFirmwareLogStatus
2026-03-29 19:42:20.689 | AlertVM | handleQueryCallback type=UpdateFirmwareLogStatus
2026-03-29 19:42:20.691 | AlertVM | handleQueryCallback type=Default
2026-03-29 19:42:21.669 | AlertService | queryCallback type=UpdateFirmwareLogStatus
2026-03-29 19:42:21.689 | AlertVM | handleQueryCallback type=UpdateFirmwareLogStatus
2026-03-29 19:42:21.692 | AlertVM | handleQueryCallback type=Default
2026-03-29 19:42:22.662 | AlertService | queryCallback type=UpdateFirmwareLogStatus
2026-03-29 19:42:22.665 | AlertVM | handleQueryCallback type=UpdateFirmwareLogStatus
2026-03-29 19:42:22.667 | AlertVM | handleQueryCallback type=Default
2026-03-29 19:42:23.645 | AlertService | queryCallback type=UpdateFirmwareLogStatus
2026-03-29 19:42:23.653 | AlertVM | handleQueryCallback type=UpdateFirmwareLogStatus
2026-03-29 19:42:23.656 | AlertVM | handleQueryCallback type=Default
2026-03-29 19:42:24.635 | AlertService | queryCallback type=UpdateFirmwareLogStatus
2026-03-29 19:42:24.646 | AlertVM | handleQueryCallback type=UpdateFirmwareLogStatus
2026-03-29 19:42:24.651 | AlertVM | handleQueryCallback type=Default
2026-03-29 19:42:25.672 | AlertService | queryCallback type=UpdateFirmwareLogStatus
2026-03-29 19:42:25.691 | AlertVM | handleQueryCallback type=UpdateFirmwareLogStatus
2026-03-29 19:42:25.694 | AlertVM | handleQueryCallback type=Default
2026-03-29 19:42:26.668 | AlertService | queryCallback type=UpdateFirmwareLogStatus
2026-03-29 19:42:26.676 | AlertVM | handleQueryCallback type=UpdateFirmwareLogStatus
2026-03-29 19:42:26.679 | AlertVM | handleQueryCallback type=Default
2026-03-29 19:42:27.698 | AlertService | queryCallback type=UpdateFirmwareLogStatus
2026-03-29 19:42:27.707 | AlertVM | handleQueryCallback type=UpdateFirmwareLogStatus
2026-03-29 19:42:27.710 | AlertVM | handleQueryCallback type=Default
2026-03-29 19:42:28.643 | AlertService | queryCallback type=UpdateFirmwareLogStatus
2026-03-29 19:42:28.652 | AlertVM | handleQueryCallback type=UpdateFirmwareLogStatus
2026-03-29 19:42:28.655 | AlertVM | handleQueryCallback type=Default
2026-03-29 19:42:29.672 | AlertService | queryCallback type=UpdateFirmwareLogStatus
2026-03-29 19:42:29.682 | AlertVM | handleQueryCallback type=UpdateFirmwareLogStatus
2026-03-29 19:42:29.684 | AlertVM | handleQueryCallback type=Default
2026-03-29 19:42:30.727 | AlertService | queryCallback type=UpdateFirmwareLogStatus
2026-03-29 19:42:30.729 | AlertVM | handleQueryCallback type=UpdateFirmwareLogStatus
2026-03-29 19:42:30.732 | AlertVM | handleQueryCallback type=Default
2026-03-29 19:42:31.662 | AlertService | queryCallback type=UpdateFirmwareLogStatus
2026-03-29 19:42:31.671 | AlertVM | handleQueryCallback type=UpdateFirmwareLogStatus
2026-03-29 19:42:31.675 | AlertVM | handleQueryCallback type=Default
2026-03-29 19:42:32.647 | AlertService | queryCallback type=UpdateFirmwareLogStatus
2026-03-29 19:42:32.659 | AlertVM | handleQueryCallback type=UpdateFirmwareLogStatus
2026-03-29 19:42:32.662 | AlertVM | handleQueryCallback type=Default
2026-03-29 19:42:33.697 | AlertService | queryCallback type=UpdateFirmwareLogStatus
2026-03-29 19:42:33.705 | AlertVM | handleQueryCallback type=UpdateFirmwareLogStatus
2026-03-29 19:42:33.708 | AlertVM | handleQueryCallback type=Default
2026-03-29 19:42:34.722 | AlertService | queryCallback type=UpdateFirmwareLogStatus
2026-03-29 19:42:34.727 | AlertVM | handleQueryCallback type=UpdateFirmwareLogStatus
2026-03-29 19:42:34.729 | AlertVM | handleQueryCallback type=Default
2026-03-29 19:42:35.669 | AlertService | queryCallback type=UpdateFirmwareLogStatus
2026-03-29 19:42:35.679 | AlertVM | handleQueryCallback type=UpdateFirmwareLogStatus
2026-03-29 19:42:35.681 | AlertVM | handleQueryCallback type=Default
2026-03-29 19:42:36.669 | AlertService | queryCallback type=UpdateFirmwareLogStatus
2026-03-29 19:42:36.689 | AlertVM | handleQueryCallback type=UpdateFirmwareLogStatus
2026-03-29 19:42:36.692 | AlertVM | handleQueryCallback type=Default
2026-03-29 19:42:37.636 | AlertService | queryCallback type=UpdateFirmwareLogStatus
2026-03-29 19:42:37.640 | AlertVM | handleQueryCallback type=UpdateFirmwareLogStatus
2026-03-29 19:42:37.641 | AlertVM | handleQueryCallback type=Default
2026-03-29 19:42:38.626 | AlertService | queryCallback type=UpdateFirmwareLogStatus
2026-03-29 19:42:38.635 | AlertVM | handleQueryCallback type=UpdateFirmwareLogStatus
2026-03-29 19:42:38.638 | AlertVM | handleQueryCallback type=Default
2026-03-29 19:42:39.658 | AlertService | queryCallback type=UpdateFirmwareLogStatus
2026-03-29 19:42:39.670 | AlertVM | handleQueryCallback type=UpdateFirmwareLogStatus
2026-03-29 19:42:39.672 | AlertVM | handleQueryCallback type=Default
2026-03-29 19:42:40.713 | AlertService | queryCallback type=UpdateFirmwareLogStatus
2026-03-29 19:42:40.729 | AlertVM | handleQueryCallback type=UpdateFirmwareLogStatus
2026-03-29 19:42:40.731 | AlertVM | handleQueryCallback type=Default
2026-03-29 19:42:41.659 | AlertService | queryCallback type=UpdateFirmwareLogStatus
2026-03-29 19:42:41.669 | AlertVM | handleQueryCallback type=UpdateFirmwareLogStatus
2026-03-29 19:42:41.673 | AlertVM | handleQueryCallback type=Default
2026-03-29 19:42:42.658 | AlertService | queryCallback type=UpdateFirmwareLogStatus
2026-03-29 19:42:42.674 | AlertVM | handleQueryCallback type=UpdateFirmwareLogStatus
2026-03-29 19:42:42.677 | AlertVM | handleQueryCallback type=Default
2026-03-29 19:42:43.729 | AlertService | queryCallback type=UpdateFirmwareLogStatus
2026-03-29 19:42:43.739 | AlertVM | handleQueryCallback type=UpdateFirmwareLogStatus
2026-03-29 19:42:43.743 | AlertVM | handleQueryCallback type=Default
2026-03-29 19:42:44.661 | AlertService | queryCallback type=UpdateFirmwareLogStatus
2026-03-29 19:42:44.666 | AlertVM | handleQueryCallback type=UpdateFirmwareLogStatus
2026-03-29 19:42:44.667 | AlertVM | handleQueryCallback type=Default
2026-03-29 19:42:45.662 | AlertService | queryCallback type=UpdateFirmwareLogStatus
2026-03-29 19:42:45.672 | AlertVM | handleQueryCallback type=UpdateFirmwareLogStatus
2026-03-29 19:42:45.675 | AlertVM | handleQueryCallback type=Default
2026-03-29 19:42:46.669 | AlertService | queryCallback type=UpdateFirmwareLogStatus
2026-03-29 19:42:46.672 | AlertVM | handleQueryCallback type=UpdateFirmwareLogStatus
2026-03-29 19:42:46.674 | AlertVM | handleQueryCallback type=Default
2026-03-29 19:42:47.626 | AlertService | queryCallback type=UpdateFirmwareLogStatus
2026-03-29 19:42:47.639 | AlertVM | handleQueryCallback type=UpdateFirmwareLogStatus
2026-03-29 19:42:47.642 | AlertVM | handleQueryCallback type=Default
2026-03-29 19:42:48.632 | AlertService | queryCallback type=UpdateFirmwareLogStatus
2026-03-29 19:42:48.651 | AlertVM | handleQueryCallback type=UpdateFirmwareLogStatus
2026-03-29 19:42:48.654 | AlertVM | handleQueryCallback type=Default
2026-03-29 19:42:49.748 | AlertService | queryCallback type=UpdateFirmwareLogStatus
2026-03-29 19:42:49.757 | AlertVM | handleQueryCallback type=UpdateFirmwareLogStatus
2026-03-29 19:42:49.760 | AlertVM | handleQueryCallback type=Default
2026-03-29 19:42:50.652 | AlertService | queryCallback type=UpdateFirmwareLogStatus
2026-03-29 19:42:50.660 | AlertVM | handleQueryCallback type=UpdateFirmwareLogStatus
2026-03-29 19:42:50.662 | AlertVM | handleQueryCallback type=Default
2026-03-29 19:42:51.653 | AlertService | queryCallback type=UpdateFirmwareLogStatus
2026-03-29 19:42:51.657 | AlertVM | handleQueryCallback type=UpdateFirmwareLogStatus
2026-03-29 19:42:51.658 | AlertVM | handleQueryCallback type=Default
2026-03-29 19:42:52.632 | AlertService | queryCallback type=UpdateFirmwareLogStatus
2026-03-29 19:42:52.649 | AlertVM | handleQueryCallback type=UpdateFirmwareLogStatus
2026-03-29 19:42:52.654 | AlertVM | handleQueryCallback type=Default
2026-03-29 19:42:53.616 | AlertService | queryCallback type=UpdateFirmwareLogStatus
2026-03-29 19:42:53.628 | AlertVM | handleQueryCallback type=UpdateFirmwareLogStatus
2026-03-29 19:42:53.630 | AlertVM | handleQueryCallback type=Default
2026-03-29 19:42:54.720 | AlertService | queryCallback type=UpdateFirmwareLogStatus
2026-03-29 19:42:54.736 | AlertVM | handleQueryCallback type=UpdateFirmwareLogStatus
2026-03-29 19:42:54.739 | AlertVM | handleQueryCallback type=Default
2026-03-29 19:42:55.768 | AlertService | queryCallback type=UpdateFirmwareLogStatus
2026-03-29 19:42:55.781 | AlertVM | handleQueryCallback type=UpdateFirmwareLogStatus
2026-03-29 19:42:55.784 | AlertVM | handleQueryCallback type=Default
2026-03-29 19:42:56.198 | AlertVM | saveHeartRateSettings requested={"low_enabled":true,"low_threshold":79,"resting_enabled":true,"resting_threshold":80,"workout_enabled":false,"workout_threshold":175}
2026-03-29 19:42:56.202 | AlertVM | persistFeature feature=HEART_RATE connected=true
2026-03-29 19:42:56.206 | AlertVM | persistFeature state={"device_address":"D8:5C:08:30:00:1E","heart_rate":{"low_enabled":true,"low_threshold":79,"resting_enabled":true,"resting_threshold":80,"workout_enabled":false,"workout_threshold":175},"pending_sync":{"heart_rate":true,"relaxation_prompt":false,"sedentary_reminder":false,"sleep_reminder":false,"spo2":false},"pressure_mode":{"relaxation_prompt_enabled":false,"stress_monitoring_enabled":false},"sedentary_reminder":{"end_hour":18,"end_minute":0,"interval":60,"repeat_count":0,"start_hour":9,"start_minute":0,"status":false},"sleep_reminder":{"hour":0,"millisecond":0,"minute":0,"second":0,"status":false},"snapshots":{"heart_rate":{"continuous_heart_rate_mode":0,"frequency":5,"mode":0},"sedentary_reminder":{"no_disturb_in_launch":false}},"spo2":{"enabled":true,"threshold":100},"support":{"heart_rate":true,"heart_rate_workout":true,"high_stress_index":false,"relaxation_prompt":false,"sedentary_reminder":true,"sleep_reminder":false,"spo2":true,"wear_detection":true},"wear_detection_status":{"is_worn":false,"last_updated_at":1774793063921}}
2026-03-29 19:42:56.210 | AlertVM | syncQueuedFeatures feature=HEART_RATE requiresSnapshot=false
2026-03-29 19:42:56.214 | AlertVM | sendUpdate feature=HEART_RATE
2026-03-29 19:42:56.225 | AlertVM | sendUpdate state={"device_address":"D8:5C:08:30:00:1E","heart_rate":{"low_enabled":true,"low_threshold":79,"resting_enabled":true,"resting_threshold":80,"workout_enabled":false,"workout_threshold":175},"pending_sync":{"heart_rate":true,"relaxation_prompt":false,"sedentary_reminder":false,"sleep_reminder":false,"spo2":false},"pressure_mode":{"relaxation_prompt_enabled":false,"stress_monitoring_enabled":false},"sedentary_reminder":{"end_hour":18,"end_minute":0,"interval":60,"repeat_count":0,"start_hour":9,"start_minute":0,"status":false},"sleep_reminder":{"hour":0,"millisecond":0,"minute":0,"second":0,"status":false},"snapshots":{"heart_rate":{"continuous_heart_rate_mode":0,"frequency":5,"mode":0},"sedentary_reminder":{"no_disturb_in_launch":false}},"spo2":{"enabled":true,"threshold":100},"support":{"heart_rate":true,"heart_rate_workout":true,"high_stress_index":false,"relaxation_prompt":false,"sedentary_reminder":true,"sleep_reminder":false,"spo2":true,"wear_detection":true},"wear_detection_status":{"is_worn":false,"last_updated_at":1774793063921}}
2026-03-29 19:42:56.235 | ZhUpdate | setHeartRateAlertSettings={"low_enabled":true,"low_threshold":79,"resting_enabled":true,"resting_threshold":80,"workout_enabled":false,"workout_threshold":175}
2026-03-29 19:42:56.239 | ZhUpdate | setHeartRateAlertSettings api=HeartRateMonitor
2026-03-29 19:42:56.242 | ZhUpdate | setHeartRateAlertSettings bean={"continuousHeartRateMode":0,"frequency":0,"isSportWarning":false,"isWarning":true,"lowWarningValue":79,"mode":0,"sportWarningValue":175,"warningValue":80}
2026-03-29 19:42:56.634 | AlertService | queryCallback type=UpdateFirmwareLogStatus
2026-03-29 19:42:56.654 | AlertVM | handleQueryCallback type=UpdateFirmwareLogStatus
2026-03-29 19:42:56.658 | AlertVM | handleQueryCallback type=Default
2026-03-29 19:42:56.806 | ZhUpdate | setHeartRateAlertSettings api=HeartRateMonitor state=SUCCEED
2026-03-29 19:42:56.811 | AlertService | updateCallback type=HeartRateAlertSettingsUpdated
2026-03-29 19:42:56.822 | AlertService | onAlertUpdateCompleted feature=HEART_RATE success=true
2026-03-29 19:42:56.828 | AlertVM | handleUpdateCallback type=HeartRateAlertSettingsUpdated
2026-03-29 19:42:56.831 | AlertVM | heartRate update success=true
2026-03-29 19:42:56.834 | AlertVM | handleScreenUpdateCompletion feature=HEART_RATE success=true
2026-03-29 19:42:56.836 | AlertVM | sendQuery feature=HEART_RATE
2026-03-29 19:42:56.839 | ZhQuery | getHeartRateAlertSettings dispatched api=HeartRateMonitor
2026-03-29 19:42:57.131 | ZhQuery | onHeartRateMonitorResult={"continuousHeartRateMode":0,"frequency":5,"isSportWarning":false,"isWarning":false,"lowWarningValue":0,"mode":0,"sportWarningValue":0,"warningValue":220}
2026-03-29 19:42:57.135 | AlertService | queryCallback type=HeartRateAlertSettingsObtained
2026-03-29 19:42:57.139 | AlertService | heartRate passive query preserving pending local value
2026-03-29 19:42:57.143 | AlertService | saveAlertSettings={"device_address":"D8:5C:08:30:00:1E","heart_rate":{"low_enabled":true,"low_threshold":79,"resting_enabled":true,"resting_threshold":80,"workout_enabled":false,"workout_threshold":175},"pending_sync":{"heart_rate":true,"relaxation_prompt":false,"sedentary_reminder":false,"sleep_reminder":false,"spo2":false},"pressure_mode":{"relaxation_prompt_enabled":false,"stress_monitoring_enabled":false},"sedentary_reminder":{"end_hour":18,"end_minute":0,"interval":60,"repeat_count":0,"start_hour":9,"start_minute":0,"status":false},"sleep_reminder":{"hour":0,"millisecond":0,"minute":0,"second":0,"status":false},"snapshots":{"heart_rate":{"continuous_heart_rate_mode":0,"frequency":5,"mode":0},"sedentary_reminder":{"no_disturb_in_launch":false}},"spo2":{"enabled":true,"threshold":100},"support":{"heart_rate":true,"heart_rate_workout":true,"high_stress_index":false,"relaxation_prompt":false,"sedentary_reminder":true,"sleep_reminder":false,"spo2":true,"wear_detection":true},"wear_detection_status":{"is_worn":false,"last_updated_at":1774793063921}}
2026-03-29 19:42:57.147 | AlertService | queryCallback type=AlertFeatureSupportObtained
2026-03-29 19:42:57.150 | AlertService | saveAlertSettings={"device_address":"D8:5C:08:30:00:1E","heart_rate":{"low_enabled":true,"low_threshold":79,"resting_enabled":true,"resting_threshold":80,"workout_enabled":false,"workout_threshold":175},"pending_sync":{"heart_rate":true,"relaxation_prompt":false,"sedentary_reminder":false,"sleep_reminder":false,"spo2":false},"pressure_mode":{"relaxation_prompt_enabled":false,"stress_monitoring_enabled":false},"sedentary_reminder":{"end_hour":18,"end_minute":0,"interval":60,"repeat_count":0,"start_hour":9,"start_minute":0,"status":false},"sleep_reminder":{"hour":0,"millisecond":0,"minute":0,"second":0,"status":false},"snapshots":{"heart_rate":{"continuous_heart_rate_mode":0,"frequency":5,"mode":0},"sedentary_reminder":{"no_disturb_in_launch":false}},"spo2":{"enabled":true,"threshold":100},"support":{"heart_rate":true,"heart_rate_workout":true,"high_stress_index":false,"relaxation_prompt":false,"sedentary_reminder":true,"sleep_reminder":false,"spo2":true,"wear_detection":true},"wear_detection_status":{"is_worn":false,"last_updated_at":1774793063921}}
2026-03-29 19:42:57.154 | ZhQuery | getHeartRateAlertSettings api=HeartRateMonitor state=SUCCEED
2026-03-29 19:42:57.158 | AlertVM | handleQueryCallback type=HeartRateAlertSettingsObtained
2026-03-29 19:42:57.162 | AlertVM | heartRate query matchesStored=false pending=true phase=VERIFY_QUERY
2026-03-29 19:42:57.166 | AlertVM | heartRate query value={"low_enabled":false,"low_threshold":0,"resting_enabled":false,"resting_threshold":220,"workout_enabled":false,"workout_threshold":0}
2026-03-29 19:42:57.168 | AlertVM | heartRate verify mismatch preserving local value
2026-03-29 19:42:57.170 | AlertVM | handleScreenQueryCompletion feature=HEART_RATE phase=VERIFY_QUERY matchesStored=false
2026-03-29 19:42:57.171 | AlertVM | handleQueryCallback type=Default
2026-03-29 19:42:57.173 | AlertVM | handleQueryCallback type=AlertFeatureSupportObtained
2026-03-29 19:42:57.175 | AlertVM | support feature=HEART_RATE supported=true
2026-03-29 19:42:57.177 | AlertVM | handleQueryCallback type=Default
2026-03-29 19:42:57.615 | AlertService | queryCallback type=UpdateFirmwareLogStatus
2026-03-29 19:42:57.628 | AlertVM | handleQueryCallback type=UpdateFirmwareLogStatus
2026-03-29 19:42:57.631 | AlertVM | handleQueryCallback type=Default
2026-03-29 19:42:58.720 | AlertService | queryCallback type=UpdateFirmwareLogStatus
2026-03-29 19:42:58.733 | AlertVM | handleQueryCallback type=UpdateFirmwareLogStatus
2026-03-29 19:42:58.735 | AlertVM | handleQueryCallback type=Default
2026-03-29 19:42:59.641 | AlertService | queryCallback type=UpdateFirmwareLogStatus
2026-03-29 19:42:59.651 | AlertVM | handleQueryCallback type=UpdateFirmwareLogStatus
2026-03-29 19:42:59.654 | AlertVM | handleQueryCallback type=Default
2026-03-29 19:43:00.656 | AlertService | queryCallback type=UpdateFirmwareLogStatus
2026-03-29 19:43:00.673 | AlertVM | handleQueryCallback type=UpdateFirmwareLogStatus
2026-03-29 19:43:00.676 | AlertVM | handleQueryCallback type=Default
2026-03-29 19:43:01.053 | AlertService | queryCallback type=BatteryDataObtained
2026-03-29 19:43:01.061 | AlertVM | handleQueryCallback type=BatteryDataObtained
2026-03-29 19:43:01.068 | AlertVM | handleQueryCallback type=Default
2026-03-29 19:43:01.637 | AlertService | queryCallback type=UpdateFirmwareLogStatus
2026-03-29 19:43:01.646 | AlertVM | handleQueryCallback type=UpdateFirmwareLogStatus
2026-03-29 19:43:01.648 | AlertVM | handleQueryCallback type=Default
2026-03-29 19:43:01.959 | AlertVM | saveHeartRateSettings requested={"low_enabled":true,"low_threshold":79,"resting_enabled":true,"resting_threshold":80,"workout_enabled":false,"workout_threshold":175}
2026-03-29 19:43:01.962 | AlertVM | persistFeature feature=HEART_RATE connected=true
2026-03-29 19:43:01.983 | AlertVM | persistFeature state={"device_address":"D8:5C:08:30:00:1E","heart_rate":{"low_enabled":true,"low_threshold":79,"resting_enabled":true,"resting_threshold":80,"workout_enabled":false,"workout_threshold":175},"pending_sync":{"heart_rate":true,"relaxation_prompt":false,"sedentary_reminder":false,"sleep_reminder":false,"spo2":false},"pressure_mode":{"relaxation_prompt_enabled":false,"stress_monitoring_enabled":false},"sedentary_reminder":{"end_hour":18,"end_minute":0,"interval":60,"repeat_count":0,"start_hour":9,"start_minute":0,"status":false},"sleep_reminder":{"hour":0,"millisecond":0,"minute":0,"second":0,"status":false},"snapshots":{"heart_rate":{"continuous_heart_rate_mode":0,"frequency":5,"mode":0},"sedentary_reminder":{"no_disturb_in_launch":false}},"spo2":{"enabled":true,"threshold":100},"support":{"heart_rate":true,"heart_rate_workout":true,"high_stress_index":false,"relaxation_prompt":false,"sedentary_reminder":true,"sleep_reminder":false,"spo2":true,"wear_detection":true},"wear_detection_status":{"is_worn":false,"last_updated_at":1774793063921}}
2026-03-29 19:43:01.996 | AlertVM | syncQueuedFeatures feature=HEART_RATE requiresSnapshot=false
2026-03-29 19:43:01.997 | AlertVM | sendUpdate feature=HEART_RATE
2026-03-29 19:43:01.999 | AlertVM | sendUpdate state={"device_address":"D8:5C:08:30:00:1E","heart_rate":{"low_enabled":true,"low_threshold":79,"resting_enabled":true,"resting_threshold":80,"workout_enabled":false,"workout_threshold":175},"pending_sync":{"heart_rate":true,"relaxation_prompt":false,"sedentary_reminder":false,"sleep_reminder":false,"spo2":false},"pressure_mode":{"relaxation_prompt_enabled":false,"stress_monitoring_enabled":false},"sedentary_reminder":{"end_hour":18,"end_minute":0,"interval":60,"repeat_count":0,"start_hour":9,"start_minute":0,"status":false},"sleep_reminder":{"hour":0,"millisecond":0,"minute":0,"second":0,"status":false},"snapshots":{"heart_rate":{"continuous_heart_rate_mode":0,"frequency":5,"mode":0},"sedentary_reminder":{"no_disturb_in_launch":false}},"spo2":{"enabled":true,"threshold":100},"support":{"heart_rate":true,"heart_rate_workout":true,"high_stress_index":false,"relaxation_prompt":false,"sedentary_reminder":true,"sleep_reminder":false,"spo2":true,"wear_detection":true},"wear_detection_status":{"is_worn":false,"last_updated_at":1774793063921}}
2026-03-29 19:43:02.000 | ZhUpdate | setHeartRateAlertSettings={"low_enabled":true,"low_threshold":79,"resting_enabled":true,"resting_threshold":80,"workout_enabled":false,"workout_threshold":175}
2026-03-29 19:43:02.003 | ZhUpdate | setHeartRateAlertSettings api=HeartRateMonitor
2026-03-29 19:43:02.006 | ZhUpdate | setHeartRateAlertSettings bean={"continuousHeartRateMode":0,"frequency":0,"isSportWarning":false,"isWarning":true,"lowWarningValue":79,"mode":0,"sportWarningValue":175,"warningValue":80}
2026-03-29 19:43:02.392 | ZhUpdate | setHeartRateAlertSettings api=HeartRateMonitor state=SUCCEED
2026-03-29 19:43:02.395 | AlertService | updateCallback type=HeartRateAlertSettingsUpdated
2026-03-29 19:43:02.397 | AlertService | onAlertUpdateCompleted feature=HEART_RATE success=true
2026-03-29 19:43:02.400 | AlertVM | handleUpdateCallback type=HeartRateAlertSettingsUpdated
2026-03-29 19:43:02.405 | AlertVM | heartRate update success=true
2026-03-29 19:43:02.407 | AlertVM | handleScreenUpdateCompletion feature=HEART_RATE success=true
2026-03-29 19:43:02.419 | AlertVM | sendQuery feature=HEART_RATE
2026-03-29 19:43:02.421 | ZhQuery | getHeartRateAlertSettings dispatched api=HeartRateMonitor
2026-03-29 19:43:02.815 | AlertService | queryCallback type=UpdateFirmwareLogStatus
2026-03-29 19:43:02.828 | AlertVM | handleQueryCallback type=UpdateFirmwareLogStatus
2026-03-29 19:43:02.831 | AlertVM | handleQueryCallback type=Default
2026-03-29 19:43:03.131 | ZhQuery | onHeartRateMonitorResult={"continuousHeartRateMode":0,"frequency":5,"isSportWarning":false,"isWarning":false,"lowWarningValue":0,"mode":0,"sportWarningValue":0,"warningValue":220}
2026-03-29 19:43:03.136 | AlertService | queryCallback type=HeartRateAlertSettingsObtained
2026-03-29 19:43:03.141 | AlertService | heartRate passive query preserving pending local value
2026-03-29 19:43:03.146 | AlertService | saveAlertSettings={"device_address":"D8:5C:08:30:00:1E","heart_rate":{"low_enabled":true,"low_threshold":79,"resting_enabled":true,"resting_threshold":80,"workout_enabled":false,"workout_threshold":175},"pending_sync":{"heart_rate":true,"relaxation_prompt":false,"sedentary_reminder":false,"sleep_reminder":false,"spo2":false},"pressure_mode":{"relaxation_prompt_enabled":false,"stress_monitoring_enabled":false},"sedentary_reminder":{"end_hour":18,"end_minute":0,"interval":60,"repeat_count":0,"start_hour":9,"start_minute":0,"status":false},"sleep_reminder":{"hour":0,"millisecond":0,"minute":0,"second":0,"status":false},"snapshots":{"heart_rate":{"continuous_heart_rate_mode":0,"frequency":5,"mode":0},"sedentary_reminder":{"no_disturb_in_launch":false}},"spo2":{"enabled":true,"threshold":100},"support":{"heart_rate":true,"heart_rate_workout":true,"high_stress_index":false,"relaxation_prompt":false,"sedentary_reminder":true,"sleep_reminder":false,"spo2":true,"wear_detection":true},"wear_detection_status":{"is_worn":false,"last_updated_at":1774793063921}}
2026-03-29 19:43:03.152 | AlertService | queryCallback type=AlertFeatureSupportObtained
2026-03-29 19:43:03.155 | AlertService | saveAlertSettings={"device_address":"D8:5C:08:30:00:1E","heart_rate":{"low_enabled":true,"low_threshold":79,"resting_enabled":true,"resting_threshold":80,"workout_enabled":false,"workout_threshold":175},"pending_sync":{"heart_rate":true,"relaxation_prompt":false,"sedentary_reminder":false,"sleep_reminder":false,"spo2":false},"pressure_mode":{"relaxation_prompt_enabled":false,"stress_monitoring_enabled":false},"sedentary_reminder":{"end_hour":18,"end_minute":0,"interval":60,"repeat_count":0,"start_hour":9,"start_minute":0,"status":false},"sleep_reminder":{"hour":0,"millisecond":0,"minute":0,"second":0,"status":false},"snapshots":{"heart_rate":{"continuous_heart_rate_mode":0,"frequency":5,"mode":0},"sedentary_reminder":{"no_disturb_in_launch":false}},"spo2":{"enabled":true,"threshold":100},"support":{"heart_rate":true,"heart_rate_workout":true,"high_stress_index":false,"relaxation_prompt":false,"sedentary_reminder":true,"sleep_reminder":false,"spo2":true,"wear_detection":true},"wear_detection_status":{"is_worn":false,"last_updated_at":1774793063921}}
2026-03-29 19:43:03.157 | ZhQuery | getHeartRateAlertSettings api=HeartRateMonitor state=SUCCEED
2026-03-29 19:43:03.160 | AlertVM | handleQueryCallback type=HeartRateAlertSettingsObtained
2026-03-29 19:43:03.162 | AlertVM | heartRate query matchesStored=false pending=true phase=VERIFY_QUERY
2026-03-29 19:43:03.165 | AlertVM | heartRate query value={"low_enabled":false,"low_threshold":0,"resting_enabled":false,"resting_threshold":220,"workout_enabled":false,"workout_threshold":0}
2026-03-29 19:43:03.167 | AlertVM | heartRate verify mismatch preserving local value
2026-03-29 19:43:03.169 | AlertVM | handleScreenQueryCompletion feature=HEART_RATE phase=VERIFY_QUERY matchesStored=false
2026-03-29 19:43:03.171 | AlertVM | handleQueryCallback type=Default
2026-03-29 19:43:03.173 | AlertVM | handleQueryCallback type=AlertFeatureSupportObtained
2026-03-29 19:43:03.176 | AlertVM | support feature=HEART_RATE supported=true
2026-03-29 19:43:03.178 | AlertVM | handleQueryCallback type=Default
2026-03-29 19:43:03.646 | AlertService | queryCallback type=UpdateFirmwareLogStatus
2026-03-29 19:43:03.654 | AlertVM | handleQueryCallback type=UpdateFirmwareLogStatus
2026-03-29 19:43:03.657 | AlertVM | handleQueryCallback type=Default
2026-03-29 19:43:04.645 | AlertService | queryCallback type=UpdateFirmwareLogStatus
2026-03-29 19:43:04.652 | AlertVM | handleQueryCallback type=UpdateFirmwareLogStatus
2026-03-29 19:43:04.655 | AlertVM | handleQueryCallback type=Default
2026-03-29 19:43:05.725 | AlertService | queryCallback type=UpdateFirmwareLogStatus
2026-03-29 19:43:05.736 | AlertVM | handleQueryCallback type=UpdateFirmwareLogStatus
2026-03-29 19:43:05.738 | AlertVM | handleQueryCallback type=Default
2026-03-29 19:43:06.640 | AlertService | queryCallback type=UpdateFirmwareLogStatus
2026-03-29 19:43:06.643 | AlertVM | handleQueryCallback type=UpdateFirmwareLogStatus
2026-03-29 19:43:06.646 | AlertVM | handleQueryCallback type=Default
2026-03-29 19:43:07.616 | AlertService | queryCallback type=UpdateFirmwareLogStatus
2026-03-29 19:43:07.619 | AlertVM | handleQueryCallback type=UpdateFirmwareLogStatus
2026-03-29 19:43:07.622 | AlertVM | handleQueryCallback type=Default
2026-03-29 19:43:08.740 | AlertService | queryCallback type=UpdateFirmwareLogStatus
2026-03-29 19:43:08.747 | AlertVM | handleQueryCallback type=UpdateFirmwareLogStatus
2026-03-29 19:43:08.750 | AlertVM | handleQueryCallback type=Default
2026-03-29 19:43:09.637 | AlertService | queryCallback type=UpdateFirmwareLogStatus
2026-03-29 19:43:09.644 | AlertVM | handleQueryCallback type=UpdateFirmwareLogStatus
2026-03-29 19:43:09.646 | AlertVM | handleQueryCallback type=Default
2026-03-29 19:43:10.628 | AlertService | queryCallback type=UpdateFirmwareLogStatus
2026-03-29 19:43:10.642 | AlertVM | handleQueryCallback type=UpdateFirmwareLogStatus
2026-03-29 19:43:10.644 | AlertVM | handleQueryCallback type=Default
2026-03-29 19:43:11.671 | AlertService | queryCallback type=UpdateFirmwareLogStatus
2026-03-29 19:43:11.683 | AlertVM | handleQueryCallback type=UpdateFirmwareLogStatus
2026-03-29 19:43:11.686 | AlertVM | handleQueryCallback type=Default
2026-03-29 19:43:12.471 | AlertVM | saveHeartRateSettings requested={"low_enabled":true,"low_threshold":79,"resting_enabled":true,"resting_threshold":80,"workout_enabled":true,"workout_threshold":175}
2026-03-29 19:43:12.473 | AlertVM | persistFeature feature=HEART_RATE connected=true
2026-03-29 19:43:12.477 | AlertVM | persistFeature state={"device_address":"D8:5C:08:30:00:1E","heart_rate":{"low_enabled":true,"low_threshold":79,"resting_enabled":true,"resting_threshold":80,"workout_enabled":true,"workout_threshold":175},"pending_sync":{"heart_rate":true,"relaxation_prompt":false,"sedentary_reminder":false,"sleep_reminder":false,"spo2":false},"pressure_mode":{"relaxation_prompt_enabled":false,"stress_monitoring_enabled":false},"sedentary_reminder":{"end_hour":18,"end_minute":0,"interval":60,"repeat_count":0,"start_hour":9,"start_minute":0,"status":false},"sleep_reminder":{"hour":0,"millisecond":0,"minute":0,"second":0,"status":false},"snapshots":{"heart_rate":{"continuous_heart_rate_mode":0,"frequency":5,"mode":0},"sedentary_reminder":{"no_disturb_in_launch":false}},"spo2":{"enabled":true,"threshold":100},"support":{"heart_rate":true,"heart_rate_workout":true,"high_stress_index":false,"relaxation_prompt":false,"sedentary_reminder":true,"sleep_reminder":false,"spo2":true,"wear_detection":true},"wear_detection_status":{"is_worn":false,"last_updated_at":1774793063921}}
2026-03-29 19:43:12.486 | AlertVM | syncQueuedFeatures feature=HEART_RATE requiresSnapshot=false
2026-03-29 19:43:12.488 | AlertVM | sendUpdate feature=HEART_RATE
2026-03-29 19:43:12.489 | AlertVM | sendUpdate state={"device_address":"D8:5C:08:30:00:1E","heart_rate":{"low_enabled":true,"low_threshold":79,"resting_enabled":true,"resting_threshold":80,"workout_enabled":true,"workout_threshold":175},"pending_sync":{"heart_rate":true,"relaxation_prompt":false,"sedentary_reminder":false,"sleep_reminder":false,"spo2":false},"pressure_mode":{"relaxation_prompt_enabled":false,"stress_monitoring_enabled":false},"sedentary_reminder":{"end_hour":18,"end_minute":0,"interval":60,"repeat_count":0,"start_hour":9,"start_minute":0,"status":false},"sleep_reminder":{"hour":0,"millisecond":0,"minute":0,"second":0,"status":false},"snapshots":{"heart_rate":{"continuous_heart_rate_mode":0,"frequency":5,"mode":0},"sedentary_reminder":{"no_disturb_in_launch":false}},"spo2":{"enabled":true,"threshold":100},"support":{"heart_rate":true,"heart_rate_workout":true,"high_stress_index":false,"relaxation_prompt":false,"sedentary_reminder":true,"sleep_reminder":false,"spo2":true,"wear_detection":true},"wear_detection_status":{"is_worn":false,"last_updated_at":1774793063921}}
2026-03-29 19:43:12.502 | ZhUpdate | setHeartRateAlertSettings={"low_enabled":true,"low_threshold":79,"resting_enabled":true,"resting_threshold":80,"workout_enabled":true,"workout_threshold":175}
2026-03-29 19:43:12.504 | ZhUpdate | setHeartRateAlertSettings api=HeartRateMonitor
2026-03-29 19:43:12.505 | ZhUpdate | setHeartRateAlertSettings bean={"continuousHeartRateMode":0,"frequency":0,"isSportWarning":true,"isWarning":true,"lowWarningValue":79,"mode":0,"sportWarningValue":175,"warningValue":80}
2026-03-29 19:43:12.651 | AlertService | queryCallback type=UpdateFirmwareLogStatus
2026-03-29 19:43:12.656 | AlertVM | handleQueryCallback type=UpdateFirmwareLogStatus
2026-03-29 19:43:12.658 | AlertVM | handleQueryCallback type=Default
2026-03-29 19:43:12.923 | ZhUpdate | setHeartRateAlertSettings api=HeartRateMonitor state=SUCCEED
2026-03-29 19:43:12.933 | AlertService | updateCallback type=HeartRateAlertSettingsUpdated
2026-03-29 19:43:12.936 | AlertService | onAlertUpdateCompleted feature=HEART_RATE success=true
2026-03-29 19:43:12.947 | AlertVM | handleUpdateCallback type=HeartRateAlertSettingsUpdated
2026-03-29 19:43:12.951 | AlertVM | heartRate update success=true
2026-03-29 19:43:12.953 | AlertVM | handleScreenUpdateCompletion feature=HEART_RATE success=true
2026-03-29 19:43:12.955 | AlertVM | sendQuery feature=HEART_RATE
2026-03-29 19:43:12.958 | ZhQuery | getHeartRateAlertSettings dispatched api=HeartRateMonitor
2026-03-29 19:43:13.270 | ZhQuery | onHeartRateMonitorResult={"continuousHeartRateMode":0,"frequency":5,"isSportWarning":false,"isWarning":false,"lowWarningValue":0,"mode":0,"sportWarningValue":0,"warningValue":220}
2026-03-29 19:43:13.273 | AlertService | queryCallback type=HeartRateAlertSettingsObtained
2026-03-29 19:43:13.276 | AlertService | heartRate passive query preserving pending local value
2026-03-29 19:43:13.278 | AlertService | saveAlertSettings={"device_address":"D8:5C:08:30:00:1E","heart_rate":{"low_enabled":true,"low_threshold":79,"resting_enabled":true,"resting_threshold":80,"workout_enabled":true,"workout_threshold":175},"pending_sync":{"heart_rate":true,"relaxation_prompt":false,"sedentary_reminder":false,"sleep_reminder":false,"spo2":false},"pressure_mode":{"relaxation_prompt_enabled":false,"stress_monitoring_enabled":false},"sedentary_reminder":{"end_hour":18,"end_minute":0,"interval":60,"repeat_count":0,"start_hour":9,"start_minute":0,"status":false},"sleep_reminder":{"hour":0,"millisecond":0,"minute":0,"second":0,"status":false},"snapshots":{"heart_rate":{"continuous_heart_rate_mode":0,"frequency":5,"mode":0},"sedentary_reminder":{"no_disturb_in_launch":false}},"spo2":{"enabled":true,"threshold":100},"support":{"heart_rate":true,"heart_rate_workout":true,"high_stress_index":false,"relaxation_prompt":false,"sedentary_reminder":true,"sleep_reminder":false,"spo2":true,"wear_detection":true},"wear_detection_status":{"is_worn":false,"last_updated_at":1774793063921}}
2026-03-29 19:43:13.281 | AlertService | queryCallback type=AlertFeatureSupportObtained
2026-03-29 19:43:13.286 | AlertService | saveAlertSettings={"device_address":"D8:5C:08:30:00:1E","heart_rate":{"low_enabled":true,"low_threshold":79,"resting_enabled":true,"resting_threshold":80,"workout_enabled":true,"workout_threshold":175},"pending_sync":{"heart_rate":true,"relaxation_prompt":false,"sedentary_reminder":false,"sleep_reminder":false,"spo2":false},"pressure_mode":{"relaxation_prompt_enabled":false,"stress_monitoring_enabled":false},"sedentary_reminder":{"end_hour":18,"end_minute":0,"interval":60,"repeat_count":0,"start_hour":9,"start_minute":0,"status":false},"sleep_reminder":{"hour":0,"millisecond":0,"minute":0,"second":0,"status":false},"snapshots":{"heart_rate":{"continuous_heart_rate_mode":0,"frequency":5,"mode":0},"sedentary_reminder":{"no_disturb_in_launch":false}},"spo2":{"enabled":true,"threshold":100},"support":{"heart_rate":true,"heart_rate_workout":true,"high_stress_index":false,"relaxation_prompt":false,"sedentary_reminder":true,"sleep_reminder":false,"spo2":true,"wear_detection":true},"wear_detection_status":{"is_worn":false,"last_updated_at":1774793063921}}
2026-03-29 19:43:13.290 | ZhQuery | getHeartRateAlertSettings api=HeartRateMonitor state=SUCCEED
2026-03-29 19:43:13.292 | AlertVM | handleQueryCallback type=HeartRateAlertSettingsObtained
2026-03-29 19:43:13.294 | AlertVM | heartRate query matchesStored=false pending=true phase=VERIFY_QUERY
2026-03-29 19:43:13.296 | AlertVM | heartRate query value={"low_enabled":false,"low_threshold":0,"resting_enabled":false,"resting_threshold":220,"workout_enabled":false,"workout_threshold":0}
2026-03-29 19:43:13.298 | AlertVM | heartRate verify mismatch preserving local value
2026-03-29 19:43:13.301 | AlertVM | handleScreenQueryCompletion feature=HEART_RATE phase=VERIFY_QUERY matchesStored=false
2026-03-29 19:43:13.304 | AlertVM | handleQueryCallback type=Default
2026-03-29 19:43:13.305 | AlertVM | handleQueryCallback type=AlertFeatureSupportObtained
2026-03-29 19:43:13.307 | AlertVM | support feature=HEART_RATE supported=true
2026-03-29 19:43:13.309 | AlertVM | handleQueryCallback type=Default
2026-03-29 19:43:13.695 | AlertService | queryCallback type=UpdateFirmwareLogStatus
2026-03-29 19:43:13.708 | AlertVM | handleQueryCallback type=UpdateFirmwareLogStatus
2026-03-29 19:43:13.711 | AlertVM | handleQueryCallback type=Default
2026-03-29 19:43:14.715 | AlertService | queryCallback type=UpdateFirmwareLogStatus
2026-03-29 19:43:14.721 | AlertVM | handleQueryCallback type=UpdateFirmwareLogStatus
2026-03-29 19:43:14.724 | AlertVM | handleQueryCallback type=Default
2026-03-29 19:43:15.752 | AlertService | queryCallback type=UpdateFirmwareLogStatus
2026-03-29 19:43:15.759 | AlertVM | handleQueryCallback type=UpdateFirmwareLogStatus
2026-03-29 19:43:15.762 | AlertVM | handleQueryCallback type=Default
2026-03-29 19:43:16.136 | AlertVM | saveSpo2Settings requested={"enabled":false,"threshold":100}
2026-03-29 19:43:16.142 | AlertVM | persistFeature feature=SPO2 connected=true
2026-03-29 19:43:16.147 | AlertVM | persistFeature state={"device_address":"D8:5C:08:30:00:1E","heart_rate":{"low_enabled":true,"low_threshold":79,"resting_enabled":true,"resting_threshold":80,"workout_enabled":true,"workout_threshold":175},"pending_sync":{"heart_rate":true,"relaxation_prompt":false,"sedentary_reminder":false,"sleep_reminder":false,"spo2":true},"pressure_mode":{"relaxation_prompt_enabled":false,"stress_monitoring_enabled":false},"sedentary_reminder":{"end_hour":18,"end_minute":0,"interval":60,"repeat_count":0,"start_hour":9,"start_minute":0,"status":false},"sleep_reminder":{"hour":0,"millisecond":0,"minute":0,"second":0,"status":false},"snapshots":{"heart_rate":{"continuous_heart_rate_mode":0,"frequency":5,"mode":0},"sedentary_reminder":{"no_disturb_in_launch":false}},"spo2":{"enabled":false,"threshold":100},"support":{"heart_rate":true,"heart_rate_workout":true,"high_stress_index":false,"relaxation_prompt":false,"sedentary_reminder":true,"sleep_reminder":false,"spo2":true,"wear_detection":true},"wear_detection_status":{"is_worn":false,"last_updated_at":1774793063921}}
2026-03-29 19:43:16.156 | AlertVM | syncQueuedFeatures feature=SPO2 requiresSnapshot=false
2026-03-29 19:43:16.160 | AlertVM | sendUpdate feature=SPO2
2026-03-29 19:43:16.163 | AlertVM | sendUpdate state={"device_address":"D8:5C:08:30:00:1E","heart_rate":{"low_enabled":true,"low_threshold":79,"resting_enabled":true,"resting_threshold":80,"workout_enabled":true,"workout_threshold":175},"pending_sync":{"heart_rate":true,"relaxation_prompt":false,"sedentary_reminder":false,"sleep_reminder":false,"spo2":true},"pressure_mode":{"relaxation_prompt_enabled":false,"stress_monitoring_enabled":false},"sedentary_reminder":{"end_hour":18,"end_minute":0,"interval":60,"repeat_count":0,"start_hour":9,"start_minute":0,"status":false},"sleep_reminder":{"hour":0,"millisecond":0,"minute":0,"second":0,"status":false},"snapshots":{"heart_rate":{"continuous_heart_rate_mode":0,"frequency":5,"mode":0},"sedentary_reminder":{"no_disturb_in_launch":false}},"spo2":{"enabled":false,"threshold":100},"support":{"heart_rate":true,"heart_rate_workout":true,"high_stress_index":false,"relaxation_prompt":false,"sedentary_reminder":true,"sleep_reminder":false,"spo2":true,"wear_detection":true},"wear_detection_status":{"is_worn":false,"last_updated_at":1774793063921}}
2026-03-29 19:43:16.173 | ZhUpdate | setSpo2AlertSettings={"enabled":false,"threshold":100}
2026-03-29 19:43:16.502 | ZhUpdate | setSpo2AlertSettings state=SUCCEED
2026-03-29 19:43:16.505 | AlertService | updateCallback type=Spo2AlertSettingsUpdated
2026-03-29 19:43:16.510 | AlertService | onAlertUpdateCompleted feature=SPO2 success=true
2026-03-29 19:43:16.516 | AlertService | updateCallback type=Spo2SettingsUpdated
2026-03-29 19:43:16.517 | AlertVM | handleUpdateCallback type=Spo2AlertSettingsUpdated
2026-03-29 19:43:16.519 | AlertVM | spo2 update success=true
2026-03-29 19:43:16.521 | AlertVM | handleScreenUpdateCompletion feature=SPO2 success=true
2026-03-29 19:43:16.523 | AlertVM | sendQuery feature=SPO2
2026-03-29 19:43:16.525 | AlertVM | handleUpdateCallback type=Spo2SettingsUpdated
2026-03-29 19:43:16.528 | ZhQuery | getSpo2AlertSettings dispatched
2026-03-29 19:43:16.820 | AlertService | queryCallback type=UpdateFirmwareLogStatus
2026-03-29 19:43:16.829 | AlertVM | handleQueryCallback type=UpdateFirmwareLogStatus
2026-03-29 19:43:16.831 | AlertVM | handleQueryCallback type=Default
2026-03-29 19:43:17.067 | AlertVM | saveSpo2Settings requested={"enabled":true,"threshold":100}
2026-03-29 19:43:17.069 | AlertVM | persistFeature feature=SPO2 connected=true
2026-03-29 19:43:17.070 | AlertVM | persistFeature state={"device_address":"D8:5C:08:30:00:1E","heart_rate":{"low_enabled":true,"low_threshold":79,"resting_enabled":true,"resting_threshold":80,"workout_enabled":true,"workout_threshold":175},"pending_sync":{"heart_rate":true,"relaxation_prompt":false,"sedentary_reminder":false,"sleep_reminder":false,"spo2":true},"pressure_mode":{"relaxation_prompt_enabled":false,"stress_monitoring_enabled":false},"sedentary_reminder":{"end_hour":18,"end_minute":0,"interval":60,"repeat_count":0,"start_hour":9,"start_minute":0,"status":false},"sleep_reminder":{"hour":0,"millisecond":0,"minute":0,"second":0,"status":false},"snapshots":{"heart_rate":{"continuous_heart_rate_mode":0,"frequency":5,"mode":0},"sedentary_reminder":{"no_disturb_in_launch":false}},"spo2":{"enabled":true,"threshold":100},"support":{"heart_rate":true,"heart_rate_workout":true,"high_stress_index":false,"relaxation_prompt":false,"sedentary_reminder":true,"sleep_reminder":false,"spo2":true,"wear_detection":true},"wear_detection_status":{"is_worn":false,"last_updated_at":1774793063921}}
2026-03-29 19:43:17.073 | AlertVM | syncQueuedFeatures skipped activePhase=VERIFY_QUERY feature=SPO2
2026-03-29 19:43:17.148 | ZhQuery | onSWSPO2Monitor={"isWarning":true,"warningValue":100}
2026-03-29 19:43:17.150 | AlertService | queryCallback type=Spo2AlertSettingsObtained
2026-03-29 19:43:17.151 | AlertService | spo2 passive query preserving pending local value
2026-03-29 19:43:17.153 | AlertService | saveAlertSettings={"device_address":"D8:5C:08:30:00:1E","heart_rate":{"low_enabled":true,"low_threshold":79,"resting_enabled":true,"resting_threshold":80,"workout_enabled":true,"workout_threshold":175},"pending_sync":{"heart_rate":true,"relaxation_prompt":false,"sedentary_reminder":false,"sleep_reminder":false,"spo2":true},"pressure_mode":{"relaxation_prompt_enabled":false,"stress_monitoring_enabled":false},"sedentary_reminder":{"end_hour":18,"end_minute":0,"interval":60,"repeat_count":0,"start_hour":9,"start_minute":0,"status":false},"sleep_reminder":{"hour":0,"millisecond":0,"minute":0,"second":0,"status":false},"snapshots":{"heart_rate":{"continuous_heart_rate_mode":0,"frequency":5,"mode":0},"sedentary_reminder":{"no_disturb_in_launch":false}},"spo2":{"enabled":true,"threshold":100},"support":{"heart_rate":true,"heart_rate_workout":true,"high_stress_index":false,"relaxation_prompt":false,"sedentary_reminder":true,"sleep_reminder":false,"spo2":true,"wear_detection":true},"wear_detection_status":{"is_worn":false,"last_updated_at":1774793063921}}
2026-03-29 19:43:17.154 | AlertService | queryCallback type=AlertFeatureSupportObtained
2026-03-29 19:43:17.156 | AlertService | saveAlertSettings={"device_address":"D8:5C:08:30:00:1E","heart_rate":{"low_enabled":true,"low_threshold":79,"resting_enabled":true,"resting_threshold":80,"workout_enabled":true,"workout_threshold":175},"pending_sync":{"heart_rate":true,"relaxation_prompt":false,"sedentary_reminder":false,"sleep_reminder":false,"spo2":true},"pressure_mode":{"relaxation_prompt_enabled":false,"stress_monitoring_enabled":false},"sedentary_reminder":{"end_hour":18,"end_minute":0,"interval":60,"repeat_count":0,"start_hour":9,"start_minute":0,"status":false},"sleep_reminder":{"hour":0,"millisecond":0,"minute":0,"second":0,"status":false},"snapshots":{"heart_rate":{"continuous_heart_rate_mode":0,"frequency":5,"mode":0},"sedentary_reminder":{"no_disturb_in_launch":false}},"spo2":{"enabled":true,"threshold":100},"support":{"heart_rate":true,"heart_rate_workout":true,"high_stress_index":false,"relaxation_prompt":false,"sedentary_reminder":true,"sleep_reminder":false,"spo2":true,"wear_detection":true},"wear_detection_status":{"is_worn":false,"last_updated_at":1774793063921}}
2026-03-29 19:43:17.157 | AlertVM | handleQueryCallback type=Spo2AlertSettingsObtained
2026-03-29 19:43:17.162 | AlertVM | spo2 query matchesStored=true pending=true phase=VERIFY_QUERY
2026-03-29 19:43:17.164 | AlertVM | spo2 query value={"enabled":true,"threshold":100}
2026-03-29 19:43:17.165 | AlertVM | handleScreenQueryCompletion feature=SPO2 phase=VERIFY_QUERY matchesStored=true
2026-03-29 19:43:17.166 | AlertVM | handleQueryCallback type=Default
2026-03-29 19:43:17.168 | AlertVM | handleQueryCallback type=AlertFeatureSupportObtained
2026-03-29 19:43:17.169 | AlertVM | support feature=SPO2 supported=true
2026-03-29 19:43:17.170 | AlertVM | handleQueryCallback type=Default
2026-03-29 19:43:17.171 | ZhQuery | getSpo2AlertSettings state=SUCCEED
2026-03-29 19:43:17.679 | AlertService | queryCallback type=UpdateFirmwareLogStatus
2026-03-29 19:43:17.691 | AlertVM | handleQueryCallback type=UpdateFirmwareLogStatus
2026-03-29 19:43:17.693 | AlertVM | handleQueryCallback type=Default
2026-03-29 19:43:18.769 | AlertService | queryCallback type=UpdateFirmwareLogStatus
2026-03-29 19:43:18.777 | AlertVM | handleQueryCallback type=UpdateFirmwareLogStatus
2026-03-29 19:43:18.779 | AlertVM | handleQueryCallback type=Default
2026-03-29 19:43:19.851 | AlertService | queryCallback type=UpdateFirmwareLogStatus
2026-03-29 19:43:19.853 | AlertVM | handleQueryCallback type=UpdateFirmwareLogStatus
2026-03-29 19:43:19.859 | AlertVM | handleQueryCallback type=Default
2026-03-29 19:43:19.962 | AlertVM | refreshWearDetectionStatus dispatched
2026-03-29 19:43:19.968 | ZhQuery | getRingWearingStatus dispatched
2026-03-29 19:43:20.471 | ZhQuery | onRingWearingStatus status=0
2026-03-29 19:43:20.473 | AlertService | queryCallback type=RingWearingStatusObtained
2026-03-29 19:43:20.474 | AlertService | saveAlertSettings={"device_address":"D8:5C:08:30:00:1E","heart_rate":{"low_enabled":true,"low_threshold":79,"resting_enabled":true,"resting_threshold":80,"workout_enabled":true,"workout_threshold":175},"pending_sync":{"heart_rate":true,"relaxation_prompt":false,"sedentary_reminder":false,"sleep_reminder":false,"spo2":false},"pressure_mode":{"relaxation_prompt_enabled":false,"stress_monitoring_enabled":false},"sedentary_reminder":{"end_hour":18,"end_minute":0,"interval":60,"repeat_count":0,"start_hour":9,"start_minute":0,"status":false},"sleep_reminder":{"hour":0,"millisecond":0,"minute":0,"second":0,"status":false},"snapshots":{"heart_rate":{"continuous_heart_rate_mode":0,"frequency":5,"mode":0},"sedentary_reminder":{"no_disturb_in_launch":false}},"spo2":{"enabled":true,"threshold":100},"support":{"heart_rate":true,"heart_rate_workout":true,"high_stress_index":false,"relaxation_prompt":false,"sedentary_reminder":true,"sleep_reminder":false,"spo2":true,"wear_detection":true},"wear_detection_status":{"is_worn":false,"last_updated_at":1774793600469}}
2026-03-29 19:43:20.488 | AlertService | queryCallback type=AlertFeatureSupportObtained
2026-03-29 19:43:20.490 | AlertService | saveAlertSettings={"device_address":"D8:5C:08:30:00:1E","heart_rate":{"low_enabled":true,"low_threshold":79,"resting_enabled":true,"resting_threshold":80,"workout_enabled":true,"workout_threshold":175},"pending_sync":{"heart_rate":true,"relaxation_prompt":false,"sedentary_reminder":false,"sleep_reminder":false,"spo2":false},"pressure_mode":{"relaxation_prompt_enabled":false,"stress_monitoring_enabled":false},"sedentary_reminder":{"end_hour":18,"end_minute":0,"interval":60,"repeat_count":0,"start_hour":9,"start_minute":0,"status":false},"sleep_reminder":{"hour":0,"millisecond":0,"minute":0,"second":0,"status":false},"snapshots":{"heart_rate":{"continuous_heart_rate_mode":0,"frequency":5,"mode":0},"sedentary_reminder":{"no_disturb_in_launch":false}},"spo2":{"enabled":true,"threshold":100},"support":{"heart_rate":true,"heart_rate_workout":true,"high_stress_index":false,"relaxation_prompt":false,"sedentary_reminder":true,"sleep_reminder":false,"spo2":true,"wear_detection":true},"wear_detection_status":{"is_worn":false,"last_updated_at":1774793600469}}
2026-03-29 19:43:20.492 | ZhQuery | getRingWearingStatus state=SUCCEED
2026-03-29 19:43:20.493 | AlertVM | handleQueryCallback type=RingWearingStatusObtained
2026-03-29 19:43:20.495 | AlertVM | wearDetection query value={"is_worn":false,"last_updated_at":1774793600469}
2026-03-29 19:43:20.499 | AlertVM | handleQueryCallback type=Default
2026-03-29 19:43:20.500 | AlertVM | handleQueryCallback type=AlertFeatureSupportObtained
2026-03-29 19:43:20.502 | AlertVM | support feature=WEAR_DETECTION supported=true
2026-03-29 19:43:20.504 | AlertVM | handleQueryCallback type=Default
2026-03-29 19:43:20.543 | AlertVM | refreshWearDetectionStatus dispatched
2026-03-29 19:43:20.545 | ZhQuery | getRingWearingStatus dispatched
2026-03-29 19:43:20.697 | AlertService | queryCallback type=UpdateFirmwareLogStatus
2026-03-29 19:43:20.707 | AlertVM | handleQueryCallback type=UpdateFirmwareLogStatus
2026-03-29 19:43:20.709 | AlertVM | handleQueryCallback type=Default
2026-03-29 19:43:20.713 | AlertVM | refreshWearDetectionStatus dispatched
2026-03-29 19:43:20.715 | ZhQuery | getRingWearingStatus dispatched
2026-03-29 19:43:20.861 | AlertVM | refreshWearDetectionStatus dispatched
2026-03-29 19:43:20.863 | ZhQuery | getRingWearingStatus dispatched
2026-03-29 19:43:21.010 | ZhQuery | onRingWearingStatus status=0
2026-03-29 19:43:21.015 | AlertService | queryCallback type=RingWearingStatusObtained
2026-03-29 19:43:21.017 | AlertService | saveAlertSettings={"device_address":"D8:5C:08:30:00:1E","heart_rate":{"low_enabled":true,"low_threshold":79,"resting_enabled":true,"resting_threshold":80,"workout_enabled":true,"workout_threshold":175},"pending_sync":{"heart_rate":true,"relaxation_prompt":false,"sedentary_reminder":false,"sleep_reminder":false,"spo2":false},"pressure_mode":{"relaxation_prompt_enabled":false,"stress_monitoring_enabled":false},"sedentary_reminder":{"end_hour":18,"end_minute":0,"interval":60,"repeat_count":0,"start_hour":9,"start_minute":0,"status":false},"sleep_reminder":{"hour":0,"millisecond":0,"minute":0,"second":0,"status":false},"snapshots":{"heart_rate":{"continuous_heart_rate_mode":0,"frequency":5,"mode":0},"sedentary_reminder":{"no_disturb_in_launch":false}},"spo2":{"enabled":true,"threshold":100},"support":{"heart_rate":true,"heart_rate_workout":true,"high_stress_index":false,"relaxation_prompt":false,"sedentary_reminder":true,"sleep_reminder":false,"spo2":true,"wear_detection":true},"wear_detection_status":{"is_worn":false,"last_updated_at":1774793601008}}
2026-03-29 19:43:21.020 | AlertService | queryCallback type=AlertFeatureSupportObtained
2026-03-29 19:43:21.022 | AlertService | saveAlertSettings={"device_address":"D8:5C:08:30:00:1E","heart_rate":{"low_enabled":true,"low_threshold":79,"resting_enabled":true,"resting_threshold":80,"workout_enabled":true,"workout_threshold":175},"pending_sync":{"heart_rate":true,"relaxation_prompt":false,"sedentary_reminder":false,"sleep_reminder":false,"spo2":false},"pressure_mode":{"relaxation_prompt_enabled":false,"stress_monitoring_enabled":false},"sedentary_reminder":{"end_hour":18,"end_minute":0,"interval":60,"repeat_count":0,"start_hour":9,"start_minute":0,"status":false},"sleep_reminder":{"hour":0,"millisecond":0,"minute":0,"second":0,"status":false},"snapshots":{"heart_rate":{"continuous_heart_rate_mode":0,"frequency":5,"mode":0},"sedentary_reminder":{"no_disturb_in_launch":false}},"spo2":{"enabled":true,"threshold":100},"support":{"heart_rate":true,"heart_rate_workout":true,"high_stress_index":false,"relaxation_prompt":false,"sedentary_reminder":true,"sleep_reminder":false,"spo2":true,"wear_detection":true},"wear_detection_status":{"is_worn":false,"last_updated_at":1774793601008}}
2026-03-29 19:43:21.023 | ZhQuery | getRingWearingStatus state=SUCCEED
2026-03-29 19:43:21.025 | ZhQuery | getRingWearingStatus state=SUCCEED
2026-03-29 19:43:21.026 | ZhQuery | getRingWearingStatus state=SUCCEED
2026-03-29 19:43:21.036 | AlertVM | handleQueryCallback type=RingWearingStatusObtained
2026-03-29 19:43:21.037 | AlertVM | wearDetection query value={"is_worn":false,"last_updated_at":1774793601008}
2026-03-29 19:43:21.038 | AlertVM | handleQueryCallback type=Default
2026-03-29 19:43:21.040 | AlertVM | handleQueryCallback type=AlertFeatureSupportObtained
2026-03-29 19:43:21.041 | AlertVM | support feature=WEAR_DETECTION supported=true
2026-03-29 19:43:21.042 | AlertVM | handleQueryCallback type=Default
2026-03-29 19:43:21.044 | AlertVM | refreshWearDetectionStatus dispatched
2026-03-29 19:43:21.045 | ZhQuery | getRingWearingStatus dispatched
2026-03-29 19:43:21.210 | AlertVM | refreshWearDetectionStatus dispatched
2026-03-29 19:43:21.211 | ZhQuery | getRingWearingStatus dispatched
2026-03-29 19:43:21.368 | ZhQuery | onRingWearingStatus status=0
2026-03-29 19:43:21.374 | AlertService | queryCallback type=RingWearingStatusObtained
2026-03-29 19:43:21.376 | AlertService | saveAlertSettings={"device_address":"D8:5C:08:30:00:1E","heart_rate":{"low_enabled":true,"low_threshold":79,"resting_enabled":true,"resting_threshold":80,"workout_enabled":true,"workout_threshold":175},"pending_sync":{"heart_rate":true,"relaxation_prompt":false,"sedentary_reminder":false,"sleep_reminder":false,"spo2":false},"pressure_mode":{"relaxation_prompt_enabled":false,"stress_monitoring_enabled":false},"sedentary_reminder":{"end_hour":18,"end_minute":0,"interval":60,"repeat_count":0,"start_hour":9,"start_minute":0,"status":false},"sleep_reminder":{"hour":0,"millisecond":0,"minute":0,"second":0,"status":false},"snapshots":{"heart_rate":{"continuous_heart_rate_mode":0,"frequency":5,"mode":0},"sedentary_reminder":{"no_disturb_in_launch":false}},"spo2":{"enabled":true,"threshold":100},"support":{"heart_rate":true,"heart_rate_workout":true,"high_stress_index":false,"relaxation_prompt":false,"sedentary_reminder":true,"sleep_reminder":false,"spo2":true,"wear_detection":true},"wear_detection_status":{"is_worn":false,"last_updated_at":1774793601364}}
2026-03-29 19:43:21.377 | AlertService | queryCallback type=AlertFeatureSupportObtained
2026-03-29 19:43:21.379 | AlertService | saveAlertSettings={"device_address":"D8:5C:08:30:00:1E","heart_rate":{"low_enabled":true,"low_threshold":79,"resting_enabled":true,"resting_threshold":80,"workout_enabled":true,"workout_threshold":175},"pending_sync":{"heart_rate":true,"relaxation_prompt":false,"sedentary_reminder":false,"sleep_reminder":false,"spo2":false},"pressure_mode":{"relaxation_prompt_enabled":false,"stress_monitoring_enabled":false},"sedentary_reminder":{"end_hour":18,"end_minute":0,"interval":60,"repeat_count":0,"start_hour":9,"start_minute":0,"status":false},"sleep_reminder":{"hour":0,"millisecond":0,"minute":0,"second":0,"status":false},"snapshots":{"heart_rate":{"continuous_heart_rate_mode":0,"frequency":5,"mode":0},"sedentary_reminder":{"no_disturb_in_launch":false}},"spo2":{"enabled":true,"threshold":100},"support":{"heart_rate":true,"heart_rate_workout":true,"high_stress_index":false,"relaxation_prompt":false,"sedentary_reminder":true,"sleep_reminder":false,"spo2":true,"wear_detection":true},"wear_detection_status":{"is_worn":false,"last_updated_at":1774793601364}}
2026-03-29 19:43:21.380 | ZhQuery | getRingWearingStatus state=SUCCEED
2026-03-29 19:43:21.381 | ZhQuery | getRingWearingStatus state=SUCCEED
2026-03-29 19:43:21.383 | AlertVM | handleQueryCallback type=RingWearingStatusObtained
2026-03-29 19:43:21.387 | AlertVM | wearDetection query value={"is_worn":false,"last_updated_at":1774793601364}
2026-03-29 19:43:21.389 | AlertVM | handleQueryCallback type=Default
2026-03-29 19:43:21.395 | AlertVM | handleQueryCallback type=AlertFeatureSupportObtained
2026-03-29 19:43:21.398 | AlertVM | support feature=WEAR_DETECTION supported=true
2026-03-29 19:43:21.399 | AlertVM | handleQueryCallback type=Default
2026-03-29 19:43:21.401 | AlertVM | refreshWearDetectionStatus dispatched
2026-03-29 19:43:21.403 | ZhQuery | getRingWearingStatus dispatched
2026-03-29 19:43:21.560 | AlertVM | refreshWearDetectionStatus dispatched
2026-03-29 19:43:21.566 | ZhQuery | getRingWearingStatus dispatched
2026-03-29 19:43:21.682 | AlertService | queryCallback type=UpdateFirmwareLogStatus
2026-03-29 19:43:21.693 | AlertVM | handleQueryCallback type=UpdateFirmwareLogStatus
2026-03-29 19:43:21.694 | AlertVM | handleQueryCallback type=Default
2026-03-29 19:43:21.724 | AlertVM | refreshWearDetectionStatus dispatched
2026-03-29 19:43:21.726 | ZhQuery | getRingWearingStatus dispatched
2026-03-29 19:43:21.890 | AlertVM | refreshWearDetectionStatus dispatched
2026-03-29 19:43:21.896 | ZhQuery | getRingWearingStatus dispatched
2026-03-29 19:43:22.058 | AlertVM | refreshWearDetectionStatus dispatched
2026-03-29 19:43:22.060 | ZhQuery | getRingWearingStatus dispatched
2026-03-29 19:43:22.243 | AlertService | queryCallback type=UpdateFirmwareLogStatus
2026-03-29 19:43:22.246 | AlertVM | handleQueryCallback type=UpdateFirmwareLogStatus
2026-03-29 19:43:22.249 | AlertVM | handleQueryCallback type=Default
2026-03-29 19:43:22.623 | ZhQuery | onRingWearingStatus status=0
2026-03-29 19:43:22.625 | AlertService | queryCallback type=RingWearingStatusObtained
2026-03-29 19:43:22.628 | AlertService | saveAlertSettings={"device_address":"D8:5C:08:30:00:1E","heart_rate":{"low_enabled":true,"low_threshold":79,"resting_enabled":true,"resting_threshold":80,"workout_enabled":true,"workout_threshold":175},"pending_sync":{"heart_rate":true,"relaxation_prompt":false,"sedentary_reminder":false,"sleep_reminder":false,"spo2":false},"pressure_mode":{"relaxation_prompt_enabled":false,"stress_monitoring_enabled":false},"sedentary_reminder":{"end_hour":18,"end_minute":0,"interval":60,"repeat_count":0,"start_hour":9,"start_minute":0,"status":false},"sleep_reminder":{"hour":0,"millisecond":0,"minute":0,"second":0,"status":false},"snapshots":{"heart_rate":{"continuous_heart_rate_mode":0,"frequency":5,"mode":0},"sedentary_reminder":{"no_disturb_in_launch":false}},"spo2":{"enabled":true,"threshold":100},"support":{"heart_rate":true,"heart_rate_workout":true,"high_stress_index":false,"relaxation_prompt":false,"sedentary_reminder":true,"sleep_reminder":false,"spo2":true,"wear_detection":true},"wear_detection_status":{"is_worn":false,"last_updated_at":1774793602619}}
2026-03-29 19:43:22.629 | AlertService | queryCallback type=AlertFeatureSupportObtained
2026-03-29 19:43:22.631 | AlertService | saveAlertSettings={"device_address":"D8:5C:08:30:00:1E","heart_rate":{"low_enabled":true,"low_threshold":79,"resting_enabled":true,"resting_threshold":80,"workout_enabled":true,"workout_threshold":175},"pending_sync":{"heart_rate":true,"relaxation_prompt":false,"sedentary_reminder":false,"sleep_reminder":false,"spo2":false},"pressure_mode":{"relaxation_prompt_enabled":false,"stress_monitoring_enabled":false},"sedentary_reminder":{"end_hour":18,"end_minute":0,"interval":60,"repeat_count":0,"start_hour":9,"start_minute":0,"status":false},"sleep_reminder":{"hour":0,"millisecond":0,"minute":0,"second":0,"status":false},"snapshots":{"heart_rate":{"continuous_heart_rate_mode":0,"frequency":5,"mode":0},"sedentary_reminder":{"no_disturb_in_launch":false}},"spo2":{"enabled":true,"threshold":100},"support":{"heart_rate":true,"heart_rate_workout":true,"high_stress_index":false,"relaxation_prompt":false,"sedentary_reminder":true,"sleep_reminder":false,"spo2":true,"wear_detection":true},"wear_detection_status":{"is_worn":false,"last_updated_at":1774793602619}}
2026-03-29 19:43:22.637 | ZhQuery | getRingWearingStatus state=SUCCEED
2026-03-29 19:43:22.639 | ZhQuery | getRingWearingStatus state=SUCCEED
2026-03-29 19:43:22.641 | ZhQuery | getRingWearingStatus state=SUCCEED
2026-03-29 19:43:22.643 | ZhQuery | getRingWearingStatus state=SUCCEED
2026-03-29 19:43:22.644 | ZhQuery | getRingWearingStatus state=SUCCEED
2026-03-29 19:43:22.646 | AlertVM | handleQueryCallback type=RingWearingStatusObtained
2026-03-29 19:43:22.647 | AlertVM | wearDetection query value={"is_worn":false,"last_updated_at":1774793602619}
2026-03-29 19:43:22.648 | AlertVM | handleQueryCallback type=Default
2026-03-29 19:43:22.651 | AlertVM | handleQueryCallback type=AlertFeatureSupportObtained
2026-03-29 19:43:22.652 | AlertVM | support feature=WEAR_DETECTION supported=true
2026-03-29 19:43:22.654 | AlertVM | handleQueryCallback type=Default
2026-03-29 19:43:23.265 | ZhQuery | onRingWearingStatus status=0
2026-03-29 19:43:23.267 | AlertService | queryCallback type=RingWearingStatusObtained
2026-03-29 19:43:23.271 | AlertService | saveAlertSettings={"device_address":"D8:5C:08:30:00:1E","heart_rate":{"low_enabled":true,"low_threshold":79,"resting_enabled":true,"resting_threshold":80,"workout_enabled":true,"workout_threshold":175},"pending_sync":{"heart_rate":true,"relaxation_prompt":false,"sedentary_reminder":false,"sleep_reminder":false,"spo2":false},"pressure_mode":{"relaxation_prompt_enabled":false,"stress_monitoring_enabled":false},"sedentary_reminder":{"end_hour":18,"end_minute":0,"interval":60,"repeat_count":0,"start_hour":9,"start_minute":0,"status":false},"sleep_reminder":{"hour":0,"millisecond":0,"minute":0,"second":0,"status":false},"snapshots":{"heart_rate":{"continuous_heart_rate_mode":0,"frequency":5,"mode":0},"sedentary_reminder":{"no_disturb_in_launch":false}},"spo2":{"enabled":true,"threshold":100},"support":{"heart_rate":true,"heart_rate_workout":true,"high_stress_index":false,"relaxation_prompt":false,"sedentary_reminder":true,"sleep_reminder":false,"spo2":true,"wear_detection":true},"wear_detection_status":{"is_worn":false,"last_updated_at":1774793603264}}
2026-03-29 19:43:23.274 | AlertService | queryCallback type=AlertFeatureSupportObtained
2026-03-29 19:43:23.275 | AlertService | saveAlertSettings={"device_address":"D8:5C:08:30:00:1E","heart_rate":{"low_enabled":true,"low_threshold":79,"resting_enabled":true,"resting_threshold":80,"workout_enabled":true,"workout_threshold":175},"pending_sync":{"heart_rate":true,"relaxation_prompt":false,"sedentary_reminder":false,"sleep_reminder":false,"spo2":false},"pressure_mode":{"relaxation_prompt_enabled":false,"stress_monitoring_enabled":false},"sedentary_reminder":{"end_hour":18,"end_minute":0,"interval":60,"repeat_count":0,"start_hour":9,"start_minute":0,"status":false},"sleep_reminder":{"hour":0,"millisecond":0,"minute":0,"second":0,"status":false},"snapshots":{"heart_rate":{"continuous_heart_rate_mode":0,"frequency":5,"mode":0},"sedentary_reminder":{"no_disturb_in_launch":false}},"spo2":{"enabled":true,"threshold":100},"support":{"heart_rate":true,"heart_rate_workout":true,"high_stress_index":false,"relaxation_prompt":false,"sedentary_reminder":true,"sleep_reminder":false,"spo2":true,"wear_detection":true},"wear_detection_status":{"is_worn":false,"last_updated_at":1774793603264}}
2026-03-29 19:43:23.277 | AlertVM | handleQueryCallback type=RingWearingStatusObtained
2026-03-29 19:43:23.278 | AlertVM | wearDetection query value={"is_worn":false,"last_updated_at":1774793603264}
2026-03-29 19:43:23.280 | AlertVM | handleQueryCallback type=Default
2026-03-29 19:43:23.282 | AlertVM | handleQueryCallback type=AlertFeatureSupportObtained
2026-03-29 19:43:23.284 | AlertVM | support feature=WEAR_DETECTION supported=true
2026-03-29 19:43:23.285 | AlertVM | handleQueryCallback type=Default
2026-03-29 19:43:23.527 | AlertVM | saveSedentaryReminder requested={"end_hour":18,"end_minute":0,"interval":60,"repeat_count":0,"start_hour":9,"start_minute":0,"status":true}
2026-03-29 19:43:23.530 | AlertVM | persistFeature feature=SEDENTARY_REMINDER connected=true
2026-03-29 19:43:23.532 | AlertVM | persistFeature state={"device_address":"D8:5C:08:30:00:1E","heart_rate":{"low_enabled":true,"low_threshold":79,"resting_enabled":true,"resting_threshold":80,"workout_enabled":true,"workout_threshold":175},"pending_sync":{"heart_rate":true,"relaxation_prompt":false,"sedentary_reminder":true,"sleep_reminder":false,"spo2":false},"pressure_mode":{"relaxation_prompt_enabled":false,"stress_monitoring_enabled":false},"sedentary_reminder":{"end_hour":18,"end_minute":0,"interval":60,"repeat_count":0,"start_hour":9,"start_minute":0,"status":true},"sleep_reminder":{"hour":0,"millisecond":0,"minute":0,"second":0,"status":false},"snapshots":{"heart_rate":{"continuous_heart_rate_mode":0,"frequency":5,"mode":0},"sedentary_reminder":{"no_disturb_in_launch":false}},"spo2":{"enabled":true,"threshold":100},"support":{"heart_rate":true,"heart_rate_workout":true,"high_stress_index":false,"relaxation_prompt":false,"sedentary_reminder":true,"sleep_reminder":false,"spo2":true,"wear_detection":true},"wear_detection_status":{"is_worn":false,"last_updated_at":1774793603264}}
2026-03-29 19:43:23.534 | AlertVM | syncQueuedFeatures feature=SEDENTARY_REMINDER requiresSnapshot=false
2026-03-29 19:43:23.536 | AlertVM | sendUpdate feature=SEDENTARY_REMINDER
2026-03-29 19:43:23.537 | AlertVM | sendUpdate state={"device_address":"D8:5C:08:30:00:1E","heart_rate":{"low_enabled":true,"low_threshold":79,"resting_enabled":true,"resting_threshold":80,"workout_enabled":true,"workout_threshold":175},"pending_sync":{"heart_rate":true,"relaxation_prompt":false,"sedentary_reminder":true,"sleep_reminder":false,"spo2":false},"pressure_mode":{"relaxation_prompt_enabled":false,"stress_monitoring_enabled":false},"sedentary_reminder":{"end_hour":18,"end_minute":0,"interval":60,"repeat_count":0,"start_hour":9,"start_minute":0,"status":true},"sleep_reminder":{"hour":0,"millisecond":0,"minute":0,"second":0,"status":false},"snapshots":{"heart_rate":{"continuous_heart_rate_mode":0,"frequency":5,"mode":0},"sedentary_reminder":{"no_disturb_in_launch":false}},"spo2":{"enabled":true,"threshold":100},"support":{"heart_rate":true,"heart_rate_workout":true,"high_stress_index":false,"relaxation_prompt":false,"sedentary_reminder":true,"sleep_reminder":false,"spo2":true,"wear_detection":true},"wear_detection_status":{"is_worn":false,"last_updated_at":1774793603264}}
2026-03-29 19:43:23.544 | ZhUpdate | setSedentaryData={"end_hour":18,"end_minute":0,"interval":60,"repeat_count":0,"start_hour":9,"start_minute":0,"status":true}
2026-03-29 19:43:23.547 | ZhUpdate | setSedentaryData bean={"drinkWater":0,"endTime":{"hour":18,"millisecond":0,"minuter":0,"second":0},"frequency":60,"isOn":true,"noDisturbInLaunch":false,"startTime":{"hour":9,"millisecond":0,"minuter":0,"second":0}}
2026-03-29 19:43:23.682 | AlertService | queryCallback type=UpdateFirmwareLogStatus
2026-03-29 19:43:23.689 | AlertVM | handleQueryCallback type=UpdateFirmwareLogStatus
2026-03-29 19:43:23.691 | AlertVM | handleQueryCallback type=Default
2026-03-29 19:43:23.839 | ZhQuery | onRingWearingStatus status=0
2026-03-29 19:43:23.841 | AlertService | queryCallback type=RingWearingStatusObtained
2026-03-29 19:43:23.843 | AlertService | saveAlertSettings={"device_address":"D8:5C:08:30:00:1E","heart_rate":{"low_enabled":true,"low_threshold":79,"resting_enabled":true,"resting_threshold":80,"workout_enabled":true,"workout_threshold":175},"pending_sync":{"heart_rate":true,"relaxation_prompt":false,"sedentary_reminder":true,"sleep_reminder":false,"spo2":false},"pressure_mode":{"relaxation_prompt_enabled":false,"stress_monitoring_enabled":false},"sedentary_reminder":{"end_hour":18,"end_minute":0,"interval":60,"repeat_count":0,"start_hour":9,"start_minute":0,"status":true},"sleep_reminder":{"hour":0,"millisecond":0,"minute":0,"second":0,"status":false},"snapshots":{"heart_rate":{"continuous_heart_rate_mode":0,"frequency":5,"mode":0},"sedentary_reminder":{"no_disturb_in_launch":false}},"spo2":{"enabled":true,"threshold":100},"support":{"heart_rate":true,"heart_rate_workout":true,"high_stress_index":false,"relaxation_prompt":false,"sedentary_reminder":true,"sleep_reminder":false,"spo2":true,"wear_detection":true},"wear_detection_status":{"is_worn":false,"last_updated_at":1774793603837}}
2026-03-29 19:43:23.851 | AlertService | queryCallback type=AlertFeatureSupportObtained
2026-03-29 19:43:23.853 | AlertService | saveAlertSettings={"device_address":"D8:5C:08:30:00:1E","heart_rate":{"low_enabled":true,"low_threshold":79,"resting_enabled":true,"resting_threshold":80,"workout_enabled":true,"workout_threshold":175},"pending_sync":{"heart_rate":true,"relaxation_prompt":false,"sedentary_reminder":true,"sleep_reminder":false,"spo2":false},"pressure_mode":{"relaxation_prompt_enabled":false,"stress_monitoring_enabled":false},"sedentary_reminder":{"end_hour":18,"end_minute":0,"interval":60,"repeat_count":0,"start_hour":9,"start_minute":0,"status":true},"sleep_reminder":{"hour":0,"millisecond":0,"minute":0,"second":0,"status":false},"snapshots":{"heart_rate":{"continuous_heart_rate_mode":0,"frequency":5,"mode":0},"sedentary_reminder":{"no_disturb_in_launch":false}},"spo2":{"enabled":true,"threshold":100},"support":{"heart_rate":true,"heart_rate_workout":true,"high_stress_index":false,"relaxation_prompt":false,"sedentary_reminder":true,"sleep_reminder":false,"spo2":true,"wear_detection":true},"wear_detection_status":{"is_worn":false,"last_updated_at":1774793603837}}
2026-03-29 19:43:23.854 | AlertVM | handleQueryCallback type=RingWearingStatusObtained
2026-03-29 19:43:23.856 | AlertVM | wearDetection query value={"is_worn":false,"last_updated_at":1774793603837}
2026-03-29 19:43:23.858 | AlertVM | handleQueryCallback type=Default
2026-03-29 19:43:23.859 | AlertVM | handleQueryCallback type=AlertFeatureSupportObtained
2026-03-29 19:43:23.861 | AlertVM | support feature=WEAR_DETECTION supported=true
2026-03-29 19:43:23.862 | AlertVM | handleQueryCallback type=Default
2026-03-29 19:43:24.205 | ZhQuery | onRingWearingStatus status=0
2026-03-29 19:43:24.208 | AlertService | queryCallback type=RingWearingStatusObtained
2026-03-29 19:43:24.211 | AlertService | saveAlertSettings={"device_address":"D8:5C:08:30:00:1E","heart_rate":{"low_enabled":true,"low_threshold":79,"resting_enabled":true,"resting_threshold":80,"workout_enabled":true,"workout_threshold":175},"pending_sync":{"heart_rate":true,"relaxation_prompt":false,"sedentary_reminder":true,"sleep_reminder":false,"spo2":false},"pressure_mode":{"relaxation_prompt_enabled":false,"stress_monitoring_enabled":false},"sedentary_reminder":{"end_hour":18,"end_minute":0,"interval":60,"repeat_count":0,"start_hour":9,"start_minute":0,"status":true},"sleep_reminder":{"hour":0,"millisecond":0,"minute":0,"second":0,"status":false},"snapshots":{"heart_rate":{"continuous_heart_rate_mode":0,"frequency":5,"mode":0},"sedentary_reminder":{"no_disturb_in_launch":false}},"spo2":{"enabled":true,"threshold":100},"support":{"heart_rate":true,"heart_rate_workout":true,"high_stress_index":false,"relaxation_prompt":false,"sedentary_reminder":true,"sleep_reminder":false,"spo2":true,"wear_detection":true},"wear_detection_status":{"is_worn":false,"last_updated_at":1774793604202}}
2026-03-29 19:43:24.222 | AlertService | queryCallback type=AlertFeatureSupportObtained
2026-03-29 19:43:24.230 | AlertService | saveAlertSettings={"device_address":"D8:5C:08:30:00:1E","heart_rate":{"low_enabled":true,"low_threshold":79,"resting_enabled":true,"resting_threshold":80,"workout_enabled":true,"workout_threshold":175},"pending_sync":{"heart_rate":true,"relaxation_prompt":false,"sedentary_reminder":true,"sleep_reminder":false,"spo2":false},"pressure_mode":{"relaxation_prompt_enabled":false,"stress_monitoring_enabled":false},"sedentary_reminder":{"end_hour":18,"end_minute":0,"interval":60,"repeat_count":0,"start_hour":9,"start_minute":0,"status":true},"sleep_reminder":{"hour":0,"millisecond":0,"minute":0,"second":0,"status":false},"snapshots":{"heart_rate":{"continuous_heart_rate_mode":0,"frequency":5,"mode":0},"sedentary_reminder":{"no_disturb_in_launch":false}},"spo2":{"enabled":true,"threshold":100},"support":{"heart_rate":true,"heart_rate_workout":true,"high_stress_index":false,"relaxation_prompt":false,"sedentary_reminder":true,"sleep_reminder":false,"spo2":true,"wear_detection":true},"wear_detection_status":{"is_worn":false,"last_updated_at":1774793604202}}
2026-03-29 19:43:24.233 | AlertVM | handleQueryCallback type=RingWearingStatusObtained
2026-03-29 19:43:24.235 | AlertVM | wearDetection query value={"is_worn":false,"last_updated_at":1774793604202}
2026-03-29 19:43:24.237 | AlertVM | handleQueryCallback type=Default
2026-03-29 19:43:24.239 | AlertVM | handleQueryCallback type=AlertFeatureSupportObtained
2026-03-29 19:43:24.241 | AlertVM | support feature=WEAR_DETECTION supported=true
2026-03-29 19:43:24.243 | AlertVM | handleQueryCallback type=Default
2026-03-29 19:43:24.618 | ZhQuery | onRingWearingStatus status=0
2026-03-29 19:43:24.621 | AlertService | queryCallback type=RingWearingStatusObtained
2026-03-29 19:43:24.626 | AlertService | saveAlertSettings={"device_address":"D8:5C:08:30:00:1E","heart_rate":{"low_enabled":true,"low_threshold":79,"resting_enabled":true,"resting_threshold":80,"workout_enabled":true,"workout_threshold":175},"pending_sync":{"heart_rate":true,"relaxation_prompt":false,"sedentary_reminder":true,"sleep_reminder":false,"spo2":false},"pressure_mode":{"relaxation_prompt_enabled":false,"stress_monitoring_enabled":false},"sedentary_reminder":{"end_hour":18,"end_minute":0,"interval":60,"repeat_count":0,"start_hour":9,"start_minute":0,"status":true},"sleep_reminder":{"hour":0,"millisecond":0,"minute":0,"second":0,"status":false},"snapshots":{"heart_rate":{"continuous_heart_rate_mode":0,"frequency":5,"mode":0},"sedentary_reminder":{"no_disturb_in_launch":false}},"spo2":{"enabled":true,"threshold":100},"support":{"heart_rate":true,"heart_rate_workout":true,"high_stress_index":false,"relaxation_prompt":false,"sedentary_reminder":true,"sleep_reminder":false,"spo2":true,"wear_detection":true},"wear_detection_status":{"is_worn":false,"last_updated_at":1774793604616}}
2026-03-29 19:43:24.633 | AlertService | queryCallback type=AlertFeatureSupportObtained
2026-03-29 19:43:24.635 | AlertService | saveAlertSettings={"device_address":"D8:5C:08:30:00:1E","heart_rate":{"low_enabled":true,"low_threshold":79,"resting_enabled":true,"resting_threshold":80,"workout_enabled":true,"workout_threshold":175},"pending_sync":{"heart_rate":true,"relaxation_prompt":false,"sedentary_reminder":true,"sleep_reminder":false,"spo2":false},"pressure_mode":{"relaxation_prompt_enabled":false,"stress_monitoring_enabled":false},"sedentary_reminder":{"end_hour":18,"end_minute":0,"interval":60,"repeat_count":0,"start_hour":9,"start_minute":0,"status":true},"sleep_reminder":{"hour":0,"millisecond":0,"minute":0,"second":0,"status":false},"snapshots":{"heart_rate":{"continuous_heart_rate_mode":0,"frequency":5,"mode":0},"sedentary_reminder":{"no_disturb_in_launch":false}},"spo2":{"enabled":true,"threshold":100},"support":{"heart_rate":true,"heart_rate_workout":true,"high_stress_index":false,"relaxation_prompt":false,"sedentary_reminder":true,"sleep_reminder":false,"spo2":true,"wear_detection":true},"wear_detection_status":{"is_worn":false,"last_updated_at":1774793604616}}
2026-03-29 19:43:24.638 | AlertVM | handleQueryCallback type=RingWearingStatusObtained
2026-03-29 19:43:24.642 | AlertVM | wearDetection query value={"is_worn":false,"last_updated_at":1774793604616}
2026-03-29 19:43:24.644 | AlertVM | handleQueryCallback type=Default
2026-03-29 19:43:24.646 | AlertVM | handleQueryCallback type=AlertFeatureSupportObtained
2026-03-29 19:43:24.647 | AlertVM | support feature=WEAR_DETECTION supported=true
2026-03-29 19:43:24.649 | AlertVM | handleQueryCallback type=Default
2026-03-29 19:43:24.931 | AlertService | queryCallback type=UpdateFirmwareLogStatus
2026-03-29 19:43:24.940 | AlertVM | handleQueryCallback type=UpdateFirmwareLogStatus
2026-03-29 19:43:24.941 | AlertVM | handleQueryCallback type=Default
2026-03-29 19:43:25.223 | ZhQuery | onRingWearingStatus status=0
2026-03-29 19:43:25.226 | AlertService | queryCallback type=RingWearingStatusObtained
2026-03-29 19:43:25.230 | AlertService | saveAlertSettings={"device_address":"D8:5C:08:30:00:1E","heart_rate":{"low_enabled":true,"low_threshold":79,"resting_enabled":true,"resting_threshold":80,"workout_enabled":true,"workout_threshold":175},"pending_sync":{"heart_rate":true,"relaxation_prompt":false,"sedentary_reminder":true,"sleep_reminder":false,"spo2":false},"pressure_mode":{"relaxation_prompt_enabled":false,"stress_monitoring_enabled":false},"sedentary_reminder":{"end_hour":18,"end_minute":0,"interval":60,"repeat_count":0,"start_hour":9,"start_minute":0,"status":true},"sleep_reminder":{"hour":0,"millisecond":0,"minute":0,"second":0,"status":false},"snapshots":{"heart_rate":{"continuous_heart_rate_mode":0,"frequency":5,"mode":0},"sedentary_reminder":{"no_disturb_in_launch":false}},"spo2":{"enabled":true,"threshold":100},"support":{"heart_rate":true,"heart_rate_workout":true,"high_stress_index":false,"relaxation_prompt":false,"sedentary_reminder":true,"sleep_reminder":false,"spo2":true,"wear_detection":true},"wear_detection_status":{"is_worn":false,"last_updated_at":1774793605218}}
2026-03-29 19:43:25.237 | AlertService | queryCallback type=AlertFeatureSupportObtained
2026-03-29 19:43:25.241 | AlertService | saveAlertSettings={"device_address":"D8:5C:08:30:00:1E","heart_rate":{"low_enabled":true,"low_threshold":79,"resting_enabled":true,"resting_threshold":80,"workout_enabled":true,"workout_threshold":175},"pending_sync":{"heart_rate":true,"relaxation_prompt":false,"sedentary_reminder":true,"sleep_reminder":false,"spo2":false},"pressure_mode":{"relaxation_prompt_enabled":false,"stress_monitoring_enabled":false},"sedentary_reminder":{"end_hour":18,"end_minute":0,"interval":60,"repeat_count":0,"start_hour":9,"start_minute":0,"status":true},"sleep_reminder":{"hour":0,"millisecond":0,"minute":0,"second":0,"status":false},"snapshots":{"heart_rate":{"continuous_heart_rate_mode":0,"frequency":5,"mode":0},"sedentary_reminder":{"no_disturb_in_launch":false}},"spo2":{"enabled":true,"threshold":100},"support":{"heart_rate":true,"heart_rate_workout":true,"high_stress_index":false,"relaxation_prompt":false,"sedentary_reminder":true,"sleep_reminder":false,"spo2":true,"wear_detection":true},"wear_detection_status":{"is_worn":false,"last_updated_at":1774793605218}}
2026-03-29 19:43:25.244 | AlertVM | handleQueryCallback type=RingWearingStatusObtained
2026-03-29 19:43:25.249 | AlertVM | wearDetection query value={"is_worn":false,"last_updated_at":1774793605218}
2026-03-29 19:43:25.251 | AlertVM | handleQueryCallback type=Default
2026-03-29 19:43:25.254 | AlertVM | handleQueryCallback type=AlertFeatureSupportObtained
2026-03-29 19:43:25.256 | AlertVM | support feature=WEAR_DETECTION supported=true
2026-03-29 19:43:25.258 | AlertVM | handleQueryCallback type=Default
2026-03-29 19:43:25.725 | AlertVM | saveSedentaryReminder requested={"end_hour":18,"end_minute":0,"interval":60,"repeat_count":0,"start_hour":9,"start_minute":0,"status":false}
2026-03-29 19:43:25.727 | AlertVM | persistFeature feature=SEDENTARY_REMINDER connected=true
2026-03-29 19:43:25.729 | AlertVM | persistFeature state={"device_address":"D8:5C:08:30:00:1E","heart_rate":{"low_enabled":true,"low_threshold":79,"resting_enabled":true,"resting_threshold":80,"workout_enabled":true,"workout_threshold":175},"pending_sync":{"heart_rate":true,"relaxation_prompt":false,"sedentary_reminder":true,"sleep_reminder":false,"spo2":false},"pressure_mode":{"relaxation_prompt_enabled":false,"stress_monitoring_enabled":false},"sedentary_reminder":{"end_hour":18,"end_minute":0,"interval":60,"repeat_count":0,"start_hour":9,"start_minute":0,"status":false},"sleep_reminder":{"hour":0,"millisecond":0,"minute":0,"second":0,"status":false},"snapshots":{"heart_rate":{"continuous_heart_rate_mode":0,"frequency":5,"mode":0},"sedentary_reminder":{"no_disturb_in_launch":false}},"spo2":{"enabled":true,"threshold":100},"support":{"heart_rate":true,"heart_rate_workout":true,"high_stress_index":false,"relaxation_prompt":false,"sedentary_reminder":true,"sleep_reminder":false,"spo2":true,"wear_detection":true},"wear_detection_status":{"is_worn":false,"last_updated_at":1774793605218}}
2026-03-29 19:43:25.733 | AlertVM | syncQueuedFeatures skipped activePhase=UPDATE_SENT feature=SEDENTARY_REMINDER
2026-03-29 19:43:25.822 | AlertService | queryCallback type=UpdateFirmwareLogStatus
2026-03-29 19:43:25.829 | AlertVM | handleQueryCallback type=UpdateFirmwareLogStatus
2026-03-29 19:43:25.831 | AlertVM | handleQueryCallback type=Default
2026-03-29 19:43:26.002 | ZhQuery | onRingWearingStatus status=0
2026-03-29 19:43:26.004 | AlertService | queryCallback type=RingWearingStatusObtained
2026-03-29 19:43:26.009 | AlertService | saveAlertSettings={"device_address":"D8:5C:08:30:00:1E","heart_rate":{"low_enabled":true,"low_threshold":79,"resting_enabled":true,"resting_threshold":80,"workout_enabled":true,"workout_threshold":175},"pending_sync":{"heart_rate":true,"relaxation_prompt":false,"sedentary_reminder":true,"sleep_reminder":false,"spo2":false},"pressure_mode":{"relaxation_prompt_enabled":false,"stress_monitoring_enabled":false},"sedentary_reminder":{"end_hour":18,"end_minute":0,"interval":60,"repeat_count":0,"start_hour":9,"start_minute":0,"status":false},"sleep_reminder":{"hour":0,"millisecond":0,"minute":0,"second":0,"status":false},"snapshots":{"heart_rate":{"continuous_heart_rate_mode":0,"frequency":5,"mode":0},"sedentary_reminder":{"no_disturb_in_launch":false}},"spo2":{"enabled":true,"threshold":100},"support":{"heart_rate":true,"heart_rate_workout":true,"high_stress_index":false,"relaxation_prompt":false,"sedentary_reminder":true,"sleep_reminder":false,"spo2":true,"wear_detection":true},"wear_detection_status":{"is_worn":false,"last_updated_at":1774793605998}}
2026-03-29 19:43:26.011 | AlertService | queryCallback type=AlertFeatureSupportObtained
2026-03-29 19:43:26.015 | AlertService | saveAlertSettings={"device_address":"D8:5C:08:30:00:1E","heart_rate":{"low_enabled":true,"low_threshold":79,"resting_enabled":true,"resting_threshold":80,"workout_enabled":true,"workout_threshold":175},"pending_sync":{"heart_rate":true,"relaxation_prompt":false,"sedentary_reminder":true,"sleep_reminder":false,"spo2":false},"pressure_mode":{"relaxation_prompt_enabled":false,"stress_monitoring_enabled":false},"sedentary_reminder":{"end_hour":18,"end_minute":0,"interval":60,"repeat_count":0,"start_hour":9,"start_minute":0,"status":false},"sleep_reminder":{"hour":0,"millisecond":0,"minute":0,"second":0,"status":false},"snapshots":{"heart_rate":{"continuous_heart_rate_mode":0,"frequency":5,"mode":0},"sedentary_reminder":{"no_disturb_in_launch":false}},"spo2":{"enabled":true,"threshold":100},"support":{"heart_rate":true,"heart_rate_workout":true,"high_stress_index":false,"relaxation_prompt":false,"sedentary_reminder":true,"sleep_reminder":false,"spo2":true,"wear_detection":true},"wear_detection_status":{"is_worn":false,"last_updated_at":1774793605998}}
2026-03-29 19:43:26.017 | AlertVM | handleQueryCallback type=RingWearingStatusObtained
2026-03-29 19:43:26.019 | AlertVM | wearDetection query value={"is_worn":false,"last_updated_at":1774793605998}
2026-03-29 19:43:26.021 | AlertVM | handleQueryCallback type=Default
2026-03-29 19:43:26.022 | AlertVM | handleQueryCallback type=AlertFeatureSupportObtained
2026-03-29 19:43:26.024 | AlertVM | support feature=WEAR_DETECTION supported=true
2026-03-29 19:43:26.026 | AlertVM | handleQueryCallback type=Default
2026-03-29 19:43:26.289 | AlertVM | saveSedentaryReminder requested={"end_hour":18,"end_minute":0,"interval":60,"repeat_count":0,"start_hour":9,"start_minute":0,"status":true}
2026-03-29 19:43:26.291 | AlertVM | persistFeature feature=SEDENTARY_REMINDER connected=true
2026-03-29 19:43:26.294 | AlertVM | persistFeature state={"device_address":"D8:5C:08:30:00:1E","heart_rate":{"low_enabled":true,"low_threshold":79,"resting_enabled":true,"resting_threshold":80,"workout_enabled":true,"workout_threshold":175},"pending_sync":{"heart_rate":true,"relaxation_prompt":false,"sedentary_reminder":true,"sleep_reminder":false,"spo2":false},"pressure_mode":{"relaxation_prompt_enabled":false,"stress_monitoring_enabled":false},"sedentary_reminder":{"end_hour":18,"end_minute":0,"interval":60,"repeat_count":0,"start_hour":9,"start_minute":0,"status":true},"sleep_reminder":{"hour":0,"millisecond":0,"minute":0,"second":0,"status":false},"snapshots":{"heart_rate":{"continuous_heart_rate_mode":0,"frequency":5,"mode":0},"sedentary_reminder":{"no_disturb_in_launch":false}},"spo2":{"enabled":true,"threshold":100},"support":{"heart_rate":true,"heart_rate_workout":true,"high_stress_index":false,"relaxation_prompt":false,"sedentary_reminder":true,"sleep_reminder":false,"spo2":true,"wear_detection":true},"wear_detection_status":{"is_worn":false,"last_updated_at":1774793605998}}
2026-03-29 19:43:26.298 | AlertVM | syncQueuedFeatures skipped activePhase=UPDATE_SENT feature=SEDENTARY_REMINDER
2026-03-29 19:43:26.422 | ZhQuery | onRingWearingStatus status=0
2026-03-29 19:43:26.423 | AlertService | queryCallback type=RingWearingStatusObtained
2026-03-29 19:43:26.427 | AlertService | saveAlertSettings={"device_address":"D8:5C:08:30:00:1E","heart_rate":{"low_enabled":true,"low_threshold":79,"resting_enabled":true,"resting_threshold":80,"workout_enabled":true,"workout_threshold":175},"pending_sync":{"heart_rate":true,"relaxation_prompt":false,"sedentary_reminder":true,"sleep_reminder":false,"spo2":false},"pressure_mode":{"relaxation_prompt_enabled":false,"stress_monitoring_enabled":false},"sedentary_reminder":{"end_hour":18,"end_minute":0,"interval":60,"repeat_count":0,"start_hour":9,"start_minute":0,"status":true},"sleep_reminder":{"hour":0,"millisecond":0,"minute":0,"second":0,"status":false},"snapshots":{"heart_rate":{"continuous_heart_rate_mode":0,"frequency":5,"mode":0},"sedentary_reminder":{"no_disturb_in_launch":false}},"spo2":{"enabled":true,"threshold":100},"support":{"heart_rate":true,"heart_rate_workout":true,"high_stress_index":false,"relaxation_prompt":false,"sedentary_reminder":true,"sleep_reminder":false,"spo2":true,"wear_detection":true},"wear_detection_status":{"is_worn":false,"last_updated_at":1774793606416}}
2026-03-29 19:43:26.428 | AlertService | queryCallback type=AlertFeatureSupportObtained
2026-03-29 19:43:26.430 | AlertService | saveAlertSettings={"device_address":"D8:5C:08:30:00:1E","heart_rate":{"low_enabled":true,"low_threshold":79,"resting_enabled":true,"resting_threshold":80,"workout_enabled":true,"workout_threshold":175},"pending_sync":{"heart_rate":true,"relaxation_prompt":false,"sedentary_reminder":true,"sleep_reminder":false,"spo2":false},"pressure_mode":{"relaxation_prompt_enabled":false,"stress_monitoring_enabled":false},"sedentary_reminder":{"end_hour":18,"end_minute":0,"interval":60,"repeat_count":0,"start_hour":9,"start_minute":0,"status":true},"sleep_reminder":{"hour":0,"millisecond":0,"minute":0,"second":0,"status":false},"snapshots":{"heart_rate":{"continuous_heart_rate_mode":0,"frequency":5,"mode":0},"sedentary_reminder":{"no_disturb_in_launch":false}},"spo2":{"enabled":true,"threshold":100},"support":{"heart_rate":true,"heart_rate_workout":true,"high_stress_index":false,"relaxation_prompt":false,"sedentary_reminder":true,"sleep_reminder":false,"spo2":true,"wear_detection":true},"wear_detection_status":{"is_worn":false,"last_updated_at":1774793606416}}
2026-03-29 19:43:26.431 | AlertVM | handleQueryCallback type=RingWearingStatusObtained
2026-03-29 19:43:26.433 | AlertVM | wearDetection query value={"is_worn":false,"last_updated_at":1774793606416}
2026-03-29 19:43:26.434 | AlertVM | handleQueryCallback type=Default
2026-03-29 19:43:26.436 | AlertVM | handleQueryCallback type=AlertFeatureSupportObtained
2026-03-29 19:43:26.437 | AlertVM | support feature=WEAR_DETECTION supported=true
2026-03-29 19:43:26.438 | AlertVM | handleQueryCallback type=Default
2026-03-29 19:43:26.944 | AlertService | queryCallback type=UpdateFirmwareLogStatus
2026-03-29 19:43:26.957 | AlertVM | handleQueryCallback type=UpdateFirmwareLogStatus
2026-03-29 19:43:26.958 | AlertVM | handleQueryCallback type=Default
2026-03-29 19:43:27.079 | AlertService | queryCallback type=UpdateFirmwareLogStatus
2026-03-29 19:43:27.085 | AlertVM | handleQueryCallback type=UpdateFirmwareLogStatus
2026-03-29 19:43:27.087 | AlertVM | handleQueryCallback type=Default
2026-03-29 19:43:27.409 | ZhUpdate | setSedentaryData state=SUCCEED
2026-03-29 19:43:27.414 | AlertService | updateCallback type=SedentaryDataUpdated
2026-03-29 19:43:27.416 | AlertService | onAlertUpdateCompleted feature=SEDENTARY_REMINDER success=true
2026-03-29 19:43:27.417 | AlertVM | handleUpdateCallback type=SedentaryDataUpdated
2026-03-29 19:43:27.419 | AlertVM | sedentary update success=true
2026-03-29 19:43:27.420 | AlertVM | handleScreenUpdateCompletion feature=SEDENTARY_REMINDER success=true
2026-03-29 19:43:27.422 | AlertVM | sendQuery feature=SEDENTARY_REMINDER
2026-03-29 19:43:27.771 | ZhQuery | onSedentaryReminderResult={"drinkWater":0,"endNoonTime":{"hour":0,"millisecond":0,"minuter":0,"second":0},"endTime":{"hour":0,"millisecond":0,"minuter":0,"second":0},"frequency":0,"isOn":false,"noDisturbInLaunch":false,"startNoonTime":{"hour":0,"millisecond":0,"minuter":0,"second":0},"startTime":{"hour":0,"millisecond":0,"minuter":0,"second":0}}
2026-03-29 19:43:27.774 | AlertService | queryCallback type=SedentaryDataObtained
2026-03-29 19:43:27.776 | AlertService | queryCallback type=SedentaryReminderSettingsObtained
2026-03-29 19:43:27.779 | AlertService | sedentary passive query preserving pending local value
2026-03-29 19:43:27.781 | AlertService | saveAlertSettings={"device_address":"D8:5C:08:30:00:1E","heart_rate":{"low_enabled":true,"low_threshold":79,"resting_enabled":true,"resting_threshold":80,"workout_enabled":true,"workout_threshold":175},"pending_sync":{"heart_rate":true,"relaxation_prompt":false,"sedentary_reminder":true,"sleep_reminder":false,"spo2":false},"pressure_mode":{"relaxation_prompt_enabled":false,"stress_monitoring_enabled":false},"sedentary_reminder":{"end_hour":18,"end_minute":0,"interval":60,"repeat_count":0,"start_hour":9,"start_minute":0,"status":true},"sleep_reminder":{"hour":0,"millisecond":0,"minute":0,"second":0,"status":false},"snapshots":{"heart_rate":{"continuous_heart_rate_mode":0,"frequency":5,"mode":0},"sedentary_reminder":{"no_disturb_in_launch":false}},"spo2":{"enabled":true,"threshold":100},"support":{"heart_rate":true,"heart_rate_workout":true,"high_stress_index":false,"relaxation_prompt":false,"sedentary_reminder":true,"sleep_reminder":false,"spo2":true,"wear_detection":true},"wear_detection_status":{"is_worn":false,"last_updated_at":1774793606416}}
2026-03-29 19:43:27.783 | AlertService | queryCallback type=AlertFeatureSupportObtained
2026-03-29 19:43:27.786 | AlertService | saveAlertSettings={"device_address":"D8:5C:08:30:00:1E","heart_rate":{"low_enabled":true,"low_threshold":79,"resting_enabled":true,"resting_threshold":80,"workout_enabled":true,"workout_threshold":175},"pending_sync":{"heart_rate":true,"relaxation_prompt":false,"sedentary_reminder":true,"sleep_reminder":false,"spo2":false},"pressure_mode":{"relaxation_prompt_enabled":false,"stress_monitoring_enabled":false},"sedentary_reminder":{"end_hour":18,"end_minute":0,"interval":60,"repeat_count":0,"start_hour":9,"start_minute":0,"status":true},"sleep_reminder":{"hour":0,"millisecond":0,"minute":0,"second":0,"status":false},"snapshots":{"heart_rate":{"continuous_heart_rate_mode":0,"frequency":5,"mode":0},"sedentary_reminder":{"no_disturb_in_launch":false}},"spo2":{"enabled":true,"threshold":100},"support":{"heart_rate":true,"heart_rate_workout":true,"high_stress_index":false,"relaxation_prompt":false,"sedentary_reminder":true,"sleep_reminder":false,"spo2":true,"wear_detection":true},"wear_detection_status":{"is_worn":false,"last_updated_at":1774793606416}}
2026-03-29 19:43:27.790 | AlertVM | handleQueryCallback type=SedentaryDataObtained
2026-03-29 19:43:27.792 | AlertVM | handleQueryCallback type=Default
2026-03-29 19:43:27.795 | AlertVM | handleQueryCallback type=SedentaryReminderSettingsObtained
2026-03-29 19:43:27.797 | AlertVM | sedentary query matchesStored=false pending=true phase=VERIFY_QUERY
2026-03-29 19:43:27.799 | AlertVM | sedentary query value={"end_hour":0,"end_minute":0,"interval":0,"repeat_count":0,"start_hour":0,"start_minute":0,"status":false}
2026-03-29 19:43:27.802 | AlertVM | sedentary verify mismatch preserving local value
2026-03-29 19:43:27.804 | AlertVM | handleScreenQueryCompletion feature=SEDENTARY_REMINDER phase=VERIFY_QUERY matchesStored=false
2026-03-29 19:43:27.806 | AlertVM | handleQueryCallback type=Default
2026-03-29 19:43:27.808 | AlertVM | handleQueryCallback type=AlertFeatureSupportObtained
2026-03-29 19:43:27.810 | AlertVM | support feature=SEDENTARY_REMINDER supported=true
2026-03-29 19:43:27.812 | AlertVM | handleQueryCallback type=Default
2026-03-29 19:43:28.092 | AlertVM | saveSedentaryReminder requested={"end_hour":18,"end_minute":0,"interval":60,"repeat_count":0,"start_hour":9,"start_minute":0,"status":true}
2026-03-29 19:43:28.094 | AlertVM | persistFeature feature=SEDENTARY_REMINDER connected=true
2026-03-29 19:43:28.096 | AlertVM | persistFeature state={"device_address":"D8:5C:08:30:00:1E","heart_rate":{"low_enabled":true,"low_threshold":79,"resting_enabled":true,"resting_threshold":80,"workout_enabled":true,"workout_threshold":175},"pending_sync":{"heart_rate":true,"relaxation_prompt":false,"sedentary_reminder":true,"sleep_reminder":false,"spo2":false},"pressure_mode":{"relaxation_prompt_enabled":false,"stress_monitoring_enabled":false},"sedentary_reminder":{"end_hour":18,"end_minute":0,"interval":60,"repeat_count":0,"start_hour":9,"start_minute":0,"status":true},"sleep_reminder":{"hour":0,"millisecond":0,"minute":0,"second":0,"status":false},"snapshots":{"heart_rate":{"continuous_heart_rate_mode":0,"frequency":5,"mode":0},"sedentary_reminder":{"no_disturb_in_launch":false}},"spo2":{"enabled":true,"threshold":100},"support":{"heart_rate":true,"heart_rate_workout":true,"high_stress_index":false,"relaxation_prompt":false,"sedentary_reminder":true,"sleep_reminder":false,"spo2":true,"wear_detection":true},"wear_detection_status":{"is_worn":false,"last_updated_at":1774793606416}}
2026-03-29 19:43:28.099 | AlertVM | syncQueuedFeatures feature=SEDENTARY_REMINDER requiresSnapshot=false
2026-03-29 19:43:28.101 | AlertVM | sendUpdate feature=SEDENTARY_REMINDER
2026-03-29 19:43:28.102 | AlertVM | sendUpdate state={"device_address":"D8:5C:08:30:00:1E","heart_rate":{"low_enabled":true,"low_threshold":79,"resting_enabled":true,"resting_threshold":80,"workout_enabled":true,"workout_threshold":175},"pending_sync":{"heart_rate":true,"relaxation_prompt":false,"sedentary_reminder":true,"sleep_reminder":false,"spo2":false},"pressure_mode":{"relaxation_prompt_enabled":false,"stress_monitoring_enabled":false},"sedentary_reminder":{"end_hour":18,"end_minute":0,"interval":60,"repeat_count":0,"start_hour":9,"start_minute":0,"status":true},"sleep_reminder":{"hour":0,"millisecond":0,"minute":0,"second":0,"status":false},"snapshots":{"heart_rate":{"continuous_heart_rate_mode":0,"frequency":5,"mode":0},"sedentary_reminder":{"no_disturb_in_launch":false}},"spo2":{"enabled":true,"threshold":100},"support":{"heart_rate":true,"heart_rate_workout":true,"high_stress_index":false,"relaxation_prompt":false,"sedentary_reminder":true,"sleep_reminder":false,"spo2":true,"wear_detection":true},"wear_detection_status":{"is_worn":false,"last_updated_at":1774793606416}}
2026-03-29 19:43:28.146 | ZhUpdate | setSedentaryData={"end_hour":18,"end_minute":0,"interval":60,"repeat_count":0,"start_hour":9,"start_minute":0,"status":true}
2026-03-29 19:43:28.147 | ZhUpdate | setSedentaryData bean={"drinkWater":0,"endTime":{"hour":18,"millisecond":0,"minuter":0,"second":0},"frequency":60,"isOn":true,"noDisturbInLaunch":false,"startTime":{"hour":9,"millisecond":0,"minuter":0,"second":0}}
2026-03-29 19:43:28.569 | ZhUpdate | setSedentaryData state=SUCCEED
2026-03-29 19:43:28.572 | AlertService | updateCallback type=SedentaryDataUpdated
2026-03-29 19:43:28.578 | AlertService | onAlertUpdateCompleted feature=SEDENTARY_REMINDER success=true
2026-03-29 19:43:28.580 | AlertVM | handleUpdateCallback type=SedentaryDataUpdated
2026-03-29 19:43:28.587 | AlertVM | sedentary update success=true
2026-03-29 19:43:28.590 | AlertVM | handleScreenUpdateCompletion feature=SEDENTARY_REMINDER success=true
2026-03-29 19:43:28.594 | AlertVM | sendQuery feature=SEDENTARY_REMINDER
2026-03-29 19:43:28.749 | AlertService | queryCallback type=UpdateFirmwareLogStatus
2026-03-29 19:43:28.765 | AlertVM | handleQueryCallback type=UpdateFirmwareLogStatus
2026-03-29 19:43:28.767 | AlertVM | handleQueryCallback type=Default
2026-03-29 19:43:29.053 | ZhQuery | onSedentaryReminderResult={"drinkWater":0,"endNoonTime":{"hour":0,"millisecond":0,"minuter":0,"second":0},"endTime":{"hour":0,"millisecond":0,"minuter":0,"second":0},"frequency":0,"isOn":false,"noDisturbInLaunch":false,"startNoonTime":{"hour":0,"millisecond":0,"minuter":0,"second":0},"startTime":{"hour":0,"millisecond":0,"minuter":0,"second":0}}
2026-03-29 19:43:29.060 | AlertService | queryCallback type=SedentaryDataObtained
2026-03-29 19:43:29.063 | AlertService | queryCallback type=SedentaryReminderSettingsObtained
2026-03-29 19:43:29.066 | AlertService | sedentary passive query preserving pending local value
2026-03-29 19:43:29.069 | AlertService | saveAlertSettings={"device_address":"D8:5C:08:30:00:1E","heart_rate":{"low_enabled":true,"low_threshold":79,"resting_enabled":true,"resting_threshold":80,"workout_enabled":true,"workout_threshold":175},"pending_sync":{"heart_rate":true,"relaxation_prompt":false,"sedentary_reminder":true,"sleep_reminder":false,"spo2":false},"pressure_mode":{"relaxation_prompt_enabled":false,"stress_monitoring_enabled":false},"sedentary_reminder":{"end_hour":18,"end_minute":0,"interval":60,"repeat_count":0,"start_hour":9,"start_minute":0,"status":true},"sleep_reminder":{"hour":0,"millisecond":0,"minute":0,"second":0,"status":false},"snapshots":{"heart_rate":{"continuous_heart_rate_mode":0,"frequency":5,"mode":0},"sedentary_reminder":{"no_disturb_in_launch":false}},"spo2":{"enabled":true,"threshold":100},"support":{"heart_rate":true,"heart_rate_workout":true,"high_stress_index":false,"relaxation_prompt":false,"sedentary_reminder":true,"sleep_reminder":false,"spo2":true,"wear_detection":true},"wear_detection_status":{"is_worn":false,"last_updated_at":1774793606416}}
2026-03-29 19:43:29.074 | AlertService | queryCallback type=AlertFeatureSupportObtained
2026-03-29 19:43:29.077 | AlertService | saveAlertSettings={"device_address":"D8:5C:08:30:00:1E","heart_rate":{"low_enabled":true,"low_threshold":79,"resting_enabled":true,"resting_threshold":80,"workout_enabled":true,"workout_threshold":175},"pending_sync":{"heart_rate":true,"relaxation_prompt":false,"sedentary_reminder":true,"sleep_reminder":false,"spo2":false},"pressure_mode":{"relaxation_prompt_enabled":false,"stress_monitoring_enabled":false},"sedentary_reminder":{"end_hour":18,"end_minute":0,"interval":60,"repeat_count":0,"start_hour":9,"start_minute":0,"status":true},"sleep_reminder":{"hour":0,"millisecond":0,"minute":0,"second":0,"status":false},"snapshots":{"heart_rate":{"continuous_heart_rate_mode":0,"frequency":5,"mode":0},"sedentary_reminder":{"no_disturb_in_launch":false}},"spo2":{"enabled":true,"threshold":100},"support":{"heart_rate":true,"heart_rate_workout":true,"high_stress_index":false,"relaxation_prompt":false,"sedentary_reminder":true,"sleep_reminder":false,"spo2":true,"wear_detection":true},"wear_detection_status":{"is_worn":false,"last_updated_at":1774793606416}}
2026-03-29 19:43:29.079 | AlertVM | handleQueryCallback type=SedentaryDataObtained
2026-03-29 19:43:29.082 | AlertVM | handleQueryCallback type=Default
2026-03-29 19:43:29.084 | AlertVM | handleQueryCallback type=SedentaryReminderSettingsObtained
2026-03-29 19:43:29.086 | AlertVM | sedentary query matchesStored=false pending=true phase=VERIFY_QUERY
2026-03-29 19:43:29.088 | AlertVM | sedentary query value={"end_hour":0,"end_minute":0,"interval":0,"repeat_count":0,"start_hour":0,"start_minute":0,"status":false}
2026-03-29 19:43:29.091 | AlertVM | sedentary verify mismatch preserving local value
2026-03-29 19:43:29.093 | AlertVM | handleScreenQueryCompletion feature=SEDENTARY_REMINDER phase=VERIFY_QUERY matchesStored=false
2026-03-29 19:43:29.094 | AlertVM | handleQueryCallback type=Default
2026-03-29 19:43:29.096 | AlertVM | handleQueryCallback type=AlertFeatureSupportObtained
2026-03-29 19:43:29.098 | AlertVM | support feature=SEDENTARY_REMINDER supported=true
2026-03-29 19:43:29.099 | AlertVM | handleQueryCallback type=Default
2026-03-29 19:43:29.744 | AlertService | queryCallback type=UpdateFirmwareLogStatus
2026-03-29 19:43:29.751 | AlertVM | handleQueryCallback type=UpdateFirmwareLogStatus
2026-03-29 19:43:29.753 | AlertVM | handleQueryCallback type=Default
2026-03-29 19:43:30.701 | AlertService | queryCallback type=UpdateFirmwareLogStatus
2026-03-29 19:43:30.705 | AlertVM | handleQueryCallback type=UpdateFirmwareLogStatus
2026-03-29 19:43:30.707 | AlertVM | handleQueryCallback type=Default
2026-03-29 19:43:31.685 | AlertService | queryCallback type=UpdateFirmwareLogStatus
2026-03-29 19:43:31.693 | AlertVM | handleQueryCallback type=UpdateFirmwareLogStatus
2026-03-29 19:43:31.696 | AlertVM | handleQueryCallback type=Default
2026-03-29 19:43:32.649 | AlertService | queryCallback type=UpdateFirmwareLogStatus
2026-03-29 19:43:32.656 | AlertVM | handleQueryCallback type=UpdateFirmwareLogStatus
2026-03-29 19:43:32.658 | AlertVM | handleQueryCallback type=Default
2026-03-29 19:43:33.627 | AlertService | queryCallback type=UpdateFirmwareLogStatus
2026-03-29 19:43:33.637 | AlertVM | handleQueryCallback type=UpdateFirmwareLogStatus
2026-03-29 19:43:33.640 | AlertVM | handleQueryCallback type=Default
2026-03-29 19:43:34.615 | AlertService | queryCallback type=UpdateFirmwareLogStatus
2026-03-29 19:43:34.635 | AlertVM | handleQueryCallback type=UpdateFirmwareLogStatus
2026-03-29 19:43:34.638 | AlertVM | handleQueryCallback type=Default
2026-03-29 19:43:35.610 | AlertService | queryCallback type=UpdateFirmwareLogStatus
2026-03-29 19:43:35.617 | AlertVM | handleQueryCallback type=UpdateFirmwareLogStatus
2026-03-29 19:43:35.619 | AlertVM | handleQueryCallback type=Default
2026-03-29 19:43:36.605 | AlertService | queryCallback type=UpdateFirmwareLogStatus
2026-03-29 19:43:36.614 | AlertVM | handleQueryCallback type=UpdateFirmwareLogStatus
2026-03-29 19:43:36.616 | AlertVM | handleQueryCallback type=Default
2026-03-29 19:43:37.774 | AlertService | queryCallback type=UpdateFirmwareLogStatus
2026-03-29 19:43:37.795 | AlertVM | handleQueryCallback type=UpdateFirmwareLogStatus
2026-03-29 19:43:37.798 | AlertVM | handleQueryCallback type=Default
2026-03-29 19:43:38.624 | AlertService | queryCallback type=UpdateFirmwareLogStatus
2026-03-29 19:43:38.630 | AlertVM | handleQueryCallback type=UpdateFirmwareLogStatus
2026-03-29 19:43:38.632 | AlertVM | handleQueryCallback type=Default
2026-03-29 19:43:39.619 | AlertService | queryCallback type=UpdateFirmwareLogStatus
2026-03-29 19:43:39.633 | AlertVM | handleQueryCallback type=UpdateFirmwareLogStatus
2026-03-29 19:43:39.636 | AlertVM | handleQueryCallback type=Default
2026-03-29 19:43:40.651 | AlertService | queryCallback type=UpdateFirmwareLogStatus
2026-03-29 19:43:40.671 | AlertVM | handleQueryCallback type=UpdateFirmwareLogStatus
2026-03-29 19:43:40.673 | AlertVM | handleQueryCallback type=Default
2026-03-29 19:43:41.635 | AlertService | queryCallback type=UpdateFirmwareLogStatus
2026-03-29 19:43:41.637 | AlertVM | handleQueryCallback type=UpdateFirmwareLogStatus
2026-03-29 19:43:41.640 | AlertVM | handleQueryCallback type=Default
2026-03-29 19:43:42.660 | AlertService | queryCallback type=UpdateFirmwareLogStatus
2026-03-29 19:43:42.663 | AlertVM | handleQueryCallback type=UpdateFirmwareLogStatus
2026-03-29 19:43:42.666 | AlertVM | handleQueryCallback type=Default
2026-03-29 19:43:43.619 | AlertService | queryCallback type=UpdateFirmwareLogStatus
2026-03-29 19:43:43.630 | AlertVM | handleQueryCallback type=UpdateFirmwareLogStatus
2026-03-29 19:43:43.633 | AlertVM | handleQueryCallback type=Default
2026-03-29 19:43:44.690 | AlertService | queryCallback type=UpdateFirmwareLogStatus
2026-03-29 19:43:44.713 | AlertVM | handleQueryCallback type=UpdateFirmwareLogStatus
2026-03-29 19:43:44.716 | AlertVM | handleQueryCallback type=Default
2026-03-29 19:43:45.593 | AlertService | queryCallback type=UpdateFirmwareLogStatus
2026-03-29 19:43:45.612 | AlertVM | handleQueryCallback type=UpdateFirmwareLogStatus
2026-03-29 19:43:45.615 | AlertVM | handleQueryCallback type=Default
2026-03-29 19:43:46.598 | AlertService | queryCallback type=UpdateFirmwareLogStatus
2026-03-29 19:43:46.616 | AlertVM | handleQueryCallback type=UpdateFirmwareLogStatus
2026-03-29 19:43:46.619 | AlertVM | handleQueryCallback type=Default
2026-03-29 19:43:47.726 | AlertService | queryCallback type=UpdateFirmwareLogStatus
2026-03-29 19:43:47.729 | AlertVM | handleQueryCallback type=UpdateFirmwareLogStatus
2026-03-29 19:43:47.731 | AlertVM | handleQueryCallback type=Default
2026-03-29 19:43:48.631 | AlertService | queryCallback type=UpdateFirmwareLogStatus
2026-03-29 19:43:48.644 | AlertVM | handleQueryCallback type=UpdateFirmwareLogStatus
2026-03-29 19:43:48.646 | AlertVM | handleQueryCallback type=Default
2026-03-29 19:43:49.620 | AlertService | queryCallback type=UpdateFirmwareLogStatus
2026-03-29 19:43:49.636 | AlertVM | handleQueryCallback type=UpdateFirmwareLogStatus
2026-03-29 19:43:49.639 | AlertVM | handleQueryCallback type=Default
2026-03-29 19:43:50.699 | AlertService | queryCallback type=UpdateFirmwareLogStatus
2026-03-29 19:43:50.702 | AlertVM | handleQueryCallback type=UpdateFirmwareLogStatus
2026-03-29 19:43:50.705 | AlertVM | handleQueryCallback type=Default
2026-03-29 19:43:51.133 | AlertService | queryCallback type=BatteryDataObtained
2026-03-29 19:43:51.138 | AlertVM | handleQueryCallback type=BatteryDataObtained
2026-03-29 19:43:51.141 | AlertVM | handleQueryCallback type=Default
2026-03-29 19:43:51.594 | AlertService | queryCallback type=UpdateFirmwareLogStatus
2026-03-29 19:43:51.615 | AlertVM | handleQueryCallback type=UpdateFirmwareLogStatus
2026-03-29 19:43:51.618 | AlertVM | handleQueryCallback type=Default
2026-03-29 19:43:52.626 | AlertService | queryCallback type=UpdateFirmwareLogStatus
2026-03-29 19:43:52.647 | AlertVM | handleQueryCallback type=UpdateFirmwareLogStatus
2026-03-29 19:43:52.650 | AlertVM | handleQueryCallback type=Default
2026-03-29 19:43:53.664 | AlertService | queryCallback type=UpdateFirmwareLogStatus
2026-03-29 19:43:53.677 | AlertVM | handleQueryCallback type=UpdateFirmwareLogStatus
2026-03-29 19:43:53.680 | AlertVM | handleQueryCallback type=Default
2026-03-29 19:43:54.581 | AlertService | queryCallback type=UpdateFirmwareLogStatus
2026-03-29 19:43:54.582 | AlertVM | handleQueryCallback type=UpdateFirmwareLogStatus
2026-03-29 19:43:54.583 | AlertVM | handleQueryCallback type=Default
2026-03-29 19:43:55.593 | AlertService | queryCallback type=UpdateFirmwareLogStatus
2026-03-29 19:43:55.602 | AlertVM | handleQueryCallback type=UpdateFirmwareLogStatus
2026-03-29 19:43:55.605 | AlertVM | handleQueryCallback type=Default
2026-03-29 19:43:56.624 | AlertService | queryCallback type=UpdateFirmwareLogStatus
2026-03-29 19:43:56.639 | AlertVM | handleQueryCallback type=UpdateFirmwareLogStatus
2026-03-29 19:43:56.642 | AlertVM | handleQueryCallback type=Default
2026-03-29 19:43:57.618 | AlertService | queryCallback type=UpdateFirmwareLogStatus
2026-03-29 19:43:57.631 | AlertVM | handleQueryCallback type=UpdateFirmwareLogStatus
2026-03-29 19:43:57.634 | AlertVM | handleQueryCallback type=Default
2026-03-29 19:43:58.618 | AlertService | queryCallback type=UpdateFirmwareLogStatus
2026-03-29 19:43:58.631 | AlertVM | handleQueryCallback type=UpdateFirmwareLogStatus
2026-03-29 19:43:58.634 | AlertVM | handleQueryCallback type=Default
2026-03-29 19:43:59.637 | AlertService | queryCallback type=UpdateFirmwareLogStatus
2026-03-29 19:43:59.656 | AlertVM | handleQueryCallback type=UpdateFirmwareLogStatus
2026-03-29 19:43:59.659 | AlertVM | handleQueryCallback type=Default
2026-03-29 19:44:00.570 | AlertService | queryCallback type=UpdateFirmwareLogStatus
2026-03-29 19:44:00.589 | AlertVM | handleQueryCallback type=UpdateFirmwareLogStatus
2026-03-29 19:44:00.592 | AlertVM | handleQueryCallback type=Default
2026-03-29 19:44:01.620 | AlertService | queryCallback type=UpdateFirmwareLogStatus
2026-03-29 19:44:01.626 | AlertVM | handleQueryCallback type=UpdateFirmwareLogStatus
2026-03-29 19:44:01.628 | AlertVM | handleQueryCallback type=Default
2026-03-29 19:44:02.603 | AlertService | queryCallback type=UpdateFirmwareLogStatus
2026-03-29 19:44:02.608 | AlertVM | handleQueryCallback type=UpdateFirmwareLogStatus
2026-03-29 19:44:02.609 | AlertVM | handleQueryCallback type=Default
2026-03-29 19:44:03.598 | AlertService | queryCallback type=UpdateFirmwareLogStatus
2026-03-29 19:44:03.606 | AlertVM | handleQueryCallback type=UpdateFirmwareLogStatus
2026-03-29 19:44:03.608 | AlertVM | handleQueryCallback type=Default
2026-03-29 19:44:04.622 | AlertService | queryCallback type=UpdateFirmwareLogStatus
2026-03-29 19:44:04.629 | AlertVM | handleQueryCallback type=UpdateFirmwareLogStatus
2026-03-29 19:44:04.632 | AlertVM | handleQueryCallback type=Default
2026-03-29 19:44:05.583 | AlertService | queryCallback type=UpdateFirmwareLogStatus
2026-03-29 19:44:05.597 | AlertVM | handleQueryCallback type=UpdateFirmwareLogStatus
2026-03-29 19:44:05.600 | AlertVM | handleQueryCallback type=Default
2026-03-29 19:44:06.712 | AlertService | queryCallback type=UpdateFirmwareLogStatus
2026-03-29 19:44:06.715 | AlertVM | handleQueryCallback type=UpdateFirmwareLogStatus
2026-03-29 19:44:06.717 | AlertVM | handleQueryCallback type=Default
2026-03-29 19:44:07.601 | AlertService | queryCallback type=UpdateFirmwareLogStatus
2026-03-29 19:44:07.606 | AlertVM | handleQueryCallback type=UpdateFirmwareLogStatus
2026-03-29 19:44:07.607 | AlertVM | handleQueryCallback type=Default
2026-03-29 19:44:08.598 | AlertService | queryCallback type=UpdateFirmwareLogStatus
2026-03-29 19:44:08.604 | AlertVM | handleQueryCallback type=UpdateFirmwareLogStatus
2026-03-29 19:44:08.607 | AlertVM | handleQueryCallback type=Default
2026-03-29 19:44:09.645 | AlertService | queryCallback type=UpdateFirmwareLogStatus
2026-03-29 19:44:09.654 | AlertVM | handleQueryCallback type=UpdateFirmwareLogStatus
2026-03-29 19:44:09.657 | AlertVM | handleQueryCallback type=Default
2026-03-29 19:44:10.572 | AlertService | queryCallback type=UpdateFirmwareLogStatus
2026-03-29 19:44:10.583 | AlertVM | handleQueryCallback type=UpdateFirmwareLogStatus
2026-03-29 19:44:10.586 | AlertVM | handleQueryCallback type=Default
2026-03-29 19:44:11.596 | AlertService | queryCallback type=UpdateFirmwareLogStatus
2026-03-29 19:44:11.610 | AlertVM | handleQueryCallback type=UpdateFirmwareLogStatus
2026-03-29 19:44:11.612 | AlertVM | handleQueryCallback type=Default
2026-03-29 19:44:12.637 | AlertService | queryCallback type=UpdateFirmwareLogStatus
2026-03-29 19:44:12.649 | AlertVM | handleQueryCallback type=UpdateFirmwareLogStatus
2026-03-29 19:44:12.651 | AlertVM | handleQueryCallback type=Default
2026-03-29 19:44:13.698 | AlertService | queryCallback type=UpdateFirmwareLogStatus
2026-03-29 19:44:13.706 | AlertVM | handleQueryCallback type=UpdateFirmwareLogStatus
2026-03-29 19:44:13.709 | AlertVM | handleQueryCallback type=Default
2026-03-29 19:44:14.568 | AlertService | queryCallback type=UpdateFirmwareLogStatus
2026-03-29 19:44:14.569 | AlertVM | handleQueryCallback type=UpdateFirmwareLogStatus
2026-03-29 19:44:14.571 | AlertVM | handleQueryCallback type=Default
2026-03-29 19:44:15.566 | AlertService | queryCallback type=UpdateFirmwareLogStatus
2026-03-29 19:44:15.576 | AlertVM | handleQueryCallback type=UpdateFirmwareLogStatus
2026-03-29 19:44:15.579 | AlertVM | handleQueryCallback type=Default
2026-03-29 19:44:16.616 | AlertService | queryCallback type=UpdateFirmwareLogStatus
2026-03-29 19:44:16.628 | AlertVM | handleQueryCallback type=UpdateFirmwareLogStatus
2026-03-29 19:44:16.630 | AlertVM | handleQueryCallback type=Default
2026-03-29 19:44:17.587 | AlertService | queryCallback type=UpdateFirmwareLogStatus
2026-03-29 19:44:17.610 | AlertVM | handleQueryCallback type=UpdateFirmwareLogStatus
2026-03-29 19:44:17.613 | AlertVM | handleQueryCallback type=Default
2026-03-29 19:44:18.669 | AlertService | queryCallback type=UpdateFirmwareLogStatus
2026-03-29 19:44:18.678 | AlertVM | handleQueryCallback type=UpdateFirmwareLogStatus
2026-03-29 19:44:18.681 | AlertVM | handleQueryCallback type=Default
2026-03-29 19:44:19.675 | AlertService | queryCallback type=UpdateFirmwareLogStatus
2026-03-29 19:44:19.677 | AlertVM | handleQueryCallback type=UpdateFirmwareLogStatus
2026-03-29 19:44:19.680 | AlertVM | handleQueryCallback type=Default
2026-03-29 19:44:20.567 | AlertService | queryCallback type=UpdateFirmwareLogStatus
2026-03-29 19:44:20.577 | AlertVM | handleQueryCallback type=UpdateFirmwareLogStatus
2026-03-29 19:44:20.579 | AlertVM | handleQueryCallback type=Default
2026-03-29 19:44:21.584 | AlertService | queryCallback type=UpdateFirmwareLogStatus
2026-03-29 19:44:21.593 | AlertVM | handleQueryCallback type=UpdateFirmwareLogStatus
2026-03-29 19:44:21.596 | AlertVM | handleQueryCallback type=Default
2026-03-29 19:44:22.640 | AlertService | queryCallback type=UpdateFirmwareLogStatus
2026-03-29 19:44:22.658 | AlertVM | handleQueryCallback type=UpdateFirmwareLogStatus
2026-03-29 19:44:22.661 | AlertVM | handleQueryCallback type=Default
2026-03-29 19:44:23.567 | AlertService | queryCallback type=UpdateFirmwareLogStatus
2026-03-29 19:44:23.578 | AlertVM | handleQueryCallback type=UpdateFirmwareLogStatus
2026-03-29 19:44:23.580 | AlertVM | handleQueryCallback type=Default
2026-03-29 19:44:24.572 | AlertService | queryCallback type=UpdateFirmwareLogStatus
2026-03-29 19:44:24.586 | AlertVM | handleQueryCallback type=UpdateFirmwareLogStatus
2026-03-29 19:44:24.588 | AlertVM | handleQueryCallback type=Default
2026-03-29 19:44:25.656 | AlertService | queryCallback type=UpdateFirmwareLogStatus
2026-03-29 19:44:25.665 | AlertVM | handleQueryCallback type=UpdateFirmwareLogStatus
2026-03-29 19:44:25.668 | AlertVM | handleQueryCallback type=Default
2026-03-29 19:44:26.587 | AlertService | queryCallback type=UpdateFirmwareLogStatus
2026-03-29 19:44:26.588 | AlertVM | handleQueryCallback type=UpdateFirmwareLogStatus
2026-03-29 19:44:26.589 | AlertVM | handleQueryCallback type=Default
2026-03-29 19:44:27.590 | AlertService | queryCallback type=UpdateFirmwareLogStatus
2026-03-29 19:44:27.602 | AlertVM | handleQueryCallback type=UpdateFirmwareLogStatus
2026-03-29 19:44:27.605 | AlertVM | handleQueryCallback type=Default
2026-03-29 19:44:28.618 | AlertService | queryCallback type=UpdateFirmwareLogStatus
2026-03-29 19:44:28.630 | AlertVM | handleQueryCallback type=UpdateFirmwareLogStatus
2026-03-29 19:44:28.633 | AlertVM | handleQueryCallback type=Default
2026-03-29 19:44:29.611 | AlertService | queryCallback type=UpdateFirmwareLogStatus
2026-03-29 19:44:29.636 | AlertVM | handleQueryCallback type=UpdateFirmwareLogStatus
2026-03-29 19:44:29.640 | AlertVM | handleQueryCallback type=Default
2026-03-29 19:44:30.588 | AlertService | queryCallback type=UpdateFirmwareLogStatus
2026-03-29 19:44:30.597 | AlertVM | handleQueryCallback type=UpdateFirmwareLogStatus
2026-03-29 19:44:30.600 | AlertVM | handleQueryCallback type=Default
2026-03-29 19:44:31.588 | AlertService | queryCallback type=UpdateFirmwareLogStatus
2026-03-29 19:44:31.598 | AlertVM | handleQueryCallback type=UpdateFirmwareLogStatus
2026-03-29 19:44:31.602 | AlertVM | handleQueryCallback type=Default
2026-03-29 19:44:32.590 | AlertService | queryCallback type=UpdateFirmwareLogStatus
2026-03-29 19:44:32.596 | AlertVM | handleQueryCallback type=UpdateFirmwareLogStatus
2026-03-29 19:44:32.600 | AlertVM | handleQueryCallback type=Default
2026-03-29 19:44:33.574 | AlertService | queryCallback type=UpdateFirmwareLogStatus
2026-03-29 19:44:33.589 | AlertVM | handleQueryCallback type=UpdateFirmwareLogStatus
2026-03-29 19:44:33.591 | AlertVM | handleQueryCallback type=Default
2026-03-29 19:44:34.558 | AlertService | queryCallback type=UpdateFirmwareLogStatus
2026-03-29 19:44:34.567 | AlertVM | handleQueryCallback type=UpdateFirmwareLogStatus
2026-03-29 19:44:34.570 | AlertVM | handleQueryCallback type=Default
2026-03-29 19:44:35.617 | AlertService | queryCallback type=UpdateFirmwareLogStatus
2026-03-29 19:44:35.629 | AlertVM | handleQueryCallback type=UpdateFirmwareLogStatus
2026-03-29 19:44:35.631 | AlertVM | handleQueryCallback type=Default
2026-03-29 19:44:36.581 | AlertService | queryCallback type=UpdateFirmwareLogStatus
2026-03-29 19:44:36.596 | AlertVM | handleQueryCallback type=UpdateFirmwareLogStatus
2026-03-29 19:44:36.599 | AlertVM | handleQueryCallback type=Default
2026-03-29 19:44:37.567 | AlertService | queryCallback type=UpdateFirmwareLogStatus
2026-03-29 19:44:37.584 | AlertVM | handleQueryCallback type=UpdateFirmwareLogStatus
2026-03-29 19:44:37.587 | AlertVM | handleQueryCallback type=Default
2026-03-29 19:44:38.601 | AlertService | queryCallback type=UpdateFirmwareLogStatus
2026-03-29 19:44:38.611 | AlertVM | handleQueryCallback type=UpdateFirmwareLogStatus
2026-03-29 19:44:38.613 | AlertVM | handleQueryCallback type=Default
2026-03-29 19:44:39.541 | AlertService | queryCallback type=UpdateFirmwareLogStatus
2026-03-29 19:44:39.548 | AlertVM | handleQueryCallback type=UpdateFirmwareLogStatus
2026-03-29 19:44:39.551 | AlertVM | handleQueryCallback type=Default
2026-03-29 19:44:40.603 | AlertService | queryCallback type=UpdateFirmwareLogStatus
2026-03-29 19:44:40.611 | AlertVM | handleQueryCallback type=UpdateFirmwareLogStatus
2026-03-29 19:44:40.613 | AlertVM | handleQueryCallback type=Default
2026-03-29 19:44:41.050 | AlertService | queryCallback type=BatteryDataObtained
2026-03-29 19:44:41.055 | AlertVM | handleQueryCallback type=BatteryDataObtained
2026-03-29 19:44:41.059 | AlertVM | handleQueryCallback type=Default
2026-03-29 19:44:41.615 | AlertService | queryCallback type=UpdateFirmwareLogStatus
2026-03-29 19:44:41.624 | AlertVM | handleQueryCallback type=UpdateFirmwareLogStatus
2026-03-29 19:44:41.629 | AlertVM | handleQueryCallback type=Default
2026-03-29 19:44:42.602 | AlertService | queryCallback type=UpdateFirmwareLogStatus
2026-03-29 19:44:42.615 | AlertVM | handleQueryCallback type=UpdateFirmwareLogStatus
2026-03-29 19:44:42.618 | AlertVM | handleQueryCallback type=Default
2026-03-29 19:44:43.573 | AlertService | queryCallback type=UpdateFirmwareLogStatus
2026-03-29 19:44:43.585 | AlertVM | handleQueryCallback type=UpdateFirmwareLogStatus
2026-03-29 19:44:43.588 | AlertVM | handleQueryCallback type=Default
2026-03-29 19:44:44.632 | AlertService | queryCallback type=UpdateFirmwareLogStatus
2026-03-29 19:44:44.642 | AlertVM | handleQueryCallback type=UpdateFirmwareLogStatus
2026-03-29 19:44:44.644 | AlertVM | handleQueryCallback type=Default
2026-03-29 19:44:45.588 | AlertService | queryCallback type=UpdateFirmwareLogStatus
2026-03-29 19:44:45.590 | AlertVM | handleQueryCallback type=UpdateFirmwareLogStatus
2026-03-29 19:44:45.591 | AlertVM | handleQueryCallback type=Default
2026-03-29 19:44:46.575 | AlertService | queryCallback type=UpdateFirmwareLogStatus
2026-03-29 19:44:46.585 | AlertVM | handleQueryCallback type=UpdateFirmwareLogStatus
2026-03-29 19:44:46.589 | AlertVM | handleQueryCallback type=Default
2026-03-29 19:44:47.573 | AlertService | queryCallback type=UpdateFirmwareLogStatus
2026-03-29 19:44:47.577 | AlertVM | handleQueryCallback type=UpdateFirmwareLogStatus
2026-03-29 19:44:47.579 | AlertVM | handleQueryCallback type=Default
2026-03-29 19:44:48.556 | AlertService | queryCallback type=UpdateFirmwareLogStatus
2026-03-29 19:44:48.561 | AlertVM | handleQueryCallback type=UpdateFirmwareLogStatus
2026-03-29 19:44:48.565 | AlertVM | handleQueryCallback type=Default
2026-03-29 19:44:49.530 | AlertService | queryCallback type=UpdateFirmwareLogStatus
2026-03-29 19:44:49.540 | AlertVM | handleQueryCallback type=UpdateFirmwareLogStatus
2026-03-29 19:44:49.543 | AlertVM | handleQueryCallback type=Default
2026-03-29 19:44:50.584 | AlertService | queryCallback type=UpdateFirmwareLogStatus
2026-03-29 19:44:50.597 | AlertVM | handleQueryCallback type=UpdateFirmwareLogStatus
2026-03-29 19:44:50.600 | AlertVM | handleQueryCallback type=Default
2026-03-29 19:44:51.612 | AlertService | queryCallback type=UpdateFirmwareLogStatus
2026-03-29 19:44:51.632 | AlertVM | handleQueryCallback type=UpdateFirmwareLogStatus
2026-03-29 19:44:51.635 | AlertVM | handleQueryCallback type=Default
2026-03-29 19:44:52.549 | AlertService | queryCallback type=UpdateFirmwareLogStatus
2026-03-29 19:44:52.550 | AlertVM | handleQueryCallback type=UpdateFirmwareLogStatus
2026-03-29 19:44:52.551 | AlertVM | handleQueryCallback type=Default
2026-03-29 19:44:53.545 | AlertService | queryCallback type=UpdateFirmwareLogStatus
2026-03-29 19:44:53.554 | AlertVM | handleQueryCallback type=UpdateFirmwareLogStatus
2026-03-29 19:44:53.557 | AlertVM | handleQueryCallback type=Default
2026-03-29 19:44:54.602 | AlertService | queryCallback type=UpdateFirmwareLogStatus
2026-03-29 19:44:54.605 | AlertVM | handleQueryCallback type=UpdateFirmwareLogStatus
2026-03-29 19:44:54.608 | AlertVM | handleQueryCallback type=Default
2026-03-29 19:44:55.575 | AlertService | queryCallback type=UpdateFirmwareLogStatus
2026-03-29 19:44:55.583 | AlertVM | handleQueryCallback type=UpdateFirmwareLogStatus
2026-03-29 19:44:55.586 | AlertVM | handleQueryCallback type=Default
2026-03-29 19:44:56.567 | AlertService | queryCallback type=UpdateFirmwareLogStatus
2026-03-29 19:44:56.580 | AlertVM | handleQueryCallback type=UpdateFirmwareLogStatus
2026-03-29 19:44:56.583 | AlertVM | handleQueryCallback type=Default
2026-03-29 19:44:57.594 | AlertService | queryCallback type=UpdateFirmwareLogStatus
2026-03-29 19:44:57.612 | AlertVM | handleQueryCallback type=UpdateFirmwareLogStatus
2026-03-29 19:44:57.615 | AlertVM | handleQueryCallback type=Default
2026-03-29 19:44:58.554 | AlertService | queryCallback type=UpdateFirmwareLogStatus
2026-03-29 19:44:58.557 | AlertVM | handleQueryCallback type=UpdateFirmwareLogStatus
2026-03-29 19:44:58.560 | AlertVM | handleQueryCallback type=Default
2026-03-29 19:44:59.577 | AlertService | queryCallback type=UpdateFirmwareLogStatus
2026-03-29 19:44:59.596 | AlertVM | handleQueryCallback type=UpdateFirmwareLogStatus
2026-03-29 19:44:59.599 | AlertVM | handleQueryCallback type=Default
2026-03-29 19:45:00.572 | AlertService | queryCallback type=UpdateFirmwareLogStatus
2026-03-29 19:45:00.585 | AlertVM | handleQueryCallback type=UpdateFirmwareLogStatus
2026-03-29 19:45:00.588 | AlertVM | handleQueryCallback type=Default
2026-03-29 19:45:01.614 | AlertService | queryCallback type=UpdateFirmwareLogStatus
2026-03-29 19:45:01.630 | AlertVM | handleQueryCallback type=UpdateFirmwareLogStatus
2026-03-29 19:45:01.633 | AlertVM | handleQueryCallback type=Default
2026-03-29 19:45:02.565 | AlertService | queryCallback type=UpdateFirmwareLogStatus
2026-03-29 19:45:02.568 | AlertVM | handleQueryCallback type=UpdateFirmwareLogStatus
2026-03-29 19:45:02.571 | AlertVM | handleQueryCallback type=Default
2026-03-29 19:45:03.552 | AlertService | queryCallback type=UpdateFirmwareLogStatus
2026-03-29 19:45:03.567 | AlertVM | handleQueryCallback type=UpdateFirmwareLogStatus
2026-03-29 19:45:03.570 | AlertVM | handleQueryCallback type=Default
2026-03-29 19:45:04.643 | AlertService | queryCallback type=UpdateFirmwareLogStatus
2026-03-29 19:45:04.646 | AlertVM | handleQueryCallback type=UpdateFirmwareLogStatus
2026-03-29 19:45:04.648 | AlertVM | handleQueryCallback type=Default
2026-03-29 19:45:05.576 | AlertService | queryCallback type=UpdateFirmwareLogStatus
2026-03-29 19:45:05.580 | AlertVM | handleQueryCallback type=UpdateFirmwareLogStatus
2026-03-29 19:45:05.582 | AlertVM | handleQueryCallback type=Default
2026-03-29 19:45:06.555 | AlertService | queryCallback type=UpdateFirmwareLogStatus
2026-03-29 19:45:06.571 | AlertVM | handleQueryCallback type=UpdateFirmwareLogStatus
2026-03-29 19:45:06.575 | AlertVM | handleQueryCallback type=Default
2026-03-29 19:45:07.642 | AlertService | queryCallback type=UpdateFirmwareLogStatus
2026-03-29 19:45:07.649 | AlertVM | handleQueryCallback type=UpdateFirmwareLogStatus
2026-03-29 19:45:07.651 | AlertVM | handleQueryCallback type=Default
2026-03-29 19:45:08.540 | AlertService | queryCallback type=UpdateFirmwareLogStatus
2026-03-29 19:45:08.553 | AlertVM | handleQueryCallback type=UpdateFirmwareLogStatus
2026-03-29 19:45:08.556 | AlertVM | handleQueryCallback type=Default
2026-03-29 19:45:09.603 | AlertService | queryCallback type=UpdateFirmwareLogStatus
2026-03-29 19:45:09.611 | AlertVM | handleQueryCallback type=UpdateFirmwareLogStatus
2026-03-29 19:45:09.614 | AlertVM | handleQueryCallback type=Default
2026-03-29 19:45:10.676 | AlertService | queryCallback type=UpdateFirmwareLogStatus
2026-03-29 19:45:10.678 | AlertVM | handleQueryCallback type=UpdateFirmwareLogStatus
2026-03-29 19:45:10.681 | AlertVM | handleQueryCallback type=Default
2026-03-29 19:45:11.553 | AlertService | queryCallback type=UpdateFirmwareLogStatus
2026-03-29 19:45:11.563 | AlertVM | handleQueryCallback type=UpdateFirmwareLogStatus
2026-03-29 19:45:11.565 | AlertVM | handleQueryCallback type=Default
2026-03-29 19:45:12.530 | AlertService | queryCallback type=UpdateFirmwareLogStatus
2026-03-29 19:45:12.547 | AlertVM | handleQueryCallback type=UpdateFirmwareLogStatus
2026-03-29 19:45:12.550 | AlertVM | handleQueryCallback type=Default
2026-03-29 19:45:13.601 | AlertService | queryCallback type=UpdateFirmwareLogStatus
2026-03-29 19:45:13.609 | AlertVM | handleQueryCallback type=UpdateFirmwareLogStatus
2026-03-29 19:45:13.612 | AlertVM | handleQueryCallback type=Default
2026-03-29 19:45:14.580 | AlertService | queryCallback type=UpdateFirmwareLogStatus
2026-03-29 19:45:14.584 | AlertVM | handleQueryCallback type=UpdateFirmwareLogStatus
2026-03-29 19:45:14.586 | AlertVM | handleQueryCallback type=Default
2026-03-29 19:45:15.549 | AlertService | queryCallback type=UpdateFirmwareLogStatus
2026-03-29 19:45:15.560 | AlertVM | handleQueryCallback type=UpdateFirmwareLogStatus
2026-03-29 19:45:15.563 | AlertVM | handleQueryCallback type=Default
2026-03-29 19:45:16.557 | AlertService | queryCallback type=UpdateFirmwareLogStatus
2026-03-29 19:45:16.560 | AlertVM | handleQueryCallback type=UpdateFirmwareLogStatus
2026-03-29 19:45:16.562 | AlertVM | handleQueryCallback type=Default
2026-03-29 19:45:17.543 | AlertService | queryCallback type=UpdateFirmwareLogStatus
2026-03-29 19:45:17.552 | AlertVM | handleQueryCallback type=UpdateFirmwareLogStatus
2026-03-29 19:45:17.555 | AlertVM | handleQueryCallback type=Default
2026-03-29 19:45:18.570 | AlertService | queryCallback type=UpdateFirmwareLogStatus
2026-03-29 19:45:18.583 | AlertVM | handleQueryCallback type=UpdateFirmwareLogStatus
2026-03-29 19:45:18.585 | AlertVM | handleQueryCallback type=Default
2026-03-29 19:45:19.557 | AlertService | queryCallback type=UpdateFirmwareLogStatus
2026-03-29 19:45:19.564 | AlertVM | handleQueryCallback type=UpdateFirmwareLogStatus
2026-03-29 19:45:19.566 | AlertVM | handleQueryCallback type=Default
2026-03-29 19:45:20.538 | AlertService | queryCallback type=UpdateFirmwareLogStatus
2026-03-29 19:45:20.545 | AlertVM | handleQueryCallback type=UpdateFirmwareLogStatus
2026-03-29 19:45:20.547 | AlertVM | handleQueryCallback type=Default
2026-03-29 19:45:21.535 | AlertService | queryCallback type=UpdateFirmwareLogStatus
2026-03-29 19:45:21.546 | AlertVM | handleQueryCallback type=UpdateFirmwareLogStatus
2026-03-29 19:45:21.549 | AlertVM | handleQueryCallback type=Default
2026-03-29 19:45:22.553 | AlertService | queryCallback type=UpdateFirmwareLogStatus
2026-03-29 19:45:22.555 | AlertVM | handleQueryCallback type=UpdateFirmwareLogStatus
2026-03-29 19:45:22.558 | AlertVM | handleQueryCallback type=Default
2026-03-29 19:45:23.560 | AlertService | queryCallback type=UpdateFirmwareLogStatus
2026-03-29 19:45:23.571 | AlertVM | handleQueryCallback type=UpdateFirmwareLogStatus
2026-03-29 19:45:23.573 | AlertVM | handleQueryCallback type=Default
2026-03-29 19:45:24.553 | AlertService | queryCallback type=UpdateFirmwareLogStatus
2026-03-29 19:45:24.569 | AlertVM | handleQueryCallback type=UpdateFirmwareLogStatus
2026-03-29 19:45:24.571 | AlertVM | handleQueryCallback type=Default
2026-03-29 19:45:25.547 | AlertService | queryCallback type=UpdateFirmwareLogStatus
2026-03-29 19:45:25.550 | AlertVM | handleQueryCallback type=UpdateFirmwareLogStatus
2026-03-29 19:45:25.552 | AlertVM | handleQueryCallback type=Default
2026-03-29 19:45:26.573 | AlertService | queryCallback type=UpdateFirmwareLogStatus
2026-03-29 19:45:26.588 | AlertVM | handleQueryCallback type=UpdateFirmwareLogStatus
2026-03-29 19:45:26.591 | AlertVM | handleQueryCallback type=Default
2026-03-29 19:45:27.504 | AlertService | queryCallback type=UpdateFirmwareLogStatus
2026-03-29 19:45:27.509 | AlertVM | handleQueryCallback type=UpdateFirmwareLogStatus
2026-03-29 19:45:27.510 | AlertVM | handleQueryCallback type=Default
2026-03-29 19:45:28.213 | AlertUI | exportAlertLogs requested
2026-03-29 19:45:28.537 | AlertService | queryCallback type=UpdateFirmwareLogStatus
2026-03-29 19:45:28.549 | AlertVM | handleQueryCallback type=UpdateFirmwareLogStatus
2026-03-29 19:45:28.551 | AlertVM | handleQueryCallback type=Default
2026-03-29 19:45:29.869 | AlertService | queryCallback type=UpdateFirmwareLogStatus
2026-03-29 19:45:29.888 | AlertVM | handleQueryCallback type=UpdateFirmwareLogStatus
2026-03-29 19:45:29.893 | AlertVM | handleQueryCallback type=Default
2026-03-29 19:45:30.570 | AlertService | queryCallback type=UpdateFirmwareLogStatus
2026-03-29 19:45:30.584 | AlertVM | handleQueryCallback type=UpdateFirmwareLogStatus
2026-03-29 19:45:30.588 | AlertVM | handleQueryCallback type=Default
2026-03-29 19:45:31.691 | AlertService | queryCallback type=UpdateFirmwareLogStatus
2026-03-29 19:45:32.558 | AlertService | queryCallback type=UpdateFirmwareLogStatus
2026-03-29 19:45:33.924 | AlertService | queryCallback type=UpdateFirmwareLogStatus
2026-03-29 19:45:34.759 | AlertService | queryCallback type=UpdateFirmwareLogStatus
