2026-03-29 20:34:11.104 | AlertService | resetAlertSyncState
2026-03-29 20:34:11.126 | AlertService | syncPendingAlertSettings skipped disconnected
2026-03-29 20:34:11.181 | AlertService | queryCallback type=UpdateFirmwareLogStatus
2026-03-29 20:34:11.522 | AlertService | queryCallback type=FirmwareVersionObtained
2026-03-29 20:34:11.530 | AlertService | queryCallback type=BatteryDataObtained
2026-03-29 20:34:11.835 | AlertService | queryCallback type=UpdateFirmwareLogStatus
2026-03-29 20:34:12.030 | AlertService | queryCallback type=FirmwareVersionObtained
2026-03-29 20:34:12.033 | AlertService | queryCallback type=BatteryDataObtained
2026-03-29 20:34:12.325 | AlertService | queryCallback type=FirmwareVersionObtained
2026-03-29 20:34:12.328 | AlertService | queryCallback type=BatteryDataObtained
2026-03-29 20:34:12.843 | AlertService | queryCallback type=UpdateFirmwareLogStatus
2026-03-29 20:34:13.863 | AlertService | queryCallback type=UpdateFirmwareLogStatus
2026-03-29 20:34:14.856 | AlertService | queryCallback type=UpdateFirmwareLogStatus
2026-03-29 20:34:15.855 | AlertService | queryCallback type=UpdateFirmwareLogStatus
2026-03-29 20:34:16.845 | AlertService | queryCallback type=UpdateFirmwareLogStatus
2026-03-29 20:34:17.917 | AlertService | queryCallback type=UpdateFirmwareLogStatus
2026-03-29 20:34:18.867 | AlertService | queryCallback type=UpdateFirmwareLogStatus
2026-03-29 20:34:19.919 | AlertService | queryCallback type=UpdateFirmwareLogStatus
2026-03-29 20:34:20.840 | AlertService | queryCallback type=UpdateFirmwareLogStatus
2026-03-29 20:34:21.834 | AlertService | queryCallback type=UpdateFirmwareLogStatus
2026-03-29 20:34:22.820 | AlertService | queryCallback type=UpdateFirmwareLogStatus
2026-03-29 20:34:23.847 | AlertService | queryCallback type=UpdateFirmwareLogStatus
2026-03-29 20:34:24.866 | AlertService | queryCallback type=UpdateFirmwareLogStatus
2026-03-29 20:34:25.866 | AlertService | queryCallback type=UpdateFirmwareLogStatus
2026-03-29 20:34:26.820 | AlertService | queryCallback type=UpdateFirmwareLogStatus
2026-03-29 20:34:27.838 | AlertService | queryCallback type=UpdateFirmwareLogStatus
2026-03-29 20:34:28.840 | AlertService | queryCallback type=UpdateFirmwareLogStatus
2026-03-29 20:34:29.862 | AlertService | queryCallback type=UpdateFirmwareLogStatus
2026-03-29 20:34:30.834 | AlertService | queryCallback type=UpdateFirmwareLogStatus
2026-03-29 20:34:31.834 | AlertService | queryCallback type=UpdateFirmwareLogStatus
2026-03-29 20:34:32.874 | AlertService | queryCallback type=UpdateFirmwareLogStatus
2026-03-29 20:34:33.955 | AlertService | queryCallback type=UpdateFirmwareLogStatus
2026-03-29 20:34:34.855 | AlertService | queryCallback type=UpdateFirmwareLogStatus
2026-03-29 20:34:35.843 | AlertService | queryCallback type=UpdateFirmwareLogStatus
2026-03-29 20:34:36.855 | AlertService | queryCallback type=UpdateFirmwareLogStatus
2026-03-29 20:34:37.869 | AlertService | queryCallback type=UpdateFirmwareLogStatus
2026-03-29 20:34:38.857 | AlertService | queryCallback type=UpdateFirmwareLogStatus
2026-03-29 20:34:39.897 | AlertService | queryCallback type=UpdateFirmwareLogStatus
2026-03-29 20:34:40.850 | AlertService | queryCallback type=UpdateFirmwareLogStatus
2026-03-29 20:34:41.822 | AlertService | queryCallback type=UpdateFirmwareLogStatus
2026-03-29 20:34:42.840 | AlertService | queryCallback type=UpdateFirmwareLogStatus
2026-03-29 20:34:43.836 | AlertService | queryCallback type=UpdateFirmwareLogStatus
2026-03-29 20:34:44.843 | AlertService | queryCallback type=UpdateFirmwareLogStatus
2026-03-29 20:34:45.846 | AlertService | queryCallback type=UpdateFirmwareLogStatus
2026-03-29 20:34:46.817 | AlertService | queryCallback type=UpdateFirmwareLogStatus
2026-03-29 20:34:47.843 | AlertService | queryCallback type=UpdateFirmwareLogStatus
2026-03-29 20:34:48.862 | AlertService | queryCallback type=UpdateFirmwareLogStatus
2026-03-29 20:34:49.864 | AlertService | queryCallback type=UpdateFirmwareLogStatus
2026-03-29 20:34:50.848 | AlertService | queryCallback type=UpdateFirmwareLogStatus
2026-03-29 20:34:51.182 | AlertService | queryCallback type=FirmwareVersionObtained
2026-03-29 20:34:51.185 | AlertService | queryCallback type=BatteryDataObtained
2026-03-29 20:34:51.898 | AlertService | queryCallback type=UpdateFirmwareLogStatus
2026-03-29 20:34:53.055 | AlertService | queryCallback type=UpdateFirmwareLogStatus
2026-03-29 20:34:53.958 | AlertService | queryCallback type=UpdateFirmwareLogStatus
2026-03-29 20:34:54.826 | AlertService | queryCallback type=UpdateFirmwareLogStatus
2026-03-29 20:34:55.923 | AlertService | queryCallback type=UpdateFirmwareLogStatus
2026-03-29 20:34:56.987 | AlertService | queryCallback type=UpdateFirmwareLogStatus
2026-03-29 20:34:57.776 | AlertService | updateCallback type=DeviceTimeSynced
2026-03-29 20:34:57.893 | AlertService | queryCallback type=UpdateFirmwareLogStatus
2026-03-29 20:34:58.773 | AlertService | updateCallback type=UserInfoUpdated
2026-03-29 20:34:59.747 | AlertService | updateCallback type=DeviceUnitsUpdated
2026-03-29 20:34:59.932 | AlertService | queryCallback type=UpdateFirmwareLogStatus
2026-03-29 20:35:01.087 | AlertService | queryCallback type=UpdateFirmwareLogStatus
2026-03-29 20:35:01.921 | AlertService | queryCallback type=UpdateFirmwareLogStatus
2026-03-29 20:35:02.744 | AlertService | queryCallback type=UpdateFirmwareLogStatus
2026-03-29 20:35:02.774 | AlertService | updateCallback type=DeviceTimeSynced
2026-03-29 20:35:04.020 | AlertService | queryCallback type=UpdateFirmwareLogStatus
2026-03-29 20:35:04.040 | AlertService | queryCallback type=UpdateFirmwareLogStatus
2026-03-29 20:35:04.965 | AlertService | queryCallback type=UpdateFirmwareLogStatus
2026-03-29 20:35:05.677 | AlertService | queryCallback type=BatteryDataObtained
2026-03-29 20:35:05.928 | AlertService | queryCallback type=UpdateFirmwareLogStatus
2026-03-29 20:35:06.417 | AlertService | queryCallback type=BatteryDataObtained
2026-03-29 20:35:06.967 | AlertService | queryCallback type=UpdateFirmwareLogStatus
2026-03-29 20:35:07.833 | AlertService | queryCallback type=UpdateFirmwareLogStatus
2026-03-29 20:35:08.089 | AlertService | queryCallback type=FirmwareVersionObtained
2026-03-29 20:35:08.095 | AlertService | queryCallback type=BatteryDataObtained
2026-03-29 20:35:09.005 | AlertService | queryCallback type=UpdateFirmwareLogStatus
2026-03-29 20:35:10.124 | AlertService | queryCallback type=UpdateFirmwareLogStatus
2026-03-29 20:35:11.194 | AlertService | queryCallback type=UpdateFirmwareLogStatus
2026-03-29 20:35:11.859 | AlertService | queryCallback type=UpdateFirmwareLogStatus
2026-03-29 20:35:12.800 | AlertService | queryCallback type=UpdateFirmwareLogStatus
2026-03-29 20:35:13.805 | AlertService | queryCallback type=UpdateFirmwareLogStatus
2026-03-29 20:35:14.971 | AlertService | queryCallback type=UpdateFirmwareLogStatus
2026-03-29 20:35:15.860 | AlertService | queryCallback type=UpdateFirmwareLogStatus
2026-03-29 20:35:16.808 | AlertService | queryCallback type=UpdateFirmwareLogStatus
2026-03-29 20:35:18.078 | AlertService | queryCallback type=UpdateFirmwareLogStatus
2026-03-29 20:35:18.923 | AlertService | queryCallback type=UpdateFirmwareLogStatus
2026-03-29 20:35:19.457 | AlertService | queryCallback type=BatteryDataObtained
2026-03-29 20:35:19.934 | AlertService | queryCallback type=UpdateFirmwareLogStatus
2026-03-29 20:35:21.181 | AlertService | queryCallback type=UpdateFirmwareLogStatus
2026-03-29 20:35:21.590 | AlertService | queryCallback type=UpdateFirmwareLogStatus
2026-03-29 20:35:22.175 | AlertService | queryCallback type=UpdateFirmwareLogStatus
2026-03-29 20:35:23.041 | AlertService | queryCallback type=UpdateFirmwareLogStatus
2026-03-29 20:35:24.053 | AlertService | queryCallback type=UpdateFirmwareLogStatus
2026-03-29 20:35:25.100 | AlertService | queryCallback type=UpdateFirmwareLogStatus
2026-03-29 20:35:26.089 | AlertService | queryCallback type=UpdateFirmwareLogStatus
2026-03-29 20:35:27.047 | AlertService | queryCallback type=UpdateFirmwareLogStatus
2026-03-29 20:35:28.053 | AlertService | queryCallback type=UpdateFirmwareLogStatus
2026-03-29 20:35:28.922 | AlertUI | BlankTestFragment alert panel initialized
2026-03-29 20:35:28.923 | AlertVM | handleQueryCallback type=Default
2026-03-29 20:35:28.925 | AlertVM | handleUpdateCallback type=DeviceTimeSynced
2026-03-29 20:35:28.926 | AlertVM | onConnectedStateChanged state=ConnectSuccess
2026-03-29 20:35:28.927 | AlertVM | refreshFromBand dispatching alert queries
2026-03-29 20:35:28.928 | AlertVM | loadState={"device_address":"D8:5C:08:30:00:1E","heart_rate":{"low_enabled":false,"low_threshold":50,"resting_enabled":false,"resting_threshold":150,"workout_enabled":false,"workout_threshold":175},"pending_sync":{"heart_rate":false,"relaxation_prompt":false,"sedentary_reminder":false,"sleep_reminder":false,"spo2":false},"pressure_mode":{"relaxation_prompt_enabled":false,"stress_monitoring_enabled":false},"sedentary_reminder":{"end_hour":18,"end_minute":0,"interval":60,"repeat_count":0,"start_hour":9,"start_minute":0,"status":false},"sleep_reminder":{"hour":0,"millisecond":0,"minute":0,"second":0,"status":false},"snapshots":{"heart_rate":{},"pressure_mode":{},"sedentary_reminder":{}},"spo2":{"enabled":false,"threshold":75},"support":{"heart_rate":true,"heart_rate_workout":false,"high_stress_index":false,"relaxation_prompt":true,"sedentary_reminder":true,"sleep_reminder":true,"spo2":true,"wear_detection":false},"wear_detection_status":{"last_updated_at":-1}}
2026-03-29 20:35:29.031 | ZhQuery | getHeartRateAlertSettings dispatched api=SWHRMonitor deviceType=luna_band
2026-03-29 20:35:29.034 | ZhQuery | getSpo2AlertSettings dispatched
2026-03-29 20:35:29.036 | ZhQuery | getPressureModeSettings dispatched api=SWBRMonitor deviceType=luna_band
2026-03-29 20:35:29.046 | ZhQuery | getSleepReminder dispatched
2026-03-29 20:35:29.053 | AlertVM | refreshFromBand dispatching alert queries
2026-03-29 20:35:29.056 | AlertService | queryCallback type=UpdateFirmwareLogStatus
2026-03-29 20:35:29.080 | ZhQuery | getHeartRateAlertSettings dispatched api=SWHRMonitor deviceType=luna_band
2026-03-29 20:35:29.084 | ZhQuery | getSpo2AlertSettings dispatched
2026-03-29 20:35:29.089 | ZhQuery | getPressureModeSettings dispatched api=SWBRMonitor deviceType=luna_band
2026-03-29 20:35:29.092 | ZhQuery | getSleepReminder dispatched
2026-03-29 20:35:29.095 | AlertVM | handleQueryCallback type=UpdateFirmwareLogStatus
2026-03-29 20:35:29.097 | AlertVM | handleQueryCallback type=Default
2026-03-29 20:35:30.238 | AlertService | queryCallback type=UpdateFirmwareLogStatus
2026-03-29 20:35:30.246 | AlertVM | handleQueryCallback type=UpdateFirmwareLogStatus
2026-03-29 20:35:30.248 | AlertVM | handleQueryCallback type=Default
2026-03-29 20:35:31.374 | AlertService | queryCallback type=UpdateFirmwareLogStatus
2026-03-29 20:35:31.380 | AlertVM | handleQueryCallback type=UpdateFirmwareLogStatus
2026-03-29 20:35:31.382 | AlertVM | handleQueryCallback type=Default
2026-03-29 20:35:31.588 | ZhQuery | onSWHRMonitor={"heightWarningValue":220,"isHeightWarning":false,"isLowWarning":false,"lowWarningValue":45}
2026-03-29 20:35:31.590 | AlertService | queryCallback type=HeartRateAlertSettingsObtained
2026-03-29 20:35:31.592 | AlertService | saveAlertSettings={"device_address":"D8:5C:08:30:00:1E","heart_rate":{"low_enabled":false,"low_threshold":50,"resting_enabled":false,"resting_threshold":150,"workout_enabled":false,"workout_threshold":175},"pending_sync":{"heart_rate":false,"relaxation_prompt":false,"sedentary_reminder":false,"sleep_reminder":false,"spo2":false},"pressure_mode":{"relaxation_prompt_enabled":false,"stress_monitoring_enabled":false},"sedentary_reminder":{"end_hour":18,"end_minute":0,"interval":60,"repeat_count":0,"start_hour":9,"start_minute":0,"status":false},"sleep_reminder":{"hour":0,"millisecond":0,"minute":0,"second":0,"status":false},"snapshots":{"heart_rate":{"continuous_heart_rate_mode":0,"frequency":0,"mode":0},"pressure_mode":{},"sedentary_reminder":{}},"spo2":{"enabled":false,"threshold":75},"support":{"heart_rate":true,"heart_rate_workout":false,"high_stress_index":false,"relaxation_prompt":true,"sedentary_reminder":true,"sleep_reminder":true,"spo2":true,"wear_detection":false},"wear_detection_status":{"last_updated_at":-1}}
2026-03-29 20:35:31.601 | AlertService | queryCallback type=AlertFeatureSupportObtained
2026-03-29 20:35:31.604 | AlertService | saveAlertSettings={"device_address":"D8:5C:08:30:00:1E","heart_rate":{"low_enabled":false,"low_threshold":50,"resting_enabled":false,"resting_threshold":150,"workout_enabled":false,"workout_threshold":175},"pending_sync":{"heart_rate":false,"relaxation_prompt":false,"sedentary_reminder":false,"sleep_reminder":false,"spo2":false},"pressure_mode":{"relaxation_prompt_enabled":false,"stress_monitoring_enabled":false},"sedentary_reminder":{"end_hour":18,"end_minute":0,"interval":60,"repeat_count":0,"start_hour":9,"start_minute":0,"status":false},"sleep_reminder":{"hour":0,"millisecond":0,"minute":0,"second":0,"status":false},"snapshots":{"heart_rate":{"continuous_heart_rate_mode":0,"frequency":0,"mode":0},"pressure_mode":{},"sedentary_reminder":{}},"spo2":{"enabled":false,"threshold":75},"support":{"heart_rate":true,"heart_rate_workout":false,"high_stress_index":false,"relaxation_prompt":true,"sedentary_reminder":true,"sleep_reminder":true,"spo2":true,"wear_detection":false},"wear_detection_status":{"last_updated_at":-1}}
2026-03-29 20:35:31.612 | ZhQuery | getHeartRateAlertSettings api=SWHRMonitor state=SUCCEED
2026-03-29 20:35:31.614 | ZhQuery | getHeartRateAlertSettings api=SWHRMonitor state=SUCCEED
2026-03-29 20:35:31.616 | AlertVM | handleQueryCallback type=HeartRateAlertSettingsObtained
2026-03-29 20:35:31.617 | AlertVM | heartRate query matchesStored=true pending=false phase=null
2026-03-29 20:35:31.619 | AlertVM | heartRate query value={"low_enabled":false,"low_threshold":45,"resting_enabled":false,"resting_threshold":220,"workout_enabled":false,"workout_threshold":175}
2026-03-29 20:35:31.621 | AlertVM | handleQueryCallback type=Default
2026-03-29 20:35:31.622 | AlertVM | handleQueryCallback type=AlertFeatureSupportObtained
2026-03-29 20:35:31.624 | AlertVM | support feature=HEART_RATE supported=true
2026-03-29 20:35:31.625 | AlertVM | handleQueryCallback type=Default
2026-03-29 20:35:32.028 | ZhQuery | onSWSPO2Monitor={"isWarning":true,"warningValue":90}
2026-03-29 20:35:32.030 | AlertService | queryCallback type=Spo2AlertSettingsObtained
2026-03-29 20:35:32.031 | AlertService | saveAlertSettings={"device_address":"D8:5C:08:30:00:1E","heart_rate":{"low_enabled":false,"low_threshold":50,"resting_enabled":false,"resting_threshold":150,"workout_enabled":false,"workout_threshold":175},"pending_sync":{"heart_rate":false,"relaxation_prompt":false,"sedentary_reminder":false,"sleep_reminder":false,"spo2":false},"pressure_mode":{"relaxation_prompt_enabled":false,"stress_monitoring_enabled":false},"sedentary_reminder":{"end_hour":18,"end_minute":0,"interval":60,"repeat_count":0,"start_hour":9,"start_minute":0,"status":false},"sleep_reminder":{"hour":0,"millisecond":0,"minute":0,"second":0,"status":false},"snapshots":{"heart_rate":{"continuous_heart_rate_mode":0,"frequency":0,"mode":0},"pressure_mode":{},"sedentary_reminder":{}},"spo2":{"enabled":true,"threshold":90},"support":{"heart_rate":true,"heart_rate_workout":false,"high_stress_index":false,"relaxation_prompt":true,"sedentary_reminder":true,"sleep_reminder":true,"spo2":true,"wear_detection":false},"wear_detection_status":{"last_updated_at":-1}}
2026-03-29 20:35:32.041 | AlertService | queryCallback type=AlertFeatureSupportObtained
2026-03-29 20:35:32.043 | AlertService | saveAlertSettings={"device_address":"D8:5C:08:30:00:1E","heart_rate":{"low_enabled":false,"low_threshold":50,"resting_enabled":false,"resting_threshold":150,"workout_enabled":false,"workout_threshold":175},"pending_sync":{"heart_rate":false,"relaxation_prompt":false,"sedentary_reminder":false,"sleep_reminder":false,"spo2":false},"pressure_mode":{"relaxation_prompt_enabled":false,"stress_monitoring_enabled":false},"sedentary_reminder":{"end_hour":18,"end_minute":0,"interval":60,"repeat_count":0,"start_hour":9,"start_minute":0,"status":false},"sleep_reminder":{"hour":0,"millisecond":0,"minute":0,"second":0,"status":false},"snapshots":{"heart_rate":{"continuous_heart_rate_mode":0,"frequency":0,"mode":0},"pressure_mode":{},"sedentary_reminder":{}},"spo2":{"enabled":true,"threshold":90},"support":{"heart_rate":true,"heart_rate_workout":false,"high_stress_index":false,"relaxation_prompt":true,"sedentary_reminder":true,"sleep_reminder":true,"spo2":true,"wear_detection":false},"wear_detection_status":{"last_updated_at":-1}}
2026-03-29 20:35:32.048 | ZhQuery | getSpo2AlertSettings state=SUCCEED
2026-03-29 20:35:32.051 | ZhQuery | getSpo2AlertSettings state=SUCCEED
2026-03-29 20:35:32.053 | AlertVM | handleQueryCallback type=Spo2AlertSettingsObtained
2026-03-29 20:35:32.054 | AlertVM | spo2 query matchesStored=true pending=false phase=null
2026-03-29 20:35:32.055 | AlertVM | spo2 query value={"enabled":true,"threshold":90}
2026-03-29 20:35:32.057 | AlertVM | handleQueryCallback type=Default
2026-03-29 20:35:32.058 | AlertVM | handleQueryCallback type=AlertFeatureSupportObtained
2026-03-29 20:35:32.059 | AlertVM | support feature=SPO2 supported=true
2026-03-29 20:35:32.061 | AlertVM | handleQueryCallback type=Default
2026-03-29 20:35:32.423 | AlertService | queryCallback type=UpdateFirmwareLogStatus
2026-03-29 20:35:32.428 | AlertVM | handleQueryCallback type=UpdateFirmwareLogStatus
2026-03-29 20:35:32.429 | AlertVM | handleQueryCallback type=Default
2026-03-29 20:35:32.830 | ZhQuery | onSWBRMonitor={"isWarning":false,"warningValue":100}
2026-03-29 20:35:32.831 | AlertService | queryCallback type=PressureModeSettingsObtained
2026-03-29 20:35:32.833 | AlertService | saveAlertSettings={"device_address":"D8:5C:08:30:00:1E","heart_rate":{"low_enabled":false,"low_threshold":50,"resting_enabled":false,"resting_threshold":150,"workout_enabled":false,"workout_threshold":175},"pending_sync":{"heart_rate":false,"relaxation_prompt":false,"sedentary_reminder":false,"sleep_reminder":false,"spo2":false},"pressure_mode":{"relaxation_prompt_enabled":false,"stress_monitoring_enabled":false},"sedentary_reminder":{"end_hour":18,"end_minute":0,"interval":60,"repeat_count":0,"start_hour":9,"start_minute":0,"status":false},"sleep_reminder":{"hour":0,"millisecond":0,"minute":0,"second":0,"status":false},"snapshots":{"heart_rate":{"continuous_heart_rate_mode":0,"frequency":0,"mode":0},"pressure_mode":{"relaxation_warning_value":100},"sedentary_reminder":{}},"spo2":{"enabled":true,"threshold":90},"support":{"heart_rate":true,"heart_rate_workout":false,"high_stress_index":false,"relaxation_prompt":true,"sedentary_reminder":true,"sleep_reminder":true,"spo2":true,"wear_detection":false},"wear_detection_status":{"last_updated_at":-1}}
2026-03-29 20:35:32.838 | AlertService | queryCallback type=AlertFeatureSupportObtained
2026-03-29 20:35:32.840 | AlertService | saveAlertSettings={"device_address":"D8:5C:08:30:00:1E","heart_rate":{"low_enabled":false,"low_threshold":50,"resting_enabled":false,"resting_threshold":150,"workout_enabled":false,"workout_threshold":175},"pending_sync":{"heart_rate":false,"relaxation_prompt":false,"sedentary_reminder":false,"sleep_reminder":false,"spo2":false},"pressure_mode":{"relaxation_prompt_enabled":false,"stress_monitoring_enabled":false},"sedentary_reminder":{"end_hour":18,"end_minute":0,"interval":60,"repeat_count":0,"start_hour":9,"start_minute":0,"status":false},"sleep_reminder":{"hour":0,"millisecond":0,"minute":0,"second":0,"status":false},"snapshots":{"heart_rate":{"continuous_heart_rate_mode":0,"frequency":0,"mode":0},"pressure_mode":{"relaxation_warning_value":100},"sedentary_reminder":{}},"spo2":{"enabled":true,"threshold":90},"support":{"heart_rate":true,"heart_rate_workout":false,"high_stress_index":false,"relaxation_prompt":true,"sedentary_reminder":true,"sleep_reminder":true,"spo2":true,"wear_detection":false},"wear_detection_status":{"last_updated_at":-1}}
2026-03-29 20:35:32.842 | ZhQuery | getPressureModeSettings api=SWBRMonitor state=SUCCEED
2026-03-29 20:35:32.843 | ZhQuery | getPressureModeSettings api=SWBRMonitor state=SUCCEED
2026-03-29 20:35:32.845 | AlertVM | handleQueryCallback type=PressureModeSettingsObtained
2026-03-29 20:35:32.846 | AlertVM | pressure query matchesStored=true pending=false phase=null
2026-03-29 20:35:32.848 | AlertVM | pressure query value={"relaxation_prompt_enabled":false,"stress_monitoring_enabled":false}
2026-03-29 20:35:32.849 | AlertVM | handleQueryCallback type=Default
2026-03-29 20:35:32.850 | AlertVM | handleQueryCallback type=AlertFeatureSupportObtained
2026-03-29 20:35:32.855 | AlertVM | support feature=RELAXATION_PROMPT supported=true
2026-03-29 20:35:32.856 | AlertVM | handleQueryCallback type=Default
2026-03-29 20:35:33.140 | AlertService | queryCallback type=UpdateFirmwareLogStatus
2026-03-29 20:35:33.149 | AlertVM | handleQueryCallback type=UpdateFirmwareLogStatus
2026-03-29 20:35:33.152 | AlertVM | handleQueryCallback type=Default
2026-03-29 20:35:33.436 | ZhQuery | getSleepReminder state=NOT_SUPPORT
2026-03-29 20:35:33.438 | AlertService | queryCallback type=AlertFeatureSupportObtained
2026-03-29 20:35:33.440 | AlertService | onAlertFeatureUnsupported feature=SLEEP_REMINDER
2026-03-29 20:35:33.441 | AlertService | saveAlertSettings={"device_address":"D8:5C:08:30:00:1E","heart_rate":{"low_enabled":false,"low_threshold":50,"resting_enabled":false,"resting_threshold":150,"workout_enabled":false,"workout_threshold":175},"pending_sync":{"heart_rate":false,"relaxation_prompt":false,"sedentary_reminder":false,"sleep_reminder":false,"spo2":false},"pressure_mode":{"relaxation_prompt_enabled":false,"stress_monitoring_enabled":false},"sedentary_reminder":{"end_hour":18,"end_minute":0,"interval":60,"repeat_count":0,"start_hour":9,"start_minute":0,"status":false},"sleep_reminder":{"hour":0,"millisecond":0,"minute":0,"second":0,"status":false},"snapshots":{"heart_rate":{"continuous_heart_rate_mode":0,"frequency":0,"mode":0},"pressure_mode":{"relaxation_warning_value":100},"sedentary_reminder":{}},"spo2":{"enabled":true,"threshold":90},"support":{"heart_rate":true,"heart_rate_workout":false,"high_stress_index":false,"relaxation_prompt":true,"sedentary_reminder":true,"sleep_reminder":false,"spo2":true,"wear_detection":false},"wear_detection_status":{"last_updated_at":-1}}
2026-03-29 20:35:33.446 | ZhQuery | getSleepReminder state=NOT_SUPPORT
2026-03-29 20:35:33.448 | AlertService | queryCallback type=AlertFeatureSupportObtained
2026-03-29 20:35:33.450 | AlertService | onAlertFeatureUnsupported feature=SLEEP_REMINDER
2026-03-29 20:35:33.452 | AlertService | saveAlertSettings={"device_address":"D8:5C:08:30:00:1E","heart_rate":{"low_enabled":false,"low_threshold":50,"resting_enabled":false,"resting_threshold":150,"workout_enabled":false,"workout_threshold":175},"pending_sync":{"heart_rate":false,"relaxation_prompt":false,"sedentary_reminder":false,"sleep_reminder":false,"spo2":false},"pressure_mode":{"relaxation_prompt_enabled":false,"stress_monitoring_enabled":false},"sedentary_reminder":{"end_hour":18,"end_minute":0,"interval":60,"repeat_count":0,"start_hour":9,"start_minute":0,"status":false},"sleep_reminder":{"hour":0,"millisecond":0,"minute":0,"second":0,"status":false},"snapshots":{"heart_rate":{"continuous_heart_rate_mode":0,"frequency":0,"mode":0},"pressure_mode":{"relaxation_warning_value":100},"sedentary_reminder":{}},"spo2":{"enabled":true,"threshold":90},"support":{"heart_rate":true,"heart_rate_workout":false,"high_stress_index":false,"relaxation_prompt":true,"sedentary_reminder":true,"sleep_reminder":false,"spo2":true,"wear_detection":false},"wear_detection_status":{"last_updated_at":-1}}
2026-03-29 20:35:33.454 | AlertVM | handleQueryCallback type=AlertFeatureSupportObtained
2026-03-29 20:35:33.458 | AlertVM | support feature=SLEEP_REMINDER supported=false
2026-03-29 20:35:33.460 | AlertVM | handleQueryCallback type=Default
2026-03-29 20:35:33.461 | AlertVM | handleQueryCallback type=AlertFeatureSupportObtained
2026-03-29 20:35:33.463 | AlertVM | support feature=SLEEP_REMINDER supported=false
2026-03-29 20:35:33.464 | AlertVM | handleQueryCallback type=Default
2026-03-29 20:35:33.795 | ZhQuery | onSedentaryReminderResult={"drinkWater":0,"endNoonTime":{"hour":0,"millisecond":0,"minuter":0,"second":0},"endTime":{"hour":0,"millisecond":0,"minuter":0,"second":0},"frequency":0,"isOn":false,"noDisturbInLaunch":false,"startNoonTime":{"hour":0,"millisecond":0,"minuter":0,"second":0},"startTime":{"hour":0,"millisecond":0,"minuter":0,"second":0}}
2026-03-29 20:35:33.796 | AlertService | queryCallback type=SedentaryDataObtained
2026-03-29 20:35:33.797 | AlertService | queryCallback type=SedentaryReminderSettingsObtained
2026-03-29 20:35:33.798 | AlertService | saveAlertSettings={"device_address":"D8:5C:08:30:00:1E","heart_rate":{"low_enabled":false,"low_threshold":50,"resting_enabled":false,"resting_threshold":150,"workout_enabled":false,"workout_threshold":175},"pending_sync":{"heart_rate":false,"relaxation_prompt":false,"sedentary_reminder":false,"sleep_reminder":false,"spo2":false},"pressure_mode":{"relaxation_prompt_enabled":false,"stress_monitoring_enabled":false},"sedentary_reminder":{"end_hour":18,"end_minute":0,"interval":60,"repeat_count":0,"start_hour":9,"start_minute":0,"status":false},"sleep_reminder":{"hour":0,"millisecond":0,"minute":0,"second":0,"status":false},"snapshots":{"heart_rate":{"continuous_heart_rate_mode":0,"frequency":0,"mode":0},"pressure_mode":{"relaxation_warning_value":100},"sedentary_reminder":{"no_disturb_in_launch":false}},"spo2":{"enabled":true,"threshold":90},"support":{"heart_rate":true,"heart_rate_workout":false,"high_stress_index":false,"relaxation_prompt":true,"sedentary_reminder":true,"sleep_reminder":false,"spo2":true,"wear_detection":false},"wear_detection_status":{"last_updated_at":-1}}
2026-03-29 20:35:33.807 | AlertService | queryCallback type=AlertFeatureSupportObtained
2026-03-29 20:35:33.810 | AlertService | saveAlertSettings={"device_address":"D8:5C:08:30:00:1E","heart_rate":{"low_enabled":false,"low_threshold":50,"resting_enabled":false,"resting_threshold":150,"workout_enabled":false,"workout_threshold":175},"pending_sync":{"heart_rate":false,"relaxation_prompt":false,"sedentary_reminder":false,"sleep_reminder":false,"spo2":false},"pressure_mode":{"relaxation_prompt_enabled":false,"stress_monitoring_enabled":false},"sedentary_reminder":{"end_hour":18,"end_minute":0,"interval":60,"repeat_count":0,"start_hour":9,"start_minute":0,"status":false},"sleep_reminder":{"hour":0,"millisecond":0,"minute":0,"second":0,"status":false},"snapshots":{"heart_rate":{"continuous_heart_rate_mode":0,"frequency":0,"mode":0},"pressure_mode":{"relaxation_warning_value":100},"sedentary_reminder":{"no_disturb_in_launch":false}},"spo2":{"enabled":true,"threshold":90},"support":{"heart_rate":true,"heart_rate_workout":false,"high_stress_index":false,"relaxation_prompt":true,"sedentary_reminder":true,"sleep_reminder":false,"spo2":true,"wear_detection":false},"wear_detection_status":{"last_updated_at":-1}}
2026-03-29 20:35:33.812 | AlertVM | handleQueryCallback type=SedentaryDataObtained
2026-03-29 20:35:33.813 | AlertVM | handleQueryCallback type=Default
2026-03-29 20:35:33.815 | AlertVM | handleQueryCallback type=SedentaryReminderSettingsObtained
2026-03-29 20:35:33.816 | AlertVM | sedentary query matchesStored=true pending=false phase=null
2026-03-29 20:35:33.817 | AlertVM | sedentary query value={"end_hour":0,"end_minute":0,"interval":0,"repeat_count":0,"start_hour":0,"start_minute":0,"status":false}
2026-03-29 20:35:33.819 | AlertVM | handleQueryCallback type=Default
2026-03-29 20:35:33.820 | AlertVM | handleQueryCallback type=AlertFeatureSupportObtained
2026-03-29 20:35:33.822 | AlertVM | support feature=SEDENTARY_REMINDER supported=true
2026-03-29 20:35:33.823 | AlertVM | handleQueryCallback type=Default
2026-03-29 20:35:34.042 | AlertService | queryCallback type=UpdateFirmwareLogStatus
2026-03-29 20:35:34.047 | AlertVM | handleQueryCallback type=UpdateFirmwareLogStatus
2026-03-29 20:35:34.048 | AlertVM | handleQueryCallback type=Default
2026-03-29 20:35:34.227 | ZhQuery | onSWHRMonitor={"heightWarningValue":220,"isHeightWarning":false,"isLowWarning":false,"lowWarningValue":45}
2026-03-29 20:35:34.228 | AlertService | queryCallback type=HeartRateAlertSettingsObtained
2026-03-29 20:35:34.230 | AlertService | saveAlertSettings={"device_address":"D8:5C:08:30:00:1E","heart_rate":{"low_enabled":false,"low_threshold":50,"resting_enabled":false,"resting_threshold":150,"workout_enabled":false,"workout_threshold":175},"pending_sync":{"heart_rate":false,"relaxation_prompt":false,"sedentary_reminder":false,"sleep_reminder":false,"spo2":false},"pressure_mode":{"relaxation_prompt_enabled":false,"stress_monitoring_enabled":false},"sedentary_reminder":{"end_hour":18,"end_minute":0,"interval":60,"repeat_count":0,"start_hour":9,"start_minute":0,"status":false},"sleep_reminder":{"hour":0,"millisecond":0,"minute":0,"second":0,"status":false},"snapshots":{"heart_rate":{"continuous_heart_rate_mode":0,"frequency":0,"mode":0},"pressure_mode":{"relaxation_warning_value":100},"sedentary_reminder":{"no_disturb_in_launch":false}},"spo2":{"enabled":true,"threshold":90},"support":{"heart_rate":true,"heart_rate_workout":false,"high_stress_index":false,"relaxation_prompt":true,"sedentary_reminder":true,"sleep_reminder":false,"spo2":true,"wear_detection":false},"wear_detection_status":{"last_updated_at":-1}}
2026-03-29 20:35:34.231 | AlertService | queryCallback type=AlertFeatureSupportObtained
2026-03-29 20:35:34.232 | AlertService | saveAlertSettings={"device_address":"D8:5C:08:30:00:1E","heart_rate":{"low_enabled":false,"low_threshold":50,"resting_enabled":false,"resting_threshold":150,"workout_enabled":false,"workout_threshold":175},"pending_sync":{"heart_rate":false,"relaxation_prompt":false,"sedentary_reminder":false,"sleep_reminder":false,"spo2":false},"pressure_mode":{"relaxation_prompt_enabled":false,"stress_monitoring_enabled":false},"sedentary_reminder":{"end_hour":18,"end_minute":0,"interval":60,"repeat_count":0,"start_hour":9,"start_minute":0,"status":false},"sleep_reminder":{"hour":0,"millisecond":0,"minute":0,"second":0,"status":false},"snapshots":{"heart_rate":{"continuous_heart_rate_mode":0,"frequency":0,"mode":0},"pressure_mode":{"relaxation_warning_value":100},"sedentary_reminder":{"no_disturb_in_launch":false}},"spo2":{"enabled":true,"threshold":90},"support":{"heart_rate":true,"heart_rate_workout":false,"high_stress_index":false,"relaxation_prompt":true,"sedentary_reminder":true,"sleep_reminder":false,"spo2":true,"wear_detection":false},"wear_detection_status":{"last_updated_at":-1}}
2026-03-29 20:35:34.234 | AlertVM | handleQueryCallback type=HeartRateAlertSettingsObtained
2026-03-29 20:35:34.235 | AlertVM | heartRate query matchesStored=true pending=false phase=null
2026-03-29 20:35:34.237 | AlertVM | heartRate query value={"low_enabled":false,"low_threshold":45,"resting_enabled":false,"resting_threshold":220,"workout_enabled":false,"workout_threshold":175}
2026-03-29 20:35:34.241 | AlertVM | handleQueryCallback type=Default
2026-03-29 20:35:34.242 | AlertVM | handleQueryCallback type=AlertFeatureSupportObtained
2026-03-29 20:35:34.246 | AlertVM | support feature=HEART_RATE supported=true
2026-03-29 20:35:34.248 | AlertVM | handleQueryCallback type=Default
2026-03-29 20:35:34.534 | ZhQuery | onSWSPO2Monitor={"isWarning":true,"warningValue":90}
2026-03-29 20:35:34.537 | AlertService | queryCallback type=Spo2AlertSettingsObtained
2026-03-29 20:35:34.541 | AlertService | saveAlertSettings={"device_address":"D8:5C:08:30:00:1E","heart_rate":{"low_enabled":false,"low_threshold":50,"resting_enabled":false,"resting_threshold":150,"workout_enabled":false,"workout_threshold":175},"pending_sync":{"heart_rate":false,"relaxation_prompt":false,"sedentary_reminder":false,"sleep_reminder":false,"spo2":false},"pressure_mode":{"relaxation_prompt_enabled":false,"stress_monitoring_enabled":false},"sedentary_reminder":{"end_hour":18,"end_minute":0,"interval":60,"repeat_count":0,"start_hour":9,"start_minute":0,"status":false},"sleep_reminder":{"hour":0,"millisecond":0,"minute":0,"second":0,"status":false},"snapshots":{"heart_rate":{"continuous_heart_rate_mode":0,"frequency":0,"mode":0},"pressure_mode":{"relaxation_warning_value":100},"sedentary_reminder":{"no_disturb_in_launch":false}},"spo2":{"enabled":true,"threshold":90},"support":{"heart_rate":true,"heart_rate_workout":false,"high_stress_index":false,"relaxation_prompt":true,"sedentary_reminder":true,"sleep_reminder":false,"spo2":true,"wear_detection":false},"wear_detection_status":{"last_updated_at":-1}}
2026-03-29 20:35:34.546 | AlertService | queryCallback type=AlertFeatureSupportObtained
2026-03-29 20:35:34.547 | AlertService | saveAlertSettings={"device_address":"D8:5C:08:30:00:1E","heart_rate":{"low_enabled":false,"low_threshold":50,"resting_enabled":false,"resting_threshold":150,"workout_enabled":false,"workout_threshold":175},"pending_sync":{"heart_rate":false,"relaxation_prompt":false,"sedentary_reminder":false,"sleep_reminder":false,"spo2":false},"pressure_mode":{"relaxation_prompt_enabled":false,"stress_monitoring_enabled":false},"sedentary_reminder":{"end_hour":18,"end_minute":0,"interval":60,"repeat_count":0,"start_hour":9,"start_minute":0,"status":false},"sleep_reminder":{"hour":0,"millisecond":0,"minute":0,"second":0,"status":false},"snapshots":{"heart_rate":{"continuous_heart_rate_mode":0,"frequency":0,"mode":0},"pressure_mode":{"relaxation_warning_value":100},"sedentary_reminder":{"no_disturb_in_launch":false}},"spo2":{"enabled":true,"threshold":90},"support":{"heart_rate":true,"heart_rate_workout":false,"high_stress_index":false,"relaxation_prompt":true,"sedentary_reminder":true,"sleep_reminder":false,"spo2":true,"wear_detection":false},"wear_detection_status":{"last_updated_at":-1}}
2026-03-29 20:35:34.549 | AlertVM | handleQueryCallback type=Spo2AlertSettingsObtained
2026-03-29 20:35:34.552 | AlertVM | spo2 query matchesStored=true pending=false phase=null
2026-03-29 20:35:34.553 | AlertVM | spo2 query value={"enabled":true,"threshold":90}
2026-03-29 20:35:34.555 | AlertVM | handleQueryCallback type=Default
2026-03-29 20:35:34.556 | AlertVM | handleQueryCallback type=AlertFeatureSupportObtained
2026-03-29 20:35:34.558 | AlertVM | support feature=SPO2 supported=true
2026-03-29 20:35:34.559 | AlertVM | handleQueryCallback type=Default
2026-03-29 20:35:34.849 | ZhQuery | onSWBRMonitor={"isWarning":false,"warningValue":100}
2026-03-29 20:35:34.850 | AlertService | queryCallback type=PressureModeSettingsObtained
2026-03-29 20:35:34.852 | AlertService | saveAlertSettings={"device_address":"D8:5C:08:30:00:1E","heart_rate":{"low_enabled":false,"low_threshold":50,"resting_enabled":false,"resting_threshold":150,"workout_enabled":false,"workout_threshold":175},"pending_sync":{"heart_rate":false,"relaxation_prompt":false,"sedentary_reminder":false,"sleep_reminder":false,"spo2":false},"pressure_mode":{"relaxation_prompt_enabled":false,"stress_monitoring_enabled":false},"sedentary_reminder":{"end_hour":18,"end_minute":0,"interval":60,"repeat_count":0,"start_hour":9,"start_minute":0,"status":false},"sleep_reminder":{"hour":0,"millisecond":0,"minute":0,"second":0,"status":false},"snapshots":{"heart_rate":{"continuous_heart_rate_mode":0,"frequency":0,"mode":0},"pressure_mode":{"relaxation_warning_value":100},"sedentary_reminder":{"no_disturb_in_launch":false}},"spo2":{"enabled":true,"threshold":90},"support":{"heart_rate":true,"heart_rate_workout":false,"high_stress_index":false,"relaxation_prompt":true,"sedentary_reminder":true,"sleep_reminder":false,"spo2":true,"wear_detection":false},"wear_detection_status":{"last_updated_at":-1}}
2026-03-29 20:35:34.854 | AlertService | queryCallback type=AlertFeatureSupportObtained
2026-03-29 20:35:34.855 | AlertService | saveAlertSettings={"device_address":"D8:5C:08:30:00:1E","heart_rate":{"low_enabled":false,"low_threshold":50,"resting_enabled":false,"resting_threshold":150,"workout_enabled":false,"workout_threshold":175},"pending_sync":{"heart_rate":false,"relaxation_prompt":false,"sedentary_reminder":false,"sleep_reminder":false,"spo2":false},"pressure_mode":{"relaxation_prompt_enabled":false,"stress_monitoring_enabled":false},"sedentary_reminder":{"end_hour":18,"end_minute":0,"interval":60,"repeat_count":0,"start_hour":9,"start_minute":0,"status":false},"sleep_reminder":{"hour":0,"millisecond":0,"minute":0,"second":0,"status":false},"snapshots":{"heart_rate":{"continuous_heart_rate_mode":0,"frequency":0,"mode":0},"pressure_mode":{"relaxation_warning_value":100},"sedentary_reminder":{"no_disturb_in_launch":false}},"spo2":{"enabled":true,"threshold":90},"support":{"heart_rate":true,"heart_rate_workout":false,"high_stress_index":false,"relaxation_prompt":true,"sedentary_reminder":true,"sleep_reminder":false,"spo2":true,"wear_detection":false},"wear_detection_status":{"last_updated_at":-1}}
2026-03-29 20:35:34.857 | AlertVM | handleQueryCallback type=PressureModeSettingsObtained
2026-03-29 20:35:34.858 | AlertVM | pressure query matchesStored=true pending=false phase=null
2026-03-29 20:35:34.860 | AlertVM | pressure query value={"relaxation_prompt_enabled":false,"stress_monitoring_enabled":false}
2026-03-29 20:35:34.861 | AlertVM | handleQueryCallback type=Default
2026-03-29 20:35:34.862 | AlertVM | handleQueryCallback type=AlertFeatureSupportObtained
2026-03-29 20:35:34.863 | AlertVM | support feature=RELAXATION_PROMPT supported=true
2026-03-29 20:35:34.865 | AlertVM | handleQueryCallback type=Default
2026-03-29 20:35:35.162 | AlertService | queryCallback type=UpdateFirmwareLogStatus
2026-03-29 20:35:35.170 | AlertVM | handleQueryCallback type=UpdateFirmwareLogStatus
2026-03-29 20:35:35.172 | AlertVM | handleQueryCallback type=Default
2026-03-29 20:35:35.752 | ZhQuery | onSedentaryReminderResult={"drinkWater":0,"endNoonTime":{"hour":0,"millisecond":0,"minuter":0,"second":0},"endTime":{"hour":0,"millisecond":0,"minuter":0,"second":0},"frequency":0,"isOn":false,"noDisturbInLaunch":false,"startNoonTime":{"hour":0,"millisecond":0,"minuter":0,"second":0},"startTime":{"hour":0,"millisecond":0,"minuter":0,"second":0}}
2026-03-29 20:35:35.754 | AlertService | queryCallback type=SedentaryDataObtained
2026-03-29 20:35:35.756 | AlertService | queryCallback type=SedentaryReminderSettingsObtained
2026-03-29 20:35:35.758 | AlertService | saveAlertSettings={"device_address":"D8:5C:08:30:00:1E","heart_rate":{"low_enabled":false,"low_threshold":50,"resting_enabled":false,"resting_threshold":150,"workout_enabled":false,"workout_threshold":175},"pending_sync":{"heart_rate":false,"relaxation_prompt":false,"sedentary_reminder":false,"sleep_reminder":false,"spo2":false},"pressure_mode":{"relaxation_prompt_enabled":false,"stress_monitoring_enabled":false},"sedentary_reminder":{"end_hour":18,"end_minute":0,"interval":60,"repeat_count":0,"start_hour":9,"start_minute":0,"status":false},"sleep_reminder":{"hour":0,"millisecond":0,"minute":0,"second":0,"status":false},"snapshots":{"heart_rate":{"continuous_heart_rate_mode":0,"frequency":0,"mode":0},"pressure_mode":{"relaxation_warning_value":100},"sedentary_reminder":{"no_disturb_in_launch":false}},"spo2":{"enabled":true,"threshold":90},"support":{"heart_rate":true,"heart_rate_workout":false,"high_stress_index":false,"relaxation_prompt":true,"sedentary_reminder":true,"sleep_reminder":false,"spo2":true,"wear_detection":false},"wear_detection_status":{"last_updated_at":-1}}
2026-03-29 20:35:35.760 | AlertService | queryCallback type=AlertFeatureSupportObtained
2026-03-29 20:35:35.768 | AlertService | saveAlertSettings={"device_address":"D8:5C:08:30:00:1E","heart_rate":{"low_enabled":false,"low_threshold":50,"resting_enabled":false,"resting_threshold":150,"workout_enabled":false,"workout_threshold":175},"pending_sync":{"heart_rate":false,"relaxation_prompt":false,"sedentary_reminder":false,"sleep_reminder":false,"spo2":false},"pressure_mode":{"relaxation_prompt_enabled":false,"stress_monitoring_enabled":false},"sedentary_reminder":{"end_hour":18,"end_minute":0,"interval":60,"repeat_count":0,"start_hour":9,"start_minute":0,"status":false},"sleep_reminder":{"hour":0,"millisecond":0,"minute":0,"second":0,"status":false},"snapshots":{"heart_rate":{"continuous_heart_rate_mode":0,"frequency":0,"mode":0},"pressure_mode":{"relaxation_warning_value":100},"sedentary_reminder":{"no_disturb_in_launch":false}},"spo2":{"enabled":true,"threshold":90},"support":{"heart_rate":true,"heart_rate_workout":false,"high_stress_index":false,"relaxation_prompt":true,"sedentary_reminder":true,"sleep_reminder":false,"spo2":true,"wear_detection":false},"wear_detection_status":{"last_updated_at":-1}}
2026-03-29 20:35:35.772 | AlertVM | handleQueryCallback type=SedentaryDataObtained
2026-03-29 20:35:35.775 | AlertVM | handleQueryCallback type=Default
2026-03-29 20:35:35.776 | AlertVM | handleQueryCallback type=SedentaryReminderSettingsObtained
2026-03-29 20:35:35.778 | AlertVM | sedentary query matchesStored=true pending=false phase=null
2026-03-29 20:35:35.779 | AlertVM | sedentary query value={"end_hour":0,"end_minute":0,"interval":0,"repeat_count":0,"start_hour":0,"start_minute":0,"status":false}
2026-03-29 20:35:35.780 | AlertVM | handleQueryCallback type=Default
2026-03-29 20:35:35.781 | AlertVM | handleQueryCallback type=AlertFeatureSupportObtained
2026-03-29 20:35:35.782 | AlertVM | support feature=SEDENTARY_REMINDER supported=true
2026-03-29 20:35:35.784 | AlertVM | handleQueryCallback type=Default
2026-03-29 20:35:36.058 | AlertService | queryCallback type=UpdateFirmwareLogStatus
2026-03-29 20:35:36.068 | AlertVM | handleQueryCallback type=UpdateFirmwareLogStatus
2026-03-29 20:35:36.069 | AlertVM | handleQueryCallback type=Default
2026-03-29 20:35:37.084 | AlertService | queryCallback type=UpdateFirmwareLogStatus
2026-03-29 20:35:37.097 | AlertVM | handleQueryCallback type=UpdateFirmwareLogStatus
2026-03-29 20:35:37.099 | AlertVM | handleQueryCallback type=Default
2026-03-29 20:35:38.241 | AlertService | queryCallback type=UpdateFirmwareLogStatus
2026-03-29 20:35:38.248 | AlertVM | handleQueryCallback type=UpdateFirmwareLogStatus
2026-03-29 20:35:38.250 | AlertVM | handleQueryCallback type=Default
2026-03-29 20:35:39.127 | AlertService | queryCallback type=UpdateFirmwareLogStatus
2026-03-29 20:35:39.133 | AlertVM | handleQueryCallback type=UpdateFirmwareLogStatus
2026-03-29 20:35:39.135 | AlertVM | handleQueryCallback type=Default
2026-03-29 20:35:40.065 | AlertService | queryCallback type=UpdateFirmwareLogStatus
2026-03-29 20:35:40.073 | AlertVM | handleQueryCallback type=UpdateFirmwareLogStatus
2026-03-29 20:35:40.075 | AlertVM | handleQueryCallback type=Default
2026-03-29 20:35:41.242 | AlertService | queryCallback type=UpdateFirmwareLogStatus
2026-03-29 20:35:41.251 | AlertVM | handleQueryCallback type=UpdateFirmwareLogStatus
2026-03-29 20:35:41.253 | AlertVM | handleQueryCallback type=Default
2026-03-29 20:35:42.226 | AlertService | queryCallback type=UpdateFirmwareLogStatus
2026-03-29 20:35:42.232 | AlertVM | handleQueryCallback type=UpdateFirmwareLogStatus
2026-03-29 20:35:42.234 | AlertVM | handleQueryCallback type=Default
2026-03-29 20:35:42.581 | AlertVM | refreshWearDetectionStatus unsupportedDeviceType=luna_band
2026-03-29 20:35:43.124 | AlertService | queryCallback type=UpdateFirmwareLogStatus
2026-03-29 20:35:43.137 | AlertVM | handleQueryCallback type=UpdateFirmwareLogStatus
2026-03-29 20:35:43.141 | AlertVM | handleQueryCallback type=Default
2026-03-29 20:35:44.573 | AlertService | queryCallback type=UpdateFirmwareLogStatus
2026-03-29 20:35:44.575 | AlertVM | handleQueryCallback type=UpdateFirmwareLogStatus
2026-03-29 20:35:44.577 | AlertVM | handleQueryCallback type=Default
2026-03-29 20:35:45.340 | AlertService | queryCallback type=UpdateFirmwareLogStatus
2026-03-29 20:35:45.346 | AlertVM | handleQueryCallback type=UpdateFirmwareLogStatus
2026-03-29 20:35:45.350 | AlertVM | handleQueryCallback type=Default
2026-03-29 20:35:45.616 | AlertService | queryCallback type=BatteryDataObtained
2026-03-29 20:35:45.620 | AlertVM | handleQueryCallback type=BatteryDataObtained
2026-03-29 20:35:45.622 | AlertVM | handleQueryCallback type=Default
2026-03-29 20:35:46.340 | AlertService | queryCallback type=UpdateFirmwareLogStatus
2026-03-29 20:35:46.354 | AlertVM | handleQueryCallback type=UpdateFirmwareLogStatus
2026-03-29 20:35:46.357 | AlertVM | handleQueryCallback type=Default
2026-03-29 20:35:47.232 | AlertService | queryCallback type=UpdateFirmwareLogStatus
2026-03-29 20:35:47.249 | AlertVM | handleQueryCallback type=UpdateFirmwareLogStatus
2026-03-29 20:35:47.253 | AlertVM | handleQueryCallback type=Default
2026-03-29 20:35:48.125 | AlertService | queryCallback type=UpdateFirmwareLogStatus
2026-03-29 20:35:48.132 | AlertVM | handleQueryCallback type=UpdateFirmwareLogStatus
2026-03-29 20:35:48.133 | AlertVM | handleQueryCallback type=Default
2026-03-29 20:35:49.474 | AlertService | queryCallback type=UpdateFirmwareLogStatus
2026-03-29 20:35:49.479 | AlertVM | handleQueryCallback type=UpdateFirmwareLogStatus
2026-03-29 20:35:49.480 | AlertVM | handleQueryCallback type=Default
2026-03-29 20:35:49.883 | AlertService | queryCallback type=UpdateFirmwareLogStatus
2026-03-29 20:35:49.887 | AlertVM | handleQueryCallback type=UpdateFirmwareLogStatus
2026-03-29 20:35:49.889 | AlertVM | handleQueryCallback type=Default
2026-03-29 20:35:50.370 | AlertService | queryCallback type=UpdateFirmwareLogStatus
2026-03-29 20:35:50.376 | AlertVM | handleQueryCallback type=UpdateFirmwareLogStatus
2026-03-29 20:35:50.378 | AlertVM | handleQueryCallback type=Default
2026-03-29 20:35:51.018 | AlertVM | refreshWearDetectionStatus unsupportedDeviceType=luna_band
2026-03-29 20:35:51.272 | AlertService | queryCallback type=UpdateFirmwareLogStatus
2026-03-29 20:35:51.277 | AlertVM | handleQueryCallback type=UpdateFirmwareLogStatus
2026-03-29 20:35:51.279 | AlertVM | handleQueryCallback type=Default
2026-03-29 20:35:52.399 | AlertService | queryCallback type=UpdateFirmwareLogStatus
2026-03-29 20:35:52.410 | AlertVM | handleQueryCallback type=UpdateFirmwareLogStatus
2026-03-29 20:35:52.411 | AlertVM | handleQueryCallback type=Default
2026-03-29 20:35:53.548 | AlertService | queryCallback type=UpdateFirmwareLogStatus
2026-03-29 20:35:53.555 | AlertVM | handleQueryCallback type=UpdateFirmwareLogStatus
2026-03-29 20:35:53.557 | AlertVM | handleQueryCallback type=Default
2026-03-29 20:35:54.317 | AlertService | queryCallback type=UpdateFirmwareLogStatus
2026-03-29 20:35:54.321 | AlertVM | handleQueryCallback type=UpdateFirmwareLogStatus
2026-03-29 20:35:54.327 | AlertVM | handleQueryCallback type=Default
2026-03-29 20:35:54.780 | AlertVM | saveHeartRateSettings requested={"low_enabled":false,"low_threshold":50,"resting_enabled":true,"resting_threshold":150,"workout_enabled":false,"workout_threshold":175}
2026-03-29 20:35:54.785 | AlertVM | persistFeature feature=HEART_RATE connected=true
2026-03-29 20:35:54.789 | AlertVM | persistFeature state={"device_address":"D8:5C:08:30:00:1E","heart_rate":{"low_enabled":false,"low_threshold":50,"resting_enabled":true,"resting_threshold":150,"workout_enabled":false,"workout_threshold":175},"pending_sync":{"heart_rate":true,"relaxation_prompt":false,"sedentary_reminder":false,"sleep_reminder":false,"spo2":false},"pressure_mode":{"relaxation_prompt_enabled":false,"stress_monitoring_enabled":false},"sedentary_reminder":{"end_hour":18,"end_minute":0,"interval":60,"repeat_count":0,"start_hour":9,"start_minute":0,"status":false},"sleep_reminder":{"hour":0,"millisecond":0,"minute":0,"second":0,"status":false},"snapshots":{"heart_rate":{"continuous_heart_rate_mode":0,"frequency":0,"mode":0},"pressure_mode":{"relaxation_warning_value":100},"sedentary_reminder":{"no_disturb_in_launch":false}},"spo2":{"enabled":true,"threshold":90},"support":{"heart_rate":true,"heart_rate_workout":false,"high_stress_index":false,"relaxation_prompt":true,"sedentary_reminder":true,"sleep_reminder":false,"spo2":true,"wear_detection":false},"wear_detection_status":{"last_updated_at":-1}}
2026-03-29 20:35:54.798 | AlertVM | syncQueuedFeatures feature=HEART_RATE requiresSnapshot=false
2026-03-29 20:35:54.803 | AlertVM | sendUpdate feature=HEART_RATE
2026-03-29 20:35:54.806 | AlertVM | sendUpdate state={"device_address":"D8:5C:08:30:00:1E","heart_rate":{"low_enabled":false,"low_threshold":50,"resting_enabled":true,"resting_threshold":150,"workout_enabled":false,"workout_threshold":175},"pending_sync":{"heart_rate":true,"relaxation_prompt":false,"sedentary_reminder":false,"sleep_reminder":false,"spo2":false},"pressure_mode":{"relaxation_prompt_enabled":false,"stress_monitoring_enabled":false},"sedentary_reminder":{"end_hour":18,"end_minute":0,"interval":60,"repeat_count":0,"start_hour":9,"start_minute":0,"status":false},"sleep_reminder":{"hour":0,"millisecond":0,"minute":0,"second":0,"status":false},"snapshots":{"heart_rate":{"continuous_heart_rate_mode":0,"frequency":0,"mode":0},"pressure_mode":{"relaxation_warning_value":100},"sedentary_reminder":{"no_disturb_in_launch":false}},"spo2":{"enabled":true,"threshold":90},"support":{"heart_rate":true,"heart_rate_workout":false,"high_stress_index":false,"relaxation_prompt":true,"sedentary_reminder":true,"sleep_reminder":false,"spo2":true,"wear_detection":false},"wear_detection_status":{"last_updated_at":-1}}
2026-03-29 20:35:54.837 | ZhUpdate | setHeartRateAlertSettings={"low_enabled":false,"low_threshold":50,"resting_enabled":true,"resting_threshold":150,"workout_enabled":false,"workout_threshold":175}
2026-03-29 20:35:54.843 | ZhUpdate | setHeartRateAlertSettings api=SWHRMonitor deviceType=luna_band workoutEnabled=false
2026-03-29 20:35:54.845 | ZhUpdate | setHeartRateAlertSettings bean={"heightWarningValue":150,"isHeightWarning":true,"isLowWarning":false,"lowWarningValue":0}
2026-03-29 20:35:55.151 | ZhUpdate | setHeartRateAlertSettings api=SWHRMonitor state=SUCCEED
2026-03-29 20:35:55.155 | AlertService | updateCallback type=HeartRateAlertSettingsUpdated
2026-03-29 20:35:55.157 | AlertService | onAlertUpdateCompleted feature=HEART_RATE success=true
2026-03-29 20:35:55.160 | AlertVM | handleUpdateCallback type=HeartRateAlertSettingsUpdated
2026-03-29 20:35:55.162 | AlertVM | heartRate update success=true
2026-03-29 20:35:55.164 | AlertVM | handleScreenUpdateCompletion feature=HEART_RATE success=true
2026-03-29 20:35:55.166 | AlertVM | scheduleVerify feature=HEART_RATE delayMs=0
2026-03-29 20:35:55.174 | AlertVM | sendQuery feature=HEART_RATE
2026-03-29 20:35:55.179 | ZhQuery | getHeartRateAlertSettings dispatched api=SWHRMonitor deviceType=luna_band
2026-03-29 20:35:55.479 | AlertService | queryCallback type=UpdateFirmwareLogStatus
2026-03-29 20:35:55.487 | AlertVM | handleQueryCallback type=UpdateFirmwareLogStatus
2026-03-29 20:35:55.489 | AlertVM | handleQueryCallback type=Default
2026-03-29 20:35:55.813 | ZhQuery | onSWHRMonitor={"heightWarningValue":150,"isHeightWarning":true,"isLowWarning":false,"lowWarningValue":45}
2026-03-29 20:35:55.816 | AlertService | queryCallback type=HeartRateAlertSettingsObtained
2026-03-29 20:35:55.818 | AlertService | heartRate passive query preserving pending local value
2026-03-29 20:35:55.821 | AlertService | saveAlertSettings={"device_address":"D8:5C:08:30:00:1E","heart_rate":{"low_enabled":false,"low_threshold":50,"resting_enabled":true,"resting_threshold":150,"workout_enabled":false,"workout_threshold":175},"pending_sync":{"heart_rate":true,"relaxation_prompt":false,"sedentary_reminder":false,"sleep_reminder":false,"spo2":false},"pressure_mode":{"relaxation_prompt_enabled":false,"stress_monitoring_enabled":false},"sedentary_reminder":{"end_hour":18,"end_minute":0,"interval":60,"repeat_count":0,"start_hour":9,"start_minute":0,"status":false},"sleep_reminder":{"hour":0,"millisecond":0,"minute":0,"second":0,"status":false},"snapshots":{"heart_rate":{"continuous_heart_rate_mode":0,"frequency":0,"mode":0},"pressure_mode":{"relaxation_warning_value":100},"sedentary_reminder":{"no_disturb_in_launch":false}},"spo2":{"enabled":true,"threshold":90},"support":{"heart_rate":true,"heart_rate_workout":false,"high_stress_index":false,"relaxation_prompt":true,"sedentary_reminder":true,"sleep_reminder":false,"spo2":true,"wear_detection":false},"wear_detection_status":{"last_updated_at":-1}}
2026-03-29 20:35:55.825 | AlertService | queryCallback type=AlertFeatureSupportObtained
2026-03-29 20:35:55.837 | AlertService | saveAlertSettings={"device_address":"D8:5C:08:30:00:1E","heart_rate":{"low_enabled":false,"low_threshold":50,"resting_enabled":true,"resting_threshold":150,"workout_enabled":false,"workout_threshold":175},"pending_sync":{"heart_rate":true,"relaxation_prompt":false,"sedentary_reminder":false,"sleep_reminder":false,"spo2":false},"pressure_mode":{"relaxation_prompt_enabled":false,"stress_monitoring_enabled":false},"sedentary_reminder":{"end_hour":18,"end_minute":0,"interval":60,"repeat_count":0,"start_hour":9,"start_minute":0,"status":false},"sleep_reminder":{"hour":0,"millisecond":0,"minute":0,"second":0,"status":false},"snapshots":{"heart_rate":{"continuous_heart_rate_mode":0,"frequency":0,"mode":0},"pressure_mode":{"relaxation_warning_value":100},"sedentary_reminder":{"no_disturb_in_launch":false}},"spo2":{"enabled":true,"threshold":90},"support":{"heart_rate":true,"heart_rate_workout":false,"high_stress_index":false,"relaxation_prompt":true,"sedentary_reminder":true,"sleep_reminder":false,"spo2":true,"wear_detection":false},"wear_detection_status":{"last_updated_at":-1}}
2026-03-29 20:35:55.839 | ZhQuery | getHeartRateAlertSettings api=SWHRMonitor state=SUCCEED
2026-03-29 20:35:55.841 | AlertVM | handleQueryCallback type=HeartRateAlertSettingsObtained
2026-03-29 20:35:55.843 | AlertVM | heartRate query matchesStored=true pending=true phase=VERIFY_QUERY
2026-03-29 20:35:55.844 | AlertVM | heartRate query value={"low_enabled":false,"low_threshold":45,"resting_enabled":true,"resting_threshold":150,"workout_enabled":false,"workout_threshold":175}
2026-03-29 20:35:55.846 | AlertVM | handleScreenQueryCompletion feature=HEART_RATE phase=VERIFY_QUERY matchesStored=true
2026-03-29 20:35:55.848 | AlertVM | handleQueryCallback type=Default
2026-03-29 20:35:55.849 | AlertVM | handleQueryCallback type=AlertFeatureSupportObtained
2026-03-29 20:35:55.851 | AlertVM | support feature=HEART_RATE supported=true
2026-03-29 20:35:55.853 | AlertVM | handleQueryCallback type=Default
2026-03-29 20:35:56.463 | AlertService | queryCallback type=UpdateFirmwareLogStatus
2026-03-29 20:35:56.469 | AlertVM | handleQueryCallback type=UpdateFirmwareLogStatus
2026-03-29 20:35:56.472 | AlertVM | handleQueryCallback type=Default
2026-03-29 20:35:57.411 | AlertService | queryCallback type=UpdateFirmwareLogStatus
2026-03-29 20:35:57.422 | AlertVM | handleQueryCallback type=UpdateFirmwareLogStatus
2026-03-29 20:35:57.428 | AlertVM | handleQueryCallback type=Default
2026-03-29 20:35:58.469 | AlertService | queryCallback type=UpdateFirmwareLogStatus
2026-03-29 20:35:58.476 | AlertVM | handleQueryCallback type=UpdateFirmwareLogStatus
2026-03-29 20:35:58.478 | AlertVM | handleQueryCallback type=Default
2026-03-29 20:35:59.283 | AlertService | queryCallback type=UpdateFirmwareLogStatus
2026-03-29 20:35:59.285 | AlertVM | handleQueryCallback type=UpdateFirmwareLogStatus
2026-03-29 20:35:59.287 | AlertVM | handleQueryCallback type=Default
2026-03-29 20:36:00.274 | AlertService | queryCallback type=UpdateFirmwareLogStatus
2026-03-29 20:36:00.283 | AlertVM | handleQueryCallback type=UpdateFirmwareLogStatus
2026-03-29 20:36:00.285 | AlertVM | handleQueryCallback type=Default
2026-03-29 20:36:00.920 | AlertVM | saveHeartRateSettings requested={"low_enabled":false,"low_threshold":50,"resting_enabled":true,"resting_threshold":50,"workout_enabled":false,"workout_threshold":175}
2026-03-29 20:36:00.926 | AlertVM | persistFeature feature=HEART_RATE connected=true
2026-03-29 20:36:00.930 | AlertVM | persistFeature state={"device_address":"D8:5C:08:30:00:1E","heart_rate":{"low_enabled":false,"low_threshold":50,"resting_enabled":true,"resting_threshold":50,"workout_enabled":false,"workout_threshold":175},"pending_sync":{"heart_rate":true,"relaxation_prompt":false,"sedentary_reminder":false,"sleep_reminder":false,"spo2":false},"pressure_mode":{"relaxation_prompt_enabled":false,"stress_monitoring_enabled":false},"sedentary_reminder":{"end_hour":18,"end_minute":0,"interval":60,"repeat_count":0,"start_hour":9,"start_minute":0,"status":false},"sleep_reminder":{"hour":0,"millisecond":0,"minute":0,"second":0,"status":false},"snapshots":{"heart_rate":{"continuous_heart_rate_mode":0,"frequency":0,"mode":0},"pressure_mode":{"relaxation_warning_value":100},"sedentary_reminder":{"no_disturb_in_launch":false}},"spo2":{"enabled":true,"threshold":90},"support":{"heart_rate":true,"heart_rate_workout":false,"high_stress_index":false,"relaxation_prompt":true,"sedentary_reminder":true,"sleep_reminder":false,"spo2":true,"wear_detection":false},"wear_detection_status":{"last_updated_at":-1}}
2026-03-29 20:36:00.937 | AlertVM | syncQueuedFeatures feature=HEART_RATE requiresSnapshot=false
2026-03-29 20:36:00.940 | AlertVM | sendUpdate feature=HEART_RATE
2026-03-29 20:36:00.942 | AlertVM | sendUpdate state={"device_address":"D8:5C:08:30:00:1E","heart_rate":{"low_enabled":false,"low_threshold":50,"resting_enabled":true,"resting_threshold":50,"workout_enabled":false,"workout_threshold":175},"pending_sync":{"heart_rate":true,"relaxation_prompt":false,"sedentary_reminder":false,"sleep_reminder":false,"spo2":false},"pressure_mode":{"relaxation_prompt_enabled":false,"stress_monitoring_enabled":false},"sedentary_reminder":{"end_hour":18,"end_minute":0,"interval":60,"repeat_count":0,"start_hour":9,"start_minute":0,"status":false},"sleep_reminder":{"hour":0,"millisecond":0,"minute":0,"second":0,"status":false},"snapshots":{"heart_rate":{"continuous_heart_rate_mode":0,"frequency":0,"mode":0},"pressure_mode":{"relaxation_warning_value":100},"sedentary_reminder":{"no_disturb_in_launch":false}},"spo2":{"enabled":true,"threshold":90},"support":{"heart_rate":true,"heart_rate_workout":false,"high_stress_index":false,"relaxation_prompt":true,"sedentary_reminder":true,"sleep_reminder":false,"spo2":true,"wear_detection":false},"wear_detection_status":{"last_updated_at":-1}}
2026-03-29 20:36:00.948 | ZhUpdate | setHeartRateAlertSettings={"low_enabled":false,"low_threshold":50,"resting_enabled":true,"resting_threshold":50,"workout_enabled":false,"workout_threshold":175}
2026-03-29 20:36:00.954 | ZhUpdate | setHeartRateAlertSettings api=SWHRMonitor deviceType=luna_band workoutEnabled=false
2026-03-29 20:36:00.957 | ZhUpdate | setHeartRateAlertSettings bean={"heightWarningValue":50,"isHeightWarning":true,"isLowWarning":false,"lowWarningValue":0}
2026-03-29 20:36:01.264 | AlertService | queryCallback type=UpdateFirmwareLogStatus
2026-03-29 20:36:01.269 | AlertVM | handleQueryCallback type=UpdateFirmwareLogStatus
2026-03-29 20:36:01.271 | AlertVM | handleQueryCallback type=Default
2026-03-29 20:36:01.460 | ZhUpdate | setHeartRateAlertSettings api=SWHRMonitor state=SUCCEED
2026-03-29 20:36:01.463 | AlertService | updateCallback type=HeartRateAlertSettingsUpdated
2026-03-29 20:36:01.469 | AlertService | onAlertUpdateCompleted feature=HEART_RATE success=true
2026-03-29 20:36:01.479 | AlertVM | handleUpdateCallback type=HeartRateAlertSettingsUpdated
2026-03-29 20:36:01.482 | AlertVM | heartRate update success=true
2026-03-29 20:36:01.485 | AlertVM | handleScreenUpdateCompletion feature=HEART_RATE success=true
2026-03-29 20:36:01.487 | AlertVM | scheduleVerify feature=HEART_RATE delayMs=0
2026-03-29 20:36:01.492 | AlertVM | sendQuery feature=HEART_RATE
2026-03-29 20:36:01.494 | ZhQuery | getHeartRateAlertSettings dispatched api=SWHRMonitor deviceType=luna_band
2026-03-29 20:36:01.780 | ZhQuery | onSWHRMonitor={"heightWarningValue":50,"isHeightWarning":true,"isLowWarning":false,"lowWarningValue":45}
2026-03-29 20:36:01.783 | AlertService | queryCallback type=HeartRateAlertSettingsObtained
2026-03-29 20:36:01.786 | AlertService | heartRate passive query preserving pending local value
2026-03-29 20:36:01.789 | AlertService | saveAlertSettings={"device_address":"D8:5C:08:30:00:1E","heart_rate":{"low_enabled":false,"low_threshold":50,"resting_enabled":true,"resting_threshold":50,"workout_enabled":false,"workout_threshold":175},"pending_sync":{"heart_rate":true,"relaxation_prompt":false,"sedentary_reminder":false,"sleep_reminder":false,"spo2":false},"pressure_mode":{"relaxation_prompt_enabled":false,"stress_monitoring_enabled":false},"sedentary_reminder":{"end_hour":18,"end_minute":0,"interval":60,"repeat_count":0,"start_hour":9,"start_minute":0,"status":false},"sleep_reminder":{"hour":0,"millisecond":0,"minute":0,"second":0,"status":false},"snapshots":{"heart_rate":{"continuous_heart_rate_mode":0,"frequency":0,"mode":0},"pressure_mode":{"relaxation_warning_value":100},"sedentary_reminder":{"no_disturb_in_launch":false}},"spo2":{"enabled":true,"threshold":90},"support":{"heart_rate":true,"heart_rate_workout":false,"high_stress_index":false,"relaxation_prompt":true,"sedentary_reminder":true,"sleep_reminder":false,"spo2":true,"wear_detection":false},"wear_detection_status":{"last_updated_at":-1}}
2026-03-29 20:36:01.792 | AlertService | queryCallback type=AlertFeatureSupportObtained
2026-03-29 20:36:01.795 | AlertService | saveAlertSettings={"device_address":"D8:5C:08:30:00:1E","heart_rate":{"low_enabled":false,"low_threshold":50,"resting_enabled":true,"resting_threshold":50,"workout_enabled":false,"workout_threshold":175},"pending_sync":{"heart_rate":true,"relaxation_prompt":false,"sedentary_reminder":false,"sleep_reminder":false,"spo2":false},"pressure_mode":{"relaxation_prompt_enabled":false,"stress_monitoring_enabled":false},"sedentary_reminder":{"end_hour":18,"end_minute":0,"interval":60,"repeat_count":0,"start_hour":9,"start_minute":0,"status":false},"sleep_reminder":{"hour":0,"millisecond":0,"minute":0,"second":0,"status":false},"snapshots":{"heart_rate":{"continuous_heart_rate_mode":0,"frequency":0,"mode":0},"pressure_mode":{"relaxation_warning_value":100},"sedentary_reminder":{"no_disturb_in_launch":false}},"spo2":{"enabled":true,"threshold":90},"support":{"heart_rate":true,"heart_rate_workout":false,"high_stress_index":false,"relaxation_prompt":true,"sedentary_reminder":true,"sleep_reminder":false,"spo2":true,"wear_detection":false},"wear_detection_status":{"last_updated_at":-1}}
2026-03-29 20:36:01.800 | ZhQuery | getHeartRateAlertSettings api=SWHRMonitor state=SUCCEED
2026-03-29 20:36:01.803 | AlertVM | handleQueryCallback type=HeartRateAlertSettingsObtained
2026-03-29 20:36:01.806 | AlertVM | heartRate query matchesStored=true pending=true phase=VERIFY_QUERY
2026-03-29 20:36:01.808 | AlertVM | heartRate query value={"low_enabled":false,"low_threshold":45,"resting_enabled":true,"resting_threshold":50,"workout_enabled":false,"workout_threshold":175}
2026-03-29 20:36:01.810 | AlertVM | handleScreenQueryCompletion feature=HEART_RATE phase=VERIFY_QUERY matchesStored=true
2026-03-29 20:36:01.813 | AlertVM | handleQueryCallback type=Default
2026-03-29 20:36:01.815 | AlertVM | handleQueryCallback type=AlertFeatureSupportObtained
2026-03-29 20:36:01.816 | AlertVM | support feature=HEART_RATE supported=true
2026-03-29 20:36:01.818 | AlertVM | handleQueryCallback type=Default
2026-03-29 20:36:02.307 | AlertService | queryCallback type=UpdateFirmwareLogStatus
2026-03-29 20:36:02.318 | AlertVM | handleQueryCallback type=UpdateFirmwareLogStatus
2026-03-29 20:36:02.321 | AlertVM | handleQueryCallback type=Default
2026-03-29 20:36:03.331 | AlertService | queryCallback type=UpdateFirmwareLogStatus
2026-03-29 20:36:03.337 | AlertVM | handleQueryCallback type=UpdateFirmwareLogStatus
2026-03-29 20:36:03.339 | AlertVM | handleQueryCallback type=Default
2026-03-29 20:36:04.387 | AlertService | queryCallback type=UpdateFirmwareLogStatus
2026-03-29 20:36:04.398 | AlertVM | handleQueryCallback type=UpdateFirmwareLogStatus
2026-03-29 20:36:04.400 | AlertVM | handleQueryCallback type=Default
2026-03-29 20:36:05.285 | AlertService | queryCallback type=UpdateFirmwareLogStatus
2026-03-29 20:36:05.306 | AlertVM | handleQueryCallback type=UpdateFirmwareLogStatus
2026-03-29 20:36:05.310 | AlertVM | handleQueryCallback type=Default
2026-03-29 20:36:06.225 | AlertVM | saveHeartRateSettings requested={"low_enabled":false,"low_threshold":50,"resting_enabled":true,"resting_threshold":50,"workout_enabled":false,"workout_threshold":175}
2026-03-29 20:36:06.228 | AlertVM | persistFeature feature=HEART_RATE connected=true
2026-03-29 20:36:06.230 | AlertVM | persistFeature state={"device_address":"D8:5C:08:30:00:1E","heart_rate":{"low_enabled":false,"low_threshold":50,"resting_enabled":true,"resting_threshold":50,"workout_enabled":false,"workout_threshold":175},"pending_sync":{"heart_rate":true,"relaxation_prompt":false,"sedentary_reminder":false,"sleep_reminder":false,"spo2":false},"pressure_mode":{"relaxation_prompt_enabled":false,"stress_monitoring_enabled":false},"sedentary_reminder":{"end_hour":18,"end_minute":0,"interval":60,"repeat_count":0,"start_hour":9,"start_minute":0,"status":false},"sleep_reminder":{"hour":0,"millisecond":0,"minute":0,"second":0,"status":false},"snapshots":{"heart_rate":{"continuous_heart_rate_mode":0,"frequency":0,"mode":0},"pressure_mode":{"relaxation_warning_value":100},"sedentary_reminder":{"no_disturb_in_launch":false}},"spo2":{"enabled":true,"threshold":90},"support":{"heart_rate":true,"heart_rate_workout":false,"high_stress_index":false,"relaxation_prompt":true,"sedentary_reminder":true,"sleep_reminder":false,"spo2":true,"wear_detection":false},"wear_detection_status":{"last_updated_at":-1}}
2026-03-29 20:36:06.241 | AlertVM | syncQueuedFeatures feature=HEART_RATE requiresSnapshot=false
2026-03-29 20:36:06.243 | AlertVM | sendUpdate feature=HEART_RATE
2026-03-29 20:36:06.245 | AlertVM | sendUpdate state={"device_address":"D8:5C:08:30:00:1E","heart_rate":{"low_enabled":false,"low_threshold":50,"resting_enabled":true,"resting_threshold":50,"workout_enabled":false,"workout_threshold":175},"pending_sync":{"heart_rate":true,"relaxation_prompt":false,"sedentary_reminder":false,"sleep_reminder":false,"spo2":false},"pressure_mode":{"relaxation_prompt_enabled":false,"stress_monitoring_enabled":false},"sedentary_reminder":{"end_hour":18,"end_minute":0,"interval":60,"repeat_count":0,"start_hour":9,"start_minute":0,"status":false},"sleep_reminder":{"hour":0,"millisecond":0,"minute":0,"second":0,"status":false},"snapshots":{"heart_rate":{"continuous_heart_rate_mode":0,"frequency":0,"mode":0},"pressure_mode":{"relaxation_warning_value":100},"sedentary_reminder":{"no_disturb_in_launch":false}},"spo2":{"enabled":true,"threshold":90},"support":{"heart_rate":true,"heart_rate_workout":false,"high_stress_index":false,"relaxation_prompt":true,"sedentary_reminder":true,"sleep_reminder":false,"spo2":true,"wear_detection":false},"wear_detection_status":{"last_updated_at":-1}}
2026-03-29 20:36:06.273 | ZhUpdate | setHeartRateAlertSettings={"low_enabled":false,"low_threshold":50,"resting_enabled":true,"resting_threshold":50,"workout_enabled":false,"workout_threshold":175}
2026-03-29 20:36:06.276 | ZhUpdate | setHeartRateAlertSettings api=SWHRMonitor deviceType=luna_band workoutEnabled=false
2026-03-29 20:36:06.277 | ZhUpdate | setHeartRateAlertSettings bean={"heightWarningValue":50,"isHeightWarning":true,"isLowWarning":false,"lowWarningValue":0}
2026-03-29 20:36:06.287 | AlertService | queryCallback type=UpdateFirmwareLogStatus
2026-03-29 20:36:06.293 | AlertVM | handleQueryCallback type=UpdateFirmwareLogStatus
2026-03-29 20:36:06.299 | AlertVM | handleQueryCallback type=Default
2026-03-29 20:36:06.574 | ZhUpdate | setHeartRateAlertSettings api=SWHRMonitor state=SUCCEED
2026-03-29 20:36:06.577 | AlertService | updateCallback type=HeartRateAlertSettingsUpdated
2026-03-29 20:36:06.581 | AlertService | onAlertUpdateCompleted feature=HEART_RATE success=true
2026-03-29 20:36:06.587 | AlertVM | handleUpdateCallback type=HeartRateAlertSettingsUpdated
2026-03-29 20:36:06.588 | AlertVM | heartRate update success=true
2026-03-29 20:36:06.590 | AlertVM | handleScreenUpdateCompletion feature=HEART_RATE success=true
2026-03-29 20:36:06.593 | AlertVM | scheduleVerify feature=HEART_RATE delayMs=0
2026-03-29 20:36:06.595 | AlertVM | sendQuery feature=HEART_RATE
2026-03-29 20:36:06.597 | ZhQuery | getHeartRateAlertSettings dispatched api=SWHRMonitor deviceType=luna_band
2026-03-29 20:36:06.910 | ZhQuery | onSWHRMonitor={"heightWarningValue":50,"isHeightWarning":true,"isLowWarning":false,"lowWarningValue":45}
2026-03-29 20:36:06.917 | AlertService | queryCallback type=HeartRateAlertSettingsObtained
2026-03-29 20:36:06.918 | AlertService | heartRate passive query preserving pending local value
2026-03-29 20:36:06.920 | AlertService | saveAlertSettings={"device_address":"D8:5C:08:30:00:1E","heart_rate":{"low_enabled":false,"low_threshold":50,"resting_enabled":true,"resting_threshold":50,"workout_enabled":false,"workout_threshold":175},"pending_sync":{"heart_rate":true,"relaxation_prompt":false,"sedentary_reminder":false,"sleep_reminder":false,"spo2":false},"pressure_mode":{"relaxation_prompt_enabled":false,"stress_monitoring_enabled":false},"sedentary_reminder":{"end_hour":18,"end_minute":0,"interval":60,"repeat_count":0,"start_hour":9,"start_minute":0,"status":false},"sleep_reminder":{"hour":0,"millisecond":0,"minute":0,"second":0,"status":false},"snapshots":{"heart_rate":{"continuous_heart_rate_mode":0,"frequency":0,"mode":0},"pressure_mode":{"relaxation_warning_value":100},"sedentary_reminder":{"no_disturb_in_launch":false}},"spo2":{"enabled":true,"threshold":90},"support":{"heart_rate":true,"heart_rate_workout":false,"high_stress_index":false,"relaxation_prompt":true,"sedentary_reminder":true,"sleep_reminder":false,"spo2":true,"wear_detection":false},"wear_detection_status":{"last_updated_at":-1}}
2026-03-29 20:36:06.922 | AlertService | queryCallback type=AlertFeatureSupportObtained
2026-03-29 20:36:06.924 | AlertService | saveAlertSettings={"device_address":"D8:5C:08:30:00:1E","heart_rate":{"low_enabled":false,"low_threshold":50,"resting_enabled":true,"resting_threshold":50,"workout_enabled":false,"workout_threshold":175},"pending_sync":{"heart_rate":true,"relaxation_prompt":false,"sedentary_reminder":false,"sleep_reminder":false,"spo2":false},"pressure_mode":{"relaxation_prompt_enabled":false,"stress_monitoring_enabled":false},"sedentary_reminder":{"end_hour":18,"end_minute":0,"interval":60,"repeat_count":0,"start_hour":9,"start_minute":0,"status":false},"sleep_reminder":{"hour":0,"millisecond":0,"minute":0,"second":0,"status":false},"snapshots":{"heart_rate":{"continuous_heart_rate_mode":0,"frequency":0,"mode":0},"pressure_mode":{"relaxation_warning_value":100},"sedentary_reminder":{"no_disturb_in_launch":false}},"spo2":{"enabled":true,"threshold":90},"support":{"heart_rate":true,"heart_rate_workout":false,"high_stress_index":false,"relaxation_prompt":true,"sedentary_reminder":true,"sleep_reminder":false,"spo2":true,"wear_detection":false},"wear_detection_status":{"last_updated_at":-1}}
2026-03-29 20:36:06.925 | ZhQuery | getHeartRateAlertSettings api=SWHRMonitor state=SUCCEED
2026-03-29 20:36:06.927 | AlertVM | handleQueryCallback type=HeartRateAlertSettingsObtained
2026-03-29 20:36:06.928 | AlertVM | heartRate query matchesStored=true pending=true phase=VERIFY_QUERY
2026-03-29 20:36:06.930 | AlertVM | heartRate query value={"low_enabled":false,"low_threshold":45,"resting_enabled":true,"resting_threshold":50,"workout_enabled":false,"workout_threshold":175}
2026-03-29 20:36:06.931 | AlertVM | handleScreenQueryCompletion feature=HEART_RATE phase=VERIFY_QUERY matchesStored=true
2026-03-29 20:36:06.932 | AlertVM | handleQueryCallback type=Default
2026-03-29 20:36:06.934 | AlertVM | handleQueryCallback type=AlertFeatureSupportObtained
2026-03-29 20:36:06.935 | AlertVM | support feature=HEART_RATE supported=true
2026-03-29 20:36:06.936 | AlertVM | handleQueryCallback type=Default
2026-03-29 20:36:07.295 | AlertService | queryCallback type=UpdateFirmwareLogStatus
2026-03-29 20:36:07.304 | AlertVM | handleQueryCallback type=UpdateFirmwareLogStatus
2026-03-29 20:36:07.306 | AlertVM | handleQueryCallback type=Default
2026-03-29 20:36:07.790 | AlertVM | saveHeartRateSettings requested={"low_enabled":false,"low_threshold":49,"resting_enabled":true,"resting_threshold":50,"workout_enabled":false,"workout_threshold":175}
2026-03-29 20:36:07.793 | AlertVM | persistFeature feature=HEART_RATE connected=true
2026-03-29 20:36:07.795 | AlertVM | persistFeature state={"device_address":"D8:5C:08:30:00:1E","heart_rate":{"low_enabled":false,"low_threshold":49,"resting_enabled":true,"resting_threshold":50,"workout_enabled":false,"workout_threshold":175},"pending_sync":{"heart_rate":true,"relaxation_prompt":false,"sedentary_reminder":false,"sleep_reminder":false,"spo2":false},"pressure_mode":{"relaxation_prompt_enabled":false,"stress_monitoring_enabled":false},"sedentary_reminder":{"end_hour":18,"end_minute":0,"interval":60,"repeat_count":0,"start_hour":9,"start_minute":0,"status":false},"sleep_reminder":{"hour":0,"millisecond":0,"minute":0,"second":0,"status":false},"snapshots":{"heart_rate":{"continuous_heart_rate_mode":0,"frequency":0,"mode":0},"pressure_mode":{"relaxation_warning_value":100},"sedentary_reminder":{"no_disturb_in_launch":false}},"spo2":{"enabled":true,"threshold":90},"support":{"heart_rate":true,"heart_rate_workout":false,"high_stress_index":false,"relaxation_prompt":true,"sedentary_reminder":true,"sleep_reminder":false,"spo2":true,"wear_detection":false},"wear_detection_status":{"last_updated_at":-1}}
2026-03-29 20:36:07.810 | AlertVM | syncQueuedFeatures feature=HEART_RATE requiresSnapshot=false
2026-03-29 20:36:07.812 | AlertVM | sendUpdate feature=HEART_RATE
2026-03-29 20:36:07.814 | AlertVM | sendUpdate state={"device_address":"D8:5C:08:30:00:1E","heart_rate":{"low_enabled":false,"low_threshold":49,"resting_enabled":true,"resting_threshold":50,"workout_enabled":false,"workout_threshold":175},"pending_sync":{"heart_rate":true,"relaxation_prompt":false,"sedentary_reminder":false,"sleep_reminder":false,"spo2":false},"pressure_mode":{"relaxation_prompt_enabled":false,"stress_monitoring_enabled":false},"sedentary_reminder":{"end_hour":18,"end_minute":0,"interval":60,"repeat_count":0,"start_hour":9,"start_minute":0,"status":false},"sleep_reminder":{"hour":0,"millisecond":0,"minute":0,"second":0,"status":false},"snapshots":{"heart_rate":{"continuous_heart_rate_mode":0,"frequency":0,"mode":0},"pressure_mode":{"relaxation_warning_value":100},"sedentary_reminder":{"no_disturb_in_launch":false}},"spo2":{"enabled":true,"threshold":90},"support":{"heart_rate":true,"heart_rate_workout":false,"high_stress_index":false,"relaxation_prompt":true,"sedentary_reminder":true,"sleep_reminder":false,"spo2":true,"wear_detection":false},"wear_detection_status":{"last_updated_at":-1}}
2026-03-29 20:36:07.822 | ZhUpdate | setHeartRateAlertSettings={"low_enabled":false,"low_threshold":49,"resting_enabled":true,"resting_threshold":50,"workout_enabled":false,"workout_threshold":175}
2026-03-29 20:36:07.829 | ZhUpdate | setHeartRateAlertSettings api=SWHRMonitor deviceType=luna_band workoutEnabled=false
2026-03-29 20:36:07.831 | ZhUpdate | setHeartRateAlertSettings bean={"heightWarningValue":50,"isHeightWarning":true,"isLowWarning":false,"lowWarningValue":0}
2026-03-29 20:36:08.112 | ZhUpdate | setHeartRateAlertSettings api=SWHRMonitor state=SUCCEED
2026-03-29 20:36:08.113 | AlertService | updateCallback type=HeartRateAlertSettingsUpdated
2026-03-29 20:36:08.115 | AlertService | onAlertUpdateCompleted feature=HEART_RATE success=true
2026-03-29 20:36:08.118 | AlertVM | handleUpdateCallback type=HeartRateAlertSettingsUpdated
2026-03-29 20:36:08.119 | AlertVM | heartRate update success=true
2026-03-29 20:36:08.121 | AlertVM | handleScreenUpdateCompletion feature=HEART_RATE success=true
2026-03-29 20:36:08.122 | AlertVM | scheduleVerify feature=HEART_RATE delayMs=0
2026-03-29 20:36:08.124 | AlertVM | sendQuery feature=HEART_RATE
2026-03-29 20:36:08.125 | ZhQuery | getHeartRateAlertSettings dispatched api=SWHRMonitor deviceType=luna_band
2026-03-29 20:36:08.431 | AlertService | queryCallback type=UpdateFirmwareLogStatus
2026-03-29 20:36:08.438 | AlertVM | handleQueryCallback type=UpdateFirmwareLogStatus
2026-03-29 20:36:08.440 | AlertVM | handleQueryCallback type=Default
2026-03-29 20:36:08.707 | ZhQuery | onSWHRMonitor={"heightWarningValue":50,"isHeightWarning":true,"isLowWarning":false,"lowWarningValue":45}
2026-03-29 20:36:08.729 | AlertService | queryCallback type=HeartRateAlertSettingsObtained
2026-03-29 20:36:08.732 | AlertService | heartRate passive query preserving pending local value
2026-03-29 20:36:08.735 | AlertService | saveAlertSettings={"device_address":"D8:5C:08:30:00:1E","heart_rate":{"low_enabled":false,"low_threshold":49,"resting_enabled":true,"resting_threshold":50,"workout_enabled":false,"workout_threshold":175},"pending_sync":{"heart_rate":true,"relaxation_prompt":false,"sedentary_reminder":false,"sleep_reminder":false,"spo2":false},"pressure_mode":{"relaxation_prompt_enabled":false,"stress_monitoring_enabled":false},"sedentary_reminder":{"end_hour":18,"end_minute":0,"interval":60,"repeat_count":0,"start_hour":9,"start_minute":0,"status":false},"sleep_reminder":{"hour":0,"millisecond":0,"minute":0,"second":0,"status":false},"snapshots":{"heart_rate":{"continuous_heart_rate_mode":0,"frequency":0,"mode":0},"pressure_mode":{"relaxation_warning_value":100},"sedentary_reminder":{"no_disturb_in_launch":false}},"spo2":{"enabled":true,"threshold":90},"support":{"heart_rate":true,"heart_rate_workout":false,"high_stress_index":false,"relaxation_prompt":true,"sedentary_reminder":true,"sleep_reminder":false,"spo2":true,"wear_detection":false},"wear_detection_status":{"last_updated_at":-1}}
2026-03-29 20:36:08.737 | AlertService | queryCallback type=AlertFeatureSupportObtained
2026-03-29 20:36:08.739 | AlertService | saveAlertSettings={"device_address":"D8:5C:08:30:00:1E","heart_rate":{"low_enabled":false,"low_threshold":49,"resting_enabled":true,"resting_threshold":50,"workout_enabled":false,"workout_threshold":175},"pending_sync":{"heart_rate":true,"relaxation_prompt":false,"sedentary_reminder":false,"sleep_reminder":false,"spo2":false},"pressure_mode":{"relaxation_prompt_enabled":false,"stress_monitoring_enabled":false},"sedentary_reminder":{"end_hour":18,"end_minute":0,"interval":60,"repeat_count":0,"start_hour":9,"start_minute":0,"status":false},"sleep_reminder":{"hour":0,"millisecond":0,"minute":0,"second":0,"status":false},"snapshots":{"heart_rate":{"continuous_heart_rate_mode":0,"frequency":0,"mode":0},"pressure_mode":{"relaxation_warning_value":100},"sedentary_reminder":{"no_disturb_in_launch":false}},"spo2":{"enabled":true,"threshold":90},"support":{"heart_rate":true,"heart_rate_workout":false,"high_stress_index":false,"relaxation_prompt":true,"sedentary_reminder":true,"sleep_reminder":false,"spo2":true,"wear_detection":false},"wear_detection_status":{"last_updated_at":-1}}
2026-03-29 20:36:08.741 | ZhQuery | getHeartRateAlertSettings api=SWHRMonitor state=SUCCEED
2026-03-29 20:36:08.743 | AlertVM | handleQueryCallback type=HeartRateAlertSettingsObtained
2026-03-29 20:36:08.745 | AlertVM | heartRate query matchesStored=true pending=true phase=VERIFY_QUERY
2026-03-29 20:36:08.746 | AlertVM | heartRate query value={"low_enabled":false,"low_threshold":45,"resting_enabled":true,"resting_threshold":50,"workout_enabled":false,"workout_threshold":175}
2026-03-29 20:36:08.748 | AlertVM | handleScreenQueryCompletion feature=HEART_RATE phase=VERIFY_QUERY matchesStored=true
2026-03-29 20:36:08.749 | AlertVM | handleQueryCallback type=Default
2026-03-29 20:36:08.750 | AlertVM | handleQueryCallback type=AlertFeatureSupportObtained
2026-03-29 20:36:08.752 | AlertVM | support feature=HEART_RATE supported=true
2026-03-29 20:36:08.754 | AlertVM | handleQueryCallback type=Default
2026-03-29 20:36:09.274 | AlertService | queryCallback type=UpdateFirmwareLogStatus
2026-03-29 20:36:09.279 | AlertVM | handleQueryCallback type=UpdateFirmwareLogStatus
2026-03-29 20:36:09.282 | AlertVM | handleQueryCallback type=Default
2026-03-29 20:36:09.324 | AlertVM | saveHeartRateSettings requested={"low_enabled":true,"low_threshold":49,"resting_enabled":true,"resting_threshold":50,"workout_enabled":false,"workout_threshold":175}
2026-03-29 20:36:09.325 | AlertVM | persistFeature feature=HEART_RATE connected=true
2026-03-29 20:36:09.327 | AlertVM | persistFeature state={"device_address":"D8:5C:08:30:00:1E","heart_rate":{"low_enabled":true,"low_threshold":49,"resting_enabled":true,"resting_threshold":50,"workout_enabled":false,"workout_threshold":175},"pending_sync":{"heart_rate":true,"relaxation_prompt":false,"sedentary_reminder":false,"sleep_reminder":false,"spo2":false},"pressure_mode":{"relaxation_prompt_enabled":false,"stress_monitoring_enabled":false},"sedentary_reminder":{"end_hour":18,"end_minute":0,"interval":60,"repeat_count":0,"start_hour":9,"start_minute":0,"status":false},"sleep_reminder":{"hour":0,"millisecond":0,"minute":0,"second":0,"status":false},"snapshots":{"heart_rate":{"continuous_heart_rate_mode":0,"frequency":0,"mode":0},"pressure_mode":{"relaxation_warning_value":100},"sedentary_reminder":{"no_disturb_in_launch":false}},"spo2":{"enabled":true,"threshold":90},"support":{"heart_rate":true,"heart_rate_workout":false,"high_stress_index":false,"relaxation_prompt":true,"sedentary_reminder":true,"sleep_reminder":false,"spo2":true,"wear_detection":false},"wear_detection_status":{"last_updated_at":-1}}
2026-03-29 20:36:09.336 | AlertVM | syncQueuedFeatures feature=HEART_RATE requiresSnapshot=false
2026-03-29 20:36:09.337 | AlertVM | sendUpdate feature=HEART_RATE
2026-03-29 20:36:09.345 | AlertVM | sendUpdate state={"device_address":"D8:5C:08:30:00:1E","heart_rate":{"low_enabled":true,"low_threshold":49,"resting_enabled":true,"resting_threshold":50,"workout_enabled":false,"workout_threshold":175},"pending_sync":{"heart_rate":true,"relaxation_prompt":false,"sedentary_reminder":false,"sleep_reminder":false,"spo2":false},"pressure_mode":{"relaxation_prompt_enabled":false,"stress_monitoring_enabled":false},"sedentary_reminder":{"end_hour":18,"end_minute":0,"interval":60,"repeat_count":0,"start_hour":9,"start_minute":0,"status":false},"sleep_reminder":{"hour":0,"millisecond":0,"minute":0,"second":0,"status":false},"snapshots":{"heart_rate":{"continuous_heart_rate_mode":0,"frequency":0,"mode":0},"pressure_mode":{"relaxation_warning_value":100},"sedentary_reminder":{"no_disturb_in_launch":false}},"spo2":{"enabled":true,"threshold":90},"support":{"heart_rate":true,"heart_rate_workout":false,"high_stress_index":false,"relaxation_prompt":true,"sedentary_reminder":true,"sleep_reminder":false,"spo2":true,"wear_detection":false},"wear_detection_status":{"last_updated_at":-1}}
2026-03-29 20:36:09.348 | ZhUpdate | setHeartRateAlertSettings={"low_enabled":true,"low_threshold":49,"resting_enabled":true,"resting_threshold":50,"workout_enabled":false,"workout_threshold":175}
2026-03-29 20:36:09.354 | ZhUpdate | setHeartRateAlertSettings api=SWHRMonitor deviceType=luna_band workoutEnabled=false
2026-03-29 20:36:09.356 | ZhUpdate | setHeartRateAlertSettings bean={"heightWarningValue":50,"isHeightWarning":true,"isLowWarning":true,"lowWarningValue":49}
2026-03-29 20:36:09.687 | ZhUpdate | setHeartRateAlertSettings api=SWHRMonitor state=SUCCEED
2026-03-29 20:36:09.693 | AlertService | updateCallback type=HeartRateAlertSettingsUpdated
2026-03-29 20:36:09.696 | AlertService | onAlertUpdateCompleted feature=HEART_RATE success=true
2026-03-29 20:36:09.697 | AlertVM | handleUpdateCallback type=HeartRateAlertSettingsUpdated
2026-03-29 20:36:09.699 | AlertVM | heartRate update success=true
2026-03-29 20:36:09.700 | AlertVM | handleScreenUpdateCompletion feature=HEART_RATE success=true
2026-03-29 20:36:09.702 | AlertVM | scheduleVerify feature=HEART_RATE delayMs=0
2026-03-29 20:36:09.704 | AlertVM | sendQuery feature=HEART_RATE
2026-03-29 20:36:09.705 | ZhQuery | getHeartRateAlertSettings dispatched api=SWHRMonitor deviceType=luna_band
2026-03-29 20:36:10.188 | ZhQuery | onSWHRMonitor={"heightWarningValue":50,"isHeightWarning":true,"isLowWarning":true,"lowWarningValue":49}
2026-03-29 20:36:10.191 | AlertService | queryCallback type=HeartRateAlertSettingsObtained
2026-03-29 20:36:10.193 | AlertService | heartRate passive query preserving pending local value
2026-03-29 20:36:10.196 | AlertService | saveAlertSettings={"device_address":"D8:5C:08:30:00:1E","heart_rate":{"low_enabled":true,"low_threshold":49,"resting_enabled":true,"resting_threshold":50,"workout_enabled":false,"workout_threshold":175},"pending_sync":{"heart_rate":true,"relaxation_prompt":false,"sedentary_reminder":false,"sleep_reminder":false,"spo2":false},"pressure_mode":{"relaxation_prompt_enabled":false,"stress_monitoring_enabled":false},"sedentary_reminder":{"end_hour":18,"end_minute":0,"interval":60,"repeat_count":0,"start_hour":9,"start_minute":0,"status":false},"sleep_reminder":{"hour":0,"millisecond":0,"minute":0,"second":0,"status":false},"snapshots":{"heart_rate":{"continuous_heart_rate_mode":0,"frequency":0,"mode":0},"pressure_mode":{"relaxation_warning_value":100},"sedentary_reminder":{"no_disturb_in_launch":false}},"spo2":{"enabled":true,"threshold":90},"support":{"heart_rate":true,"heart_rate_workout":false,"high_stress_index":false,"relaxation_prompt":true,"sedentary_reminder":true,"sleep_reminder":false,"spo2":true,"wear_detection":false},"wear_detection_status":{"last_updated_at":-1}}
2026-03-29 20:36:10.198 | AlertService | queryCallback type=AlertFeatureSupportObtained
2026-03-29 20:36:10.202 | AlertService | saveAlertSettings={"device_address":"D8:5C:08:30:00:1E","heart_rate":{"low_enabled":true,"low_threshold":49,"resting_enabled":true,"resting_threshold":50,"workout_enabled":false,"workout_threshold":175},"pending_sync":{"heart_rate":true,"relaxation_prompt":false,"sedentary_reminder":false,"sleep_reminder":false,"spo2":false},"pressure_mode":{"relaxation_prompt_enabled":false,"stress_monitoring_enabled":false},"sedentary_reminder":{"end_hour":18,"end_minute":0,"interval":60,"repeat_count":0,"start_hour":9,"start_minute":0,"status":false},"sleep_reminder":{"hour":0,"millisecond":0,"minute":0,"second":0,"status":false},"snapshots":{"heart_rate":{"continuous_heart_rate_mode":0,"frequency":0,"mode":0},"pressure_mode":{"relaxation_warning_value":100},"sedentary_reminder":{"no_disturb_in_launch":false}},"spo2":{"enabled":true,"threshold":90},"support":{"heart_rate":true,"heart_rate_workout":false,"high_stress_index":false,"relaxation_prompt":true,"sedentary_reminder":true,"sleep_reminder":false,"spo2":true,"wear_detection":false},"wear_detection_status":{"last_updated_at":-1}}
2026-03-29 20:36:10.205 | ZhQuery | getHeartRateAlertSettings api=SWHRMonitor state=SUCCEED
2026-03-29 20:36:10.208 | AlertVM | handleQueryCallback type=HeartRateAlertSettingsObtained
2026-03-29 20:36:10.211 | AlertVM | heartRate query matchesStored=true pending=true phase=VERIFY_QUERY
2026-03-29 20:36:10.213 | AlertVM | heartRate query value={"low_enabled":true,"low_threshold":49,"resting_enabled":true,"resting_threshold":50,"workout_enabled":false,"workout_threshold":175}
2026-03-29 20:36:10.215 | AlertVM | handleScreenQueryCompletion feature=HEART_RATE phase=VERIFY_QUERY matchesStored=true
2026-03-29 20:36:10.222 | AlertVM | handleQueryCallback type=Default
2026-03-29 20:36:10.224 | AlertVM | handleQueryCallback type=AlertFeatureSupportObtained
2026-03-29 20:36:10.226 | AlertVM | support feature=HEART_RATE supported=true
2026-03-29 20:36:10.229 | AlertVM | handleQueryCallback type=Default
2026-03-29 20:36:10.843 | AlertService | queryCallback type=UpdateFirmwareLogStatus
2026-03-29 20:36:10.850 | AlertVM | handleQueryCallback type=UpdateFirmwareLogStatus
2026-03-29 20:36:10.852 | AlertVM | handleQueryCallback type=Default
2026-03-29 20:36:11.387 | AlertService | queryCallback type=UpdateFirmwareLogStatus
2026-03-29 20:36:11.390 | AlertVM | handleQueryCallback type=UpdateFirmwareLogStatus
2026-03-29 20:36:11.392 | AlertVM | handleQueryCallback type=Default
2026-03-29 20:36:12.517 | AlertService | queryCallback type=UpdateFirmwareLogStatus
2026-03-29 20:36:12.521 | AlertVM | handleQueryCallback type=UpdateFirmwareLogStatus
2026-03-29 20:36:12.522 | AlertVM | handleQueryCallback type=Default
2026-03-29 20:36:13.063 | AlertVM | saveHeartRateSettings requested={"low_enabled":true,"low_threshold":49,"resting_enabled":true,"resting_threshold":50,"workout_enabled":false,"workout_threshold":175}
2026-03-29 20:36:13.065 | AlertVM | persistFeature feature=HEART_RATE connected=true
2026-03-29 20:36:13.069 | AlertVM | persistFeature state={"device_address":"D8:5C:08:30:00:1E","heart_rate":{"low_enabled":true,"low_threshold":49,"resting_enabled":true,"resting_threshold":50,"workout_enabled":false,"workout_threshold":175},"pending_sync":{"heart_rate":true,"relaxation_prompt":false,"sedentary_reminder":false,"sleep_reminder":false,"spo2":false},"pressure_mode":{"relaxation_prompt_enabled":false,"stress_monitoring_enabled":false},"sedentary_reminder":{"end_hour":18,"end_minute":0,"interval":60,"repeat_count":0,"start_hour":9,"start_minute":0,"status":false},"sleep_reminder":{"hour":0,"millisecond":0,"minute":0,"second":0,"status":false},"snapshots":{"heart_rate":{"continuous_heart_rate_mode":0,"frequency":0,"mode":0},"pressure_mode":{"relaxation_warning_value":100},"sedentary_reminder":{"no_disturb_in_launch":false}},"spo2":{"enabled":true,"threshold":90},"support":{"heart_rate":true,"heart_rate_workout":false,"high_stress_index":false,"relaxation_prompt":true,"sedentary_reminder":true,"sleep_reminder":false,"spo2":true,"wear_detection":false},"wear_detection_status":{"last_updated_at":-1}}
2026-03-29 20:36:13.081 | AlertVM | syncQueuedFeatures feature=HEART_RATE requiresSnapshot=false
2026-03-29 20:36:13.083 | AlertVM | sendUpdate feature=HEART_RATE
2026-03-29 20:36:13.085 | AlertVM | sendUpdate state={"device_address":"D8:5C:08:30:00:1E","heart_rate":{"low_enabled":true,"low_threshold":49,"resting_enabled":true,"resting_threshold":50,"workout_enabled":false,"workout_threshold":175},"pending_sync":{"heart_rate":true,"relaxation_prompt":false,"sedentary_reminder":false,"sleep_reminder":false,"spo2":false},"pressure_mode":{"relaxation_prompt_enabled":false,"stress_monitoring_enabled":false},"sedentary_reminder":{"end_hour":18,"end_minute":0,"interval":60,"repeat_count":0,"start_hour":9,"start_minute":0,"status":false},"sleep_reminder":{"hour":0,"millisecond":0,"minute":0,"second":0,"status":false},"snapshots":{"heart_rate":{"continuous_heart_rate_mode":0,"frequency":0,"mode":0},"pressure_mode":{"relaxation_warning_value":100},"sedentary_reminder":{"no_disturb_in_launch":false}},"spo2":{"enabled":true,"threshold":90},"support":{"heart_rate":true,"heart_rate_workout":false,"high_stress_index":false,"relaxation_prompt":true,"sedentary_reminder":true,"sleep_reminder":false,"spo2":true,"wear_detection":false},"wear_detection_status":{"last_updated_at":-1}}
2026-03-29 20:36:13.110 | ZhUpdate | setHeartRateAlertSettings={"low_enabled":true,"low_threshold":49,"resting_enabled":true,"resting_threshold":50,"workout_enabled":false,"workout_threshold":175}
2026-03-29 20:36:13.112 | ZhUpdate | setHeartRateAlertSettings api=SWHRMonitor deviceType=luna_band workoutEnabled=false
2026-03-29 20:36:13.119 | ZhUpdate | setHeartRateAlertSettings bean={"heightWarningValue":50,"isHeightWarning":true,"isLowWarning":true,"lowWarningValue":49}
2026-03-29 20:36:13.384 | AlertService | queryCallback type=UpdateFirmwareLogStatus
2026-03-29 20:36:13.389 | AlertVM | handleQueryCallback type=UpdateFirmwareLogStatus
2026-03-29 20:36:13.392 | AlertVM | handleQueryCallback type=Default
2026-03-29 20:36:13.640 | ZhUpdate | setHeartRateAlertSettings api=SWHRMonitor state=SUCCEED
2026-03-29 20:36:13.642 | AlertService | updateCallback type=HeartRateAlertSettingsUpdated
2026-03-29 20:36:13.650 | AlertService | onAlertUpdateCompleted feature=HEART_RATE success=true
2026-03-29 20:36:13.652 | AlertVM | handleUpdateCallback type=HeartRateAlertSettingsUpdated
2026-03-29 20:36:13.655 | AlertVM | heartRate update success=true
2026-03-29 20:36:13.656 | AlertVM | handleScreenUpdateCompletion feature=HEART_RATE success=true
2026-03-29 20:36:13.658 | AlertVM | scheduleVerify feature=HEART_RATE delayMs=0
2026-03-29 20:36:13.661 | AlertVM | sendQuery feature=HEART_RATE
2026-03-29 20:36:13.662 | ZhQuery | getHeartRateAlertSettings dispatched api=SWHRMonitor deviceType=luna_band
2026-03-29 20:36:13.951 | ZhQuery | onSWHRMonitor={"heightWarningValue":50,"isHeightWarning":true,"isLowWarning":true,"lowWarningValue":49}
2026-03-29 20:36:13.953 | AlertService | queryCallback type=HeartRateAlertSettingsObtained
2026-03-29 20:36:13.954 | AlertService | heartRate passive query preserving pending local value
2026-03-29 20:36:13.956 | AlertService | saveAlertSettings={"device_address":"D8:5C:08:30:00:1E","heart_rate":{"low_enabled":true,"low_threshold":49,"resting_enabled":true,"resting_threshold":50,"workout_enabled":false,"workout_threshold":175},"pending_sync":{"heart_rate":true,"relaxation_prompt":false,"sedentary_reminder":false,"sleep_reminder":false,"spo2":false},"pressure_mode":{"relaxation_prompt_enabled":false,"stress_monitoring_enabled":false},"sedentary_reminder":{"end_hour":18,"end_minute":0,"interval":60,"repeat_count":0,"start_hour":9,"start_minute":0,"status":false},"sleep_reminder":{"hour":0,"millisecond":0,"minute":0,"second":0,"status":false},"snapshots":{"heart_rate":{"continuous_heart_rate_mode":0,"frequency":0,"mode":0},"pressure_mode":{"relaxation_warning_value":100},"sedentary_reminder":{"no_disturb_in_launch":false}},"spo2":{"enabled":true,"threshold":90},"support":{"heart_rate":true,"heart_rate_workout":false,"high_stress_index":false,"relaxation_prompt":true,"sedentary_reminder":true,"sleep_reminder":false,"spo2":true,"wear_detection":false},"wear_detection_status":{"last_updated_at":-1}}
2026-03-29 20:36:13.957 | AlertService | queryCallback type=AlertFeatureSupportObtained
2026-03-29 20:36:13.959 | AlertService | saveAlertSettings={"device_address":"D8:5C:08:30:00:1E","heart_rate":{"low_enabled":true,"low_threshold":49,"resting_enabled":true,"resting_threshold":50,"workout_enabled":false,"workout_threshold":175},"pending_sync":{"heart_rate":true,"relaxation_prompt":false,"sedentary_reminder":false,"sleep_reminder":false,"spo2":false},"pressure_mode":{"relaxation_prompt_enabled":false,"stress_monitoring_enabled":false},"sedentary_reminder":{"end_hour":18,"end_minute":0,"interval":60,"repeat_count":0,"start_hour":9,"start_minute":0,"status":false},"sleep_reminder":{"hour":0,"millisecond":0,"minute":0,"second":0,"status":false},"snapshots":{"heart_rate":{"continuous_heart_rate_mode":0,"frequency":0,"mode":0},"pressure_mode":{"relaxation_warning_value":100},"sedentary_reminder":{"no_disturb_in_launch":false}},"spo2":{"enabled":true,"threshold":90},"support":{"heart_rate":true,"heart_rate_workout":false,"high_stress_index":false,"relaxation_prompt":true,"sedentary_reminder":true,"sleep_reminder":false,"spo2":true,"wear_detection":false},"wear_detection_status":{"last_updated_at":-1}}
2026-03-29 20:36:13.961 | ZhQuery | getHeartRateAlertSettings api=SWHRMonitor state=SUCCEED
2026-03-29 20:36:13.962 | AlertVM | handleQueryCallback type=HeartRateAlertSettingsObtained
2026-03-29 20:36:13.965 | AlertVM | heartRate query matchesStored=true pending=true phase=VERIFY_QUERY
2026-03-29 20:36:13.967 | AlertVM | heartRate query value={"low_enabled":true,"low_threshold":49,"resting_enabled":true,"resting_threshold":50,"workout_enabled":false,"workout_threshold":175}
2026-03-29 20:36:13.968 | AlertVM | handleScreenQueryCompletion feature=HEART_RATE phase=VERIFY_QUERY matchesStored=true
2026-03-29 20:36:13.970 | AlertVM | handleQueryCallback type=Default
2026-03-29 20:36:13.971 | AlertVM | handleQueryCallback type=AlertFeatureSupportObtained
2026-03-29 20:36:13.972 | AlertVM | support feature=HEART_RATE supported=true
2026-03-29 20:36:13.973 | AlertVM | handleQueryCallback type=Default
2026-03-29 20:36:14.272 | AlertService | queryCallback type=UpdateFirmwareLogStatus
2026-03-29 20:36:14.279 | AlertVM | handleQueryCallback type=UpdateFirmwareLogStatus
2026-03-29 20:36:14.283 | AlertVM | handleQueryCallback type=Default
2026-03-29 20:36:14.639 | AlertVM | saveSpo2Settings requested={"enabled":true,"threshold":100}
2026-03-29 20:36:14.641 | AlertVM | persistFeature feature=SPO2 connected=true
2026-03-29 20:36:14.643 | AlertVM | persistFeature state={"device_address":"D8:5C:08:30:00:1E","heart_rate":{"low_enabled":true,"low_threshold":49,"resting_enabled":true,"resting_threshold":50,"workout_enabled":false,"workout_threshold":175},"pending_sync":{"heart_rate":false,"relaxation_prompt":false,"sedentary_reminder":false,"sleep_reminder":false,"spo2":true},"pressure_mode":{"relaxation_prompt_enabled":false,"stress_monitoring_enabled":false},"sedentary_reminder":{"end_hour":18,"end_minute":0,"interval":60,"repeat_count":0,"start_hour":9,"start_minute":0,"status":false},"sleep_reminder":{"hour":0,"millisecond":0,"minute":0,"second":0,"status":false},"snapshots":{"heart_rate":{"continuous_heart_rate_mode":0,"frequency":0,"mode":0},"pressure_mode":{"relaxation_warning_value":100},"sedentary_reminder":{"no_disturb_in_launch":false}},"spo2":{"enabled":true,"threshold":100},"support":{"heart_rate":true,"heart_rate_workout":false,"high_stress_index":false,"relaxation_prompt":true,"sedentary_reminder":true,"sleep_reminder":false,"spo2":true,"wear_detection":false},"wear_detection_status":{"last_updated_at":-1}}
2026-03-29 20:36:14.648 | AlertVM | syncQueuedFeatures feature=SPO2 requiresSnapshot=false
2026-03-29 20:36:14.651 | AlertVM | sendUpdate feature=SPO2
2026-03-29 20:36:14.654 | AlertVM | sendUpdate state={"device_address":"D8:5C:08:30:00:1E","heart_rate":{"low_enabled":true,"low_threshold":49,"resting_enabled":true,"resting_threshold":50,"workout_enabled":false,"workout_threshold":175},"pending_sync":{"heart_rate":false,"relaxation_prompt":false,"sedentary_reminder":false,"sleep_reminder":false,"spo2":true},"pressure_mode":{"relaxation_prompt_enabled":false,"stress_monitoring_enabled":false},"sedentary_reminder":{"end_hour":18,"end_minute":0,"interval":60,"repeat_count":0,"start_hour":9,"start_minute":0,"status":false},"sleep_reminder":{"hour":0,"millisecond":0,"minute":0,"second":0,"status":false},"snapshots":{"heart_rate":{"continuous_heart_rate_mode":0,"frequency":0,"mode":0},"pressure_mode":{"relaxation_warning_value":100},"sedentary_reminder":{"no_disturb_in_launch":false}},"spo2":{"enabled":true,"threshold":100},"support":{"heart_rate":true,"heart_rate_workout":false,"high_stress_index":false,"relaxation_prompt":true,"sedentary_reminder":true,"sleep_reminder":false,"spo2":true,"wear_detection":false},"wear_detection_status":{"last_updated_at":-1}}
2026-03-29 20:36:14.662 | ZhUpdate | setSpo2AlertSettings={"enabled":true,"threshold":100}
2026-03-29 20:36:14.947 | ZhUpdate | setSpo2AlertSettings state=SUCCEED
2026-03-29 20:36:14.949 | AlertService | updateCallback type=Spo2AlertSettingsUpdated
2026-03-29 20:36:14.951 | AlertService | onAlertUpdateCompleted feature=SPO2 success=true
2026-03-29 20:36:14.955 | AlertService | updateCallback type=Spo2SettingsUpdated
2026-03-29 20:36:14.959 | AlertVM | handleUpdateCallback type=Spo2AlertSettingsUpdated
2026-03-29 20:36:14.961 | AlertVM | spo2 update success=true
2026-03-29 20:36:14.964 | AlertVM | handleScreenUpdateCompletion feature=SPO2 success=true
2026-03-29 20:36:14.966 | AlertVM | scheduleVerify feature=SPO2 delayMs=0
2026-03-29 20:36:14.968 | AlertVM | sendQuery feature=SPO2
2026-03-29 20:36:14.970 | AlertVM | handleUpdateCallback type=Spo2SettingsUpdated
2026-03-29 20:36:14.971 | ZhQuery | getSpo2AlertSettings dispatched
2026-03-29 20:36:15.257 | AlertService | queryCallback type=UpdateFirmwareLogStatus
2026-03-29 20:36:15.263 | AlertVM | handleQueryCallback type=UpdateFirmwareLogStatus
2026-03-29 20:36:15.264 | AlertVM | handleQueryCallback type=Default
2026-03-29 20:36:15.574 | ZhQuery | onSWSPO2Monitor={"isWarning":true,"warningValue":100}
2026-03-29 20:36:15.576 | AlertService | queryCallback type=Spo2AlertSettingsObtained
2026-03-29 20:36:15.578 | AlertService | spo2 passive query preserving pending local value
2026-03-29 20:36:15.579 | AlertService | saveAlertSettings={"device_address":"D8:5C:08:30:00:1E","heart_rate":{"low_enabled":true,"low_threshold":49,"resting_enabled":true,"resting_threshold":50,"workout_enabled":false,"workout_threshold":175},"pending_sync":{"heart_rate":false,"relaxation_prompt":false,"sedentary_reminder":false,"sleep_reminder":false,"spo2":true},"pressure_mode":{"relaxation_prompt_enabled":false,"stress_monitoring_enabled":false},"sedentary_reminder":{"end_hour":18,"end_minute":0,"interval":60,"repeat_count":0,"start_hour":9,"start_minute":0,"status":false},"sleep_reminder":{"hour":0,"millisecond":0,"minute":0,"second":0,"status":false},"snapshots":{"heart_rate":{"continuous_heart_rate_mode":0,"frequency":0,"mode":0},"pressure_mode":{"relaxation_warning_value":100},"sedentary_reminder":{"no_disturb_in_launch":false}},"spo2":{"enabled":true,"threshold":100},"support":{"heart_rate":true,"heart_rate_workout":false,"high_stress_index":false,"relaxation_prompt":true,"sedentary_reminder":true,"sleep_reminder":false,"spo2":true,"wear_detection":false},"wear_detection_status":{"last_updated_at":-1}}
2026-03-29 20:36:15.580 | AlertService | queryCallback type=AlertFeatureSupportObtained
2026-03-29 20:36:15.582 | AlertService | saveAlertSettings={"device_address":"D8:5C:08:30:00:1E","heart_rate":{"low_enabled":true,"low_threshold":49,"resting_enabled":true,"resting_threshold":50,"workout_enabled":false,"workout_threshold":175},"pending_sync":{"heart_rate":false,"relaxation_prompt":false,"sedentary_reminder":false,"sleep_reminder":false,"spo2":true},"pressure_mode":{"relaxation_prompt_enabled":false,"stress_monitoring_enabled":false},"sedentary_reminder":{"end_hour":18,"end_minute":0,"interval":60,"repeat_count":0,"start_hour":9,"start_minute":0,"status":false},"sleep_reminder":{"hour":0,"millisecond":0,"minute":0,"second":0,"status":false},"snapshots":{"heart_rate":{"continuous_heart_rate_mode":0,"frequency":0,"mode":0},"pressure_mode":{"relaxation_warning_value":100},"sedentary_reminder":{"no_disturb_in_launch":false}},"spo2":{"enabled":true,"threshold":100},"support":{"heart_rate":true,"heart_rate_workout":false,"high_stress_index":false,"relaxation_prompt":true,"sedentary_reminder":true,"sleep_reminder":false,"spo2":true,"wear_detection":false},"wear_detection_status":{"last_updated_at":-1}}
2026-03-29 20:36:15.585 | ZhQuery | getSpo2AlertSettings state=SUCCEED
2026-03-29 20:36:15.586 | AlertVM | handleQueryCallback type=Spo2AlertSettingsObtained
2026-03-29 20:36:15.587 | AlertVM | spo2 query matchesStored=true pending=true phase=VERIFY_QUERY
2026-03-29 20:36:15.589 | AlertVM | spo2 query value={"enabled":true,"threshold":100}
2026-03-29 20:36:15.590 | AlertVM | handleScreenQueryCompletion feature=SPO2 phase=VERIFY_QUERY matchesStored=true
2026-03-29 20:36:15.591 | AlertVM | handleQueryCallback type=Default
2026-03-29 20:36:15.593 | AlertVM | handleQueryCallback type=AlertFeatureSupportObtained
2026-03-29 20:36:15.594 | AlertVM | support feature=SPO2 supported=true
2026-03-29 20:36:15.595 | AlertVM | handleQueryCallback type=Default
2026-03-29 20:36:16.382 | AlertService | queryCallback type=UpdateFirmwareLogStatus
2026-03-29 20:36:16.391 | AlertVM | handleQueryCallback type=UpdateFirmwareLogStatus
2026-03-29 20:36:16.393 | AlertVM | handleQueryCallback type=Default
2026-03-29 20:36:17.289 | AlertService | queryCallback type=UpdateFirmwareLogStatus
2026-03-29 20:36:17.294 | AlertVM | handleQueryCallback type=UpdateFirmwareLogStatus
2026-03-29 20:36:17.295 | AlertVM | handleQueryCallback type=Default
2026-03-29 20:36:17.800 | AlertVM | refreshWearDetectionStatus unsupportedDeviceType=luna_band
2026-03-29 20:36:18.272 | AlertService | queryCallback type=UpdateFirmwareLogStatus
2026-03-29 20:36:18.283 | AlertVM | handleQueryCallback type=UpdateFirmwareLogStatus
2026-03-29 20:36:18.285 | AlertVM | handleQueryCallback type=Default
2026-03-29 20:36:19.723 | AlertService | queryCallback type=UpdateFirmwareLogStatus
2026-03-29 20:36:19.729 | AlertVM | handleQueryCallback type=UpdateFirmwareLogStatus
2026-03-29 20:36:19.731 | AlertVM | handleQueryCallback type=Default
2026-03-29 20:36:20.269 | AlertService | queryCallback type=UpdateFirmwareLogStatus
2026-03-29 20:36:20.274 | AlertVM | handleQueryCallback type=UpdateFirmwareLogStatus
2026-03-29 20:36:20.277 | AlertVM | handleQueryCallback type=Default
2026-03-29 20:36:21.475 | AlertService | queryCallback type=UpdateFirmwareLogStatus
2026-03-29 20:36:21.483 | AlertVM | handleQueryCallback type=UpdateFirmwareLogStatus
2026-03-29 20:36:21.485 | AlertVM | handleQueryCallback type=Default
2026-03-29 20:36:22.291 | AlertService | queryCallback type=UpdateFirmwareLogStatus
2026-03-29 20:36:22.298 | AlertVM | handleQueryCallback type=UpdateFirmwareLogStatus
2026-03-29 20:36:22.301 | AlertVM | handleQueryCallback type=Default
2026-03-29 20:36:23.374 | AlertService | queryCallback type=UpdateFirmwareLogStatus
2026-03-29 20:36:23.385 | AlertVM | handleQueryCallback type=UpdateFirmwareLogStatus
2026-03-29 20:36:23.388 | AlertVM | handleQueryCallback type=Default
2026-03-29 20:36:24.282 | AlertService | queryCallback type=UpdateFirmwareLogStatus
2026-03-29 20:36:24.292 | AlertVM | handleQueryCallback type=UpdateFirmwareLogStatus
2026-03-29 20:36:24.294 | AlertVM | handleQueryCallback type=Default
2026-03-29 20:36:25.252 | AlertService | queryCallback type=UpdateFirmwareLogStatus
2026-03-29 20:36:25.259 | AlertVM | handleQueryCallback type=UpdateFirmwareLogStatus
2026-03-29 20:36:25.260 | AlertVM | handleQueryCallback type=Default
2026-03-29 20:36:25.457 | AlertService | queryCallback type=BatteryDataObtained
2026-03-29 20:36:25.461 | AlertVM | handleQueryCallback type=BatteryDataObtained
2026-03-29 20:36:25.462 | AlertVM | handleQueryCallback type=Default
2026-03-29 20:36:26.254 | AlertService | queryCallback type=UpdateFirmwareLogStatus
2026-03-29 20:36:26.262 | AlertVM | handleQueryCallback type=UpdateFirmwareLogStatus
2026-03-29 20:36:26.264 | AlertVM | handleQueryCallback type=Default
2026-03-29 20:36:27.275 | AlertService | queryCallback type=UpdateFirmwareLogStatus
2026-03-29 20:36:27.277 | AlertVM | handleQueryCallback type=UpdateFirmwareLogStatus
2026-03-29 20:36:27.278 | AlertVM | handleQueryCallback type=Default
2026-03-29 20:36:28.269 | AlertService | queryCallback type=UpdateFirmwareLogStatus
2026-03-29 20:36:28.282 | AlertVM | handleQueryCallback type=UpdateFirmwareLogStatus
2026-03-29 20:36:28.284 | AlertVM | handleQueryCallback type=Default
2026-03-29 20:36:29.319 | AlertService | queryCallback type=UpdateFirmwareLogStatus
2026-03-29 20:36:29.333 | AlertVM | handleQueryCallback type=UpdateFirmwareLogStatus
2026-03-29 20:36:29.335 | AlertVM | handleQueryCallback type=Default
2026-03-29 20:36:30.251 | AlertService | queryCallback type=UpdateFirmwareLogStatus
2026-03-29 20:36:30.266 | AlertVM | handleQueryCallback type=UpdateFirmwareLogStatus
2026-03-29 20:36:30.268 | AlertVM | handleQueryCallback type=Default
2026-03-29 20:36:31.321 | AlertService | queryCallback type=UpdateFirmwareLogStatus
2026-03-29 20:36:31.325 | AlertVM | handleQueryCallback type=UpdateFirmwareLogStatus
2026-03-29 20:36:31.326 | AlertVM | handleQueryCallback type=Default
2026-03-29 20:36:32.313 | AlertService | queryCallback type=UpdateFirmwareLogStatus
2026-03-29 20:36:32.317 | AlertVM | handleQueryCallback type=UpdateFirmwareLogStatus
2026-03-29 20:36:32.319 | AlertVM | handleQueryCallback type=Default
2026-03-29 20:36:33.259 | AlertService | queryCallback type=UpdateFirmwareLogStatus
2026-03-29 20:36:33.268 | AlertVM | handleQueryCallback type=UpdateFirmwareLogStatus
2026-03-29 20:36:33.270 | AlertVM | handleQueryCallback type=Default
2026-03-29 20:36:34.245 | AlertService | queryCallback type=UpdateFirmwareLogStatus
2026-03-29 20:36:34.250 | AlertVM | handleQueryCallback type=UpdateFirmwareLogStatus
2026-03-29 20:36:34.252 | AlertVM | handleQueryCallback type=Default
2026-03-29 20:36:35.247 | AlertService | queryCallback type=UpdateFirmwareLogStatus
2026-03-29 20:36:35.252 | AlertVM | handleQueryCallback type=UpdateFirmwareLogStatus
2026-03-29 20:36:35.253 | AlertVM | handleQueryCallback type=Default
2026-03-29 20:36:36.296 | AlertService | queryCallback type=UpdateFirmwareLogStatus
2026-03-29 20:36:36.304 | AlertVM | handleQueryCallback type=UpdateFirmwareLogStatus
2026-03-29 20:36:36.305 | AlertVM | handleQueryCallback type=Default
2026-03-29 20:36:37.309 | AlertService | queryCallback type=UpdateFirmwareLogStatus
2026-03-29 20:36:37.310 | AlertVM | handleQueryCallback type=UpdateFirmwareLogStatus
2026-03-29 20:36:37.311 | AlertVM | handleQueryCallback type=Default
2026-03-29 20:36:38.302 | AlertService | queryCallback type=UpdateFirmwareLogStatus
2026-03-29 20:36:38.304 | AlertVM | handleQueryCallback type=UpdateFirmwareLogStatus
2026-03-29 20:36:38.306 | AlertVM | handleQueryCallback type=Default
2026-03-29 20:36:39.394 | AlertService | queryCallback type=UpdateFirmwareLogStatus
2026-03-29 20:36:39.397 | AlertVM | handleQueryCallback type=UpdateFirmwareLogStatus
2026-03-29 20:36:39.399 | AlertVM | handleQueryCallback type=Default
2026-03-29 20:36:40.378 | AlertService | queryCallback type=UpdateFirmwareLogStatus
2026-03-29 20:36:40.386 | AlertVM | handleQueryCallback type=UpdateFirmwareLogStatus
2026-03-29 20:36:40.388 | AlertVM | handleQueryCallback type=Default
2026-03-29 20:36:41.284 | AlertService | queryCallback type=UpdateFirmwareLogStatus
2026-03-29 20:36:41.291 | AlertVM | handleQueryCallback type=UpdateFirmwareLogStatus
2026-03-29 20:36:41.294 | AlertVM | handleQueryCallback type=Default
2026-03-29 20:36:42.285 | AlertService | queryCallback type=UpdateFirmwareLogStatus
2026-03-29 20:36:42.290 | AlertVM | handleQueryCallback type=UpdateFirmwareLogStatus
2026-03-29 20:36:42.293 | AlertVM | handleQueryCallback type=Default
2026-03-29 20:36:43.270 | AlertService | queryCallback type=UpdateFirmwareLogStatus
2026-03-29 20:36:43.280 | AlertVM | handleQueryCallback type=UpdateFirmwareLogStatus
2026-03-29 20:36:43.283 | AlertVM | handleQueryCallback type=Default
2026-03-29 20:36:44.263 | AlertService | queryCallback type=UpdateFirmwareLogStatus
2026-03-29 20:36:44.266 | AlertVM | handleQueryCallback type=UpdateFirmwareLogStatus
2026-03-29 20:36:44.269 | AlertVM | handleQueryCallback type=Default
2026-03-29 20:36:45.231 | AlertService | queryCallback type=UpdateFirmwareLogStatus
2026-03-29 20:36:45.232 | AlertVM | handleQueryCallback type=UpdateFirmwareLogStatus
2026-03-29 20:36:45.233 | AlertVM | handleQueryCallback type=Default
2026-03-29 20:36:45.519 | AlertService | queryCallback type=BatteryDataObtained
2026-03-29 20:36:45.525 | AlertVM | handleQueryCallback type=BatteryDataObtained
2026-03-29 20:36:45.527 | AlertVM | handleQueryCallback type=Default
2026-03-29 20:36:46.286 | AlertService | queryCallback type=UpdateFirmwareLogStatus
2026-03-29 20:36:46.305 | AlertVM | handleQueryCallback type=UpdateFirmwareLogStatus
2026-03-29 20:36:46.308 | AlertVM | handleQueryCallback type=Default
2026-03-29 20:36:47.271 | AlertService | queryCallback type=UpdateFirmwareLogStatus
2026-03-29 20:36:47.282 | AlertVM | handleQueryCallback type=UpdateFirmwareLogStatus
2026-03-29 20:36:47.285 | AlertVM | handleQueryCallback type=Default
2026-03-29 20:36:48.306 | AlertService | queryCallback type=UpdateFirmwareLogStatus
2026-03-29 20:36:48.316 | AlertVM | handleQueryCallback type=UpdateFirmwareLogStatus
2026-03-29 20:36:48.318 | AlertVM | handleQueryCallback type=Default
2026-03-29 20:36:49.254 | AlertService | queryCallback type=UpdateFirmwareLogStatus
2026-03-29 20:36:49.276 | AlertVM | handleQueryCallback type=UpdateFirmwareLogStatus
2026-03-29 20:36:49.278 | AlertVM | handleQueryCallback type=Default
2026-03-29 20:36:50.269 | AlertService | queryCallback type=UpdateFirmwareLogStatus
2026-03-29 20:36:50.277 | AlertVM | handleQueryCallback type=UpdateFirmwareLogStatus
2026-03-29 20:36:50.279 | AlertVM | handleQueryCallback type=Default
2026-03-29 20:36:51.255 | AlertService | queryCallback type=UpdateFirmwareLogStatus
2026-03-29 20:36:51.263 | AlertVM | handleQueryCallback type=UpdateFirmwareLogStatus
2026-03-29 20:36:51.265 | AlertVM | handleQueryCallback type=Default
2026-03-29 20:36:52.294 | AlertService | queryCallback type=UpdateFirmwareLogStatus
2026-03-29 20:36:52.301 | AlertVM | handleQueryCallback type=UpdateFirmwareLogStatus
2026-03-29 20:36:52.303 | AlertVM | handleQueryCallback type=Default
2026-03-29 20:36:53.243 | AlertService | queryCallback type=UpdateFirmwareLogStatus
2026-03-29 20:36:53.253 | AlertVM | handleQueryCallback type=UpdateFirmwareLogStatus
2026-03-29 20:36:53.255 | AlertVM | handleQueryCallback type=Default
2026-03-29 20:36:54.245 | AlertService | queryCallback type=UpdateFirmwareLogStatus
2026-03-29 20:36:54.259 | AlertVM | handleQueryCallback type=UpdateFirmwareLogStatus
2026-03-29 20:36:54.262 | AlertVM | handleQueryCallback type=Default
2026-03-29 20:36:55.235 | AlertService | queryCallback type=UpdateFirmwareLogStatus
2026-03-29 20:36:55.237 | AlertVM | handleQueryCallback type=UpdateFirmwareLogStatus
2026-03-29 20:36:55.240 | AlertVM | handleQueryCallback type=Default
2026-03-29 20:36:56.276 | AlertService | queryCallback type=UpdateFirmwareLogStatus
2026-03-29 20:36:56.290 | AlertVM | handleQueryCallback type=UpdateFirmwareLogStatus
2026-03-29 20:36:56.293 | AlertVM | handleQueryCallback type=Default
2026-03-29 20:36:57.255 | AlertService | queryCallback type=UpdateFirmwareLogStatus
2026-03-29 20:36:57.264 | AlertVM | handleQueryCallback type=UpdateFirmwareLogStatus
2026-03-29 20:36:57.266 | AlertVM | handleQueryCallback type=Default
2026-03-29 20:36:58.266 | AlertService | queryCallback type=UpdateFirmwareLogStatus
2026-03-29 20:36:58.269 | AlertVM | handleQueryCallback type=UpdateFirmwareLogStatus
2026-03-29 20:36:58.273 | AlertVM | handleQueryCallback type=Default
2026-03-29 20:36:59.243 | AlertService | queryCallback type=UpdateFirmwareLogStatus
2026-03-29 20:36:59.255 | AlertVM | handleQueryCallback type=UpdateFirmwareLogStatus
2026-03-29 20:36:59.258 | AlertVM | handleQueryCallback type=Default
2026-03-29 20:37:00.230 | AlertService | queryCallback type=UpdateFirmwareLogStatus
2026-03-29 20:37:00.244 | AlertVM | handleQueryCallback type=UpdateFirmwareLogStatus
2026-03-29 20:37:00.247 | AlertVM | handleQueryCallback type=Default
2026-03-29 20:37:01.411 | AlertService | queryCallback type=UpdateFirmwareLogStatus
2026-03-29 20:37:01.421 | AlertVM | handleQueryCallback type=UpdateFirmwareLogStatus
2026-03-29 20:37:01.423 | AlertVM | handleQueryCallback type=Default
2026-03-29 20:37:02.250 | AlertService | queryCallback type=UpdateFirmwareLogStatus
2026-03-29 20:37:02.260 | AlertVM | handleQueryCallback type=UpdateFirmwareLogStatus
2026-03-29 20:37:02.263 | AlertVM | handleQueryCallback type=Default
2026-03-29 20:37:03.256 | AlertService | queryCallback type=UpdateFirmwareLogStatus
2026-03-29 20:37:03.262 | AlertVM | handleQueryCallback type=UpdateFirmwareLogStatus
2026-03-29 20:37:03.265 | AlertVM | handleQueryCallback type=Default
2026-03-29 20:37:04.233 | AlertService | queryCallback type=UpdateFirmwareLogStatus
2026-03-29 20:37:04.238 | AlertVM | handleQueryCallback type=UpdateFirmwareLogStatus
2026-03-29 20:37:04.241 | AlertVM | handleQueryCallback type=Default
2026-03-29 20:37:05.236 | AlertService | queryCallback type=UpdateFirmwareLogStatus
2026-03-29 20:37:05.240 | AlertVM | handleQueryCallback type=UpdateFirmwareLogStatus
2026-03-29 20:37:05.246 | AlertVM | handleQueryCallback type=Default
2026-03-29 20:37:06.262 | AlertService | queryCallback type=UpdateFirmwareLogStatus
2026-03-29 20:37:06.272 | AlertVM | handleQueryCallback type=UpdateFirmwareLogStatus
2026-03-29 20:37:06.275 | AlertVM | handleQueryCallback type=Default
2026-03-29 20:37:07.249 | AlertService | queryCallback type=UpdateFirmwareLogStatus
2026-03-29 20:37:07.257 | AlertVM | handleQueryCallback type=UpdateFirmwareLogStatus
2026-03-29 20:37:07.260 | AlertVM | handleQueryCallback type=Default
2026-03-29 20:37:08.241 | AlertService | queryCallback type=UpdateFirmwareLogStatus
2026-03-29 20:37:08.252 | AlertVM | handleQueryCallback type=UpdateFirmwareLogStatus
2026-03-29 20:37:08.256 | AlertVM | handleQueryCallback type=Default
2026-03-29 20:37:09.235 | AlertService | queryCallback type=UpdateFirmwareLogStatus
2026-03-29 20:37:09.241 | AlertVM | handleQueryCallback type=UpdateFirmwareLogStatus
2026-03-29 20:37:09.244 | AlertVM | handleQueryCallback type=Default
2026-03-29 20:37:10.263 | AlertService | queryCallback type=UpdateFirmwareLogStatus
2026-03-29 20:37:10.273 | AlertVM | handleQueryCallback type=UpdateFirmwareLogStatus
2026-03-29 20:37:10.276 | AlertVM | handleQueryCallback type=Default
2026-03-29 20:37:11.264 | AlertService | queryCallback type=UpdateFirmwareLogStatus
2026-03-29 20:37:11.268 | AlertVM | handleQueryCallback type=UpdateFirmwareLogStatus
2026-03-29 20:37:11.270 | AlertVM | handleQueryCallback type=Default
2026-03-29 20:37:12.227 | AlertService | queryCallback type=UpdateFirmwareLogStatus
2026-03-29 20:37:12.237 | AlertVM | handleQueryCallback type=UpdateFirmwareLogStatus
2026-03-29 20:37:12.239 | AlertVM | handleQueryCallback type=Default
2026-03-29 20:37:13.234 | AlertService | queryCallback type=UpdateFirmwareLogStatus
2026-03-29 20:37:13.243 | AlertVM | handleQueryCallback type=UpdateFirmwareLogStatus
2026-03-29 20:37:13.245 | AlertVM | handleQueryCallback type=Default
2026-03-29 20:37:14.224 | AlertService | queryCallback type=UpdateFirmwareLogStatus
2026-03-29 20:37:14.240 | AlertVM | handleQueryCallback type=UpdateFirmwareLogStatus
2026-03-29 20:37:14.243 | AlertVM | handleQueryCallback type=Default
2026-03-29 20:37:15.252 | AlertService | queryCallback type=UpdateFirmwareLogStatus
2026-03-29 20:37:15.260 | AlertVM | handleQueryCallback type=UpdateFirmwareLogStatus
2026-03-29 20:37:15.263 | AlertVM | handleQueryCallback type=Default
2026-03-29 20:37:16.292 | AlertService | queryCallback type=UpdateFirmwareLogStatus
2026-03-29 20:37:16.296 | AlertVM | handleQueryCallback type=UpdateFirmwareLogStatus
2026-03-29 20:37:16.298 | AlertVM | handleQueryCallback type=Default
2026-03-29 20:37:17.302 | AlertService | queryCallback type=UpdateFirmwareLogStatus
2026-03-29 20:37:17.312 | AlertVM | handleQueryCallback type=UpdateFirmwareLogStatus
2026-03-29 20:37:17.315 | AlertVM | handleQueryCallback type=Default
2026-03-29 20:37:18.223 | AlertService | queryCallback type=UpdateFirmwareLogStatus
2026-03-29 20:37:18.230 | AlertVM | handleQueryCallback type=UpdateFirmwareLogStatus
2026-03-29 20:37:18.232 | AlertVM | handleQueryCallback type=Default
2026-03-29 20:37:19.219 | AlertService | queryCallback type=UpdateFirmwareLogStatus
2026-03-29 20:37:19.223 | AlertVM | handleQueryCallback type=UpdateFirmwareLogStatus
2026-03-29 20:37:19.225 | AlertVM | handleQueryCallback type=Default
2026-03-29 20:37:20.253 | AlertService | queryCallback type=UpdateFirmwareLogStatus
2026-03-29 20:37:20.263 | AlertVM | handleQueryCallback type=UpdateFirmwareLogStatus
2026-03-29 20:37:20.265 | AlertVM | handleQueryCallback type=Default
2026-03-29 20:37:21.246 | AlertService | queryCallback type=UpdateFirmwareLogStatus
2026-03-29 20:37:21.255 | AlertVM | handleQueryCallback type=UpdateFirmwareLogStatus
2026-03-29 20:37:21.258 | AlertVM | handleQueryCallback type=Default
2026-03-29 20:37:22.229 | AlertService | queryCallback type=UpdateFirmwareLogStatus
2026-03-29 20:37:22.236 | AlertVM | handleQueryCallback type=UpdateFirmwareLogStatus
2026-03-29 20:37:22.238 | AlertVM | handleQueryCallback type=Default
2026-03-29 20:37:23.219 | AlertService | queryCallback type=UpdateFirmwareLogStatus
2026-03-29 20:37:23.229 | AlertVM | handleQueryCallback type=UpdateFirmwareLogStatus
2026-03-29 20:37:23.232 | AlertVM | handleQueryCallback type=Default
2026-03-29 20:37:24.257 | AlertService | queryCallback type=UpdateFirmwareLogStatus
2026-03-29 20:37:24.267 | AlertVM | handleQueryCallback type=UpdateFirmwareLogStatus
2026-03-29 20:37:24.269 | AlertVM | handleQueryCallback type=Default
2026-03-29 20:37:25.234 | AlertService | queryCallback type=UpdateFirmwareLogStatus
2026-03-29 20:37:25.245 | AlertVM | handleQueryCallback type=UpdateFirmwareLogStatus
2026-03-29 20:37:25.246 | AlertVM | handleQueryCallback type=Default
2026-03-29 20:37:25.449 | AlertService | queryCallback type=BatteryDataObtained
2026-03-29 20:37:25.453 | AlertVM | handleQueryCallback type=BatteryDataObtained
2026-03-29 20:37:25.456 | AlertVM | handleQueryCallback type=Default
2026-03-29 20:37:26.301 | AlertService | queryCallback type=UpdateFirmwareLogStatus
2026-03-29 20:37:26.306 | AlertVM | handleQueryCallback type=UpdateFirmwareLogStatus
2026-03-29 20:37:26.307 | AlertVM | handleQueryCallback type=Default
2026-03-29 20:37:27.230 | AlertService | queryCallback type=UpdateFirmwareLogStatus
2026-03-29 20:37:27.238 | AlertVM | handleQueryCallback type=UpdateFirmwareLogStatus
2026-03-29 20:37:27.241 | AlertVM | handleQueryCallback type=Default
2026-03-29 20:37:28.211 | AlertService | queryCallback type=UpdateFirmwareLogStatus
2026-03-29 20:37:28.224 | AlertVM | handleQueryCallback type=UpdateFirmwareLogStatus
2026-03-29 20:37:28.227 | AlertVM | handleQueryCallback type=Default
2026-03-29 20:37:29.218 | AlertService | queryCallback type=UpdateFirmwareLogStatus
2026-03-29 20:37:29.222 | AlertVM | handleQueryCallback type=UpdateFirmwareLogStatus
2026-03-29 20:37:29.225 | AlertVM | handleQueryCallback type=Default
2026-03-29 20:37:30.234 | AlertService | queryCallback type=UpdateFirmwareLogStatus
2026-03-29 20:37:30.239 | AlertVM | handleQueryCallback type=UpdateFirmwareLogStatus
2026-03-29 20:37:30.241 | AlertVM | handleQueryCallback type=Default
2026-03-29 20:37:31.235 | AlertService | queryCallback type=UpdateFirmwareLogStatus
2026-03-29 20:37:31.249 | AlertVM | handleQueryCallback type=UpdateFirmwareLogStatus
2026-03-29 20:37:31.252 | AlertVM | handleQueryCallback type=Default
2026-03-29 20:37:32.228 | AlertService | queryCallback type=UpdateFirmwareLogStatus
2026-03-29 20:37:32.235 | AlertVM | handleQueryCallback type=UpdateFirmwareLogStatus
2026-03-29 20:37:32.237 | AlertVM | handleQueryCallback type=Default
2026-03-29 20:37:33.214 | AlertService | queryCallback type=UpdateFirmwareLogStatus
2026-03-29 20:37:33.223 | AlertVM | handleQueryCallback type=UpdateFirmwareLogStatus
2026-03-29 20:37:33.225 | AlertVM | handleQueryCallback type=Default
2026-03-29 20:37:34.247 | AlertService | queryCallback type=UpdateFirmwareLogStatus
2026-03-29 20:37:34.257 | AlertVM | handleQueryCallback type=UpdateFirmwareLogStatus
2026-03-29 20:37:34.260 | AlertVM | handleQueryCallback type=Default
2026-03-29 20:37:35.242 | AlertService | queryCallback type=UpdateFirmwareLogStatus
2026-03-29 20:37:35.252 | AlertVM | handleQueryCallback type=UpdateFirmwareLogStatus
2026-03-29 20:37:35.254 | AlertVM | handleQueryCallback type=Default
2026-03-29 20:37:36.262 | AlertService | queryCallback type=UpdateFirmwareLogStatus
2026-03-29 20:37:36.269 | AlertVM | handleQueryCallback type=UpdateFirmwareLogStatus
2026-03-29 20:37:36.271 | AlertVM | handleQueryCallback type=Default
2026-03-29 20:37:37.224 | AlertService | queryCallback type=UpdateFirmwareLogStatus
2026-03-29 20:37:37.235 | AlertVM | handleQueryCallback type=UpdateFirmwareLogStatus
2026-03-29 20:37:37.237 | AlertVM | handleQueryCallback type=Default
2026-03-29 20:37:38.268 | AlertService | queryCallback type=UpdateFirmwareLogStatus
2026-03-29 20:37:38.274 | AlertVM | handleQueryCallback type=UpdateFirmwareLogStatus
2026-03-29 20:37:38.276 | AlertVM | handleQueryCallback type=Default
2026-03-29 20:37:39.243 | AlertService | queryCallback type=UpdateFirmwareLogStatus
2026-03-29 20:37:39.257 | AlertVM | handleQueryCallback type=UpdateFirmwareLogStatus
2026-03-29 20:37:39.260 | AlertVM | handleQueryCallback type=Default
2026-03-29 20:37:40.239 | AlertService | queryCallback type=UpdateFirmwareLogStatus
2026-03-29 20:37:40.262 | AlertVM | handleQueryCallback type=UpdateFirmwareLogStatus
2026-03-29 20:37:40.264 | AlertVM | handleQueryCallback type=Default
2026-03-29 20:37:41.229 | AlertService | queryCallback type=UpdateFirmwareLogStatus
2026-03-29 20:37:41.242 | AlertVM | handleQueryCallback type=UpdateFirmwareLogStatus
2026-03-29 20:37:41.246 | AlertVM | handleQueryCallback type=Default
2026-03-29 20:37:42.219 | AlertService | queryCallback type=UpdateFirmwareLogStatus
2026-03-29 20:37:42.229 | AlertVM | handleQueryCallback type=UpdateFirmwareLogStatus
2026-03-29 20:37:42.232 | AlertVM | handleQueryCallback type=Default
2026-03-29 20:37:43.200 | AlertService | queryCallback type=UpdateFirmwareLogStatus
2026-03-29 20:37:43.211 | AlertVM | handleQueryCallback type=UpdateFirmwareLogStatus
2026-03-29 20:37:43.213 | AlertVM | handleQueryCallback type=Default
2026-03-29 20:37:44.252 | AlertService | queryCallback type=UpdateFirmwareLogStatus
2026-03-29 20:37:44.255 | AlertVM | handleQueryCallback type=UpdateFirmwareLogStatus
2026-03-29 20:37:44.257 | AlertVM | handleQueryCallback type=Default
2026-03-29 20:37:45.370 | AlertService | queryCallback type=UpdateFirmwareLogStatus
2026-03-29 20:37:45.386 | AlertVM | handleQueryCallback type=UpdateFirmwareLogStatus
2026-03-29 20:37:45.388 | AlertVM | handleQueryCallback type=Default
2026-03-29 20:37:46.213 | AlertService | queryCallback type=UpdateFirmwareLogStatus
2026-03-29 20:37:46.224 | AlertVM | handleQueryCallback type=UpdateFirmwareLogStatus
2026-03-29 20:37:46.226 | AlertVM | handleQueryCallback type=Default
2026-03-29 20:37:47.207 | AlertService | queryCallback type=UpdateFirmwareLogStatus
2026-03-29 20:37:47.225 | AlertVM | handleQueryCallback type=UpdateFirmwareLogStatus
2026-03-29 20:37:47.228 | AlertVM | handleQueryCallback type=Default
2026-03-29 20:37:48.229 | AlertService | queryCallback type=UpdateFirmwareLogStatus
2026-03-29 20:37:48.235 | AlertVM | handleQueryCallback type=UpdateFirmwareLogStatus
2026-03-29 20:37:48.237 | AlertVM | handleQueryCallback type=Default
2026-03-29 20:37:49.235 | AlertService | queryCallback type=UpdateFirmwareLogStatus
2026-03-29 20:37:49.245 | AlertVM | handleQueryCallback type=UpdateFirmwareLogStatus
2026-03-29 20:37:49.248 | AlertVM | handleQueryCallback type=Default
2026-03-29 20:37:50.232 | AlertService | queryCallback type=UpdateFirmwareLogStatus
2026-03-29 20:37:50.238 | AlertVM | handleQueryCallback type=UpdateFirmwareLogStatus
2026-03-29 20:37:50.240 | AlertVM | handleQueryCallback type=Default
2026-03-29 20:37:51.212 | AlertService | queryCallback type=UpdateFirmwareLogStatus
2026-03-29 20:37:51.226 | AlertVM | handleQueryCallback type=UpdateFirmwareLogStatus
2026-03-29 20:37:51.228 | AlertVM | handleQueryCallback type=Default
2026-03-29 20:37:52.209 | AlertService | queryCallback type=UpdateFirmwareLogStatus
2026-03-29 20:37:52.222 | AlertVM | handleQueryCallback type=UpdateFirmwareLogStatus
2026-03-29 20:37:52.225 | AlertVM | handleQueryCallback type=Default
2026-03-29 20:37:53.192 | AlertService | queryCallback type=UpdateFirmwareLogStatus
2026-03-29 20:37:53.197 | AlertVM | handleQueryCallback type=UpdateFirmwareLogStatus
2026-03-29 20:37:53.201 | AlertVM | handleQueryCallback type=Default
2026-03-29 20:37:54.232 | AlertService | queryCallback type=UpdateFirmwareLogStatus
2026-03-29 20:37:54.242 | AlertVM | handleQueryCallback type=UpdateFirmwareLogStatus
2026-03-29 20:37:54.245 | AlertVM | handleQueryCallback type=Default
2026-03-29 20:37:55.374 | AlertService | queryCallback type=UpdateFirmwareLogStatus
2026-03-29 20:37:55.389 | AlertVM | handleQueryCallback type=UpdateFirmwareLogStatus
2026-03-29 20:37:55.392 | AlertVM | handleQueryCallback type=Default
2026-03-29 20:37:56.211 | AlertService | queryCallback type=UpdateFirmwareLogStatus
2026-03-29 20:37:56.222 | AlertVM | handleQueryCallback type=UpdateFirmwareLogStatus
2026-03-29 20:37:56.225 | AlertVM | handleQueryCallback type=Default
2026-03-29 20:37:57.292 | AlertService | queryCallback type=UpdateFirmwareLogStatus
2026-03-29 20:37:57.301 | AlertVM | handleQueryCallback type=UpdateFirmwareLogStatus
2026-03-29 20:37:57.304 | AlertVM | handleQueryCallback type=Default
2026-03-29 20:37:58.243 | AlertService | queryCallback type=UpdateFirmwareLogStatus
2026-03-29 20:37:58.256 | AlertVM | handleQueryCallback type=UpdateFirmwareLogStatus
2026-03-29 20:37:58.259 | AlertVM | handleQueryCallback type=Default
2026-03-29 20:37:59.229 | AlertService | queryCallback type=UpdateFirmwareLogStatus
2026-03-29 20:37:59.239 | AlertVM | handleQueryCallback type=UpdateFirmwareLogStatus
2026-03-29 20:37:59.241 | AlertVM | handleQueryCallback type=Default
2026-03-29 20:38:00.212 | AlertService | queryCallback type=UpdateFirmwareLogStatus
2026-03-29 20:38:00.220 | AlertVM | handleQueryCallback type=UpdateFirmwareLogStatus
2026-03-29 20:38:00.224 | AlertVM | handleQueryCallback type=Default
2026-03-29 20:38:01.182 | AlertService | queryCallback type=UpdateFirmwareLogStatus
2026-03-29 20:38:01.195 | AlertVM | handleQueryCallback type=UpdateFirmwareLogStatus
2026-03-29 20:38:01.197 | AlertVM | handleQueryCallback type=Default
2026-03-29 20:38:02.236 | AlertService | queryCallback type=UpdateFirmwareLogStatus
2026-03-29 20:38:02.256 | AlertVM | handleQueryCallback type=UpdateFirmwareLogStatus
2026-03-29 20:38:02.259 | AlertVM | handleQueryCallback type=Default
2026-03-29 20:38:03.230 | AlertService | queryCallback type=UpdateFirmwareLogStatus
2026-03-29 20:38:03.240 | AlertVM | handleQueryCallback type=UpdateFirmwareLogStatus
2026-03-29 20:38:03.243 | AlertVM | handleQueryCallback type=Default
2026-03-29 20:38:04.367 | AlertService | queryCallback type=UpdateFirmwareLogStatus
2026-03-29 20:38:04.389 | AlertVM | handleQueryCallback type=UpdateFirmwareLogStatus
2026-03-29 20:38:04.395 | AlertVM | handleQueryCallback type=Default
2026-03-29 20:38:05.211 | AlertService | queryCallback type=UpdateFirmwareLogStatus
2026-03-29 20:38:05.220 | AlertVM | handleQueryCallback type=UpdateFirmwareLogStatus
2026-03-29 20:38:05.222 | AlertVM | handleQueryCallback type=Default
2026-03-29 20:38:06.189 | AlertService | queryCallback type=UpdateFirmwareLogStatus
2026-03-29 20:38:06.200 | AlertVM | handleQueryCallback type=UpdateFirmwareLogStatus
2026-03-29 20:38:06.203 | AlertVM | handleQueryCallback type=Default
2026-03-29 20:38:07.236 | AlertService | queryCallback type=UpdateFirmwareLogStatus
2026-03-29 20:38:07.246 | AlertVM | handleQueryCallback type=UpdateFirmwareLogStatus
2026-03-29 20:38:07.249 | AlertVM | handleQueryCallback type=Default
2026-03-29 20:38:08.266 | AlertService | queryCallback type=UpdateFirmwareLogStatus
2026-03-29 20:38:08.280 | AlertVM | handleQueryCallback type=UpdateFirmwareLogStatus
2026-03-29 20:38:08.283 | AlertVM | handleQueryCallback type=Default
2026-03-29 20:38:09.337 | AlertService | queryCallback type=UpdateFirmwareLogStatus
2026-03-29 20:38:09.340 | AlertVM | handleQueryCallback type=UpdateFirmwareLogStatus
2026-03-29 20:38:09.347 | AlertVM | handleQueryCallback type=Default
2026-03-29 20:38:10.386 | AlertService | queryCallback type=UpdateFirmwareLogStatus
2026-03-29 20:38:10.402 | AlertVM | handleQueryCallback type=UpdateFirmwareLogStatus
2026-03-29 20:38:10.405 | AlertVM | handleQueryCallback type=Default
2026-03-29 20:38:12.307 | AlertService | queryCallback type=UpdateFirmwareLogStatus
2026-03-29 20:38:12.326 | AlertVM | handleQueryCallback type=UpdateFirmwareLogStatus
2026-03-29 20:38:12.329 | AlertVM | handleQueryCallback type=Default
2026-03-29 20:38:13.439 | AlertService | queryCallback type=UpdateFirmwareLogStatus
2026-03-29 20:38:13.449 | AlertVM | handleQueryCallback type=UpdateFirmwareLogStatus
2026-03-29 20:38:13.451 | AlertVM | handleQueryCallback type=Default
2026-03-29 20:38:14.498 | AlertService | queryCallback type=UpdateFirmwareLogStatus
2026-03-29 20:38:14.504 | AlertVM | handleQueryCallback type=UpdateFirmwareLogStatus
2026-03-29 20:38:14.507 | AlertVM | handleQueryCallback type=Default
2026-03-29 20:38:15.426 | AlertService | queryCallback type=UpdateFirmwareLogStatus
2026-03-29 20:38:15.443 | AlertVM | handleQueryCallback type=UpdateFirmwareLogStatus
2026-03-29 20:38:15.446 | AlertVM | handleQueryCallback type=Default
2026-03-29 20:38:16.417 | AlertService | queryCallback type=UpdateFirmwareLogStatus
2026-03-29 20:38:16.429 | AlertVM | handleQueryCallback type=UpdateFirmwareLogStatus
2026-03-29 20:38:16.432 | AlertVM | handleQueryCallback type=Default
2026-03-29 20:38:17.319 | AlertService | queryCallback type=UpdateFirmwareLogStatus
2026-03-29 20:38:17.330 | AlertVM | handleQueryCallback type=UpdateFirmwareLogStatus
2026-03-29 20:38:17.334 | AlertVM | handleQueryCallback type=Default
2026-03-29 20:38:18.338 | AlertService | queryCallback type=UpdateFirmwareLogStatus
2026-03-29 20:38:18.339 | AlertVM | handleQueryCallback type=UpdateFirmwareLogStatus
2026-03-29 20:38:18.341 | AlertVM | handleQueryCallback type=Default
2026-03-29 20:38:19.571 | AlertService | queryCallback type=UpdateFirmwareLogStatus
2026-03-29 20:38:19.586 | AlertVM | handleQueryCallback type=UpdateFirmwareLogStatus
2026-03-29 20:38:19.589 | AlertVM | handleQueryCallback type=Default
2026-03-29 20:38:20.420 | AlertService | queryCallback type=UpdateFirmwareLogStatus
2026-03-29 20:38:20.428 | AlertVM | handleQueryCallback type=UpdateFirmwareLogStatus
2026-03-29 20:38:20.430 | AlertVM | handleQueryCallback type=Default
2026-03-29 20:38:21.413 | AlertService | queryCallback type=UpdateFirmwareLogStatus
2026-03-29 20:38:21.429 | AlertVM | handleQueryCallback type=UpdateFirmwareLogStatus
2026-03-29 20:38:21.432 | AlertVM | handleQueryCallback type=Default
2026-03-29 20:38:22.394 | AlertService | queryCallback type=UpdateFirmwareLogStatus
2026-03-29 20:38:22.397 | AlertVM | handleQueryCallback type=UpdateFirmwareLogStatus
2026-03-29 20:38:22.399 | AlertVM | handleQueryCallback type=Default
2026-03-29 20:38:23.539 | AlertService | queryCallback type=UpdateFirmwareLogStatus
2026-03-29 20:38:23.554 | AlertVM | handleQueryCallback type=UpdateFirmwareLogStatus
2026-03-29 20:38:23.557 | AlertVM | handleQueryCallback type=Default
2026-03-29 20:38:24.375 | AlertService | queryCallback type=UpdateFirmwareLogStatus
2026-03-29 20:38:24.378 | AlertVM | handleQueryCallback type=UpdateFirmwareLogStatus
2026-03-29 20:38:24.380 | AlertVM | handleQueryCallback type=Default
2026-03-29 20:38:25.410 | AlertService | queryCallback type=UpdateFirmwareLogStatus
2026-03-29 20:38:25.419 | AlertVM | handleQueryCallback type=UpdateFirmwareLogStatus
2026-03-29 20:38:25.422 | AlertVM | handleQueryCallback type=Default
2026-03-29 20:38:25.651 | AlertService | queryCallback type=BatteryDataObtained
2026-03-29 20:38:25.660 | AlertVM | handleQueryCallback type=BatteryDataObtained
2026-03-29 20:38:25.668 | AlertVM | handleQueryCallback type=Default
2026-03-29 20:38:26.405 | AlertService | queryCallback type=UpdateFirmwareLogStatus
2026-03-29 20:38:26.421 | AlertVM | handleQueryCallback type=UpdateFirmwareLogStatus
2026-03-29 20:38:26.424 | AlertVM | handleQueryCallback type=Default
2026-03-29 20:38:27.395 | AlertService | queryCallback type=UpdateFirmwareLogStatus
2026-03-29 20:38:27.407 | AlertVM | handleQueryCallback type=UpdateFirmwareLogStatus
2026-03-29 20:38:27.409 | AlertVM | handleQueryCallback type=Default
2026-03-29 20:38:28.384 | AlertService | queryCallback type=UpdateFirmwareLogStatus
2026-03-29 20:38:28.395 | AlertVM | handleQueryCallback type=UpdateFirmwareLogStatus
2026-03-29 20:38:28.397 | AlertVM | handleQueryCallback type=Default
2026-03-29 20:38:29.398 | AlertService | queryCallback type=UpdateFirmwareLogStatus
2026-03-29 20:38:29.407 | AlertVM | handleQueryCallback type=UpdateFirmwareLogStatus
2026-03-29 20:38:29.410 | AlertVM | handleQueryCallback type=Default
2026-03-29 20:38:30.416 | AlertService | queryCallback type=UpdateFirmwareLogStatus
2026-03-29 20:38:30.425 | AlertVM | handleQueryCallback type=UpdateFirmwareLogStatus
2026-03-29 20:38:30.427 | AlertVM | handleQueryCallback type=Default
2026-03-29 20:38:31.394 | AlertService | queryCallback type=UpdateFirmwareLogStatus
2026-03-29 20:38:31.404 | AlertVM | handleQueryCallback type=UpdateFirmwareLogStatus
2026-03-29 20:38:31.406 | AlertVM | handleQueryCallback type=Default
2026-03-29 20:38:32.389 | AlertService | queryCallback type=UpdateFirmwareLogStatus
2026-03-29 20:38:32.398 | AlertVM | handleQueryCallback type=UpdateFirmwareLogStatus
2026-03-29 20:38:32.401 | AlertVM | handleQueryCallback type=Default
2026-03-29 20:38:33.381 | AlertService | queryCallback type=UpdateFirmwareLogStatus
2026-03-29 20:38:33.392 | AlertVM | handleQueryCallback type=UpdateFirmwareLogStatus
2026-03-29 20:38:33.394 | AlertVM | handleQueryCallback type=Default
2026-03-29 20:38:34.359 | AlertService | queryCallback type=UpdateFirmwareLogStatus
2026-03-29 20:38:34.368 | AlertVM | handleQueryCallback type=UpdateFirmwareLogStatus
2026-03-29 20:38:34.370 | AlertVM | handleQueryCallback type=Default
2026-03-29 20:38:35.402 | AlertService | queryCallback type=UpdateFirmwareLogStatus
2026-03-29 20:38:35.410 | AlertVM | handleQueryCallback type=UpdateFirmwareLogStatus
2026-03-29 20:38:35.413 | AlertVM | handleQueryCallback type=Default
2026-03-29 20:38:36.540 | AlertService | queryCallback type=UpdateFirmwareLogStatus
2026-03-29 20:38:36.551 | AlertVM | handleQueryCallback type=UpdateFirmwareLogStatus
2026-03-29 20:38:36.554 | AlertVM | handleQueryCallback type=Default
2026-03-29 20:38:37.382 | AlertService | queryCallback type=UpdateFirmwareLogStatus
2026-03-29 20:38:37.396 | AlertVM | handleQueryCallback type=UpdateFirmwareLogStatus
2026-03-29 20:38:37.399 | AlertVM | handleQueryCallback type=Default
2026-03-29 20:38:38.374 | AlertService | queryCallback type=UpdateFirmwareLogStatus
2026-03-29 20:38:38.378 | AlertVM | handleQueryCallback type=UpdateFirmwareLogStatus
2026-03-29 20:38:38.381 | AlertVM | handleQueryCallback type=Default
2026-03-29 20:38:39.364 | AlertService | queryCallback type=UpdateFirmwareLogStatus
2026-03-29 20:38:39.372 | AlertVM | handleQueryCallback type=UpdateFirmwareLogStatus
2026-03-29 20:38:39.375 | AlertVM | handleQueryCallback type=Default
2026-03-29 20:38:40.398 | AlertService | queryCallback type=UpdateFirmwareLogStatus
2026-03-29 20:38:40.416 | AlertVM | handleQueryCallback type=UpdateFirmwareLogStatus
2026-03-29 20:38:40.418 | AlertVM | handleQueryCallback type=Default
2026-03-29 20:38:41.392 | AlertService | queryCallback type=UpdateFirmwareLogStatus
2026-03-29 20:38:41.399 | AlertVM | handleQueryCallback type=UpdateFirmwareLogStatus
2026-03-29 20:38:41.403 | AlertVM | handleQueryCallback type=Default
2026-03-29 20:38:42.376 | AlertService | queryCallback type=UpdateFirmwareLogStatus
2026-03-29 20:38:42.384 | AlertVM | handleQueryCallback type=UpdateFirmwareLogStatus
2026-03-29 20:38:42.387 | AlertVM | handleQueryCallback type=Default
2026-03-29 20:38:43.365 | AlertService | queryCallback type=UpdateFirmwareLogStatus
2026-03-29 20:38:43.374 | AlertVM | handleQueryCallback type=UpdateFirmwareLogStatus
2026-03-29 20:38:43.376 | AlertVM | handleQueryCallback type=Default
2026-03-29 20:38:44.359 | AlertService | queryCallback type=UpdateFirmwareLogStatus
2026-03-29 20:38:44.370 | AlertVM | handleQueryCallback type=UpdateFirmwareLogStatus
2026-03-29 20:38:44.373 | AlertVM | handleQueryCallback type=Default
2026-03-29 20:38:45.395 | AlertService | queryCallback type=UpdateFirmwareLogStatus
2026-03-29 20:38:45.410 | AlertVM | handleQueryCallback type=UpdateFirmwareLogStatus
2026-03-29 20:38:45.413 | AlertVM | handleQueryCallback type=Default
2026-03-29 20:38:46.382 | AlertService | queryCallback type=UpdateFirmwareLogStatus
2026-03-29 20:38:46.398 | AlertVM | handleQueryCallback type=UpdateFirmwareLogStatus
2026-03-29 20:38:46.401 | AlertVM | handleQueryCallback type=Default
2026-03-29 20:38:47.373 | AlertService | queryCallback type=UpdateFirmwareLogStatus
2026-03-29 20:38:47.385 | AlertVM | handleQueryCallback type=UpdateFirmwareLogStatus
2026-03-29 20:38:47.387 | AlertVM | handleQueryCallback type=Default
2026-03-29 20:38:48.382 | AlertService | queryCallback type=UpdateFirmwareLogStatus
2026-03-29 20:38:48.385 | AlertVM | handleQueryCallback type=UpdateFirmwareLogStatus
2026-03-29 20:38:48.388 | AlertVM | handleQueryCallback type=Default
2026-03-29 20:38:49.348 | AlertService | queryCallback type=UpdateFirmwareLogStatus
2026-03-29 20:38:49.360 | AlertVM | handleQueryCallback type=UpdateFirmwareLogStatus
2026-03-29 20:38:49.363 | AlertVM | handleQueryCallback type=Default
2026-03-29 20:38:50.396 | AlertService | queryCallback type=UpdateFirmwareLogStatus
2026-03-29 20:38:50.406 | AlertVM | handleQueryCallback type=UpdateFirmwareLogStatus
2026-03-29 20:38:50.409 | AlertVM | handleQueryCallback type=Default
2026-03-29 20:38:51.526 | AlertService | queryCallback type=UpdateFirmwareLogStatus
2026-03-29 20:38:51.535 | AlertVM | handleQueryCallback type=UpdateFirmwareLogStatus
2026-03-29 20:38:51.538 | AlertVM | handleQueryCallback type=Default
2026-03-29 20:38:52.367 | AlertService | queryCallback type=UpdateFirmwareLogStatus
2026-03-29 20:38:52.378 | AlertVM | handleQueryCallback type=UpdateFirmwareLogStatus
2026-03-29 20:38:52.380 | AlertVM | handleQueryCallback type=Default
2026-03-29 20:38:53.358 | AlertService | queryCallback type=UpdateFirmwareLogStatus
2026-03-29 20:38:53.364 | AlertVM | handleQueryCallback type=UpdateFirmwareLogStatus
2026-03-29 20:38:53.365 | AlertVM | handleQueryCallback type=Default
2026-03-29 20:38:54.362 | AlertService | queryCallback type=UpdateFirmwareLogStatus
2026-03-29 20:38:54.372 | AlertVM | handleQueryCallback type=UpdateFirmwareLogStatus
2026-03-29 20:38:54.375 | AlertVM | handleQueryCallback type=Default
2026-03-29 20:38:55.383 | AlertService | queryCallback type=UpdateFirmwareLogStatus
2026-03-29 20:38:55.392 | AlertVM | handleQueryCallback type=UpdateFirmwareLogStatus
2026-03-29 20:38:55.394 | AlertVM | handleQueryCallback type=Default
2026-03-29 20:38:56.499 | AlertService | queryCallback type=UpdateFirmwareLogStatus
2026-03-29 20:38:56.509 | AlertVM | handleQueryCallback type=UpdateFirmwareLogStatus
2026-03-29 20:38:56.512 | AlertVM | handleQueryCallback type=Default
2026-03-29 20:38:57.380 | AlertService | queryCallback type=UpdateFirmwareLogStatus
2026-03-29 20:38:57.393 | AlertVM | handleQueryCallback type=UpdateFirmwareLogStatus
2026-03-29 20:38:57.395 | AlertVM | handleQueryCallback type=Default
2026-03-29 20:38:58.355 | AlertService | queryCallback type=UpdateFirmwareLogStatus
2026-03-29 20:38:58.367 | AlertVM | handleQueryCallback type=UpdateFirmwareLogStatus
2026-03-29 20:38:58.369 | AlertVM | handleQueryCallback type=Default
2026-03-29 20:38:59.386 | AlertService | queryCallback type=UpdateFirmwareLogStatus
2026-03-29 20:38:59.392 | AlertVM | handleQueryCallback type=UpdateFirmwareLogStatus
2026-03-29 20:38:59.394 | AlertVM | handleQueryCallback type=Default
2026-03-29 20:39:00.383 | AlertService | queryCallback type=UpdateFirmwareLogStatus
2026-03-29 20:39:00.396 | AlertVM | handleQueryCallback type=UpdateFirmwareLogStatus
2026-03-29 20:39:00.400 | AlertVM | handleQueryCallback type=Default
2026-03-29 20:39:01.351 | AlertService | queryCallback type=UpdateFirmwareLogStatus
2026-03-29 20:39:01.358 | AlertVM | handleQueryCallback type=UpdateFirmwareLogStatus
2026-03-29 20:39:01.359 | AlertVM | handleQueryCallback type=Default
2026-03-29 20:39:02.355 | AlertService | queryCallback type=UpdateFirmwareLogStatus
2026-03-29 20:39:02.367 | AlertVM | handleQueryCallback type=UpdateFirmwareLogStatus
2026-03-29 20:39:02.369 | AlertVM | handleQueryCallback type=Default
2026-03-29 20:39:03.357 | AlertService | queryCallback type=UpdateFirmwareLogStatus
2026-03-29 20:39:03.364 | AlertVM | handleQueryCallback type=UpdateFirmwareLogStatus
2026-03-29 20:39:03.366 | AlertVM | handleQueryCallback type=Default
2026-03-29 20:39:04.373 | AlertService | queryCallback type=UpdateFirmwareLogStatus
2026-03-29 20:39:04.379 | AlertVM | handleQueryCallback type=UpdateFirmwareLogStatus
2026-03-29 20:39:04.381 | AlertVM | handleQueryCallback type=Default
2026-03-29 20:39:05.354 | AlertService | queryCallback type=UpdateFirmwareLogStatus
2026-03-29 20:39:05.361 | AlertVM | handleQueryCallback type=UpdateFirmwareLogStatus
2026-03-29 20:39:05.362 | AlertVM | handleQueryCallback type=Default
2026-03-29 20:39:05.572 | AlertService | queryCallback type=BatteryDataObtained
2026-03-29 20:39:05.576 | AlertVM | handleQueryCallback type=BatteryDataObtained
2026-03-29 20:39:05.578 | AlertVM | handleQueryCallback type=Default
2026-03-29 20:39:06.349 | AlertService | queryCallback type=UpdateFirmwareLogStatus
2026-03-29 20:39:06.355 | AlertVM | handleQueryCallback type=UpdateFirmwareLogStatus
2026-03-29 20:39:06.357 | AlertVM | handleQueryCallback type=Default
2026-03-29 20:39:07.340 | AlertService | queryCallback type=UpdateFirmwareLogStatus
2026-03-29 20:39:07.353 | AlertVM | handleQueryCallback type=UpdateFirmwareLogStatus
2026-03-29 20:39:07.356 | AlertVM | handleQueryCallback type=Default
2026-03-29 20:39:08.334 | AlertService | queryCallback type=UpdateFirmwareLogStatus
2026-03-29 20:39:08.345 | AlertVM | handleQueryCallback type=UpdateFirmwareLogStatus
2026-03-29 20:39:08.348 | AlertVM | handleQueryCallback type=Default
2026-03-29 20:39:09.392 | AlertService | queryCallback type=UpdateFirmwareLogStatus
2026-03-29 20:39:09.401 | AlertVM | handleQueryCallback type=UpdateFirmwareLogStatus
2026-03-29 20:39:09.404 | AlertVM | handleQueryCallback type=Default
2026-03-29 20:39:10.408 | AlertService | queryCallback type=UpdateFirmwareLogStatus
2026-03-29 20:39:10.415 | AlertVM | handleQueryCallback type=UpdateFirmwareLogStatus
2026-03-29 20:39:10.417 | AlertVM | handleQueryCallback type=Default
2026-03-29 20:39:11.357 | AlertService | queryCallback type=UpdateFirmwareLogStatus
2026-03-29 20:39:11.368 | AlertVM | handleQueryCallback type=UpdateFirmwareLogStatus
2026-03-29 20:39:11.372 | AlertVM | handleQueryCallback type=Default
2026-03-29 20:39:12.364 | AlertService | queryCallback type=UpdateFirmwareLogStatus
2026-03-29 20:39:12.367 | AlertVM | handleQueryCallback type=UpdateFirmwareLogStatus
2026-03-29 20:39:12.370 | AlertVM | handleQueryCallback type=Default
2026-03-29 20:39:13.350 | AlertService | queryCallback type=UpdateFirmwareLogStatus
2026-03-29 20:39:13.356 | AlertVM | handleQueryCallback type=UpdateFirmwareLogStatus
2026-03-29 20:39:13.359 | AlertVM | handleQueryCallback type=Default
2026-03-29 20:39:14.380 | AlertService | queryCallback type=UpdateFirmwareLogStatus
2026-03-29 20:39:14.390 | AlertVM | handleQueryCallback type=UpdateFirmwareLogStatus
2026-03-29 20:39:14.393 | AlertVM | handleQueryCallback type=Default
2026-03-29 20:39:15.365 | AlertService | queryCallback type=UpdateFirmwareLogStatus
2026-03-29 20:39:15.368 | AlertVM | handleQueryCallback type=UpdateFirmwareLogStatus
2026-03-29 20:39:15.370 | AlertVM | handleQueryCallback type=Default
2026-03-29 20:39:16.388 | AlertService | queryCallback type=UpdateFirmwareLogStatus
2026-03-29 20:39:16.406 | AlertVM | handleQueryCallback type=UpdateFirmwareLogStatus
2026-03-29 20:39:16.410 | AlertVM | handleQueryCallback type=Default
2026-03-29 20:39:17.334 | AlertService | queryCallback type=UpdateFirmwareLogStatus
2026-03-29 20:39:17.342 | AlertVM | handleQueryCallback type=UpdateFirmwareLogStatus
2026-03-29 20:39:17.344 | AlertVM | handleQueryCallback type=Default
2026-03-29 20:39:18.455 | AlertService | queryCallback type=UpdateFirmwareLogStatus
2026-03-29 20:39:18.466 | AlertVM | handleQueryCallback type=UpdateFirmwareLogStatus
2026-03-29 20:39:18.468 | AlertVM | handleQueryCallback type=Default
2026-03-29 20:39:19.416 | AlertService | queryCallback type=UpdateFirmwareLogStatus
2026-03-29 20:39:19.418 | AlertVM | handleQueryCallback type=UpdateFirmwareLogStatus
2026-03-29 20:39:19.421 | AlertVM | handleQueryCallback type=Default
2026-03-29 20:39:20.349 | AlertService | queryCallback type=UpdateFirmwareLogStatus
2026-03-29 20:39:20.356 | AlertVM | handleQueryCallback type=UpdateFirmwareLogStatus
2026-03-29 20:39:20.359 | AlertVM | handleQueryCallback type=Default
2026-03-29 20:39:23.602 | AlertVM | saveHeartRateSettings requested={"low_enabled":true,"low_threshold":49,"resting_enabled":false,"resting_threshold":50,"workout_enabled":false,"workout_threshold":175}
2026-03-29 20:39:23.610 | AlertVM | persistFeature feature=HEART_RATE connected=true
2026-03-29 20:39:23.613 | AlertVM | persistFeature state={"device_address":"D8:5C:08:30:00:1E","heart_rate":{"low_enabled":true,"low_threshold":49,"resting_enabled":false,"resting_threshold":50,"workout_enabled":false,"workout_threshold":175},"pending_sync":{"heart_rate":true,"relaxation_prompt":false,"sedentary_reminder":false,"sleep_reminder":false,"spo2":false},"pressure_mode":{"relaxation_prompt_enabled":false,"stress_monitoring_enabled":false},"sedentary_reminder":{"end_hour":18,"end_minute":0,"interval":60,"repeat_count":0,"start_hour":9,"start_minute":0,"status":false},"sleep_reminder":{"hour":0,"millisecond":0,"minute":0,"second":0,"status":false},"snapshots":{"heart_rate":{"continuous_heart_rate_mode":0,"frequency":0,"mode":0},"pressure_mode":{"relaxation_warning_value":100},"sedentary_reminder":{"no_disturb_in_launch":false}},"spo2":{"enabled":true,"threshold":100},"support":{"heart_rate":true,"heart_rate_workout":false,"high_stress_index":false,"relaxation_prompt":true,"sedentary_reminder":true,"sleep_reminder":false,"spo2":true,"wear_detection":false},"wear_detection_status":{"last_updated_at":-1}}
2026-03-29 20:39:23.617 | AlertVM | syncQueuedFeatures feature=HEART_RATE requiresSnapshot=false
2026-03-29 20:39:23.628 | AlertVM | sendUpdate feature=HEART_RATE
2026-03-29 20:39:23.629 | AlertVM | sendUpdate state={"device_address":"D8:5C:08:30:00:1E","heart_rate":{"low_enabled":true,"low_threshold":49,"resting_enabled":false,"resting_threshold":50,"workout_enabled":false,"workout_threshold":175},"pending_sync":{"heart_rate":true,"relaxation_prompt":false,"sedentary_reminder":false,"sleep_reminder":false,"spo2":false},"pressure_mode":{"relaxation_prompt_enabled":false,"stress_monitoring_enabled":false},"sedentary_reminder":{"end_hour":18,"end_minute":0,"interval":60,"repeat_count":0,"start_hour":9,"start_minute":0,"status":false},"sleep_reminder":{"hour":0,"millisecond":0,"minute":0,"second":0,"status":false},"snapshots":{"heart_rate":{"continuous_heart_rate_mode":0,"frequency":0,"mode":0},"pressure_mode":{"relaxation_warning_value":100},"sedentary_reminder":{"no_disturb_in_launch":false}},"spo2":{"enabled":true,"threshold":100},"support":{"heart_rate":true,"heart_rate_workout":false,"high_stress_index":false,"relaxation_prompt":true,"sedentary_reminder":true,"sleep_reminder":false,"spo2":true,"wear_detection":false},"wear_detection_status":{"last_updated_at":-1}}
2026-03-29 20:39:23.631 | ZhUpdate | setHeartRateAlertSettings={"low_enabled":true,"low_threshold":49,"resting_enabled":false,"resting_threshold":50,"workout_enabled":false,"workout_threshold":175}
2026-03-29 20:39:23.632 | ZhUpdate | setHeartRateAlertSettings api=SWHRMonitor deviceType=luna_band workoutEnabled=false
2026-03-29 20:39:23.633 | ZhUpdate | setHeartRateAlertSettings bean={"heightWarningValue":50,"isHeightWarning":false,"isLowWarning":true,"lowWarningValue":49}
2026-03-29 20:39:23.898 | ZhUpdate | setHeartRateAlertSettings api=SWHRMonitor state=SUCCEED
2026-03-29 20:39:23.903 | AlertService | updateCallback type=HeartRateAlertSettingsUpdated
2026-03-29 20:39:23.905 | AlertService | onAlertUpdateCompleted feature=HEART_RATE success=true
2026-03-29 20:39:23.906 | AlertVM | handleUpdateCallback type=HeartRateAlertSettingsUpdated
2026-03-29 20:39:23.908 | AlertVM | heartRate update success=true
2026-03-29 20:39:23.909 | AlertVM | handleScreenUpdateCompletion feature=HEART_RATE success=true
2026-03-29 20:39:23.911 | AlertVM | scheduleVerify feature=HEART_RATE delayMs=0
2026-03-29 20:39:23.912 | AlertVM | sendQuery feature=HEART_RATE
2026-03-29 20:39:23.913 | ZhQuery | getHeartRateAlertSettings dispatched api=SWHRMonitor deviceType=luna_band
2026-03-29 20:39:23.959 | AlertVM | saveHeartRateSettings requested={"low_enabled":true,"low_threshold":49,"resting_enabled":true,"resting_threshold":50,"workout_enabled":false,"workout_threshold":175}
2026-03-29 20:39:23.961 | AlertVM | persistFeature feature=HEART_RATE connected=true
2026-03-29 20:39:23.963 | AlertVM | persistFeature state={"device_address":"D8:5C:08:30:00:1E","heart_rate":{"low_enabled":true,"low_threshold":49,"resting_enabled":true,"resting_threshold":50,"workout_enabled":false,"workout_threshold":175},"pending_sync":{"heart_rate":true,"relaxation_prompt":false,"sedentary_reminder":false,"sleep_reminder":false,"spo2":false},"pressure_mode":{"relaxation_prompt_enabled":false,"stress_monitoring_enabled":false},"sedentary_reminder":{"end_hour":18,"end_minute":0,"interval":60,"repeat_count":0,"start_hour":9,"start_minute":0,"status":false},"sleep_reminder":{"hour":0,"millisecond":0,"minute":0,"second":0,"status":false},"snapshots":{"heart_rate":{"continuous_heart_rate_mode":0,"frequency":0,"mode":0},"pressure_mode":{"relaxation_warning_value":100},"sedentary_reminder":{"no_disturb_in_launch":false}},"spo2":{"enabled":true,"threshold":100},"support":{"heart_rate":true,"heart_rate_workout":false,"high_stress_index":false,"relaxation_prompt":true,"sedentary_reminder":true,"sleep_reminder":false,"spo2":true,"wear_detection":false},"wear_detection_status":{"last_updated_at":-1}}
2026-03-29 20:39:23.966 | AlertVM | syncQueuedFeatures skipped activePhase=VERIFY_QUERY feature=HEART_RATE
2026-03-29 20:39:24.231 | ZhQuery | onSWHRMonitor={"heightWarningValue":50,"isHeightWarning":false,"isLowWarning":true,"lowWarningValue":49}
2026-03-29 20:39:24.233 | AlertService | queryCallback type=HeartRateAlertSettingsObtained
2026-03-29 20:39:24.235 | AlertService | heartRate passive query preserving pending local value
2026-03-29 20:39:24.237 | AlertService | saveAlertSettings={"device_address":"D8:5C:08:30:00:1E","heart_rate":{"low_enabled":true,"low_threshold":49,"resting_enabled":true,"resting_threshold":50,"workout_enabled":false,"workout_threshold":175},"pending_sync":{"heart_rate":true,"relaxation_prompt":false,"sedentary_reminder":false,"sleep_reminder":false,"spo2":false},"pressure_mode":{"relaxation_prompt_enabled":false,"stress_monitoring_enabled":false},"sedentary_reminder":{"end_hour":18,"end_minute":0,"interval":60,"repeat_count":0,"start_hour":9,"start_minute":0,"status":false},"sleep_reminder":{"hour":0,"millisecond":0,"minute":0,"second":0,"status":false},"snapshots":{"heart_rate":{"continuous_heart_rate_mode":0,"frequency":0,"mode":0},"pressure_mode":{"relaxation_warning_value":100},"sedentary_reminder":{"no_disturb_in_launch":false}},"spo2":{"enabled":true,"threshold":100},"support":{"heart_rate":true,"heart_rate_workout":false,"high_stress_index":false,"relaxation_prompt":true,"sedentary_reminder":true,"sleep_reminder":false,"spo2":true,"wear_detection":false},"wear_detection_status":{"last_updated_at":-1}}
2026-03-29 20:39:24.238 | AlertService | queryCallback type=AlertFeatureSupportObtained
2026-03-29 20:39:24.240 | AlertService | saveAlertSettings={"device_address":"D8:5C:08:30:00:1E","heart_rate":{"low_enabled":true,"low_threshold":49,"resting_enabled":true,"resting_threshold":50,"workout_enabled":false,"workout_threshold":175},"pending_sync":{"heart_rate":true,"relaxation_prompt":false,"sedentary_reminder":false,"sleep_reminder":false,"spo2":false},"pressure_mode":{"relaxation_prompt_enabled":false,"stress_monitoring_enabled":false},"sedentary_reminder":{"end_hour":18,"end_minute":0,"interval":60,"repeat_count":0,"start_hour":9,"start_minute":0,"status":false},"sleep_reminder":{"hour":0,"millisecond":0,"minute":0,"second":0,"status":false},"snapshots":{"heart_rate":{"continuous_heart_rate_mode":0,"frequency":0,"mode":0},"pressure_mode":{"relaxation_warning_value":100},"sedentary_reminder":{"no_disturb_in_launch":false}},"spo2":{"enabled":true,"threshold":100},"support":{"heart_rate":true,"heart_rate_workout":false,"high_stress_index":false,"relaxation_prompt":true,"sedentary_reminder":true,"sleep_reminder":false,"spo2":true,"wear_detection":false},"wear_detection_status":{"last_updated_at":-1}}
2026-03-29 20:39:24.241 | AlertVM | handleQueryCallback type=HeartRateAlertSettingsObtained
2026-03-29 20:39:24.243 | AlertVM | heartRate query matchesStored=false pending=true phase=VERIFY_QUERY
2026-03-29 20:39:24.245 | AlertVM | heartRate query value={"low_enabled":true,"low_threshold":49,"resting_enabled":false,"resting_threshold":50,"workout_enabled":false,"workout_threshold":175}
2026-03-29 20:39:24.246 | AlertVM | heartRate verify mismatch preserving local value
2026-03-29 20:39:24.248 | AlertVM | handleScreenQueryCompletion feature=HEART_RATE phase=VERIFY_QUERY matchesStored=false
2026-03-29 20:39:24.250 | AlertVM | handleQueryCallback type=Default
2026-03-29 20:39:24.251 | AlertVM | handleQueryCallback type=AlertFeatureSupportObtained
2026-03-29 20:39:24.252 | AlertVM | support feature=HEART_RATE supported=true
2026-03-29 20:39:24.253 | AlertVM | handleQueryCallback type=Default
2026-03-29 20:39:24.255 | ZhQuery | getHeartRateAlertSettings api=SWHRMonitor state=SUCCEED
2026-03-29 20:39:24.533 | AlertService | queryCallback type=UpdateFirmwareLogStatus
2026-03-29 20:39:24.537 | AlertVM | handleQueryCallback type=UpdateFirmwareLogStatus
2026-03-29 20:39:24.539 | AlertVM | handleQueryCallback type=Default
2026-03-29 20:39:29.534 | AlertVM | saveHeartRateSettings requested={"low_enabled":false,"low_threshold":49,"resting_enabled":true,"resting_threshold":50,"workout_enabled":false,"workout_threshold":175}
2026-03-29 20:39:29.538 | AlertVM | persistFeature feature=HEART_RATE connected=true
2026-03-29 20:39:29.540 | AlertVM | persistFeature state={"device_address":"D8:5C:08:30:00:1E","heart_rate":{"low_enabled":false,"low_threshold":49,"resting_enabled":true,"resting_threshold":50,"workout_enabled":false,"workout_threshold":175},"pending_sync":{"heart_rate":true,"relaxation_prompt":false,"sedentary_reminder":false,"sleep_reminder":false,"spo2":false},"pressure_mode":{"relaxation_prompt_enabled":false,"stress_monitoring_enabled":false},"sedentary_reminder":{"end_hour":18,"end_minute":0,"interval":60,"repeat_count":0,"start_hour":9,"start_minute":0,"status":false},"sleep_reminder":{"hour":0,"millisecond":0,"minute":0,"second":0,"status":false},"snapshots":{"heart_rate":{"continuous_heart_rate_mode":0,"frequency":0,"mode":0},"pressure_mode":{"relaxation_warning_value":100},"sedentary_reminder":{"no_disturb_in_launch":false}},"spo2":{"enabled":true,"threshold":100},"support":{"heart_rate":true,"heart_rate_workout":false,"high_stress_index":false,"relaxation_prompt":true,"sedentary_reminder":true,"sleep_reminder":false,"spo2":true,"wear_detection":false},"wear_detection_status":{"last_updated_at":-1}}
2026-03-29 20:39:29.560 | AlertVM | syncQueuedFeatures feature=HEART_RATE requiresSnapshot=false
2026-03-29 20:39:29.562 | AlertVM | sendUpdate feature=HEART_RATE
2026-03-29 20:39:29.564 | AlertVM | sendUpdate state={"device_address":"D8:5C:08:30:00:1E","heart_rate":{"low_enabled":false,"low_threshold":49,"resting_enabled":true,"resting_threshold":50,"workout_enabled":false,"workout_threshold":175},"pending_sync":{"heart_rate":true,"relaxation_prompt":false,"sedentary_reminder":false,"sleep_reminder":false,"spo2":false},"pressure_mode":{"relaxation_prompt_enabled":false,"stress_monitoring_enabled":false},"sedentary_reminder":{"end_hour":18,"end_minute":0,"interval":60,"repeat_count":0,"start_hour":9,"start_minute":0,"status":false},"sleep_reminder":{"hour":0,"millisecond":0,"minute":0,"second":0,"status":false},"snapshots":{"heart_rate":{"continuous_heart_rate_mode":0,"frequency":0,"mode":0},"pressure_mode":{"relaxation_warning_value":100},"sedentary_reminder":{"no_disturb_in_launch":false}},"spo2":{"enabled":true,"threshold":100},"support":{"heart_rate":true,"heart_rate_workout":false,"high_stress_index":false,"relaxation_prompt":true,"sedentary_reminder":true,"sleep_reminder":false,"spo2":true,"wear_detection":false},"wear_detection_status":{"last_updated_at":-1}}
2026-03-29 20:39:29.570 | ZhUpdate | setHeartRateAlertSettings={"low_enabled":false,"low_threshold":49,"resting_enabled":true,"resting_threshold":50,"workout_enabled":false,"workout_threshold":175}
2026-03-29 20:39:29.576 | ZhUpdate | setHeartRateAlertSettings api=SWHRMonitor deviceType=luna_band workoutEnabled=false
2026-03-29 20:39:29.578 | ZhUpdate | setHeartRateAlertSettings bean={"heightWarningValue":50,"isHeightWarning":true,"isLowWarning":false,"lowWarningValue":0}
2026-03-29 20:39:29.807 | AlertVM | saveHeartRateSettings requested={"low_enabled":true,"low_threshold":49,"resting_enabled":true,"resting_threshold":50,"workout_enabled":false,"workout_threshold":175}
2026-03-29 20:39:29.808 | AlertVM | persistFeature feature=HEART_RATE connected=true
2026-03-29 20:39:29.810 | AlertVM | persistFeature state={"device_address":"D8:5C:08:30:00:1E","heart_rate":{"low_enabled":true,"low_threshold":49,"resting_enabled":true,"resting_threshold":50,"workout_enabled":false,"workout_threshold":175},"pending_sync":{"heart_rate":true,"relaxation_prompt":false,"sedentary_reminder":false,"sleep_reminder":false,"spo2":false},"pressure_mode":{"relaxation_prompt_enabled":false,"stress_monitoring_enabled":false},"sedentary_reminder":{"end_hour":18,"end_minute":0,"interval":60,"repeat_count":0,"start_hour":9,"start_minute":0,"status":false},"sleep_reminder":{"hour":0,"millisecond":0,"minute":0,"second":0,"status":false},"snapshots":{"heart_rate":{"continuous_heart_rate_mode":0,"frequency":0,"mode":0},"pressure_mode":{"relaxation_warning_value":100},"sedentary_reminder":{"no_disturb_in_launch":false}},"spo2":{"enabled":true,"threshold":100},"support":{"heart_rate":true,"heart_rate_workout":false,"high_stress_index":false,"relaxation_prompt":true,"sedentary_reminder":true,"sleep_reminder":false,"spo2":true,"wear_detection":false},"wear_detection_status":{"last_updated_at":-1}}
2026-03-29 20:39:29.815 | AlertVM | syncQueuedFeatures skipped activePhase=UPDATE_SENT feature=HEART_RATE
2026-03-29 20:39:29.962 | ZhUpdate | setHeartRateAlertSettings api=SWHRMonitor state=SUCCEED
2026-03-29 20:39:29.964 | AlertService | updateCallback type=HeartRateAlertSettingsUpdated
2026-03-29 20:39:29.974 | AlertService | onAlertUpdateCompleted feature=HEART_RATE success=true
2026-03-29 20:39:29.975 | AlertVM | handleUpdateCallback type=HeartRateAlertSettingsUpdated
2026-03-29 20:39:29.977 | AlertVM | heartRate update success=true
2026-03-29 20:39:29.978 | AlertVM | handleScreenUpdateCompletion feature=HEART_RATE success=true
2026-03-29 20:39:29.980 | AlertVM | scheduleVerify feature=HEART_RATE delayMs=0
2026-03-29 20:39:29.981 | AlertVM | sendQuery feature=HEART_RATE
2026-03-29 20:39:29.983 | ZhQuery | getHeartRateAlertSettings dispatched api=SWHRMonitor deviceType=luna_band
2026-03-29 20:39:30.437 | ZhQuery | onSWHRMonitor={"heightWarningValue":50,"isHeightWarning":true,"isLowWarning":false,"lowWarningValue":49}
2026-03-29 20:39:30.440 | AlertService | queryCallback type=HeartRateAlertSettingsObtained
2026-03-29 20:39:30.447 | AlertService | heartRate passive query preserving pending local value
2026-03-29 20:39:30.452 | AlertService | saveAlertSettings={"device_address":"D8:5C:08:30:00:1E","heart_rate":{"low_enabled":true,"low_threshold":49,"resting_enabled":true,"resting_threshold":50,"workout_enabled":false,"workout_threshold":175},"pending_sync":{"heart_rate":true,"relaxation_prompt":false,"sedentary_reminder":false,"sleep_reminder":false,"spo2":false},"pressure_mode":{"relaxation_prompt_enabled":false,"stress_monitoring_enabled":false},"sedentary_reminder":{"end_hour":18,"end_minute":0,"interval":60,"repeat_count":0,"start_hour":9,"start_minute":0,"status":false},"sleep_reminder":{"hour":0,"millisecond":0,"minute":0,"second":0,"status":false},"snapshots":{"heart_rate":{"continuous_heart_rate_mode":0,"frequency":0,"mode":0},"pressure_mode":{"relaxation_warning_value":100},"sedentary_reminder":{"no_disturb_in_launch":false}},"spo2":{"enabled":true,"threshold":100},"support":{"heart_rate":true,"heart_rate_workout":false,"high_stress_index":false,"relaxation_prompt":true,"sedentary_reminder":true,"sleep_reminder":false,"spo2":true,"wear_detection":false},"wear_detection_status":{"last_updated_at":-1}}
2026-03-29 20:39:30.458 | AlertService | queryCallback type=AlertFeatureSupportObtained
2026-03-29 20:39:30.466 | AlertService | saveAlertSettings={"device_address":"D8:5C:08:30:00:1E","heart_rate":{"low_enabled":true,"low_threshold":49,"resting_enabled":true,"resting_threshold":50,"workout_enabled":false,"workout_threshold":175},"pending_sync":{"heart_rate":true,"relaxation_prompt":false,"sedentary_reminder":false,"sleep_reminder":false,"spo2":false},"pressure_mode":{"relaxation_prompt_enabled":false,"stress_monitoring_enabled":false},"sedentary_reminder":{"end_hour":18,"end_minute":0,"interval":60,"repeat_count":0,"start_hour":9,"start_minute":0,"status":false},"sleep_reminder":{"hour":0,"millisecond":0,"minute":0,"second":0,"status":false},"snapshots":{"heart_rate":{"continuous_heart_rate_mode":0,"frequency":0,"mode":0},"pressure_mode":{"relaxation_warning_value":100},"sedentary_reminder":{"no_disturb_in_launch":false}},"spo2":{"enabled":true,"threshold":100},"support":{"heart_rate":true,"heart_rate_workout":false,"high_stress_index":false,"relaxation_prompt":true,"sedentary_reminder":true,"sleep_reminder":false,"spo2":true,"wear_detection":false},"wear_detection_status":{"last_updated_at":-1}}
2026-03-29 20:39:30.469 | ZhQuery | getHeartRateAlertSettings api=SWHRMonitor state=SUCCEED
2026-03-29 20:39:30.472 | AlertVM | handleQueryCallback type=HeartRateAlertSettingsObtained
2026-03-29 20:39:30.474 | AlertVM | heartRate query matchesStored=false pending=true phase=VERIFY_QUERY
2026-03-29 20:39:30.477 | AlertVM | heartRate query value={"low_enabled":false,"low_threshold":49,"resting_enabled":true,"resting_threshold":50,"workout_enabled":false,"workout_threshold":175}
2026-03-29 20:39:30.480 | AlertVM | heartRate verify mismatch preserving local value
2026-03-29 20:39:30.482 | AlertVM | handleScreenQueryCompletion feature=HEART_RATE phase=VERIFY_QUERY matchesStored=false
2026-03-29 20:39:30.484 | AlertVM | handleQueryCallback type=Default
2026-03-29 20:39:30.487 | AlertVM | handleQueryCallback type=AlertFeatureSupportObtained
2026-03-29 20:39:30.490 | AlertVM | support feature=HEART_RATE supported=true
2026-03-29 20:39:30.492 | AlertVM | handleQueryCallback type=Default
2026-03-29 20:39:38.356 | AlertService | queryCallback type=UpdateFirmwareLogStatus
2026-03-29 20:39:38.362 | AlertVM | handleQueryCallback type=UpdateFirmwareLogStatus
2026-03-29 20:39:38.365 | AlertVM | handleQueryCallback type=Default
2026-03-29 20:39:39.373 | AlertService | queryCallback type=UpdateFirmwareLogStatus
2026-03-29 20:39:39.392 | AlertVM | handleQueryCallback type=UpdateFirmwareLogStatus
2026-03-29 20:39:39.395 | AlertVM | handleQueryCallback type=Default
2026-03-29 20:39:40.342 | AlertService | queryCallback type=UpdateFirmwareLogStatus
2026-03-29 20:39:40.356 | AlertVM | handleQueryCallback type=UpdateFirmwareLogStatus
2026-03-29 20:39:40.359 | AlertVM | handleQueryCallback type=Default
2026-03-29 20:39:41.332 | AlertService | queryCallback type=UpdateFirmwareLogStatus
2026-03-29 20:39:41.341 | AlertVM | handleQueryCallback type=UpdateFirmwareLogStatus
2026-03-29 20:39:41.344 | AlertVM | handleQueryCallback type=Default
2026-03-29 20:39:42.369 | AlertService | queryCallback type=UpdateFirmwareLogStatus
2026-03-29 20:39:42.380 | AlertVM | handleQueryCallback type=UpdateFirmwareLogStatus
2026-03-29 20:39:42.382 | AlertVM | handleQueryCallback type=Default
2026-03-29 20:39:43.354 | AlertService | queryCallback type=UpdateFirmwareLogStatus
2026-03-29 20:39:43.363 | AlertVM | handleQueryCallback type=UpdateFirmwareLogStatus
2026-03-29 20:39:43.366 | AlertVM | handleQueryCallback type=Default
2026-03-29 20:39:44.347 | AlertService | queryCallback type=UpdateFirmwareLogStatus
2026-03-29 20:39:44.355 | AlertVM | handleQueryCallback type=UpdateFirmwareLogStatus
2026-03-29 20:39:44.358 | AlertVM | handleQueryCallback type=Default
2026-03-29 20:39:45.381 | AlertService | queryCallback type=UpdateFirmwareLogStatus
2026-03-29 20:39:45.393 | AlertVM | handleQueryCallback type=UpdateFirmwareLogStatus
2026-03-29 20:39:45.395 | AlertVM | handleQueryCallback type=Default
2026-03-29 20:39:46.327 | AlertService | queryCallback type=UpdateFirmwareLogStatus
2026-03-29 20:39:46.337 | AlertVM | handleQueryCallback type=UpdateFirmwareLogStatus
2026-03-29 20:39:46.339 | AlertVM | handleQueryCallback type=Default
2026-03-29 20:39:47.317 | AlertService | queryCallback type=UpdateFirmwareLogStatus
2026-03-29 20:39:47.321 | AlertVM | handleQueryCallback type=UpdateFirmwareLogStatus
2026-03-29 20:39:47.324 | AlertVM | handleQueryCallback type=Default
2026-03-29 20:39:48.352 | AlertService | queryCallback type=UpdateFirmwareLogStatus
2026-03-29 20:39:48.362 | AlertVM | handleQueryCallback type=UpdateFirmwareLogStatus
2026-03-29 20:39:48.364 | AlertVM | handleQueryCallback type=Default
2026-03-29 20:39:49.360 | AlertService | queryCallback type=UpdateFirmwareLogStatus
2026-03-29 20:39:49.373 | AlertVM | handleQueryCallback type=UpdateFirmwareLogStatus
2026-03-29 20:39:49.377 | AlertVM | handleQueryCallback type=Default
2026-03-29 20:39:50.376 | AlertService | queryCallback type=UpdateFirmwareLogStatus
2026-03-29 20:39:50.389 | AlertVM | handleQueryCallback type=UpdateFirmwareLogStatus
2026-03-29 20:39:50.392 | AlertVM | handleQueryCallback type=Default
2026-03-29 20:39:51.320 | AlertService | queryCallback type=UpdateFirmwareLogStatus
2026-03-29 20:39:51.341 | AlertVM | handleQueryCallback type=UpdateFirmwareLogStatus
2026-03-29 20:39:51.345 | AlertVM | handleQueryCallback type=Default
2026-03-29 20:39:52.328 | AlertService | queryCallback type=UpdateFirmwareLogStatus
2026-03-29 20:39:52.331 | AlertVM | handleQueryCallback type=UpdateFirmwareLogStatus
2026-03-29 20:39:52.334 | AlertVM | handleQueryCallback type=Default
2026-03-29 20:39:53.357 | AlertService | queryCallback type=UpdateFirmwareLogStatus
2026-03-29 20:39:53.360 | AlertVM | handleQueryCallback type=UpdateFirmwareLogStatus
2026-03-29 20:39:53.363 | AlertVM | handleQueryCallback type=Default
2026-03-29 20:39:54.333 | AlertService | queryCallback type=UpdateFirmwareLogStatus
2026-03-29 20:39:54.343 | AlertVM | handleQueryCallback type=UpdateFirmwareLogStatus
2026-03-29 20:39:54.346 | AlertVM | handleQueryCallback type=Default
2026-03-29 20:39:55.331 | AlertService | queryCallback type=UpdateFirmwareLogStatus
2026-03-29 20:39:55.337 | AlertVM | handleQueryCallback type=UpdateFirmwareLogStatus
2026-03-29 20:39:55.339 | AlertVM | handleQueryCallback type=Default
2026-03-29 20:39:55.618 | AlertService | queryCallback type=BatteryDataObtained
2026-03-29 20:39:55.622 | AlertVM | handleQueryCallback type=BatteryDataObtained
2026-03-29 20:39:55.625 | AlertVM | handleQueryCallback type=Default
2026-03-29 20:39:56.308 | AlertService | queryCallback type=UpdateFirmwareLogStatus
2026-03-29 20:39:56.321 | AlertVM | handleQueryCallback type=UpdateFirmwareLogStatus
2026-03-29 20:39:56.323 | AlertVM | handleQueryCallback type=Default
2026-03-29 20:39:57.305 | AlertService | queryCallback type=UpdateFirmwareLogStatus
2026-03-29 20:39:57.315 | AlertVM | handleQueryCallback type=UpdateFirmwareLogStatus
2026-03-29 20:39:57.317 | AlertVM | handleQueryCallback type=Default
2026-03-29 20:39:58.480 | AlertService | queryCallback type=UpdateFirmwareLogStatus
2026-03-29 20:39:58.497 | AlertVM | handleQueryCallback type=UpdateFirmwareLogStatus
2026-03-29 20:39:58.500 | AlertVM | handleQueryCallback type=Default
2026-03-29 20:39:59.383 | AlertService | queryCallback type=UpdateFirmwareLogStatus
2026-03-29 20:39:59.399 | AlertVM | handleQueryCallback type=UpdateFirmwareLogStatus
2026-03-29 20:39:59.402 | AlertVM | handleQueryCallback type=Default
2026-03-29 20:40:00.314 | AlertService | queryCallback type=UpdateFirmwareLogStatus
2026-03-29 20:40:00.326 | AlertVM | handleQueryCallback type=UpdateFirmwareLogStatus
2026-03-29 20:40:00.329 | AlertVM | handleQueryCallback type=Default
2026-03-29 20:40:01.315 | AlertService | queryCallback type=UpdateFirmwareLogStatus
2026-03-29 20:40:01.324 | AlertVM | handleQueryCallback type=UpdateFirmwareLogStatus
2026-03-29 20:40:01.326 | AlertVM | handleQueryCallback type=Default
2026-03-29 20:40:02.337 | AlertService | queryCallback type=UpdateFirmwareLogStatus
2026-03-29 20:40:02.347 | AlertVM | handleQueryCallback type=UpdateFirmwareLogStatus
2026-03-29 20:40:02.349 | AlertVM | handleQueryCallback type=Default
2026-03-29 20:40:03.384 | AlertService | queryCallback type=UpdateFirmwareLogStatus
2026-03-29 20:40:03.396 | AlertVM | handleQueryCallback type=UpdateFirmwareLogStatus
2026-03-29 20:40:03.399 | AlertVM | handleQueryCallback type=Default
2026-03-29 20:40:04.090 | AlertVM | saveSpo2Settings requested={"enabled":true,"threshold":100}
2026-03-29 20:40:04.091 | AlertVM | persistFeature feature=SPO2 connected=true
2026-03-29 20:40:04.092 | AlertVM | persistFeature state={"device_address":"D8:5C:08:30:00:1E","heart_rate":{"low_enabled":true,"low_threshold":49,"resting_enabled":true,"resting_threshold":50,"workout_enabled":false,"workout_threshold":175},"pending_sync":{"heart_rate":true,"relaxation_prompt":false,"sedentary_reminder":false,"sleep_reminder":false,"spo2":true},"pressure_mode":{"relaxation_prompt_enabled":false,"stress_monitoring_enabled":false},"sedentary_reminder":{"end_hour":18,"end_minute":0,"interval":60,"repeat_count":0,"start_hour":9,"start_minute":0,"status":false},"sleep_reminder":{"hour":0,"millisecond":0,"minute":0,"second":0,"status":false},"snapshots":{"heart_rate":{"continuous_heart_rate_mode":0,"frequency":0,"mode":0},"pressure_mode":{"relaxation_warning_value":100},"sedentary_reminder":{"no_disturb_in_launch":false}},"spo2":{"enabled":true,"threshold":100},"support":{"heart_rate":true,"heart_rate_workout":false,"high_stress_index":false,"relaxation_prompt":true,"sedentary_reminder":true,"sleep_reminder":false,"spo2":true,"wear_detection":false},"wear_detection_status":{"last_updated_at":-1}}
2026-03-29 20:40:04.097 | AlertVM | syncQueuedFeatures feature=SPO2 requiresSnapshot=false
2026-03-29 20:40:04.098 | AlertVM | sendUpdate feature=SPO2
2026-03-29 20:40:04.099 | AlertVM | sendUpdate state={"device_address":"D8:5C:08:30:00:1E","heart_rate":{"low_enabled":true,"low_threshold":49,"resting_enabled":true,"resting_threshold":50,"workout_enabled":false,"workout_threshold":175},"pending_sync":{"heart_rate":true,"relaxation_prompt":false,"sedentary_reminder":false,"sleep_reminder":false,"spo2":true},"pressure_mode":{"relaxation_prompt_enabled":false,"stress_monitoring_enabled":false},"sedentary_reminder":{"end_hour":18,"end_minute":0,"interval":60,"repeat_count":0,"start_hour":9,"start_minute":0,"status":false},"sleep_reminder":{"hour":0,"millisecond":0,"minute":0,"second":0,"status":false},"snapshots":{"heart_rate":{"continuous_heart_rate_mode":0,"frequency":0,"mode":0},"pressure_mode":{"relaxation_warning_value":100},"sedentary_reminder":{"no_disturb_in_launch":false}},"spo2":{"enabled":true,"threshold":100},"support":{"heart_rate":true,"heart_rate_workout":false,"high_stress_index":false,"relaxation_prompt":true,"sedentary_reminder":true,"sleep_reminder":false,"spo2":true,"wear_detection":false},"wear_detection_status":{"last_updated_at":-1}}
2026-03-29 20:40:04.295 | ZhUpdate | setSpo2AlertSettings={"enabled":true,"threshold":100}
2026-03-29 20:40:04.557 | AlertService | queryCallback type=UpdateFirmwareLogStatus
2026-03-29 20:40:04.944 | ZhUpdate | setSpo2AlertSettings state=SUCCEED
2026-03-29 20:40:04.946 | AlertService | updateCallback type=Spo2AlertSettingsUpdated
2026-03-29 20:40:04.948 | AlertService | onAlertUpdateCompleted feature=SPO2 success=true
2026-03-29 20:40:04.953 | AlertService | updateCallback type=Spo2SettingsUpdated
2026-03-29 20:40:05.507 | AlertService | queryCallback type=UpdateFirmwareLogStatus
2026-03-29 20:40:06.281 | AlertService | queryCallback type=UpdateFirmwareLogStatus
2026-03-29 20:40:07.344 | AlertService | queryCallback type=UpdateFirmwareLogStatus
2026-03-29 20:40:08.307 | AlertService | queryCallback type=UpdateFirmwareLogStatus
2026-03-29 20:40:09.339 | AlertService | queryCallback type=UpdateFirmwareLogStatus
2026-03-29 20:40:10.293 | AlertService | queryCallback type=UpdateFirmwareLogStatus
2026-03-29 20:40:11.294 | AlertService | queryCallback type=UpdateFirmwareLogStatus
2026-03-29 20:40:12.338 | AlertService | queryCallback type=UpdateFirmwareLogStatus
2026-03-29 20:40:13.324 | AlertService | queryCallback type=UpdateFirmwareLogStatus
2026-03-29 20:40:14.323 | AlertService | queryCallback type=UpdateFirmwareLogStatus
2026-03-29 20:40:15.296 | AlertService | queryCallback type=UpdateFirmwareLogStatus
2026-03-29 20:40:16.284 | AlertService | queryCallback type=UpdateFirmwareLogStatus
2026-03-29 20:40:17.325 | AlertService | queryCallback type=UpdateFirmwareLogStatus
2026-03-29 20:40:18.319 | AlertService | queryCallback type=UpdateFirmwareLogStatus
2026-03-29 20:40:19.305 | AlertService | queryCallback type=UpdateFirmwareLogStatus
2026-03-29 20:40:20.282 | AlertService | queryCallback type=UpdateFirmwareLogStatus
2026-03-29 20:40:21.272 | AlertService | queryCallback type=UpdateFirmwareLogStatus
2026-03-29 20:40:22.329 | AlertService | queryCallback type=UpdateFirmwareLogStatus
2026-03-29 20:40:23.319 | AlertService | queryCallback type=UpdateFirmwareLogStatus
2026-03-29 20:40:24.298 | AlertService | queryCallback type=UpdateFirmwareLogStatus
2026-03-29 20:40:25.285 | AlertService | queryCallback type=UpdateFirmwareLogStatus
2026-03-29 20:40:26.319 | AlertService | queryCallback type=UpdateFirmwareLogStatus
2026-03-29 20:40:27.303 | AlertService | queryCallback type=UpdateFirmwareLogStatus
2026-03-29 20:40:28.294 | AlertService | queryCallback type=UpdateFirmwareLogStatus
2026-03-29 20:40:29.294 | AlertService | queryCallback type=UpdateFirmwareLogStatus
2026-03-29 20:40:30.329 | AlertService | queryCallback type=UpdateFirmwareLogStatus
2026-03-29 20:40:31.310 | AlertService | queryCallback type=UpdateFirmwareLogStatus
2026-03-29 20:40:32.304 | AlertService | queryCallback type=UpdateFirmwareLogStatus
2026-03-29 20:40:33.307 | AlertService | queryCallback type=UpdateFirmwareLogStatus
2026-03-29 20:40:34.303 | AlertService | queryCallback type=UpdateFirmwareLogStatus
2026-03-29 20:40:35.276 | AlertService | queryCallback type=UpdateFirmwareLogStatus
2026-03-29 20:40:36.371 | AlertService | queryCallback type=UpdateFirmwareLogStatus
2026-03-29 20:40:37.325 | AlertService | queryCallback type=UpdateFirmwareLogStatus
2026-03-29 20:40:38.307 | AlertService | queryCallback type=UpdateFirmwareLogStatus
2026-03-29 20:40:39.284 | AlertService | queryCallback type=UpdateFirmwareLogStatus
2026-03-29 20:40:40.303 | AlertService | queryCallback type=UpdateFirmwareLogStatus
2026-03-29 20:40:41.490 | AlertService | queryCallback type=UpdateFirmwareLogStatus
2026-03-29 20:40:42.336 | AlertService | queryCallback type=UpdateFirmwareLogStatus
2026-03-29 20:40:43.280 | AlertService | queryCallback type=UpdateFirmwareLogStatus
2026-03-29 20:40:44.275 | AlertService | queryCallback type=UpdateFirmwareLogStatus
2026-03-29 20:40:45.318 | AlertService | queryCallback type=UpdateFirmwareLogStatus
2026-03-29 20:40:45.542 | AlertService | queryCallback type=BatteryDataObtained
2026-03-29 20:40:46.298 | AlertService | queryCallback type=UpdateFirmwareLogStatus
2026-03-29 20:40:47.423 | AlertService | queryCallback type=UpdateFirmwareLogStatus
2026-03-29 20:40:48.276 | AlertService | queryCallback type=UpdateFirmwareLogStatus
2026-03-29 20:40:49.259 | AlertService | queryCallback type=UpdateFirmwareLogStatus
2026-03-29 20:40:50.316 | AlertService | queryCallback type=UpdateFirmwareLogStatus
2026-03-29 20:40:51.299 | AlertService | queryCallback type=UpdateFirmwareLogStatus
2026-03-29 20:40:52.280 | AlertService | queryCallback type=UpdateFirmwareLogStatus
2026-03-29 20:40:53.272 | AlertService | queryCallback type=UpdateFirmwareLogStatus
2026-03-29 20:40:54.271 | AlertService | queryCallback type=UpdateFirmwareLogStatus
2026-03-29 20:40:55.306 | AlertService | queryCallback type=UpdateFirmwareLogStatus
2026-03-29 20:40:56.289 | AlertService | queryCallback type=UpdateFirmwareLogStatus
2026-03-29 20:40:57.285 | AlertService | queryCallback type=UpdateFirmwareLogStatus
2026-03-29 20:40:58.268 | AlertService | queryCallback type=UpdateFirmwareLogStatus
2026-03-29 20:40:59.267 | AlertService | queryCallback type=UpdateFirmwareLogStatus
2026-03-29 20:41:00.304 | AlertService | queryCallback type=UpdateFirmwareLogStatus
2026-03-29 20:41:01.281 | AlertService | queryCallback type=UpdateFirmwareLogStatus
2026-03-29 20:41:02.289 | AlertService | queryCallback type=UpdateFirmwareLogStatus
2026-03-29 20:41:03.278 | AlertService | queryCallback type=UpdateFirmwareLogStatus
2026-03-29 20:41:04.316 | AlertService | queryCallback type=UpdateFirmwareLogStatus
2026-03-29 20:41:05.309 | AlertService | queryCallback type=UpdateFirmwareLogStatus
2026-03-29 20:41:06.280 | AlertService | queryCallback type=UpdateFirmwareLogStatus
2026-03-29 20:41:07.417 | AlertService | queryCallback type=UpdateFirmwareLogStatus
2026-03-29 20:41:08.257 | AlertService | queryCallback type=UpdateFirmwareLogStatus
2026-03-29 20:41:09.252 | AlertService | queryCallback type=UpdateFirmwareLogStatus
2026-03-29 20:41:10.302 | AlertService | queryCallback type=UpdateFirmwareLogStatus
2026-03-29 20:41:11.282 | AlertService | queryCallback type=UpdateFirmwareLogStatus
2026-03-29 20:41:12.281 | AlertService | queryCallback type=UpdateFirmwareLogStatus
2026-03-29 20:41:13.270 | AlertService | queryCallback type=UpdateFirmwareLogStatus
2026-03-29 20:41:14.249 | AlertService | queryCallback type=UpdateFirmwareLogStatus
2026-03-29 20:41:15.269 | AlertService | queryCallback type=UpdateFirmwareLogStatus
2026-03-29 20:41:16.275 | AlertService | queryCallback type=UpdateFirmwareLogStatus
2026-03-29 20:41:17.319 | AlertService | queryCallback type=UpdateFirmwareLogStatus
2026-03-29 20:41:18.297 | AlertService | queryCallback type=UpdateFirmwareLogStatus
2026-03-29 20:41:19.301 | AlertService | queryCallback type=UpdateFirmwareLogStatus
2026-03-29 20:41:20.282 | AlertService | queryCallback type=UpdateFirmwareLogStatus
2026-03-29 20:41:21.317 | AlertService | queryCallback type=UpdateFirmwareLogStatus
2026-03-29 20:41:22.256 | AlertService | queryCallback type=UpdateFirmwareLogStatus
2026-03-29 20:41:23.244 | AlertService | queryCallback type=UpdateFirmwareLogStatus
2026-03-29 20:41:24.296 | AlertService | queryCallback type=UpdateFirmwareLogStatus
2026-03-29 20:41:25.275 | AlertService | queryCallback type=UpdateFirmwareLogStatus
2026-03-29 20:41:25.470 | AlertService | queryCallback type=BatteryDataObtained
2026-03-29 20:41:27.360 | AlertService | queryCallback type=UpdateFirmwareLogStatus
2026-03-29 20:41:28.234 | AlertService | queryCallback type=UpdateFirmwareLogStatus
2026-03-29 20:41:31.256 | AlertService | queryCallback type=UpdateFirmwareLogStatus
2026-03-29 20:41:36.259 | AlertService | queryCallback type=UpdateFirmwareLogStatus
2026-03-29 20:41:37.241 | AlertService | queryCallback type=UpdateFirmwareLogStatus
2026-03-29 20:41:38.231 | AlertService | queryCallback type=UpdateFirmwareLogStatus
2026-03-29 20:41:39.284 | AlertService | queryCallback type=UpdateFirmwareLogStatus
2026-03-29 20:41:40.270 | AlertService | queryCallback type=UpdateFirmwareLogStatus
2026-03-29 20:41:41.280 | AlertService | queryCallback type=UpdateFirmwareLogStatus
2026-03-29 20:41:42.233 | AlertService | queryCallback type=UpdateFirmwareLogStatus
2026-03-29 20:41:43.224 | AlertService | queryCallback type=UpdateFirmwareLogStatus
2026-03-29 20:41:44.256 | AlertService | queryCallback type=UpdateFirmwareLogStatus
2026-03-29 20:41:45.241 | AlertService | queryCallback type=UpdateFirmwareLogStatus
2026-03-29 20:41:46.229 | AlertService | queryCallback type=UpdateFirmwareLogStatus
2026-03-29 20:41:47.225 | AlertService | queryCallback type=UpdateFirmwareLogStatus
2026-03-29 20:41:48.264 | AlertService | queryCallback type=UpdateFirmwareLogStatus
2026-03-29 20:41:49.297 | AlertService | queryCallback type=UpdateFirmwareLogStatus
2026-03-29 20:41:50.309 | AlertService | queryCallback type=UpdateFirmwareLogStatus
2026-03-29 20:41:51.258 | AlertService | queryCallback type=UpdateFirmwareLogStatus
2026-03-29 20:41:52.217 | AlertUI | BlankTestFragment alert panel initialized
2026-03-29 20:41:52.218 | AlertVM | handleQueryCallback type=Default
2026-03-29 20:41:52.219 | AlertVM | handleUpdateCallback type=Spo2SettingsUpdated
2026-03-29 20:41:52.220 | AlertVM | onConnectedStateChanged state=ConnectSuccess
2026-03-29 20:41:52.221 | AlertVM | syncQueuedFeatures feature=HEART_RATE requiresSnapshot=false
2026-03-29 20:41:52.224 | AlertVM | sendUpdate feature=HEART_RATE
2026-03-29 20:41:52.226 | AlertVM | sendUpdate state={"device_address":"D8:5C:08:30:00:1E","heart_rate":{"low_enabled":true,"low_threshold":49,"resting_enabled":true,"resting_threshold":50,"workout_enabled":false,"workout_threshold":175},"pending_sync":{"heart_rate":true,"relaxation_prompt":false,"sedentary_reminder":false,"sleep_reminder":false,"spo2":true},"pressure_mode":{"relaxation_prompt_enabled":false,"stress_monitoring_enabled":false},"sedentary_reminder":{"end_hour":18,"end_minute":0,"interval":60,"repeat_count":0,"start_hour":9,"start_minute":0,"status":false},"sleep_reminder":{"hour":0,"millisecond":0,"minute":0,"second":0,"status":false},"snapshots":{"heart_rate":{"continuous_heart_rate_mode":0,"frequency":0,"mode":0},"pressure_mode":{"relaxation_warning_value":100},"sedentary_reminder":{"no_disturb_in_launch":false}},"spo2":{"enabled":true,"threshold":100},"support":{"heart_rate":true,"heart_rate_workout":false,"high_stress_index":false,"relaxation_prompt":true,"sedentary_reminder":true,"sleep_reminder":false,"spo2":true,"wear_detection":false},"wear_detection_status":{"last_updated_at":-1}}
2026-03-29 20:41:52.231 | AlertVM | loadState={"device_address":"D8:5C:08:30:00:1E","heart_rate":{"low_enabled":true,"low_threshold":49,"resting_enabled":true,"resting_threshold":50,"workout_enabled":false,"workout_threshold":175},"pending_sync":{"heart_rate":true,"relaxation_prompt":false,"sedentary_reminder":false,"sleep_reminder":false,"spo2":true},"pressure_mode":{"relaxation_prompt_enabled":false,"stress_monitoring_enabled":false},"sedentary_reminder":{"end_hour":18,"end_minute":0,"interval":60,"repeat_count":0,"start_hour":9,"start_minute":0,"status":false},"sleep_reminder":{"hour":0,"millisecond":0,"minute":0,"second":0,"status":false},"snapshots":{"heart_rate":{"continuous_heart_rate_mode":0,"frequency":0,"mode":0},"pressure_mode":{"relaxation_warning_value":100},"sedentary_reminder":{"no_disturb_in_launch":false}},"spo2":{"enabled":true,"threshold":100},"support":{"heart_rate":true,"heart_rate_workout":false,"high_stress_index":false,"relaxation_prompt":true,"sedentary_reminder":true,"sleep_reminder":false,"spo2":true,"wear_detection":false},"wear_detection_status":{"last_updated_at":-1}}
2026-03-29 20:41:52.273 | AlertService | queryCallback type=UpdateFirmwareLogStatus
2026-03-29 20:41:52.286 | ZhUpdate | setHeartRateAlertSettings={"low_enabled":true,"low_threshold":49,"resting_enabled":true,"resting_threshold":50,"workout_enabled":false,"workout_threshold":175}
2026-03-29 20:41:52.288 | ZhUpdate | setHeartRateAlertSettings api=SWHRMonitor deviceType=luna_band workoutEnabled=false
2026-03-29 20:41:52.289 | ZhUpdate | setHeartRateAlertSettings bean={"heightWarningValue":50,"isHeightWarning":true,"isLowWarning":true,"lowWarningValue":49}
2026-03-29 20:41:52.300 | AlertVM | syncQueuedFeatures skipped activePhase=UPDATE_SENT feature=HEART_RATE
2026-03-29 20:41:52.302 | AlertVM | handleQueryCallback type=UpdateFirmwareLogStatus
2026-03-29 20:41:52.303 | AlertVM | handleQueryCallback type=Default
2026-03-29 20:41:53.436 | AlertService | queryCallback type=UpdateFirmwareLogStatus
2026-03-29 20:41:53.440 | AlertVM | handleQueryCallback type=UpdateFirmwareLogStatus
2026-03-29 20:41:53.441 | AlertVM | handleQueryCallback type=Default
2026-03-29 20:41:54.757 | AlertService | queryCallback type=UpdateFirmwareLogStatus
2026-03-29 20:41:54.761 | AlertVM | handleQueryCallback type=UpdateFirmwareLogStatus
2026-03-29 20:41:54.763 | AlertVM | handleQueryCallback type=Default
2026-03-29 20:41:55.070 | ZhUpdate | setHeartRateAlertSettings api=SWHRMonitor state=SUCCEED
2026-03-29 20:41:55.073 | AlertService | updateCallback type=HeartRateAlertSettingsUpdated
2026-03-29 20:41:55.078 | AlertService | onAlertUpdateCompleted feature=HEART_RATE success=true
2026-03-29 20:41:55.083 | AlertVM | handleUpdateCallback type=HeartRateAlertSettingsUpdated
2026-03-29 20:41:55.085 | AlertVM | heartRate update success=true
2026-03-29 20:41:55.087 | AlertVM | handleScreenUpdateCompletion feature=HEART_RATE success=true
2026-03-29 20:41:55.090 | AlertVM | scheduleVerify feature=HEART_RATE delayMs=0
2026-03-29 20:41:55.091 | AlertVM | sendQuery feature=HEART_RATE
2026-03-29 20:41:55.093 | ZhQuery | getHeartRateAlertSettings dispatched api=SWHRMonitor deviceType=luna_band
2026-03-29 20:41:55.476 | AlertService | queryCallback type=UpdateFirmwareLogStatus
2026-03-29 20:41:55.483 | AlertVM | handleQueryCallback type=UpdateFirmwareLogStatus
2026-03-29 20:41:55.485 | AlertVM | handleQueryCallback type=Default
2026-03-29 20:41:56.274 | AlertService | queryCallback type=UpdateFirmwareLogStatus
2026-03-29 20:41:56.284 | AlertVM | handleQueryCallback type=UpdateFirmwareLogStatus
2026-03-29 20:41:56.287 | AlertVM | handleQueryCallback type=Default
2026-03-29 20:41:56.449 | ZhQuery | onSWHRMonitor={"heightWarningValue":50,"isHeightWarning":true,"isLowWarning":true,"lowWarningValue":49}
2026-03-29 20:41:56.452 | AlertService | queryCallback type=HeartRateAlertSettingsObtained
2026-03-29 20:41:56.455 | AlertService | heartRate passive query preserving pending local value
2026-03-29 20:41:56.458 | AlertService | saveAlertSettings={"device_address":"D8:5C:08:30:00:1E","heart_rate":{"low_enabled":true,"low_threshold":49,"resting_enabled":true,"resting_threshold":50,"workout_enabled":false,"workout_threshold":175},"pending_sync":{"heart_rate":true,"relaxation_prompt":false,"sedentary_reminder":false,"sleep_reminder":false,"spo2":true},"pressure_mode":{"relaxation_prompt_enabled":false,"stress_monitoring_enabled":false},"sedentary_reminder":{"end_hour":18,"end_minute":0,"interval":60,"repeat_count":0,"start_hour":9,"start_minute":0,"status":false},"sleep_reminder":{"hour":0,"millisecond":0,"minute":0,"second":0,"status":false},"snapshots":{"heart_rate":{"continuous_heart_rate_mode":0,"frequency":0,"mode":0},"pressure_mode":{"relaxation_warning_value":100},"sedentary_reminder":{"no_disturb_in_launch":false}},"spo2":{"enabled":true,"threshold":100},"support":{"heart_rate":true,"heart_rate_workout":false,"high_stress_index":false,"relaxation_prompt":true,"sedentary_reminder":true,"sleep_reminder":false,"spo2":true,"wear_detection":false},"wear_detection_status":{"last_updated_at":-1}}
2026-03-29 20:41:56.465 | AlertService | queryCallback type=AlertFeatureSupportObtained
2026-03-29 20:41:56.468 | AlertService | saveAlertSettings={"device_address":"D8:5C:08:30:00:1E","heart_rate":{"low_enabled":true,"low_threshold":49,"resting_enabled":true,"resting_threshold":50,"workout_enabled":false,"workout_threshold":175},"pending_sync":{"heart_rate":true,"relaxation_prompt":false,"sedentary_reminder":false,"sleep_reminder":false,"spo2":true},"pressure_mode":{"relaxation_prompt_enabled":false,"stress_monitoring_enabled":false},"sedentary_reminder":{"end_hour":18,"end_minute":0,"interval":60,"repeat_count":0,"start_hour":9,"start_minute":0,"status":false},"sleep_reminder":{"hour":0,"millisecond":0,"minute":0,"second":0,"status":false},"snapshots":{"heart_rate":{"continuous_heart_rate_mode":0,"frequency":0,"mode":0},"pressure_mode":{"relaxation_warning_value":100},"sedentary_reminder":{"no_disturb_in_launch":false}},"spo2":{"enabled":true,"threshold":100},"support":{"heart_rate":true,"heart_rate_workout":false,"high_stress_index":false,"relaxation_prompt":true,"sedentary_reminder":true,"sleep_reminder":false,"spo2":true,"wear_detection":false},"wear_detection_status":{"last_updated_at":-1}}
2026-03-29 20:41:56.470 | ZhQuery | getHeartRateAlertSettings api=SWHRMonitor state=SUCCEED
2026-03-29 20:41:56.473 | AlertVM | handleQueryCallback type=HeartRateAlertSettingsObtained
2026-03-29 20:41:56.475 | AlertVM | heartRate query matchesStored=true pending=true phase=VERIFY_QUERY
2026-03-29 20:41:56.477 | AlertVM | heartRate query value={"low_enabled":true,"low_threshold":49,"resting_enabled":true,"resting_threshold":50,"workout_enabled":false,"workout_threshold":175}
2026-03-29 20:41:56.479 | AlertVM | handleScreenQueryCompletion feature=HEART_RATE phase=VERIFY_QUERY matchesStored=true
2026-03-29 20:41:56.481 | AlertVM | syncQueuedFeatures feature=SPO2 requiresSnapshot=false
2026-03-29 20:41:56.482 | AlertVM | sendUpdate feature=SPO2
2026-03-29 20:41:56.484 | AlertVM | sendUpdate state={"device_address":"D8:5C:08:30:00:1E","heart_rate":{"low_enabled":true,"low_threshold":49,"resting_enabled":true,"resting_threshold":50,"workout_enabled":false,"workout_threshold":175},"pending_sync":{"heart_rate":false,"relaxation_prompt":false,"sedentary_reminder":false,"sleep_reminder":false,"spo2":true},"pressure_mode":{"relaxation_prompt_enabled":false,"stress_monitoring_enabled":false},"sedentary_reminder":{"end_hour":18,"end_minute":0,"interval":60,"repeat_count":0,"start_hour":9,"start_minute":0,"status":false},"sleep_reminder":{"hour":0,"millisecond":0,"minute":0,"second":0,"status":false},"snapshots":{"heart_rate":{"continuous_heart_rate_mode":0,"frequency":0,"mode":0},"pressure_mode":{"relaxation_warning_value":100},"sedentary_reminder":{"no_disturb_in_launch":false}},"spo2":{"enabled":true,"threshold":100},"support":{"heart_rate":true,"heart_rate_workout":false,"high_stress_index":false,"relaxation_prompt":true,"sedentary_reminder":true,"sleep_reminder":false,"spo2":true,"wear_detection":false},"wear_detection_status":{"last_updated_at":-1}}
2026-03-29 20:41:56.486 | AlertVM | handleQueryCallback type=Default
2026-03-29 20:41:56.488 | AlertVM | handleQueryCallback type=AlertFeatureSupportObtained
2026-03-29 20:41:56.498 | AlertVM | support feature=HEART_RATE supported=true
2026-03-29 20:41:56.500 | AlertVM | handleQueryCallback type=Default
2026-03-29 20:41:56.503 | ZhUpdate | setSpo2AlertSettings={"enabled":true,"threshold":100}
2026-03-29 20:41:57.402 | AlertService | queryCallback type=UpdateFirmwareLogStatus
2026-03-29 20:41:57.408 | AlertVM | handleQueryCallback type=UpdateFirmwareLogStatus
2026-03-29 20:41:57.410 | AlertVM | handleQueryCallback type=Default
2026-03-29 20:41:57.687 | ZhUpdate | setSpo2AlertSettings state=SUCCEED
2026-03-29 20:41:57.693 | AlertService | updateCallback type=Spo2AlertSettingsUpdated
2026-03-29 20:41:57.696 | AlertService | onAlertUpdateCompleted feature=SPO2 success=true
2026-03-29 20:41:57.699 | AlertService | updateCallback type=Spo2SettingsUpdated
2026-03-29 20:41:57.701 | AlertVM | handleUpdateCallback type=Spo2AlertSettingsUpdated
2026-03-29 20:41:57.704 | AlertVM | spo2 update success=true
2026-03-29 20:41:57.705 | AlertVM | handleScreenUpdateCompletion feature=SPO2 success=true
2026-03-29 20:41:57.707 | AlertVM | scheduleVerify feature=SPO2 delayMs=0
2026-03-29 20:41:57.710 | AlertVM | sendQuery feature=SPO2
2026-03-29 20:41:57.712 | AlertVM | handleUpdateCallback type=Spo2SettingsUpdated
2026-03-29 20:41:57.714 | ZhQuery | getSpo2AlertSettings dispatched
2026-03-29 20:41:58.440 | AlertService | queryCallback type=UpdateFirmwareLogStatus
2026-03-29 20:41:58.454 | AlertVM | handleQueryCallback type=UpdateFirmwareLogStatus
2026-03-29 20:41:58.457 | AlertVM | handleQueryCallback type=Default
2026-03-29 20:41:59.068 | ZhQuery | onSWSPO2Monitor={"isWarning":true,"warningValue":100}
2026-03-29 20:41:59.070 | AlertService | queryCallback type=Spo2AlertSettingsObtained
2026-03-29 20:41:59.073 | AlertService | spo2 passive query preserving pending local value
2026-03-29 20:41:59.075 | AlertService | saveAlertSettings={"device_address":"D8:5C:08:30:00:1E","heart_rate":{"low_enabled":true,"low_threshold":49,"resting_enabled":true,"resting_threshold":50,"workout_enabled":false,"workout_threshold":175},"pending_sync":{"heart_rate":false,"relaxation_prompt":false,"sedentary_reminder":false,"sleep_reminder":false,"spo2":true},"pressure_mode":{"relaxation_prompt_enabled":false,"stress_monitoring_enabled":false},"sedentary_reminder":{"end_hour":18,"end_minute":0,"interval":60,"repeat_count":0,"start_hour":9,"start_minute":0,"status":false},"sleep_reminder":{"hour":0,"millisecond":0,"minute":0,"second":0,"status":false},"snapshots":{"heart_rate":{"continuous_heart_rate_mode":0,"frequency":0,"mode":0},"pressure_mode":{"relaxation_warning_value":100},"sedentary_reminder":{"no_disturb_in_launch":false}},"spo2":{"enabled":true,"threshold":100},"support":{"heart_rate":true,"heart_rate_workout":false,"high_stress_index":false,"relaxation_prompt":true,"sedentary_reminder":true,"sleep_reminder":false,"spo2":true,"wear_detection":false},"wear_detection_status":{"last_updated_at":-1}}
2026-03-29 20:41:59.078 | AlertService | queryCallback type=AlertFeatureSupportObtained
2026-03-29 20:41:59.080 | AlertService | saveAlertSettings={"device_address":"D8:5C:08:30:00:1E","heart_rate":{"low_enabled":true,"low_threshold":49,"resting_enabled":true,"resting_threshold":50,"workout_enabled":false,"workout_threshold":175},"pending_sync":{"heart_rate":false,"relaxation_prompt":false,"sedentary_reminder":false,"sleep_reminder":false,"spo2":true},"pressure_mode":{"relaxation_prompt_enabled":false,"stress_monitoring_enabled":false},"sedentary_reminder":{"end_hour":18,"end_minute":0,"interval":60,"repeat_count":0,"start_hour":9,"start_minute":0,"status":false},"sleep_reminder":{"hour":0,"millisecond":0,"minute":0,"second":0,"status":false},"snapshots":{"heart_rate":{"continuous_heart_rate_mode":0,"frequency":0,"mode":0},"pressure_mode":{"relaxation_warning_value":100},"sedentary_reminder":{"no_disturb_in_launch":false}},"spo2":{"enabled":true,"threshold":100},"support":{"heart_rate":true,"heart_rate_workout":false,"high_stress_index":false,"relaxation_prompt":true,"sedentary_reminder":true,"sleep_reminder":false,"spo2":true,"wear_detection":false},"wear_detection_status":{"last_updated_at":-1}}
2026-03-29 20:41:59.083 | ZhQuery | getSpo2AlertSettings state=SUCCEED
2026-03-29 20:41:59.089 | AlertVM | handleQueryCallback type=Spo2AlertSettingsObtained
2026-03-29 20:41:59.091 | AlertVM | spo2 query matchesStored=true pending=true phase=VERIFY_QUERY
2026-03-29 20:41:59.099 | AlertVM | spo2 query value={"enabled":true,"threshold":100}
2026-03-29 20:41:59.101 | AlertVM | handleScreenQueryCompletion feature=SPO2 phase=VERIFY_QUERY matchesStored=true
2026-03-29 20:41:59.102 | AlertVM | handleQueryCallback type=Default
2026-03-29 20:41:59.107 | AlertVM | handleQueryCallback type=AlertFeatureSupportObtained
2026-03-29 20:41:59.108 | AlertVM | support feature=SPO2 supported=true
2026-03-29 20:41:59.110 | AlertVM | handleQueryCallback type=Default
2026-03-29 20:41:59.469 | AlertService | queryCallback type=UpdateFirmwareLogStatus
2026-03-29 20:41:59.472 | AlertVM | handleQueryCallback type=UpdateFirmwareLogStatus
2026-03-29 20:41:59.475 | AlertVM | handleQueryCallback type=Default
2026-03-29 20:42:00.610 | AlertService | queryCallback type=UpdateFirmwareLogStatus
2026-03-29 20:42:00.620 | AlertVM | handleQueryCallback type=UpdateFirmwareLogStatus
2026-03-29 20:42:00.623 | AlertVM | handleQueryCallback type=Default
2026-03-29 20:42:01.648 | AlertService | queryCallback type=UpdateFirmwareLogStatus
2026-03-29 20:42:01.655 | AlertVM | handleQueryCallback type=UpdateFirmwareLogStatus
2026-03-29 20:42:01.657 | AlertVM | handleQueryCallback type=Default
2026-03-29 20:42:02.357 | AlertService | queryCallback type=UpdateFirmwareLogStatus
2026-03-29 20:42:02.371 | AlertVM | handleQueryCallback type=UpdateFirmwareLogStatus
2026-03-29 20:42:02.373 | AlertVM | handleQueryCallback type=Default
2026-03-29 20:42:03.573 | AlertService | queryCallback type=UpdateFirmwareLogStatus
2026-03-29 20:42:03.585 | AlertVM | handleQueryCallback type=UpdateFirmwareLogStatus
2026-03-29 20:42:03.589 | AlertVM | handleQueryCallback type=Default
2026-03-29 20:42:04.287 | AlertService | queryCallback type=UpdateFirmwareLogStatus
2026-03-29 20:42:04.298 | AlertVM | handleQueryCallback type=UpdateFirmwareLogStatus
2026-03-29 20:42:04.300 | AlertVM | handleQueryCallback type=Default
2026-03-29 20:42:05.504 | AlertService | queryCallback type=UpdateFirmwareLogStatus
2026-03-29 20:42:05.512 | AlertVM | handleQueryCallback type=UpdateFirmwareLogStatus
2026-03-29 20:42:05.515 | AlertVM | handleQueryCallback type=Default
2026-03-29 20:42:06.406 | AlertService | queryCallback type=BatteryDataObtained
2026-03-29 20:42:06.411 | AlertVM | handleQueryCallback type=BatteryDataObtained
2026-03-29 20:42:06.413 | AlertVM | handleQueryCallback type=Default
2026-03-29 20:42:08.117 | AlertService | queryCallback type=UpdateFirmwareLogStatus
2026-03-29 20:42:08.132 | AlertVM | handleQueryCallback type=UpdateFirmwareLogStatus
2026-03-29 20:42:08.135 | AlertVM | handleQueryCallback type=Default
2026-03-29 20:42:08.934 | AlertService | queryCallback type=UpdateFirmwareLogStatus
2026-03-29 20:42:08.951 | AlertVM | handleQueryCallback type=UpdateFirmwareLogStatus
2026-03-29 20:42:08.954 | AlertVM | handleQueryCallback type=Default
2026-03-29 20:42:09.556 | AlertService | queryCallback type=UpdateFirmwareLogStatus
2026-03-29 20:42:09.566 | AlertVM | handleQueryCallback type=UpdateFirmwareLogStatus
2026-03-29 20:42:09.569 | AlertVM | handleQueryCallback type=Default
2026-03-29 20:42:10.226 | AlertService | queryCallback type=UpdateFirmwareLogStatus
2026-03-29 20:42:10.228 | AlertVM | handleQueryCallback type=UpdateFirmwareLogStatus
2026-03-29 20:42:10.232 | AlertVM | handleQueryCallback type=Default
2026-03-29 20:42:10.771 | AlertService | queryCallback type=UpdateFirmwareLogStatus
2026-03-29 20:42:10.778 | AlertVM | handleQueryCallback type=UpdateFirmwareLogStatus
2026-03-29 20:42:10.781 | AlertVM | handleQueryCallback type=Default
2026-03-29 20:42:11.311 | AlertService | queryCallback type=UpdateFirmwareLogStatus
2026-03-29 20:42:11.325 | AlertVM | handleQueryCallback type=UpdateFirmwareLogStatus
2026-03-29 20:42:11.327 | AlertVM | handleQueryCallback type=Default
2026-03-29 20:42:12.390 | AlertService | queryCallback type=UpdateFirmwareLogStatus
2026-03-29 20:42:12.401 | AlertVM | handleQueryCallback type=UpdateFirmwareLogStatus
2026-03-29 20:42:12.404 | AlertVM | handleQueryCallback type=Default
2026-03-29 20:42:13.512 | AlertService | queryCallback type=UpdateFirmwareLogStatus
2026-03-29 20:42:13.534 | AlertVM | handleQueryCallback type=UpdateFirmwareLogStatus
2026-03-29 20:42:13.537 | AlertVM | handleQueryCallback type=Default
2026-03-29 20:42:14.413 | AlertService | queryCallback type=UpdateFirmwareLogStatus
2026-03-29 20:42:14.424 | AlertVM | handleQueryCallback type=UpdateFirmwareLogStatus
2026-03-29 20:42:14.427 | AlertVM | handleQueryCallback type=Default
2026-03-29 20:42:15.351 | AlertService | queryCallback type=UpdateFirmwareLogStatus
2026-03-29 20:42:15.364 | AlertVM | handleQueryCallback type=UpdateFirmwareLogStatus
2026-03-29 20:42:15.366 | AlertVM | handleQueryCallback type=Default
2026-03-29 20:42:16.932 | AlertService | queryCallback type=UpdateFirmwareLogStatus
2026-03-29 20:42:16.948 | AlertVM | handleQueryCallback type=UpdateFirmwareLogStatus
2026-03-29 20:42:16.950 | AlertVM | handleQueryCallback type=Default
2026-03-29 20:42:17.695 | AlertService | queryCallback type=UpdateFirmwareLogStatus
2026-03-29 20:42:17.699 | AlertVM | handleQueryCallback type=UpdateFirmwareLogStatus
2026-03-29 20:42:17.701 | AlertVM | handleQueryCallback type=Default
2026-03-29 20:42:18.191 | AlertService | queryCallback type=UpdateFirmwareLogStatus
2026-03-29 20:42:18.202 | AlertVM | handleQueryCallback type=UpdateFirmwareLogStatus
2026-03-29 20:42:18.203 | AlertVM | handleQueryCallback type=Default
2026-03-29 20:42:18.781 | AlertService | queryCallback type=UpdateFirmwareLogStatus
2026-03-29 20:42:18.787 | AlertVM | handleQueryCallback type=UpdateFirmwareLogStatus
2026-03-29 20:42:18.789 | AlertVM | handleQueryCallback type=Default
2026-03-29 20:42:19.764 | AlertService | queryCallback type=UpdateFirmwareLogStatus
2026-03-29 20:42:19.770 | AlertVM | handleQueryCallback type=UpdateFirmwareLogStatus
2026-03-29 20:42:19.771 | AlertVM | handleQueryCallback type=Default
2026-03-29 20:42:20.838 | AlertService | queryCallback type=UpdateFirmwareLogStatus
2026-03-29 20:42:20.848 | AlertVM | handleQueryCallback type=UpdateFirmwareLogStatus
2026-03-29 20:42:20.849 | AlertVM | handleQueryCallback type=Default
2026-03-29 20:42:21.791 | AlertService | queryCallback type=UpdateFirmwareLogStatus
2026-03-29 20:42:21.799 | AlertVM | handleQueryCallback type=UpdateFirmwareLogStatus
2026-03-29 20:42:21.801 | AlertVM | handleQueryCallback type=Default
2026-03-29 20:42:22.773 | AlertService | queryCallback type=UpdateFirmwareLogStatus
2026-03-29 20:42:22.778 | AlertVM | handleQueryCallback type=UpdateFirmwareLogStatus
2026-03-29 20:42:22.780 | AlertVM | handleQueryCallback type=Default
2026-03-29 20:42:23.912 | AlertService | queryCallback type=UpdateFirmwareLogStatus
2026-03-29 20:42:24.959 | AlertService | queryCallback type=UpdateFirmwareLogStatus
2026-03-29 20:42:25.511 | AlertService | queryCallback type=BatteryDataObtained
2026-03-29 20:42:26.160 | AlertService | queryCallback type=UpdateFirmwareLogStatus
2026-03-29 20:42:26.837 | AlertService | queryCallback type=UpdateFirmwareLogStatus
2026-03-29 20:42:28.739 | AlertService | queryCallback type=UpdateFirmwareLogStatus
2026-03-29 20:42:29.132 | AlertService | queryCallback type=UpdateFirmwareLogStatus
2026-03-29 20:42:30.131 | AlertService | queryCallback type=UpdateFirmwareLogStatus
2026-03-29 20:42:30.805 | AlertService | queryCallback type=UpdateFirmwareLogStatus
2026-03-29 20:42:32.102 | AlertService | queryCallback type=UpdateFirmwareLogStatus
2026-03-29 20:42:32.895 | AlertService | queryCallback type=UpdateFirmwareLogStatus
2026-03-29 20:42:34.417 | AlertService | queryCallback type=UpdateFirmwareLogStatus
2026-03-29 20:42:34.972 | AlertService | queryCallback type=UpdateFirmwareLogStatus
2026-03-29 20:42:35.262 | AlertService | queryCallback type=BatteryDataObtained
2026-03-29 20:42:35.442 | AlertService | queryCallback type=BatteryDataObtained
2026-03-29 20:42:35.938 | AlertService | queryCallback type=UpdateFirmwareLogStatus
2026-03-29 20:42:36.770 | AlertService | queryCallback type=UpdateFirmwareLogStatus
2026-03-29 20:42:37.809 | AlertService | queryCallback type=UpdateFirmwareLogStatus
2026-03-29 20:42:38.889 | AlertService | queryCallback type=UpdateFirmwareLogStatus
2026-03-29 20:42:40.147 | AlertService | queryCallback type=UpdateFirmwareLogStatus
2026-03-29 20:42:40.907 | AlertService | queryCallback type=UpdateFirmwareLogStatus
2026-03-29 20:42:41.845 | AlertService | queryCallback type=UpdateFirmwareLogStatus
2026-03-29 20:42:42.933 | AlertService | queryCallback type=UpdateFirmwareLogStatus
2026-03-29 20:42:43.787 | AlertService | queryCallback type=UpdateFirmwareLogStatus
2026-03-29 20:42:44.157 | AlertService | queryCallback type=BatteryDataObtained
2026-03-29 20:42:44.430 | AlertService | queryCallback type=BatteryDataObtained
2026-03-29 20:42:44.953 | AlertService | queryCallback type=UpdateFirmwareLogStatus
2026-03-29 20:42:45.393 | AlertService | updateCallback type=OngoingWorkoutData
2026-03-29 20:42:45.410 | AlertService | updateCallback type=WorkoutStartState
2026-03-29 20:42:46.632 | AlertService | updateCallback type=WorkoutRealTimeDataObtained
2026-03-29 20:42:47.147 | AlertService | queryCallback type=UpdateFirmwareLogStatus
2026-03-29 20:42:47.983 | AlertService | queryCallback type=UpdateFirmwareLogStatus
2026-03-29 20:42:48.437 | AlertService | updateCallback type=WorkoutRealTimeDataObtained
2026-03-29 20:42:49.110 | AlertService | queryCallback type=UpdateFirmwareLogStatus
2026-03-29 20:42:49.961 | AlertService | queryCallback type=UpdateFirmwareLogStatus
2026-03-29 20:42:50.416 | AlertService | updateCallback type=WorkoutRealTimeDataObtained
2026-03-29 20:42:50.961 | AlertService | queryCallback type=UpdateFirmwareLogStatus
2026-03-29 20:42:52.031 | AlertService | queryCallback type=UpdateFirmwareLogStatus
2026-03-29 20:42:52.465 | AlertService | updateCallback type=WorkoutRealTimeDataObtained
2026-03-29 20:42:52.994 | AlertService | queryCallback type=UpdateFirmwareLogStatus
2026-03-29 20:42:54.096 | AlertService | queryCallback type=UpdateFirmwareLogStatus
2026-03-29 20:42:54.514 | AlertService | updateCallback type=WorkoutRealTimeDataObtained
2026-03-29 20:42:54.976 | AlertService | queryCallback type=UpdateFirmwareLogStatus
2026-03-29 20:42:55.959 | AlertService | queryCallback type=UpdateFirmwareLogStatus
2026-03-29 20:42:56.479 | AlertService | updateCallback type=WorkoutRealTimeDataObtained
2026-03-29 20:42:56.994 | AlertService | queryCallback type=UpdateFirmwareLogStatus
2026-03-29 20:42:57.980 | AlertService | queryCallback type=UpdateFirmwareLogStatus
2026-03-29 20:42:58.417 | AlertService | updateCallback type=WorkoutRealTimeDataObtained
2026-03-29 20:42:58.960 | AlertService | queryCallback type=UpdateFirmwareLogStatus
2026-03-29 20:42:59.953 | AlertService | queryCallback type=UpdateFirmwareLogStatus
2026-03-29 20:43:00.472 | AlertService | updateCallback type=WorkoutRealTimeDataObtained
2026-03-29 20:43:00.956 | AlertService | queryCallback type=UpdateFirmwareLogStatus
2026-03-29 20:43:01.995 | AlertService | queryCallback type=UpdateFirmwareLogStatus
2026-03-29 20:43:02.451 | AlertService | updateCallback type=WorkoutRealTimeDataObtained
2026-03-29 20:43:02.972 | AlertService | queryCallback type=UpdateFirmwareLogStatus
2026-03-29 20:43:03.963 | AlertService | queryCallback type=UpdateFirmwareLogStatus
2026-03-29 20:43:04.437 | AlertService | updateCallback type=WorkoutRealTimeDataObtained
2026-03-29 20:43:04.947 | AlertService | queryCallback type=UpdateFirmwareLogStatus
2026-03-29 20:43:05.945 | AlertService | queryCallback type=UpdateFirmwareLogStatus
2026-03-29 20:43:06.439 | AlertService | updateCallback type=WorkoutRealTimeDataObtained
2026-03-29 20:43:06.983 | AlertService | queryCallback type=UpdateFirmwareLogStatus
2026-03-29 20:43:07.956 | AlertService | queryCallback type=UpdateFirmwareLogStatus
2026-03-29 20:43:08.424 | AlertService | updateCallback type=WorkoutRealTimeDataObtained
2026-03-29 20:43:08.955 | AlertService | queryCallback type=UpdateFirmwareLogStatus
2026-03-29 20:43:09.942 | AlertService | queryCallback type=UpdateFirmwareLogStatus
2026-03-29 20:43:10.453 | AlertService | updateCallback type=WorkoutRealTimeDataObtained
2026-03-29 20:43:10.989 | AlertService | queryCallback type=UpdateFirmwareLogStatus
2026-03-29 20:43:11.965 | AlertService | queryCallback type=UpdateFirmwareLogStatus
2026-03-29 20:43:12.465 | AlertService | updateCallback type=WorkoutRealTimeDataObtained
2026-03-29 20:43:12.974 | AlertService | queryCallback type=UpdateFirmwareLogStatus
2026-03-29 20:43:14.002 | AlertService | queryCallback type=UpdateFirmwareLogStatus
2026-03-29 20:43:14.466 | AlertService | updateCallback type=WorkoutRealTimeDataObtained
2026-03-29 20:43:14.956 | AlertService | queryCallback type=UpdateFirmwareLogStatus
2026-03-29 20:43:15.927 | AlertService | queryCallback type=UpdateFirmwareLogStatus
2026-03-29 20:43:16.478 | AlertService | updateCallback type=WorkoutRealTimeDataObtained
2026-03-29 20:43:17.009 | AlertService | queryCallback type=UpdateFirmwareLogStatus
2026-03-29 20:43:17.962 | AlertService | queryCallback type=UpdateFirmwareLogStatus
2026-03-29 20:43:18.454 | AlertService | updateCallback type=WorkoutRealTimeDataObtained
2026-03-29 20:43:18.977 | AlertService | queryCallback type=UpdateFirmwareLogStatus
2026-03-29 20:43:19.935 | AlertService | queryCallback type=UpdateFirmwareLogStatus
2026-03-29 20:43:20.465 | AlertService | updateCallback type=WorkoutRealTimeDataObtained
2026-03-29 20:43:20.967 | AlertService | queryCallback type=UpdateFirmwareLogStatus
2026-03-29 20:43:22.023 | AlertService | queryCallback type=UpdateFirmwareLogStatus
2026-03-29 20:43:22.414 | AlertService | updateCallback type=WorkoutRealTimeDataObtained
2026-03-29 20:43:22.956 | AlertService | queryCallback type=UpdateFirmwareLogStatus
2026-03-29 20:43:23.985 | AlertService | queryCallback type=UpdateFirmwareLogStatus
2026-03-29 20:43:24.476 | AlertService | updateCallback type=WorkoutRealTimeDataObtained
2026-03-29 20:43:24.945 | AlertService | queryCallback type=UpdateFirmwareLogStatus
2026-03-29 20:43:25.967 | AlertService | queryCallback type=UpdateFirmwareLogStatus
2026-03-29 20:43:26.412 | AlertService | updateCallback type=WorkoutRealTimeDataObtained
2026-03-29 20:43:26.964 | AlertService | queryCallback type=UpdateFirmwareLogStatus
2026-03-29 20:43:27.943 | AlertService | queryCallback type=UpdateFirmwareLogStatus
2026-03-29 20:43:28.459 | AlertService | updateCallback type=WorkoutRealTimeDataObtained
2026-03-29 20:43:28.987 | AlertService | queryCallback type=UpdateFirmwareLogStatus
2026-03-29 20:43:29.925 | AlertService | queryCallback type=UpdateFirmwareLogStatus
2026-03-29 20:43:30.427 | AlertService | updateCallback type=WorkoutRealTimeDataObtained
2026-03-29 20:43:30.998 | AlertService | queryCallback type=UpdateFirmwareLogStatus
2026-03-29 20:43:31.993 | AlertService | queryCallback type=UpdateFirmwareLogStatus
2026-03-29 20:43:32.459 | AlertService | updateCallback type=WorkoutRealTimeDataObtained
2026-03-29 20:43:32.932 | AlertService | queryCallback type=UpdateFirmwareLogStatus
2026-03-29 20:43:33.943 | AlertService | queryCallback type=UpdateFirmwareLogStatus
2026-03-29 20:43:34.452 | AlertService | updateCallback type=WorkoutRealTimeDataObtained
2026-03-29 20:43:34.969 | AlertService | queryCallback type=UpdateFirmwareLogStatus
2026-03-29 20:43:36.009 | AlertService | queryCallback type=UpdateFirmwareLogStatus
2026-03-29 20:43:36.489 | AlertService | updateCallback type=WorkoutRealTimeDataObtained
2026-03-29 20:43:36.967 | AlertService | queryCallback type=UpdateFirmwareLogStatus
2026-03-29 20:43:37.945 | AlertService | queryCallback type=UpdateFirmwareLogStatus
2026-03-29 20:43:38.452 | AlertService | updateCallback type=WorkoutRealTimeDataObtained
2026-03-29 20:43:38.929 | AlertService | queryCallback type=UpdateFirmwareLogStatus
2026-03-29 20:43:39.921 | AlertService | queryCallback type=UpdateFirmwareLogStatus
2026-03-29 20:43:40.428 | AlertService | updateCallback type=WorkoutRealTimeDataObtained
2026-03-29 20:43:40.952 | AlertService | queryCallback type=UpdateFirmwareLogStatus
2026-03-29 20:43:41.955 | AlertService | queryCallback type=UpdateFirmwareLogStatus
2026-03-29 20:43:42.452 | AlertService | updateCallback type=WorkoutRealTimeDataObtained
2026-03-29 20:43:42.936 | AlertService | queryCallback type=UpdateFirmwareLogStatus
2026-03-29 20:43:43.941 | AlertService | queryCallback type=UpdateFirmwareLogStatus
2026-03-29 20:43:44.426 | AlertService | updateCallback type=WorkoutRealTimeDataObtained
2026-03-29 20:43:44.957 | AlertService | queryCallback type=UpdateFirmwareLogStatus
2026-03-29 20:43:45.949 | AlertService | queryCallback type=UpdateFirmwareLogStatus
2026-03-29 20:43:46.446 | AlertService | updateCallback type=WorkoutRealTimeDataObtained
2026-03-29 20:43:46.939 | AlertService | queryCallback type=UpdateFirmwareLogStatus
2026-03-29 20:43:47.971 | AlertService | queryCallback type=UpdateFirmwareLogStatus
2026-03-29 20:43:48.418 | AlertService | updateCallback type=WorkoutRealTimeDataObtained
2026-03-29 20:43:49.013 | AlertService | queryCallback type=UpdateFirmwareLogStatus
2026-03-29 20:43:49.972 | AlertService | queryCallback type=UpdateFirmwareLogStatus
2026-03-29 20:43:50.456 | AlertService | updateCallback type=WorkoutRealTimeDataObtained
2026-03-29 20:43:50.941 | AlertService | queryCallback type=UpdateFirmwareLogStatus
2026-03-29 20:43:51.947 | AlertService | queryCallback type=UpdateFirmwareLogStatus
2026-03-29 20:43:52.474 | AlertService | updateCallback type=WorkoutRealTimeDataObtained
2026-03-29 20:43:52.915 | AlertService | queryCallback type=UpdateFirmwareLogStatus
2026-03-29 20:43:53.938 | AlertService | queryCallback type=UpdateFirmwareLogStatus
2026-03-29 20:43:54.419 | AlertService | updateCallback type=WorkoutRealTimeDataObtained
2026-03-29 20:43:55.033 | AlertService | queryCallback type=UpdateFirmwareLogStatus
2026-03-29 20:43:55.988 | AlertService | queryCallback type=UpdateFirmwareLogStatus
2026-03-29 20:43:56.466 | AlertService | updateCallback type=WorkoutRealTimeDataObtained
2026-03-29 20:43:56.923 | AlertService | queryCallback type=UpdateFirmwareLogStatus
2026-03-29 20:43:57.933 | AlertService | queryCallback type=UpdateFirmwareLogStatus
2026-03-29 20:43:58.465 | AlertService | updateCallback type=WorkoutRealTimeDataObtained
2026-03-29 20:43:58.897 | AlertService | queryCallback type=UpdateFirmwareLogStatus
2026-03-29 20:43:59.936 | AlertService | queryCallback type=UpdateFirmwareLogStatus
2026-03-29 20:44:00.469 | AlertService | updateCallback type=WorkoutRealTimeDataObtained
2026-03-29 20:44:00.939 | AlertService | queryCallback type=UpdateFirmwareLogStatus
2026-03-29 20:44:01.926 | AlertService | queryCallback type=UpdateFirmwareLogStatus
2026-03-29 20:44:02.423 | AlertService | updateCallback type=WorkoutRealTimeDataObtained
2026-03-29 20:44:02.947 | AlertService | queryCallback type=UpdateFirmwareLogStatus
2026-03-29 20:44:03.908 | AlertService | queryCallback type=UpdateFirmwareLogStatus
2026-03-29 20:44:04.460 | AlertService | updateCallback type=WorkoutRealTimeDataObtained
2026-03-29 20:44:04.938 | AlertService | queryCallback type=UpdateFirmwareLogStatus
2026-03-29 20:44:05.982 | AlertService | queryCallback type=UpdateFirmwareLogStatus
2026-03-29 20:44:06.432 | AlertService | updateCallback type=WorkoutRealTimeDataObtained
2026-03-29 20:44:06.916 | AlertService | queryCallback type=UpdateFirmwareLogStatus
2026-03-29 20:44:07.904 | AlertService | queryCallback type=UpdateFirmwareLogStatus
2026-03-29 20:44:08.490 | AlertService | updateCallback type=WorkoutRealTimeDataObtained
2026-03-29 20:44:08.899 | AlertService | queryCallback type=UpdateFirmwareLogStatus
2026-03-29 20:44:09.941 | AlertService | queryCallback type=UpdateFirmwareLogStatus
2026-03-29 20:44:10.444 | AlertService | updateCallback type=WorkoutRealTimeDataObtained
2026-03-29 20:44:10.921 | AlertService | queryCallback type=UpdateFirmwareLogStatus
2026-03-29 20:44:11.481 | AlertService | queryCallback type=FirmwareVersionObtained
2026-03-29 20:44:11.485 | AlertService | queryCallback type=BatteryDataObtained
2026-03-29 20:44:11.912 | AlertService | queryCallback type=UpdateFirmwareLogStatus
2026-03-29 20:44:12.472 | AlertService | updateCallback type=WorkoutRealTimeDataObtained
2026-03-29 20:44:12.936 | AlertService | queryCallback type=UpdateFirmwareLogStatus
2026-03-29 20:44:13.941 | AlertService | queryCallback type=UpdateFirmwareLogStatus
2026-03-29 20:44:14.438 | AlertService | updateCallback type=WorkoutRealTimeDataObtained
2026-03-29 20:44:14.936 | AlertService | queryCallback type=UpdateFirmwareLogStatus
2026-03-29 20:44:15.918 | AlertService | queryCallback type=UpdateFirmwareLogStatus
2026-03-29 20:44:16.418 | AlertService | updateCallback type=WorkoutRealTimeDataObtained
2026-03-29 20:44:16.912 | AlertService | queryCallback type=UpdateFirmwareLogStatus
2026-03-29 20:44:17.925 | AlertService | queryCallback type=UpdateFirmwareLogStatus
2026-03-29 20:44:18.477 | AlertService | updateCallback type=WorkoutRealTimeDataObtained
2026-03-29 20:44:18.974 | AlertService | queryCallback type=UpdateFirmwareLogStatus
2026-03-29 20:44:19.964 | AlertService | queryCallback type=UpdateFirmwareLogStatus
2026-03-29 20:44:20.429 | AlertService | updateCallback type=WorkoutRealTimeDataObtained
2026-03-29 20:44:20.913 | AlertService | queryCallback type=UpdateFirmwareLogStatus
2026-03-29 20:44:21.904 | AlertService | queryCallback type=UpdateFirmwareLogStatus
2026-03-29 20:44:22.451 | AlertService | updateCallback type=WorkoutRealTimeDataObtained
2026-03-29 20:44:22.887 | AlertService | queryCallback type=UpdateFirmwareLogStatus
2026-03-29 20:44:24.026 | AlertService | queryCallback type=UpdateFirmwareLogStatus
2026-03-29 20:44:24.431 | AlertService | updateCallback type=WorkoutRealTimeDataObtained
2026-03-29 20:44:24.953 | AlertService | queryCallback type=UpdateFirmwareLogStatus
2026-03-29 20:44:25.912 | AlertService | queryCallback type=UpdateFirmwareLogStatus
2026-03-29 20:44:26.457 | AlertService | updateCallback type=WorkoutRealTimeDataObtained
2026-03-29 20:44:26.895 | AlertService | queryCallback type=UpdateFirmwareLogStatus
2026-03-29 20:44:27.903 | AlertService | queryCallback type=UpdateFirmwareLogStatus
2026-03-29 20:44:28.424 | AlertService | updateCallback type=WorkoutRealTimeDataObtained
2026-03-29 20:44:29.004 | AlertService | queryCallback type=UpdateFirmwareLogStatus
2026-03-29 20:44:30.010 | AlertService | queryCallback type=UpdateFirmwareLogStatus
2026-03-29 20:44:30.469 | AlertService | updateCallback type=WorkoutRealTimeDataObtained
2026-03-29 20:44:30.901 | AlertService | queryCallback type=UpdateFirmwareLogStatus
2026-03-29 20:44:31.891 | AlertService | queryCallback type=UpdateFirmwareLogStatus
2026-03-29 20:44:32.467 | AlertService | updateCallback type=WorkoutRealTimeDataObtained
2026-03-29 20:44:32.882 | AlertService | queryCallback type=UpdateFirmwareLogStatus
2026-03-29 20:44:33.922 | AlertService | queryCallback type=UpdateFirmwareLogStatus
2026-03-29 20:44:34.413 | AlertService | updateCallback type=WorkoutRealTimeDataObtained
2026-03-29 20:44:34.940 | AlertService | queryCallback type=UpdateFirmwareLogStatus
2026-03-29 20:44:35.897 | AlertService | queryCallback type=UpdateFirmwareLogStatus
2026-03-29 20:44:36.457 | AlertService | updateCallback type=WorkoutRealTimeDataObtained
2026-03-29 20:44:36.881 | AlertService | queryCallback type=UpdateFirmwareLogStatus
2026-03-29 20:44:37.894 | AlertService | queryCallback type=UpdateFirmwareLogStatus
2026-03-29 20:44:38.450 | AlertService | updateCallback type=WorkoutRealTimeDataObtained
2026-03-29 20:44:38.913 | AlertService | queryCallback type=UpdateFirmwareLogStatus
2026-03-29 20:44:39.966 | AlertService | queryCallback type=UpdateFirmwareLogStatus
2026-03-29 20:44:40.478 | AlertService | updateCallback type=WorkoutRealTimeDataObtained
2026-03-29 20:44:40.895 | AlertService | queryCallback type=UpdateFirmwareLogStatus
2026-03-29 20:44:41.896 | AlertService | queryCallback type=UpdateFirmwareLogStatus
2026-03-29 20:44:42.427 | AlertService | updateCallback type=WorkoutRealTimeDataObtained
2026-03-29 20:44:42.919 | AlertService | queryCallback type=UpdateFirmwareLogStatus
2026-03-29 20:44:43.939 | AlertService | queryCallback type=UpdateFirmwareLogStatus
2026-03-29 20:44:44.466 | AlertService | updateCallback type=WorkoutRealTimeDataObtained
2026-03-29 20:44:44.928 | AlertService | queryCallback type=UpdateFirmwareLogStatus
2026-03-29 20:44:45.988 | AlertService | queryCallback type=UpdateFirmwareLogStatus
2026-03-29 20:44:46.467 | AlertService | updateCallback type=WorkoutRealTimeDataObtained
2026-03-29 20:44:46.878 | AlertService | queryCallback type=UpdateFirmwareLogStatus
2026-03-29 20:44:47.912 | AlertService | queryCallback type=UpdateFirmwareLogStatus
2026-03-29 20:44:48.461 | AlertService | updateCallback type=WorkoutRealTimeDataObtained
2026-03-29 20:44:48.980 | AlertService | queryCallback type=UpdateFirmwareLogStatus
2026-03-29 20:44:49.894 | AlertService | queryCallback type=UpdateFirmwareLogStatus
2026-03-29 20:44:50.463 | AlertService | updateCallback type=WorkoutRealTimeDataObtained
2026-03-29 20:44:50.884 | AlertService | queryCallback type=UpdateFirmwareLogStatus
2026-03-29 20:44:51.875 | AlertService | queryCallback type=UpdateFirmwareLogStatus
2026-03-29 20:44:52.415 | AlertService | updateCallback type=WorkoutRealTimeDataObtained
2026-03-29 20:44:52.909 | AlertService | queryCallback type=UpdateFirmwareLogStatus
2026-03-29 20:44:53.955 | AlertService | queryCallback type=UpdateFirmwareLogStatus
2026-03-29 20:44:54.460 | AlertService | updateCallback type=WorkoutRealTimeDataObtained
2026-03-29 20:44:54.890 | AlertService | queryCallback type=UpdateFirmwareLogStatus
2026-03-29 20:44:55.878 | AlertService | queryCallback type=UpdateFirmwareLogStatus
2026-03-29 20:44:56.423 | AlertService | updateCallback type=WorkoutRealTimeDataObtained
2026-03-29 20:44:56.878 | AlertService | queryCallback type=UpdateFirmwareLogStatus
2026-03-29 20:44:57.918 | AlertService | queryCallback type=UpdateFirmwareLogStatus
2026-03-29 20:44:58.453 | AlertService | updateCallback type=WorkoutRealTimeDataObtained
2026-03-29 20:44:58.892 | AlertService | queryCallback type=UpdateFirmwareLogStatus
2026-03-29 20:44:59.925 | AlertService | queryCallback type=UpdateFirmwareLogStatus
2026-03-29 20:45:00.424 | AlertService | updateCallback type=WorkoutRealTimeDataObtained
2026-03-29 20:45:00.863 | AlertService | queryCallback type=UpdateFirmwareLogStatus
2026-03-29 20:45:01.864 | AlertService | queryCallback type=UpdateFirmwareLogStatus
2026-03-29 20:45:02.454 | AlertService | updateCallback type=WorkoutRealTimeDataObtained
2026-03-29 20:45:02.998 | AlertService | queryCallback type=UpdateFirmwareLogStatus
2026-03-29 20:45:03.889 | AlertService | queryCallback type=UpdateFirmwareLogStatus
2026-03-29 20:45:04.462 | AlertService | updateCallback type=WorkoutRealTimeDataObtained
2026-03-29 20:45:04.885 | AlertService | queryCallback type=UpdateFirmwareLogStatus
2026-03-29 20:45:05.869 | AlertService | queryCallback type=UpdateFirmwareLogStatus
2026-03-29 20:45:06.427 | AlertService | updateCallback type=WorkoutRealTimeDataObtained
2026-03-29 20:45:06.862 | AlertService | queryCallback type=UpdateFirmwareLogStatus
2026-03-29 20:45:07.893 | AlertService | queryCallback type=UpdateFirmwareLogStatus
2026-03-29 20:45:08.460 | AlertService | updateCallback type=WorkoutRealTimeDataObtained
2026-03-29 20:45:08.926 | AlertService | queryCallback type=UpdateFirmwareLogStatus
2026-03-29 20:45:09.912 | AlertService | queryCallback type=UpdateFirmwareLogStatus
2026-03-29 20:45:10.414 | AlertService | updateCallback type=WorkoutRealTimeDataObtained
2026-03-29 20:45:10.863 | AlertService | queryCallback type=UpdateFirmwareLogStatus
2026-03-29 20:45:11.912 | AlertService | queryCallback type=UpdateFirmwareLogStatus
2026-03-29 20:45:12.458 | AlertService | updateCallback type=WorkoutRealTimeDataObtained
2026-03-29 20:45:12.895 | AlertService | queryCallback type=UpdateFirmwareLogStatus
2026-03-29 20:45:13.931 | AlertService | queryCallback type=UpdateFirmwareLogStatus
2026-03-29 20:45:14.422 | AlertService | updateCallback type=WorkoutRealTimeDataObtained
2026-03-29 20:45:14.866 | AlertService | queryCallback type=UpdateFirmwareLogStatus
2026-03-29 20:45:15.863 | AlertService | queryCallback type=UpdateFirmwareLogStatus
2026-03-29 20:45:16.461 | AlertService | updateCallback type=WorkoutRealTimeDataObtained
2026-03-29 20:45:16.850 | AlertService | queryCallback type=UpdateFirmwareLogStatus
2026-03-29 20:45:17.892 | AlertService | queryCallback type=UpdateFirmwareLogStatus
2026-03-29 20:45:18.421 | AlertService | updateCallback type=WorkoutRealTimeDataObtained
2026-03-29 20:45:18.869 | AlertService | queryCallback type=UpdateFirmwareLogStatus
2026-03-29 20:45:19.914 | AlertService | queryCallback type=UpdateFirmwareLogStatus
2026-03-29 20:45:20.453 | AlertService | updateCallback type=WorkoutRealTimeDataObtained
2026-03-29 20:45:20.859 | AlertService | queryCallback type=UpdateFirmwareLogStatus
2026-03-29 20:45:21.888 | AlertService | queryCallback type=UpdateFirmwareLogStatus
2026-03-29 20:45:22.451 | AlertService | updateCallback type=WorkoutRealTimeDataObtained
2026-03-29 20:45:22.878 | AlertService | queryCallback type=UpdateFirmwareLogStatus
2026-03-29 20:45:23.859 | AlertService | queryCallback type=UpdateFirmwareLogStatus
2026-03-29 20:45:24.414 | AlertService | updateCallback type=WorkoutRealTimeDataObtained
2026-03-29 20:45:24.870 | AlertService | queryCallback type=UpdateFirmwareLogStatus
2026-03-29 20:45:25.848 | AlertService | queryCallback type=UpdateFirmwareLogStatus
2026-03-29 20:45:26.446 | AlertService | updateCallback type=WorkoutRealTimeDataObtained
2026-03-29 20:45:26.888 | AlertService | queryCallback type=UpdateFirmwareLogStatus
2026-03-29 20:45:27.928 | AlertService | queryCallback type=UpdateFirmwareLogStatus
2026-03-29 20:45:28.420 | AlertService | updateCallback type=WorkoutRealTimeDataObtained
2026-03-29 20:45:28.868 | AlertService | queryCallback type=UpdateFirmwareLogStatus
2026-03-29 20:45:29.923 | AlertService | queryCallback type=UpdateFirmwareLogStatus
2026-03-29 20:45:30.462 | AlertService | updateCallback type=WorkoutRealTimeDataObtained
2026-03-29 20:45:30.882 | AlertService | queryCallback type=UpdateFirmwareLogStatus
2026-03-29 20:45:31.902 | AlertService | queryCallback type=UpdateFirmwareLogStatus
2026-03-29 20:45:32.422 | AlertService | updateCallback type=WorkoutRealTimeDataObtained
2026-03-29 20:45:32.910 | AlertService | queryCallback type=UpdateFirmwareLogStatus
2026-03-29 20:45:33.857 | AlertService | queryCallback type=UpdateFirmwareLogStatus
2026-03-29 20:45:34.444 | AlertService | updateCallback type=WorkoutRealTimeDataObtained
2026-03-29 20:45:34.844 | AlertService | queryCallback type=UpdateFirmwareLogStatus
2026-03-29 20:45:35.866 | AlertService | queryCallback type=UpdateFirmwareLogStatus
2026-03-29 20:45:36.427 | AlertService | updateCallback type=WorkoutRealTimeDataObtained
2026-03-29 20:45:36.873 | AlertService | queryCallback type=UpdateFirmwareLogStatus
2026-03-29 20:45:37.878 | AlertService | queryCallback type=UpdateFirmwareLogStatus
2026-03-29 20:45:38.462 | AlertService | updateCallback type=WorkoutRealTimeDataObtained
2026-03-29 20:45:38.849 | AlertService | queryCallback type=UpdateFirmwareLogStatus
2026-03-29 20:45:39.862 | AlertService | queryCallback type=UpdateFirmwareLogStatus
2026-03-29 20:45:40.428 | AlertService | updateCallback type=WorkoutRealTimeDataObtained
2026-03-29 20:45:40.828 | AlertService | queryCallback type=UpdateFirmwareLogStatus
2026-03-29 20:45:41.893 | AlertService | queryCallback type=UpdateFirmwareLogStatus
2026-03-29 20:45:42.405 | AlertService | updateCallback type=WorkoutRealTimeDataObtained
2026-03-29 20:45:42.859 | AlertService | queryCallback type=UpdateFirmwareLogStatus
2026-03-29 20:45:43.858 | AlertService | queryCallback type=UpdateFirmwareLogStatus
2026-03-29 20:45:44.449 | AlertService | updateCallback type=WorkoutRealTimeDataObtained
2026-03-29 20:45:44.848 | AlertService | queryCallback type=UpdateFirmwareLogStatus
2026-03-29 20:45:45.863 | AlertService | queryCallback type=UpdateFirmwareLogStatus
2026-03-29 20:45:46.418 | AlertService | updateCallback type=WorkoutRealTimeDataObtained
2026-03-29 20:45:46.872 | AlertService | queryCallback type=UpdateFirmwareLogStatus
2026-03-29 20:45:47.863 | AlertService | queryCallback type=UpdateFirmwareLogStatus
2026-03-29 20:45:48.454 | AlertService | updateCallback type=WorkoutRealTimeDataObtained
2026-03-29 20:45:48.897 | AlertService | queryCallback type=UpdateFirmwareLogStatus
2026-03-29 20:45:49.837 | AlertService | queryCallback type=UpdateFirmwareLogStatus
2026-03-29 20:45:50.419 | AlertService | updateCallback type=WorkoutRealTimeDataObtained
2026-03-29 20:45:50.837 | AlertService | queryCallback type=UpdateFirmwareLogStatus
2026-03-29 20:45:51.889 | AlertService | queryCallback type=UpdateFirmwareLogStatus
2026-03-29 20:45:52.446 | AlertService | updateCallback type=WorkoutRealTimeDataObtained
2026-03-29 20:45:52.858 | AlertService | queryCallback type=UpdateFirmwareLogStatus
2026-03-29 20:45:53.877 | AlertService | queryCallback type=UpdateFirmwareLogStatus
2026-03-29 20:45:54.424 | AlertService | updateCallback type=WorkoutRealTimeDataObtained
2026-03-29 20:45:54.822 | AlertService | queryCallback type=UpdateFirmwareLogStatus
2026-03-29 20:45:55.871 | AlertService | queryCallback type=UpdateFirmwareLogStatus
2026-03-29 20:45:56.473 | AlertService | updateCallback type=WorkoutRealTimeDataObtained
2026-03-29 20:45:56.858 | AlertService | queryCallback type=UpdateFirmwareLogStatus
2026-03-29 20:45:57.850 | AlertService | queryCallback type=UpdateFirmwareLogStatus
2026-03-29 20:45:58.425 | AlertService | updateCallback type=WorkoutRealTimeDataObtained
2026-03-29 20:45:58.930 | AlertService | queryCallback type=UpdateFirmwareLogStatus
2026-03-29 20:45:59.872 | AlertService | queryCallback type=UpdateFirmwareLogStatus
2026-03-29 20:46:00.403 | AlertService | updateCallback type=WorkoutRealTimeDataObtained
2026-03-29 20:46:00.853 | AlertService | queryCallback type=UpdateFirmwareLogStatus
2026-03-29 20:46:01.842 | AlertService | queryCallback type=UpdateFirmwareLogStatus
2026-03-29 20:46:02.441 | AlertService | updateCallback type=WorkoutRealTimeDataObtained
2026-03-29 20:46:02.832 | AlertService | queryCallback type=UpdateFirmwareLogStatus
2026-03-29 20:46:03.828 | AlertService | queryCallback type=UpdateFirmwareLogStatus
2026-03-29 20:46:04.453 | AlertService | updateCallback type=WorkoutRealTimeDataObtained
2026-03-29 20:46:04.826 | AlertService | queryCallback type=UpdateFirmwareLogStatus
2026-03-29 20:46:05.851 | AlertService | queryCallback type=UpdateFirmwareLogStatus
2026-03-29 20:46:06.450 | AlertService | updateCallback type=WorkoutRealTimeDataObtained
2026-03-29 20:46:06.838 | AlertService | queryCallback type=UpdateFirmwareLogStatus
2026-03-29 20:46:07.875 | AlertService | queryCallback type=UpdateFirmwareLogStatus
2026-03-29 20:46:08.457 | AlertService | updateCallback type=WorkoutRealTimeDataObtained
2026-03-29 20:46:08.874 | AlertService | queryCallback type=UpdateFirmwareLogStatus
2026-03-29 20:46:09.861 | AlertService | queryCallback type=UpdateFirmwareLogStatus
2026-03-29 20:46:10.457 | AlertService | updateCallback type=WorkoutRealTimeDataObtained
2026-03-29 20:46:10.844 | AlertService | queryCallback type=UpdateFirmwareLogStatus
2026-03-29 20:46:11.848 | AlertService | queryCallback type=UpdateFirmwareLogStatus
2026-03-29 20:46:12.421 | AlertService | updateCallback type=WorkoutRealTimeDataObtained
2026-03-29 20:46:12.829 | AlertService | queryCallback type=UpdateFirmwareLogStatus
2026-03-29 20:46:13.918 | AlertService | queryCallback type=UpdateFirmwareLogStatus
2026-03-29 20:46:14.459 | AlertService | updateCallback type=WorkoutRealTimeDataObtained
2026-03-29 20:46:14.804 | AlertService | queryCallback type=UpdateFirmwareLogStatus
2026-03-29 20:46:15.843 | AlertService | queryCallback type=UpdateFirmwareLogStatus
2026-03-29 20:46:16.421 | AlertService | updateCallback type=WorkoutRealTimeDataObtained
2026-03-29 20:46:16.839 | AlertService | queryCallback type=UpdateFirmwareLogStatus
2026-03-29 20:46:17.871 | AlertService | queryCallback type=UpdateFirmwareLogStatus
2026-03-29 20:46:18.429 | AlertService | updateCallback type=WorkoutRealTimeDataObtained
2026-03-29 20:46:18.953 | AlertService | queryCallback type=UpdateFirmwareLogStatus
2026-03-29 20:46:19.899 | AlertService | queryCallback type=UpdateFirmwareLogStatus
2026-03-29 20:46:20.457 | AlertService | updateCallback type=WorkoutRealTimeDataObtained
2026-03-29 20:46:20.840 | AlertService | queryCallback type=UpdateFirmwareLogStatus
2026-03-29 20:46:21.822 | AlertService | queryCallback type=UpdateFirmwareLogStatus
2026-03-29 20:46:22.429 | AlertService | updateCallback type=WorkoutRealTimeDataObtained
2026-03-29 20:46:22.819 | AlertService | queryCallback type=UpdateFirmwareLogStatus
2026-03-29 20:46:23.805 | AlertService | queryCallback type=UpdateFirmwareLogStatus
2026-03-29 20:46:24.450 | AlertService | updateCallback type=WorkoutRealTimeDataObtained
2026-03-29 20:46:24.845 | AlertService | queryCallback type=UpdateFirmwareLogStatus
2026-03-29 20:46:25.836 | AlertService | queryCallback type=UpdateFirmwareLogStatus
2026-03-29 20:46:26.434 | AlertService | updateCallback type=WorkoutRealTimeDataObtained
2026-03-29 20:46:26.832 | AlertService | queryCallback type=UpdateFirmwareLogStatus
2026-03-29 20:46:27.803 | AlertService | queryCallback type=UpdateFirmwareLogStatus
2026-03-29 20:46:28.472 | AlertService | updateCallback type=WorkoutRealTimeDataObtained
2026-03-29 20:46:28.811 | AlertService | queryCallback type=UpdateFirmwareLogStatus
2026-03-29 20:46:29.850 | AlertService | queryCallback type=UpdateFirmwareLogStatus
2026-03-29 20:46:30.439 | AlertService | updateCallback type=WorkoutRealTimeDataObtained
2026-03-29 20:46:30.873 | AlertService | queryCallback type=UpdateFirmwareLogStatus
2026-03-29 20:46:31.829 | AlertService | queryCallback type=UpdateFirmwareLogStatus
2026-03-29 20:46:32.398 | AlertService | updateCallback type=WorkoutRealTimeDataObtained
2026-03-29 20:46:32.816 | AlertService | queryCallback type=UpdateFirmwareLogStatus
2026-03-29 20:46:33.783 | AlertService | queryCallback type=UpdateFirmwareLogStatus
2026-03-29 20:46:34.468 | AlertService | updateCallback type=WorkoutRealTimeDataObtained
2026-03-29 20:46:34.831 | AlertService | queryCallback type=UpdateFirmwareLogStatus
2026-03-29 20:46:35.821 | AlertService | queryCallback type=UpdateFirmwareLogStatus
2026-03-29 20:46:36.419 | AlertService | updateCallback type=WorkoutRealTimeDataObtained
2026-03-29 20:46:36.820 | AlertService | queryCallback type=UpdateFirmwareLogStatus
2026-03-29 20:46:37.799 | AlertService | queryCallback type=UpdateFirmwareLogStatus
2026-03-29 20:46:38.475 | AlertService | updateCallback type=WorkoutRealTimeDataObtained
2026-03-29 20:46:38.840 | AlertService | queryCallback type=UpdateFirmwareLogStatus
2026-03-29 20:46:39.826 | AlertService | queryCallback type=UpdateFirmwareLogStatus
2026-03-29 20:46:40.409 | AlertService | updateCallback type=WorkoutRealTimeDataObtained
2026-03-29 20:46:40.826 | AlertService | queryCallback type=UpdateFirmwareLogStatus
2026-03-29 20:46:41.802 | AlertService | queryCallback type=UpdateFirmwareLogStatus
2026-03-29 20:46:42.465 | AlertService | updateCallback type=WorkoutRealTimeDataObtained
2026-03-29 20:46:42.803 | AlertService | queryCallback type=UpdateFirmwareLogStatus
2026-03-29 20:46:43.790 | AlertService | queryCallback type=UpdateFirmwareLogStatus
2026-03-29 20:46:44.427 | AlertService | updateCallback type=WorkoutRealTimeDataObtained
2026-03-29 20:46:44.823 | AlertService | queryCallback type=UpdateFirmwareLogStatus
2026-03-29 20:46:45.854 | AlertService | queryCallback type=UpdateFirmwareLogStatus
2026-03-29 20:46:46.468 | AlertService | updateCallback type=WorkoutRealTimeDataObtained
2026-03-29 20:46:46.797 | AlertService | queryCallback type=UpdateFirmwareLogStatus
2026-03-29 20:46:47.799 | AlertService | queryCallback type=UpdateFirmwareLogStatus
2026-03-29 20:46:48.429 | AlertService | updateCallback type=WorkoutRealTimeDataObtained
2026-03-29 20:46:48.871 | AlertService | queryCallback type=UpdateFirmwareLogStatus
2026-03-29 20:46:49.823 | AlertService | queryCallback type=UpdateFirmwareLogStatus
2026-03-29 20:46:50.465 | AlertService | updateCallback type=WorkoutRealTimeDataObtained
2026-03-29 20:46:50.806 | AlertService | queryCallback type=UpdateFirmwareLogStatus
2026-03-29 20:46:51.815 | AlertService | queryCallback type=UpdateFirmwareLogStatus
2026-03-29 20:46:52.452 | AlertService | updateCallback type=WorkoutRealTimeDataObtained
2026-03-29 20:46:52.798 | AlertService | queryCallback type=UpdateFirmwareLogStatus
2026-03-29 20:46:53.812 | AlertService | queryCallback type=UpdateFirmwareLogStatus
2026-03-29 20:46:54.418 | AlertService | updateCallback type=WorkoutRealTimeDataObtained
2026-03-29 20:46:54.812 | AlertService | queryCallback type=UpdateFirmwareLogStatus
2026-03-29 20:46:55.830 | AlertService | queryCallback type=UpdateFirmwareLogStatus
2026-03-29 20:46:56.451 | AlertService | updateCallback type=WorkoutRealTimeDataObtained
2026-03-29 20:46:56.827 | AlertService | queryCallback type=UpdateFirmwareLogStatus
2026-03-29 20:46:57.843 | AlertService | queryCallback type=UpdateFirmwareLogStatus
2026-03-29 20:46:58.428 | AlertService | updateCallback type=WorkoutRealTimeDataObtained
2026-03-29 20:46:58.853 | AlertService | queryCallback type=UpdateFirmwareLogStatus
2026-03-29 20:46:59.859 | AlertService | queryCallback type=UpdateFirmwareLogStatus
2026-03-29 20:47:00.453 | AlertService | updateCallback type=WorkoutRealTimeDataObtained
2026-03-29 20:47:00.887 | AlertService | queryCallback type=UpdateFirmwareLogStatus
2026-03-29 20:47:01.782 | AlertService | queryCallback type=UpdateFirmwareLogStatus
2026-03-29 20:47:02.429 | AlertService | updateCallback type=WorkoutRealTimeDataObtained
2026-03-29 20:47:02.821 | AlertService | queryCallback type=UpdateFirmwareLogStatus
2026-03-29 20:47:03.818 | AlertService | queryCallback type=UpdateFirmwareLogStatus
2026-03-29 20:47:04.450 | AlertService | updateCallback type=WorkoutRealTimeDataObtained
2026-03-29 20:47:04.804 | AlertService | queryCallback type=UpdateFirmwareLogStatus
2026-03-29 20:47:05.852 | AlertService | queryCallback type=UpdateFirmwareLogStatus
2026-03-29 20:47:06.477 | AlertService | updateCallback type=WorkoutRealTimeDataObtained
2026-03-29 20:47:06.836 | AlertService | queryCallback type=UpdateFirmwareLogStatus
2026-03-29 20:47:07.780 | AlertService | queryCallback type=UpdateFirmwareLogStatus
2026-03-29 20:47:08.461 | AlertService | updateCallback type=WorkoutRealTimeDataObtained
2026-03-29 20:47:08.838 | AlertService | queryCallback type=UpdateFirmwareLogStatus
2026-03-29 20:47:09.798 | AlertService | queryCallback type=UpdateFirmwareLogStatus
2026-03-29 20:47:10.474 | AlertService | updateCallback type=WorkoutRealTimeDataObtained
2026-03-29 20:47:10.784 | AlertService | queryCallback type=UpdateFirmwareLogStatus
2026-03-29 20:47:11.827 | AlertService | queryCallback type=UpdateFirmwareLogStatus
2026-03-29 20:47:12.407 | AlertService | updateCallback type=WorkoutRealTimeDataObtained
2026-03-29 20:47:12.811 | AlertService | queryCallback type=UpdateFirmwareLogStatus
2026-03-29 20:47:13.795 | AlertService | queryCallback type=UpdateFirmwareLogStatus
2026-03-29 20:47:14.454 | AlertService | updateCallback type=WorkoutRealTimeDataObtained
2026-03-29 20:47:14.790 | AlertService | queryCallback type=UpdateFirmwareLogStatus
2026-03-29 20:47:15.794 | AlertService | queryCallback type=UpdateFirmwareLogStatus
2026-03-29 20:47:16.420 | AlertService | updateCallback type=WorkoutRealTimeDataObtained
2026-03-29 20:47:16.769 | AlertService | queryCallback type=UpdateFirmwareLogStatus
2026-03-29 20:47:17.821 | AlertService | queryCallback type=UpdateFirmwareLogStatus
2026-03-29 20:47:18.469 | AlertService | updateCallback type=WorkoutRealTimeDataObtained
2026-03-29 20:47:18.831 | AlertService | queryCallback type=UpdateFirmwareLogStatus
2026-03-29 20:47:19.838 | AlertService | queryCallback type=UpdateFirmwareLogStatus
2026-03-29 20:47:20.498 | AlertService | updateCallback type=WorkoutRealTimeDataObtained
2026-03-29 20:47:21.415 | AlertService | queryCallback type=UpdateFirmwareLogStatus
2026-03-29 20:47:21.614 | AlertService | updateCallback type=WorkoutStopped
2026-03-29 20:47:21.909 | AlertService | queryCallback type=UpdateFirmwareLogStatus
2026-03-29 20:47:22.931 | AlertService | queryCallback type=UpdateFirmwareLogStatus
2026-03-29 20:47:23.789 | AlertService | queryCallback type=UpdateFirmwareLogStatus
2026-03-29 20:47:24.822 | AlertService | queryCallback type=UpdateFirmwareLogStatus
2026-03-29 20:47:26.387 | AlertService | queryCallback type=UpdateFirmwareLogStatus
2026-03-29 20:47:26.992 | AlertService | queryCallback type=UpdateFirmwareLogStatus
2026-03-29 20:47:28.009 | AlertService | queryCallback type=UpdateFirmwareLogStatus
2026-03-29 20:47:28.212 | AlertService | updateCallback type=DeviceTimeSynced
2026-03-29 20:47:29.046 | AlertService | queryCallback type=UpdateFirmwareLogStatus
2026-03-29 20:47:29.240 | AlertService | queryCallback type=BatteryDataObtained
2026-03-29 20:47:30.002 | AlertService | queryCallback type=UpdateFirmwareLogStatus
2026-03-29 20:47:31.169 | AlertService | queryCallback type=UpdateFirmwareLogStatus
2026-03-29 20:47:32.021 | AlertService | queryCallback type=UpdateFirmwareLogStatus
2026-03-29 20:47:32.962 | AlertService | queryCallback type=UpdateFirmwareLogStatus
2026-03-29 20:47:34.035 | AlertService | queryCallback type=UpdateFirmwareLogStatus
2026-03-29 20:47:34.989 | AlertService | queryCallback type=UpdateFirmwareLogStatus
2026-03-29 20:47:36.117 | AlertService | queryCallback type=UpdateFirmwareLogStatus
2026-03-29 20:47:37.032 | AlertService | queryCallback type=UpdateFirmwareLogStatus
2026-03-29 20:47:37.963 | AlertService | queryCallback type=UpdateFirmwareLogStatus
2026-03-29 20:47:38.245 | AlertUI | BlankTestFragment alert panel initialized
2026-03-29 20:47:38.248 | AlertVM | handleQueryCallback type=Default
2026-03-29 20:47:38.249 | AlertVM | handleUpdateCallback type=DeviceTimeSynced
2026-03-29 20:47:38.251 | AlertVM | loadState={"device_address":"D8:5C:08:30:00:1E","heart_rate":{"low_enabled":true,"low_threshold":49,"resting_enabled":true,"resting_threshold":50,"workout_enabled":false,"workout_threshold":175},"pending_sync":{"heart_rate":false,"relaxation_prompt":false,"sedentary_reminder":false,"sleep_reminder":false,"spo2":false},"pressure_mode":{"relaxation_prompt_enabled":false,"stress_monitoring_enabled":false},"sedentary_reminder":{"end_hour":18,"end_minute":0,"interval":60,"repeat_count":0,"start_hour":9,"start_minute":0,"status":false},"sleep_reminder":{"hour":0,"millisecond":0,"minute":0,"second":0,"status":false},"snapshots":{"heart_rate":{"continuous_heart_rate_mode":0,"frequency":0,"mode":0},"pressure_mode":{"relaxation_warning_value":100},"sedentary_reminder":{"no_disturb_in_launch":false}},"spo2":{"enabled":true,"threshold":100},"support":{"heart_rate":true,"heart_rate_workout":false,"high_stress_index":false,"relaxation_prompt":true,"sedentary_reminder":true,"sleep_reminder":false,"spo2":true,"wear_detection":false},"wear_detection_status":{"last_updated_at":-1}}
2026-03-29 20:47:38.254 | AlertVM | onConnectedStateChanged state=ConnectSuccess
2026-03-29 20:47:38.255 | AlertVM | refreshFromBand dispatching alert queries
2026-03-29 20:47:38.357 | AlertVM | refreshFromBand dispatching alert queries
2026-03-29 20:47:38.358 | ZhQuery | getHeartRateAlertSettings dispatched api=SWHRMonitor deviceType=luna_band
2026-03-29 20:47:38.367 | ZhQuery | getSpo2AlertSettings dispatched
2026-03-29 20:47:38.368 | ZhQuery | getPressureModeSettings dispatched api=SWBRMonitor deviceType=luna_band
2026-03-29 20:47:38.371 | ZhQuery | getSleepReminder dispatched
2026-03-29 20:47:38.386 | ZhQuery | getHeartRateAlertSettings dispatched api=SWHRMonitor deviceType=luna_band
2026-03-29 20:47:38.389 | ZhQuery | getSpo2AlertSettings dispatched
2026-03-29 20:47:38.396 | ZhQuery | getPressureModeSettings dispatched api=SWBRMonitor deviceType=luna_band
2026-03-29 20:47:38.402 | ZhQuery | getSleepReminder dispatched
2026-03-29 20:47:39.054 | AlertService | queryCallback type=UpdateFirmwareLogStatus
2026-03-29 20:47:39.067 | AlertVM | handleQueryCallback type=UpdateFirmwareLogStatus
2026-03-29 20:47:39.069 | AlertVM | handleQueryCallback type=Default
2026-03-29 20:47:39.632 | AlertService | queryCallback type=BatteryDataObtained
2026-03-29 20:47:39.637 | AlertVM | handleQueryCallback type=BatteryDataObtained
2026-03-29 20:47:39.638 | AlertVM | handleQueryCallback type=Default
2026-03-29 20:47:40.135 | AlertService | queryCallback type=UpdateFirmwareLogStatus
2026-03-29 20:47:40.140 | AlertVM | handleQueryCallback type=UpdateFirmwareLogStatus
2026-03-29 20:47:40.142 | AlertVM | handleQueryCallback type=Default
2026-03-29 20:47:41.165 | AlertService | queryCallback type=UpdateFirmwareLogStatus
2026-03-29 20:47:41.175 | AlertVM | handleQueryCallback type=UpdateFirmwareLogStatus
2026-03-29 20:47:41.178 | AlertVM | handleQueryCallback type=Default
2026-03-29 20:47:41.609 | ZhQuery | onSWHRMonitor={"heightWarningValue":50,"isHeightWarning":true,"isLowWarning":true,"lowWarningValue":49}
2026-03-29 20:47:41.614 | AlertService | queryCallback type=HeartRateAlertSettingsObtained
2026-03-29 20:47:41.620 | AlertService | saveAlertSettings={"device_address":"D8:5C:08:30:00:1E","heart_rate":{"low_enabled":true,"low_threshold":49,"resting_enabled":true,"resting_threshold":50,"workout_enabled":false,"workout_threshold":175},"pending_sync":{"heart_rate":false,"relaxation_prompt":false,"sedentary_reminder":false,"sleep_reminder":false,"spo2":false},"pressure_mode":{"relaxation_prompt_enabled":false,"stress_monitoring_enabled":false},"sedentary_reminder":{"end_hour":18,"end_minute":0,"interval":60,"repeat_count":0,"start_hour":9,"start_minute":0,"status":false},"sleep_reminder":{"hour":0,"millisecond":0,"minute":0,"second":0,"status":false},"snapshots":{"heart_rate":{"continuous_heart_rate_mode":0,"frequency":0,"mode":0},"pressure_mode":{"relaxation_warning_value":100},"sedentary_reminder":{"no_disturb_in_launch":false}},"spo2":{"enabled":true,"threshold":100},"support":{"heart_rate":true,"heart_rate_workout":false,"high_stress_index":false,"relaxation_prompt":true,"sedentary_reminder":true,"sleep_reminder":false,"spo2":true,"wear_detection":false},"wear_detection_status":{"last_updated_at":-1}}
2026-03-29 20:47:41.637 | AlertService | queryCallback type=AlertFeatureSupportObtained
2026-03-29 20:47:41.638 | AlertService | saveAlertSettings={"device_address":"D8:5C:08:30:00:1E","heart_rate":{"low_enabled":true,"low_threshold":49,"resting_enabled":true,"resting_threshold":50,"workout_enabled":false,"workout_threshold":175},"pending_sync":{"heart_rate":false,"relaxation_prompt":false,"sedentary_reminder":false,"sleep_reminder":false,"spo2":false},"pressure_mode":{"relaxation_prompt_enabled":false,"stress_monitoring_enabled":false},"sedentary_reminder":{"end_hour":18,"end_minute":0,"interval":60,"repeat_count":0,"start_hour":9,"start_minute":0,"status":false},"sleep_reminder":{"hour":0,"millisecond":0,"minute":0,"second":0,"status":false},"snapshots":{"heart_rate":{"continuous_heart_rate_mode":0,"frequency":0,"mode":0},"pressure_mode":{"relaxation_warning_value":100},"sedentary_reminder":{"no_disturb_in_launch":false}},"spo2":{"enabled":true,"threshold":100},"support":{"heart_rate":true,"heart_rate_workout":false,"high_stress_index":false,"relaxation_prompt":true,"sedentary_reminder":true,"sleep_reminder":false,"spo2":true,"wear_detection":false},"wear_detection_status":{"last_updated_at":-1}}
2026-03-29 20:47:41.640 | ZhQuery | getHeartRateAlertSettings api=SWHRMonitor state=SUCCEED
2026-03-29 20:47:41.641 | ZhQuery | getHeartRateAlertSettings api=SWHRMonitor state=SUCCEED
2026-03-29 20:47:41.642 | AlertVM | handleQueryCallback type=HeartRateAlertSettingsObtained
2026-03-29 20:47:41.643 | AlertVM | heartRate query matchesStored=true pending=false phase=null
2026-03-29 20:47:41.645 | AlertVM | heartRate query value={"low_enabled":true,"low_threshold":49,"resting_enabled":true,"resting_threshold":50,"workout_enabled":false,"workout_threshold":175}
2026-03-29 20:47:41.646 | AlertVM | handleQueryCallback type=Default
2026-03-29 20:47:41.648 | AlertVM | handleQueryCallback type=AlertFeatureSupportObtained
2026-03-29 20:47:41.649 | AlertVM | support feature=HEART_RATE supported=true
2026-03-29 20:47:41.650 | AlertVM | handleQueryCallback type=Default
2026-03-29 20:47:42.016 | AlertService | queryCallback type=UpdateFirmwareLogStatus
2026-03-29 20:47:42.025 | AlertVM | handleQueryCallback type=UpdateFirmwareLogStatus
2026-03-29 20:47:42.027 | AlertVM | handleQueryCallback type=Default
2026-03-29 20:47:42.281 | ZhQuery | onSWSPO2Monitor={"isWarning":true,"warningValue":100}
2026-03-29 20:47:42.284 | AlertService | queryCallback type=Spo2AlertSettingsObtained
2026-03-29 20:47:42.286 | AlertService | saveAlertSettings={"device_address":"D8:5C:08:30:00:1E","heart_rate":{"low_enabled":true,"low_threshold":49,"resting_enabled":true,"resting_threshold":50,"workout_enabled":false,"workout_threshold":175},"pending_sync":{"heart_rate":false,"relaxation_prompt":false,"sedentary_reminder":false,"sleep_reminder":false,"spo2":false},"pressure_mode":{"relaxation_prompt_enabled":false,"stress_monitoring_enabled":false},"sedentary_reminder":{"end_hour":18,"end_minute":0,"interval":60,"repeat_count":0,"start_hour":9,"start_minute":0,"status":false},"sleep_reminder":{"hour":0,"millisecond":0,"minute":0,"second":0,"status":false},"snapshots":{"heart_rate":{"continuous_heart_rate_mode":0,"frequency":0,"mode":0},"pressure_mode":{"relaxation_warning_value":100},"sedentary_reminder":{"no_disturb_in_launch":false}},"spo2":{"enabled":true,"threshold":100},"support":{"heart_rate":true,"heart_rate_workout":false,"high_stress_index":false,"relaxation_prompt":true,"sedentary_reminder":true,"sleep_reminder":false,"spo2":true,"wear_detection":false},"wear_detection_status":{"last_updated_at":-1}}
2026-03-29 20:47:42.287 | AlertService | queryCallback type=AlertFeatureSupportObtained
2026-03-29 20:47:42.289 | AlertService | saveAlertSettings={"device_address":"D8:5C:08:30:00:1E","heart_rate":{"low_enabled":true,"low_threshold":49,"resting_enabled":true,"resting_threshold":50,"workout_enabled":false,"workout_threshold":175},"pending_sync":{"heart_rate":false,"relaxation_prompt":false,"sedentary_reminder":false,"sleep_reminder":false,"spo2":false},"pressure_mode":{"relaxation_prompt_enabled":false,"stress_monitoring_enabled":false},"sedentary_reminder":{"end_hour":18,"end_minute":0,"interval":60,"repeat_count":0,"start_hour":9,"start_minute":0,"status":false},"sleep_reminder":{"hour":0,"millisecond":0,"minute":0,"second":0,"status":false},"snapshots":{"heart_rate":{"continuous_heart_rate_mode":0,"frequency":0,"mode":0},"pressure_mode":{"relaxation_warning_value":100},"sedentary_reminder":{"no_disturb_in_launch":false}},"spo2":{"enabled":true,"threshold":100},"support":{"heart_rate":true,"heart_rate_workout":false,"high_stress_index":false,"relaxation_prompt":true,"sedentary_reminder":true,"sleep_reminder":false,"spo2":true,"wear_detection":false},"wear_detection_status":{"last_updated_at":-1}}
2026-03-29 20:47:42.292 | ZhQuery | getSpo2AlertSettings state=SUCCEED
2026-03-29 20:47:42.294 | ZhQuery | getSpo2AlertSettings state=SUCCEED
2026-03-29 20:47:42.295 | AlertVM | handleQueryCallback type=Spo2AlertSettingsObtained
2026-03-29 20:47:42.296 | AlertVM | spo2 query matchesStored=true pending=false phase=null
2026-03-29 20:47:42.297 | AlertVM | spo2 query value={"enabled":true,"threshold":100}
2026-03-29 20:47:42.299 | AlertVM | handleQueryCallback type=Default
2026-03-29 20:47:42.301 | AlertVM | handleQueryCallback type=AlertFeatureSupportObtained
2026-03-29 20:47:42.302 | AlertVM | support feature=SPO2 supported=true
2026-03-29 20:47:42.304 | AlertVM | handleQueryCallback type=Default
2026-03-29 20:47:42.595 | ZhQuery | onSWBRMonitor={"isWarning":false,"warningValue":100}
2026-03-29 20:47:42.597 | AlertService | queryCallback type=PressureModeSettingsObtained
2026-03-29 20:47:42.598 | AlertService | saveAlertSettings={"device_address":"D8:5C:08:30:00:1E","heart_rate":{"low_enabled":true,"low_threshold":49,"resting_enabled":true,"resting_threshold":50,"workout_enabled":false,"workout_threshold":175},"pending_sync":{"heart_rate":false,"relaxation_prompt":false,"sedentary_reminder":false,"sleep_reminder":false,"spo2":false},"pressure_mode":{"relaxation_prompt_enabled":false,"stress_monitoring_enabled":false},"sedentary_reminder":{"end_hour":18,"end_minute":0,"interval":60,"repeat_count":0,"start_hour":9,"start_minute":0,"status":false},"sleep_reminder":{"hour":0,"millisecond":0,"minute":0,"second":0,"status":false},"snapshots":{"heart_rate":{"continuous_heart_rate_mode":0,"frequency":0,"mode":0},"pressure_mode":{"relaxation_warning_value":100},"sedentary_reminder":{"no_disturb_in_launch":false}},"spo2":{"enabled":true,"threshold":100},"support":{"heart_rate":true,"heart_rate_workout":false,"high_stress_index":false,"relaxation_prompt":true,"sedentary_reminder":true,"sleep_reminder":false,"spo2":true,"wear_detection":false},"wear_detection_status":{"last_updated_at":-1}}
2026-03-29 20:47:42.599 | AlertService | queryCallback type=AlertFeatureSupportObtained
2026-03-29 20:47:42.601 | AlertService | saveAlertSettings={"device_address":"D8:5C:08:30:00:1E","heart_rate":{"low_enabled":true,"low_threshold":49,"resting_enabled":true,"resting_threshold":50,"workout_enabled":false,"workout_threshold":175},"pending_sync":{"heart_rate":false,"relaxation_prompt":false,"sedentary_reminder":false,"sleep_reminder":false,"spo2":false},"pressure_mode":{"relaxation_prompt_enabled":false,"stress_monitoring_enabled":false},"sedentary_reminder":{"end_hour":18,"end_minute":0,"interval":60,"repeat_count":0,"start_hour":9,"start_minute":0,"status":false},"sleep_reminder":{"hour":0,"millisecond":0,"minute":0,"second":0,"status":false},"snapshots":{"heart_rate":{"continuous_heart_rate_mode":0,"frequency":0,"mode":0},"pressure_mode":{"relaxation_warning_value":100},"sedentary_reminder":{"no_disturb_in_launch":false}},"spo2":{"enabled":true,"threshold":100},"support":{"heart_rate":true,"heart_rate_workout":false,"high_stress_index":false,"relaxation_prompt":true,"sedentary_reminder":true,"sleep_reminder":false,"spo2":true,"wear_detection":false},"wear_detection_status":{"last_updated_at":-1}}
2026-03-29 20:47:42.602 | ZhQuery | getPressureModeSettings api=SWBRMonitor state=SUCCEED
2026-03-29 20:47:42.605 | ZhQuery | getPressureModeSettings api=SWBRMonitor state=SUCCEED
2026-03-29 20:47:42.606 | AlertVM | handleQueryCallback type=PressureModeSettingsObtained
2026-03-29 20:47:42.607 | AlertVM | pressure query matchesStored=true pending=false phase=null
2026-03-29 20:47:42.608 | AlertVM | pressure query value={"relaxation_prompt_enabled":false,"stress_monitoring_enabled":false}
2026-03-29 20:47:42.609 | AlertVM | handleQueryCallback type=Default
2026-03-29 20:47:42.611 | AlertVM | handleQueryCallback type=AlertFeatureSupportObtained
2026-03-29 20:47:42.612 | AlertVM | support feature=RELAXATION_PROMPT supported=true
2026-03-29 20:47:42.615 | AlertVM | handleQueryCallback type=Default
2026-03-29 20:47:42.951 | AlertService | queryCallback type=UpdateFirmwareLogStatus
2026-03-29 20:47:42.958 | AlertVM | handleQueryCallback type=UpdateFirmwareLogStatus
2026-03-29 20:47:42.960 | AlertVM | handleQueryCallback type=Default
2026-03-29 20:47:43.127 | ZhQuery | getSleepReminder state=NOT_SUPPORT
2026-03-29 20:47:43.128 | AlertService | queryCallback type=AlertFeatureSupportObtained
2026-03-29 20:47:43.129 | AlertService | onAlertFeatureUnsupported feature=SLEEP_REMINDER
2026-03-29 20:47:43.131 | AlertService | saveAlertSettings={"device_address":"D8:5C:08:30:00:1E","heart_rate":{"low_enabled":true,"low_threshold":49,"resting_enabled":true,"resting_threshold":50,"workout_enabled":false,"workout_threshold":175},"pending_sync":{"heart_rate":false,"relaxation_prompt":false,"sedentary_reminder":false,"sleep_reminder":false,"spo2":false},"pressure_mode":{"relaxation_prompt_enabled":false,"stress_monitoring_enabled":false},"sedentary_reminder":{"end_hour":18,"end_minute":0,"interval":60,"repeat_count":0,"start_hour":9,"start_minute":0,"status":false},"sleep_reminder":{"hour":0,"millisecond":0,"minute":0,"second":0,"status":false},"snapshots":{"heart_rate":{"continuous_heart_rate_mode":0,"frequency":0,"mode":0},"pressure_mode":{"relaxation_warning_value":100},"sedentary_reminder":{"no_disturb_in_launch":false}},"spo2":{"enabled":true,"threshold":100},"support":{"heart_rate":true,"heart_rate_workout":false,"high_stress_index":false,"relaxation_prompt":true,"sedentary_reminder":true,"sleep_reminder":false,"spo2":true,"wear_detection":false},"wear_detection_status":{"last_updated_at":-1}}
2026-03-29 20:47:43.132 | ZhQuery | getSleepReminder state=NOT_SUPPORT
2026-03-29 20:47:43.134 | AlertService | queryCallback type=AlertFeatureSupportObtained
2026-03-29 20:47:43.136 | AlertService | onAlertFeatureUnsupported feature=SLEEP_REMINDER
2026-03-29 20:47:43.138 | AlertService | saveAlertSettings={"device_address":"D8:5C:08:30:00:1E","heart_rate":{"low_enabled":true,"low_threshold":49,"resting_enabled":true,"resting_threshold":50,"workout_enabled":false,"workout_threshold":175},"pending_sync":{"heart_rate":false,"relaxation_prompt":false,"sedentary_reminder":false,"sleep_reminder":false,"spo2":false},"pressure_mode":{"relaxation_prompt_enabled":false,"stress_monitoring_enabled":false},"sedentary_reminder":{"end_hour":18,"end_minute":0,"interval":60,"repeat_count":0,"start_hour":9,"start_minute":0,"status":false},"sleep_reminder":{"hour":0,"millisecond":0,"minute":0,"second":0,"status":false},"snapshots":{"heart_rate":{"continuous_heart_rate_mode":0,"frequency":0,"mode":0},"pressure_mode":{"relaxation_warning_value":100},"sedentary_reminder":{"no_disturb_in_launch":false}},"spo2":{"enabled":true,"threshold":100},"support":{"heart_rate":true,"heart_rate_workout":false,"high_stress_index":false,"relaxation_prompt":true,"sedentary_reminder":true,"sleep_reminder":false,"spo2":true,"wear_detection":false},"wear_detection_status":{"last_updated_at":-1}}
2026-03-29 20:47:43.141 | AlertVM | handleQueryCallback type=AlertFeatureSupportObtained
2026-03-29 20:47:43.143 | AlertVM | support feature=SLEEP_REMINDER supported=false
2026-03-29 20:47:43.145 | AlertVM | handleQueryCallback type=Default
2026-03-29 20:47:43.148 | AlertVM | handleQueryCallback type=AlertFeatureSupportObtained
2026-03-29 20:47:43.149 | AlertVM | support feature=SLEEP_REMINDER supported=false
2026-03-29 20:47:43.150 | AlertVM | handleQueryCallback type=Default
2026-03-29 20:47:43.481 | ZhQuery | onSedentaryReminderResult={"drinkWater":0,"endNoonTime":{"hour":0,"millisecond":0,"minuter":0,"second":0},"endTime":{"hour":0,"millisecond":0,"minuter":0,"second":0},"frequency":0,"isOn":false,"noDisturbInLaunch":false,"startNoonTime":{"hour":0,"millisecond":0,"minuter":0,"second":0},"startTime":{"hour":0,"millisecond":0,"minuter":0,"second":0}}
2026-03-29 20:47:43.483 | AlertService | queryCallback type=SedentaryDataObtained
2026-03-29 20:47:43.485 | AlertService | queryCallback type=SedentaryReminderSettingsObtained
2026-03-29 20:47:43.492 | AlertService | saveAlertSettings={"device_address":"D8:5C:08:30:00:1E","heart_rate":{"low_enabled":true,"low_threshold":49,"resting_enabled":true,"resting_threshold":50,"workout_enabled":false,"workout_threshold":175},"pending_sync":{"heart_rate":false,"relaxation_prompt":false,"sedentary_reminder":false,"sleep_reminder":false,"spo2":false},"pressure_mode":{"relaxation_prompt_enabled":false,"stress_monitoring_enabled":false},"sedentary_reminder":{"end_hour":18,"end_minute":0,"interval":60,"repeat_count":0,"start_hour":9,"start_minute":0,"status":false},"sleep_reminder":{"hour":0,"millisecond":0,"minute":0,"second":0,"status":false},"snapshots":{"heart_rate":{"continuous_heart_rate_mode":0,"frequency":0,"mode":0},"pressure_mode":{"relaxation_warning_value":100},"sedentary_reminder":{"no_disturb_in_launch":false}},"spo2":{"enabled":true,"threshold":100},"support":{"heart_rate":true,"heart_rate_workout":false,"high_stress_index":false,"relaxation_prompt":true,"sedentary_reminder":true,"sleep_reminder":false,"spo2":true,"wear_detection":false},"wear_detection_status":{"last_updated_at":-1}}
2026-03-29 20:47:43.494 | AlertService | queryCallback type=AlertFeatureSupportObtained
2026-03-29 20:47:43.495 | AlertService | saveAlertSettings={"device_address":"D8:5C:08:30:00:1E","heart_rate":{"low_enabled":true,"low_threshold":49,"resting_enabled":true,"resting_threshold":50,"workout_enabled":false,"workout_threshold":175},"pending_sync":{"heart_rate":false,"relaxation_prompt":false,"sedentary_reminder":false,"sleep_reminder":false,"spo2":false},"pressure_mode":{"relaxation_prompt_enabled":false,"stress_monitoring_enabled":false},"sedentary_reminder":{"end_hour":18,"end_minute":0,"interval":60,"repeat_count":0,"start_hour":9,"start_minute":0,"status":false},"sleep_reminder":{"hour":0,"millisecond":0,"minute":0,"second":0,"status":false},"snapshots":{"heart_rate":{"continuous_heart_rate_mode":0,"frequency":0,"mode":0},"pressure_mode":{"relaxation_warning_value":100},"sedentary_reminder":{"no_disturb_in_launch":false}},"spo2":{"enabled":true,"threshold":100},"support":{"heart_rate":true,"heart_rate_workout":false,"high_stress_index":false,"relaxation_prompt":true,"sedentary_reminder":true,"sleep_reminder":false,"spo2":true,"wear_detection":false},"wear_detection_status":{"last_updated_at":-1}}
2026-03-29 20:47:43.496 | AlertVM | handleQueryCallback type=SedentaryDataObtained
2026-03-29 20:47:43.498 | AlertVM | handleQueryCallback type=Default
2026-03-29 20:47:43.499 | AlertVM | handleQueryCallback type=SedentaryReminderSettingsObtained
2026-03-29 20:47:43.501 | AlertVM | sedentary query matchesStored=true pending=false phase=null
2026-03-29 20:47:43.504 | AlertVM | sedentary query value={"end_hour":0,"end_minute":0,"interval":0,"repeat_count":0,"start_hour":0,"start_minute":0,"status":false}
2026-03-29 20:47:43.505 | AlertVM | handleQueryCallback type=Default
2026-03-29 20:47:43.507 | AlertVM | handleQueryCallback type=AlertFeatureSupportObtained
2026-03-29 20:47:43.509 | AlertVM | support feature=SEDENTARY_REMINDER supported=true
2026-03-29 20:47:43.510 | AlertVM | handleQueryCallback type=Default
2026-03-29 20:47:44.127 | AlertService | queryCallback type=UpdateFirmwareLogStatus
2026-03-29 20:47:44.131 | AlertVM | handleQueryCallback type=UpdateFirmwareLogStatus
2026-03-29 20:47:44.133 | AlertVM | handleQueryCallback type=Default
2026-03-29 20:47:44.403 | AlertService | queryCallback type=UpdateFirmwareLogStatus
2026-03-29 20:47:44.410 | AlertVM | handleQueryCallback type=UpdateFirmwareLogStatus
2026-03-29 20:47:44.412 | AlertVM | handleQueryCallback type=Default
2026-03-29 20:47:44.663 | ZhQuery | onSWHRMonitor={"heightWarningValue":50,"isHeightWarning":true,"isLowWarning":true,"lowWarningValue":49}
2026-03-29 20:47:44.665 | AlertService | queryCallback type=HeartRateAlertSettingsObtained
2026-03-29 20:47:44.666 | AlertService | saveAlertSettings={"device_address":"D8:5C:08:30:00:1E","heart_rate":{"low_enabled":true,"low_threshold":49,"resting_enabled":true,"resting_threshold":50,"workout_enabled":false,"workout_threshold":175},"pending_sync":{"heart_rate":false,"relaxation_prompt":false,"sedentary_reminder":false,"sleep_reminder":false,"spo2":false},"pressure_mode":{"relaxation_prompt_enabled":false,"stress_monitoring_enabled":false},"sedentary_reminder":{"end_hour":18,"end_minute":0,"interval":60,"repeat_count":0,"start_hour":9,"start_minute":0,"status":false},"sleep_reminder":{"hour":0,"millisecond":0,"minute":0,"second":0,"status":false},"snapshots":{"heart_rate":{"continuous_heart_rate_mode":0,"frequency":0,"mode":0},"pressure_mode":{"relaxation_warning_value":100},"sedentary_reminder":{"no_disturb_in_launch":false}},"spo2":{"enabled":true,"threshold":100},"support":{"heart_rate":true,"heart_rate_workout":false,"high_stress_index":false,"relaxation_prompt":true,"sedentary_reminder":true,"sleep_reminder":false,"spo2":true,"wear_detection":false},"wear_detection_status":{"last_updated_at":-1}}
2026-03-29 20:47:44.668 | AlertService | queryCallback type=AlertFeatureSupportObtained
2026-03-29 20:47:44.670 | AlertService | saveAlertSettings={"device_address":"D8:5C:08:30:00:1E","heart_rate":{"low_enabled":true,"low_threshold":49,"resting_enabled":true,"resting_threshold":50,"workout_enabled":false,"workout_threshold":175},"pending_sync":{"heart_rate":false,"relaxation_prompt":false,"sedentary_reminder":false,"sleep_reminder":false,"spo2":false},"pressure_mode":{"relaxation_prompt_enabled":false,"stress_monitoring_enabled":false},"sedentary_reminder":{"end_hour":18,"end_minute":0,"interval":60,"repeat_count":0,"start_hour":9,"start_minute":0,"status":false},"sleep_reminder":{"hour":0,"millisecond":0,"minute":0,"second":0,"status":false},"snapshots":{"heart_rate":{"continuous_heart_rate_mode":0,"frequency":0,"mode":0},"pressure_mode":{"relaxation_warning_value":100},"sedentary_reminder":{"no_disturb_in_launch":false}},"spo2":{"enabled":true,"threshold":100},"support":{"heart_rate":true,"heart_rate_workout":false,"high_stress_index":false,"relaxation_prompt":true,"sedentary_reminder":true,"sleep_reminder":false,"spo2":true,"wear_detection":false},"wear_detection_status":{"last_updated_at":-1}}
2026-03-29 20:47:44.671 | AlertVM | handleQueryCallback type=HeartRateAlertSettingsObtained
2026-03-29 20:47:44.674 | AlertVM | heartRate query matchesStored=true pending=false phase=null
2026-03-29 20:47:44.676 | AlertVM | heartRate query value={"low_enabled":true,"low_threshold":49,"resting_enabled":true,"resting_threshold":50,"workout_enabled":false,"workout_threshold":175}
2026-03-29 20:47:44.679 | AlertVM | handleQueryCallback type=Default
2026-03-29 20:47:44.681 | AlertVM | handleQueryCallback type=AlertFeatureSupportObtained
2026-03-29 20:47:44.682 | AlertVM | support feature=HEART_RATE supported=true
2026-03-29 20:47:44.684 | AlertVM | handleQueryCallback type=Default
2026-03-29 20:47:45.067 | ZhQuery | onSWSPO2Monitor={"isWarning":true,"warningValue":100}
2026-03-29 20:47:45.068 | AlertService | queryCallback type=Spo2AlertSettingsObtained
2026-03-29 20:47:45.070 | AlertService | saveAlertSettings={"device_address":"D8:5C:08:30:00:1E","heart_rate":{"low_enabled":true,"low_threshold":49,"resting_enabled":true,"resting_threshold":50,"workout_enabled":false,"workout_threshold":175},"pending_sync":{"heart_rate":false,"relaxation_prompt":false,"sedentary_reminder":false,"sleep_reminder":false,"spo2":false},"pressure_mode":{"relaxation_prompt_enabled":false,"stress_monitoring_enabled":false},"sedentary_reminder":{"end_hour":18,"end_minute":0,"interval":60,"repeat_count":0,"start_hour":9,"start_minute":0,"status":false},"sleep_reminder":{"hour":0,"millisecond":0,"minute":0,"second":0,"status":false},"snapshots":{"heart_rate":{"continuous_heart_rate_mode":0,"frequency":0,"mode":0},"pressure_mode":{"relaxation_warning_value":100},"sedentary_reminder":{"no_disturb_in_launch":false}},"spo2":{"enabled":true,"threshold":100},"support":{"heart_rate":true,"heart_rate_workout":false,"high_stress_index":false,"relaxation_prompt":true,"sedentary_reminder":true,"sleep_reminder":false,"spo2":true,"wear_detection":false},"wear_detection_status":{"last_updated_at":-1}}
2026-03-29 20:47:45.071 | AlertService | queryCallback type=AlertFeatureSupportObtained
2026-03-29 20:47:45.073 | AlertService | saveAlertSettings={"device_address":"D8:5C:08:30:00:1E","heart_rate":{"low_enabled":true,"low_threshold":49,"resting_enabled":true,"resting_threshold":50,"workout_enabled":false,"workout_threshold":175},"pending_sync":{"heart_rate":false,"relaxation_prompt":false,"sedentary_reminder":false,"sleep_reminder":false,"spo2":false},"pressure_mode":{"relaxation_prompt_enabled":false,"stress_monitoring_enabled":false},"sedentary_reminder":{"end_hour":18,"end_minute":0,"interval":60,"repeat_count":0,"start_hour":9,"start_minute":0,"status":false},"sleep_reminder":{"hour":0,"millisecond":0,"minute":0,"second":0,"status":false},"snapshots":{"heart_rate":{"continuous_heart_rate_mode":0,"frequency":0,"mode":0},"pressure_mode":{"relaxation_warning_value":100},"sedentary_reminder":{"no_disturb_in_launch":false}},"spo2":{"enabled":true,"threshold":100},"support":{"heart_rate":true,"heart_rate_workout":false,"high_stress_index":false,"relaxation_prompt":true,"sedentary_reminder":true,"sleep_reminder":false,"spo2":true,"wear_detection":false},"wear_detection_status":{"last_updated_at":-1}}
2026-03-29 20:47:45.075 | AlertVM | handleQueryCallback type=Spo2AlertSettingsObtained
2026-03-29 20:47:45.076 | AlertVM | spo2 query matchesStored=true pending=false phase=null
2026-03-29 20:47:45.077 | AlertVM | spo2 query value={"enabled":true,"threshold":100}
2026-03-29 20:47:45.078 | AlertVM | handleQueryCallback type=Default
2026-03-29 20:47:45.080 | AlertVM | handleQueryCallback type=AlertFeatureSupportObtained
2026-03-29 20:47:45.082 | AlertVM | support feature=SPO2 supported=true
2026-03-29 20:47:45.083 | AlertVM | handleQueryCallback type=Default
2026-03-29 20:47:45.401 | ZhQuery | onSWBRMonitor={"isWarning":false,"warningValue":100}
2026-03-29 20:47:45.402 | AlertService | queryCallback type=PressureModeSettingsObtained
2026-03-29 20:47:45.404 | AlertService | saveAlertSettings={"device_address":"D8:5C:08:30:00:1E","heart_rate":{"low_enabled":true,"low_threshold":49,"resting_enabled":true,"resting_threshold":50,"workout_enabled":false,"workout_threshold":175},"pending_sync":{"heart_rate":false,"relaxation_prompt":false,"sedentary_reminder":false,"sleep_reminder":false,"spo2":false},"pressure_mode":{"relaxation_prompt_enabled":false,"stress_monitoring_enabled":false},"sedentary_reminder":{"end_hour":18,"end_minute":0,"interval":60,"repeat_count":0,"start_hour":9,"start_minute":0,"status":false},"sleep_reminder":{"hour":0,"millisecond":0,"minute":0,"second":0,"status":false},"snapshots":{"heart_rate":{"continuous_heart_rate_mode":0,"frequency":0,"mode":0},"pressure_mode":{"relaxation_warning_value":100},"sedentary_reminder":{"no_disturb_in_launch":false}},"spo2":{"enabled":true,"threshold":100},"support":{"heart_rate":true,"heart_rate_workout":false,"high_stress_index":false,"relaxation_prompt":true,"sedentary_reminder":true,"sleep_reminder":false,"spo2":true,"wear_detection":false},"wear_detection_status":{"last_updated_at":-1}}
2026-03-29 20:47:45.405 | AlertService | queryCallback type=AlertFeatureSupportObtained
2026-03-29 20:47:45.406 | AlertService | saveAlertSettings={"device_address":"D8:5C:08:30:00:1E","heart_rate":{"low_enabled":true,"low_threshold":49,"resting_enabled":true,"resting_threshold":50,"workout_enabled":false,"workout_threshold":175},"pending_sync":{"heart_rate":false,"relaxation_prompt":false,"sedentary_reminder":false,"sleep_reminder":false,"spo2":false},"pressure_mode":{"relaxation_prompt_enabled":false,"stress_monitoring_enabled":false},"sedentary_reminder":{"end_hour":18,"end_minute":0,"interval":60,"repeat_count":0,"start_hour":9,"start_minute":0,"status":false},"sleep_reminder":{"hour":0,"millisecond":0,"minute":0,"second":0,"status":false},"snapshots":{"heart_rate":{"continuous_heart_rate_mode":0,"frequency":0,"mode":0},"pressure_mode":{"relaxation_warning_value":100},"sedentary_reminder":{"no_disturb_in_launch":false}},"spo2":{"enabled":true,"threshold":100},"support":{"heart_rate":true,"heart_rate_workout":false,"high_stress_index":false,"relaxation_prompt":true,"sedentary_reminder":true,"sleep_reminder":false,"spo2":true,"wear_detection":false},"wear_detection_status":{"last_updated_at":-1}}
2026-03-29 20:47:45.408 | AlertVM | handleQueryCallback type=PressureModeSettingsObtained
2026-03-29 20:47:45.409 | AlertVM | pressure query matchesStored=true pending=false phase=null
2026-03-29 20:47:45.411 | AlertVM | pressure query value={"relaxation_prompt_enabled":false,"stress_monitoring_enabled":false}
2026-03-29 20:47:45.412 | AlertVM | handleQueryCallback type=Default
2026-03-29 20:47:45.413 | AlertVM | handleQueryCallback type=AlertFeatureSupportObtained
2026-03-29 20:47:45.414 | AlertVM | support feature=RELAXATION_PROMPT supported=true
2026-03-29 20:47:45.415 | AlertVM | handleQueryCallback type=Default
2026-03-29 20:47:46.027 | AlertService | queryCallback type=UpdateFirmwareLogStatus
2026-03-29 20:47:46.033 | AlertVM | handleQueryCallback type=UpdateFirmwareLogStatus
2026-03-29 20:47:46.035 | AlertVM | handleQueryCallback type=Default
2026-03-29 20:47:46.196 | ZhQuery | onSedentaryReminderResult={"drinkWater":0,"endNoonTime":{"hour":0,"millisecond":0,"minuter":0,"second":0},"endTime":{"hour":0,"millisecond":0,"minuter":0,"second":0},"frequency":0,"isOn":false,"noDisturbInLaunch":false,"startNoonTime":{"hour":0,"millisecond":0,"minuter":0,"second":0},"startTime":{"hour":0,"millisecond":0,"minuter":0,"second":0}}
2026-03-29 20:47:46.197 | AlertService | queryCallback type=SedentaryDataObtained
2026-03-29 20:47:46.199 | AlertService | queryCallback type=SedentaryReminderSettingsObtained
2026-03-29 20:47:46.200 | AlertService | saveAlertSettings={"device_address":"D8:5C:08:30:00:1E","heart_rate":{"low_enabled":true,"low_threshold":49,"resting_enabled":true,"resting_threshold":50,"workout_enabled":false,"workout_threshold":175},"pending_sync":{"heart_rate":false,"relaxation_prompt":false,"sedentary_reminder":false,"sleep_reminder":false,"spo2":false},"pressure_mode":{"relaxation_prompt_enabled":false,"stress_monitoring_enabled":false},"sedentary_reminder":{"end_hour":18,"end_minute":0,"interval":60,"repeat_count":0,"start_hour":9,"start_minute":0,"status":false},"sleep_reminder":{"hour":0,"millisecond":0,"minute":0,"second":0,"status":false},"snapshots":{"heart_rate":{"continuous_heart_rate_mode":0,"frequency":0,"mode":0},"pressure_mode":{"relaxation_warning_value":100},"sedentary_reminder":{"no_disturb_in_launch":false}},"spo2":{"enabled":true,"threshold":100},"support":{"heart_rate":true,"heart_rate_workout":false,"high_stress_index":false,"relaxation_prompt":true,"sedentary_reminder":true,"sleep_reminder":false,"spo2":true,"wear_detection":false},"wear_detection_status":{"last_updated_at":-1}}
2026-03-29 20:47:46.203 | AlertService | queryCallback type=AlertFeatureSupportObtained
2026-03-29 20:47:46.206 | AlertService | saveAlertSettings={"device_address":"D8:5C:08:30:00:1E","heart_rate":{"low_enabled":true,"low_threshold":49,"resting_enabled":true,"resting_threshold":50,"workout_enabled":false,"workout_threshold":175},"pending_sync":{"heart_rate":false,"relaxation_prompt":false,"sedentary_reminder":false,"sleep_reminder":false,"spo2":false},"pressure_mode":{"relaxation_prompt_enabled":false,"stress_monitoring_enabled":false},"sedentary_reminder":{"end_hour":18,"end_minute":0,"interval":60,"repeat_count":0,"start_hour":9,"start_minute":0,"status":false},"sleep_reminder":{"hour":0,"millisecond":0,"minute":0,"second":0,"status":false},"snapshots":{"heart_rate":{"continuous_heart_rate_mode":0,"frequency":0,"mode":0},"pressure_mode":{"relaxation_warning_value":100},"sedentary_reminder":{"no_disturb_in_launch":false}},"spo2":{"enabled":true,"threshold":100},"support":{"heart_rate":true,"heart_rate_workout":false,"high_stress_index":false,"relaxation_prompt":true,"sedentary_reminder":true,"sleep_reminder":false,"spo2":true,"wear_detection":false},"wear_detection_status":{"last_updated_at":-1}}
2026-03-29 20:47:46.207 | AlertVM | handleQueryCallback type=SedentaryDataObtained
2026-03-29 20:47:46.209 | AlertVM | handleQueryCallback type=Default
2026-03-29 20:47:46.210 | AlertVM | handleQueryCallback type=SedentaryReminderSettingsObtained
2026-03-29 20:47:46.212 | AlertVM | sedentary query matchesStored=true pending=false phase=null
2026-03-29 20:47:46.213 | AlertVM | sedentary query value={"end_hour":0,"end_minute":0,"interval":0,"repeat_count":0,"start_hour":0,"start_minute":0,"status":false}
2026-03-29 20:47:46.215 | AlertVM | handleQueryCallback type=Default
2026-03-29 20:47:46.216 | AlertVM | handleQueryCallback type=AlertFeatureSupportObtained
2026-03-29 20:47:46.217 | AlertVM | support feature=SEDENTARY_REMINDER supported=true
2026-03-29 20:47:46.218 | AlertVM | handleQueryCallback type=Default
2026-03-29 20:47:47.055 | AlertService | queryCallback type=UpdateFirmwareLogStatus
2026-03-29 20:47:47.061 | AlertVM | handleQueryCallback type=UpdateFirmwareLogStatus
2026-03-29 20:47:47.062 | AlertVM | handleQueryCallback type=Default
2026-03-29 20:47:48.526 | AlertService | queryCallback type=UpdateFirmwareLogStatus
2026-03-29 20:47:48.533 | AlertVM | handleQueryCallback type=UpdateFirmwareLogStatus
2026-03-29 20:47:48.534 | AlertVM | handleQueryCallback type=Default
2026-03-29 20:47:48.943 | AlertService | queryCallback type=UpdateFirmwareLogStatus
2026-03-29 20:47:48.950 | AlertVM | handleQueryCallback type=UpdateFirmwareLogStatus
2026-03-29 20:47:48.951 | AlertVM | handleQueryCallback type=Default
2026-03-29 20:47:49.408 | AlertService | queryCallback type=UpdateFirmwareLogStatus
2026-03-29 20:47:49.419 | AlertVM | handleQueryCallback type=UpdateFirmwareLogStatus
2026-03-29 20:47:49.422 | AlertVM | handleQueryCallback type=Default
2026-03-29 20:47:50.383 | AlertService | queryCallback type=UpdateFirmwareLogStatus
2026-03-29 20:47:50.389 | AlertVM | handleQueryCallback type=UpdateFirmwareLogStatus
2026-03-29 20:47:50.391 | AlertVM | handleQueryCallback type=Default
2026-03-29 20:47:51.374 | AlertService | queryCallback type=UpdateFirmwareLogStatus
2026-03-29 20:47:51.390 | AlertVM | handleQueryCallback type=UpdateFirmwareLogStatus
2026-03-29 20:47:51.392 | AlertVM | handleQueryCallback type=Default
2026-03-29 20:47:52.408 | AlertService | queryCallback type=UpdateFirmwareLogStatus
2026-03-29 20:47:52.417 | AlertVM | handleQueryCallback type=UpdateFirmwareLogStatus
2026-03-29 20:47:52.418 | AlertVM | handleQueryCallback type=Default
2026-03-29 20:47:53.356 | AlertService | queryCallback type=UpdateFirmwareLogStatus
2026-03-29 20:47:53.361 | AlertVM | handleQueryCallback type=UpdateFirmwareLogStatus
2026-03-29 20:47:53.363 | AlertVM | handleQueryCallback type=Default
2026-03-29 20:47:54.356 | AlertService | queryCallback type=UpdateFirmwareLogStatus
2026-03-29 20:47:54.361 | AlertVM | handleQueryCallback type=UpdateFirmwareLogStatus
2026-03-29 20:47:54.362 | AlertVM | handleQueryCallback type=Default
2026-03-29 20:47:55.371 | AlertService | queryCallback type=UpdateFirmwareLogStatus
2026-03-29 20:47:55.380 | AlertVM | handleQueryCallback type=UpdateFirmwareLogStatus
2026-03-29 20:47:55.383 | AlertVM | handleQueryCallback type=Default
2026-03-29 20:47:56.368 | AlertService | queryCallback type=UpdateFirmwareLogStatus
2026-03-29 20:47:56.378 | AlertVM | handleQueryCallback type=UpdateFirmwareLogStatus
2026-03-29 20:47:56.381 | AlertVM | handleQueryCallback type=Default
2026-03-29 20:47:57.358 | AlertService | queryCallback type=UpdateFirmwareLogStatus
2026-03-29 20:47:57.371 | AlertVM | handleQueryCallback type=UpdateFirmwareLogStatus
2026-03-29 20:47:57.373 | AlertVM | handleQueryCallback type=Default
2026-03-29 20:47:58.370 | AlertService | queryCallback type=UpdateFirmwareLogStatus
2026-03-29 20:47:58.381 | AlertVM | handleQueryCallback type=UpdateFirmwareLogStatus
2026-03-29 20:47:58.385 | AlertVM | handleQueryCallback type=Default
2026-03-29 20:47:59.353 | AlertService | queryCallback type=UpdateFirmwareLogStatus
2026-03-29 20:47:59.362 | AlertVM | handleQueryCallback type=UpdateFirmwareLogStatus
2026-03-29 20:47:59.364 | AlertVM | handleQueryCallback type=Default
2026-03-29 20:48:00.384 | AlertService | queryCallback type=UpdateFirmwareLogStatus
2026-03-29 20:48:00.387 | AlertVM | handleQueryCallback type=UpdateFirmwareLogStatus
2026-03-29 20:48:00.390 | AlertVM | handleQueryCallback type=Default
2026-03-29 20:48:00.977 | AlertVM | saveHeartRateSettings requested={"low_enabled":true,"low_threshold":49,"resting_enabled":false,"resting_threshold":50,"workout_enabled":false,"workout_threshold":175}
2026-03-29 20:48:00.981 | AlertVM | persistFeature feature=HEART_RATE connected=true
2026-03-29 20:48:00.982 | AlertVM | persistFeature state={"device_address":"D8:5C:08:30:00:1E","heart_rate":{"low_enabled":true,"low_threshold":49,"resting_enabled":false,"resting_threshold":50,"workout_enabled":false,"workout_threshold":175},"pending_sync":{"heart_rate":true,"relaxation_prompt":false,"sedentary_reminder":false,"sleep_reminder":false,"spo2":false},"pressure_mode":{"relaxation_prompt_enabled":false,"stress_monitoring_enabled":false},"sedentary_reminder":{"end_hour":18,"end_minute":0,"interval":60,"repeat_count":0,"start_hour":9,"start_minute":0,"status":false},"sleep_reminder":{"hour":0,"millisecond":0,"minute":0,"second":0,"status":false},"snapshots":{"heart_rate":{"continuous_heart_rate_mode":0,"frequency":0,"mode":0},"pressure_mode":{"relaxation_warning_value":100},"sedentary_reminder":{"no_disturb_in_launch":false}},"spo2":{"enabled":true,"threshold":100},"support":{"heart_rate":true,"heart_rate_workout":false,"high_stress_index":false,"relaxation_prompt":true,"sedentary_reminder":true,"sleep_reminder":false,"spo2":true,"wear_detection":false},"wear_detection_status":{"last_updated_at":-1}}
2026-03-29 20:48:00.998 | AlertVM | syncQueuedFeatures feature=HEART_RATE requiresSnapshot=false
2026-03-29 20:48:01.001 | AlertVM | sendUpdate feature=HEART_RATE
2026-03-29 20:48:01.003 | AlertVM | sendUpdate state={"device_address":"D8:5C:08:30:00:1E","heart_rate":{"low_enabled":true,"low_threshold":49,"resting_enabled":false,"resting_threshold":50,"workout_enabled":false,"workout_threshold":175},"pending_sync":{"heart_rate":true,"relaxation_prompt":false,"sedentary_reminder":false,"sleep_reminder":false,"spo2":false},"pressure_mode":{"relaxation_prompt_enabled":false,"stress_monitoring_enabled":false},"sedentary_reminder":{"end_hour":18,"end_minute":0,"interval":60,"repeat_count":0,"start_hour":9,"start_minute":0,"status":false},"sleep_reminder":{"hour":0,"millisecond":0,"minute":0,"second":0,"status":false},"snapshots":{"heart_rate":{"continuous_heart_rate_mode":0,"frequency":0,"mode":0},"pressure_mode":{"relaxation_warning_value":100},"sedentary_reminder":{"no_disturb_in_launch":false}},"spo2":{"enabled":true,"threshold":100},"support":{"heart_rate":true,"heart_rate_workout":false,"high_stress_index":false,"relaxation_prompt":true,"sedentary_reminder":true,"sleep_reminder":false,"spo2":true,"wear_detection":false},"wear_detection_status":{"last_updated_at":-1}}
2026-03-29 20:48:01.026 | ZhUpdate | setHeartRateAlertSettings={"low_enabled":true,"low_threshold":49,"resting_enabled":false,"resting_threshold":50,"workout_enabled":false,"workout_threshold":175}
2026-03-29 20:48:01.032 | ZhUpdate | setHeartRateAlertSettings api=SWHRMonitor deviceType=luna_band workoutEnabled=false
2026-03-29 20:48:01.033 | ZhUpdate | setHeartRateAlertSettings bean={"heightWarningValue":50,"isHeightWarning":false,"isLowWarning":true,"lowWarningValue":49}
2026-03-29 20:48:01.413 | AlertService | queryCallback type=UpdateFirmwareLogStatus
2026-03-29 20:48:01.428 | AlertVM | handleQueryCallback type=UpdateFirmwareLogStatus
2026-03-29 20:48:01.430 | AlertVM | handleQueryCallback type=Default
2026-03-29 20:48:01.522 | AlertVM | saveHeartRateSettings requested={"low_enabled":true,"low_threshold":49,"resting_enabled":true,"resting_threshold":50,"workout_enabled":false,"workout_threshold":175}
2026-03-29 20:48:01.524 | AlertVM | persistFeature feature=HEART_RATE connected=true
2026-03-29 20:48:01.525 | AlertVM | persistFeature state={"device_address":"D8:5C:08:30:00:1E","heart_rate":{"low_enabled":true,"low_threshold":49,"resting_enabled":true,"resting_threshold":50,"workout_enabled":false,"workout_threshold":175},"pending_sync":{"heart_rate":true,"relaxation_prompt":false,"sedentary_reminder":false,"sleep_reminder":false,"spo2":false},"pressure_mode":{"relaxation_prompt_enabled":false,"stress_monitoring_enabled":false},"sedentary_reminder":{"end_hour":18,"end_minute":0,"interval":60,"repeat_count":0,"start_hour":9,"start_minute":0,"status":false},"sleep_reminder":{"hour":0,"millisecond":0,"minute":0,"second":0,"status":false},"snapshots":{"heart_rate":{"continuous_heart_rate_mode":0,"frequency":0,"mode":0},"pressure_mode":{"relaxation_warning_value":100},"sedentary_reminder":{"no_disturb_in_launch":false}},"spo2":{"enabled":true,"threshold":100},"support":{"heart_rate":true,"heart_rate_workout":false,"high_stress_index":false,"relaxation_prompt":true,"sedentary_reminder":true,"sleep_reminder":false,"spo2":true,"wear_detection":false},"wear_detection_status":{"last_updated_at":-1}}
2026-03-29 20:48:01.533 | AlertVM | syncQueuedFeatures skipped activePhase=UPDATE_SENT feature=HEART_RATE
2026-03-29 20:48:01.701 | ZhUpdate | setHeartRateAlertSettings api=SWHRMonitor state=SUCCEED
2026-03-29 20:48:01.705 | AlertService | updateCallback type=HeartRateAlertSettingsUpdated
2026-03-29 20:48:01.706 | AlertService | onAlertUpdateCompleted feature=HEART_RATE success=true
2026-03-29 20:48:01.714 | AlertVM | handleUpdateCallback type=HeartRateAlertSettingsUpdated
2026-03-29 20:48:01.716 | AlertVM | heartRate update success=true
2026-03-29 20:48:01.720 | AlertVM | handleScreenUpdateCompletion feature=HEART_RATE success=true
2026-03-29 20:48:01.721 | AlertVM | scheduleVerify feature=HEART_RATE delayMs=0
2026-03-29 20:48:01.723 | AlertVM | sendQuery feature=HEART_RATE
2026-03-29 20:48:01.724 | ZhQuery | getHeartRateAlertSettings dispatched api=SWHRMonitor deviceType=luna_band
2026-03-29 20:48:01.997 | ZhQuery | onSWHRMonitor={"heightWarningValue":50,"isHeightWarning":false,"isLowWarning":true,"lowWarningValue":49}
2026-03-29 20:48:02.000 | AlertService | queryCallback type=HeartRateAlertSettingsObtained
2026-03-29 20:48:02.003 | AlertService | heartRate passive query preserving pending local value
2026-03-29 20:48:02.005 | AlertService | saveAlertSettings={"device_address":"D8:5C:08:30:00:1E","heart_rate":{"low_enabled":true,"low_threshold":49,"resting_enabled":true,"resting_threshold":50,"workout_enabled":false,"workout_threshold":175},"pending_sync":{"heart_rate":true,"relaxation_prompt":false,"sedentary_reminder":false,"sleep_reminder":false,"spo2":false},"pressure_mode":{"relaxation_prompt_enabled":false,"stress_monitoring_enabled":false},"sedentary_reminder":{"end_hour":18,"end_minute":0,"interval":60,"repeat_count":0,"start_hour":9,"start_minute":0,"status":false},"sleep_reminder":{"hour":0,"millisecond":0,"minute":0,"second":0,"status":false},"snapshots":{"heart_rate":{"continuous_heart_rate_mode":0,"frequency":0,"mode":0},"pressure_mode":{"relaxation_warning_value":100},"sedentary_reminder":{"no_disturb_in_launch":false}},"spo2":{"enabled":true,"threshold":100},"support":{"heart_rate":true,"heart_rate_workout":false,"high_stress_index":false,"relaxation_prompt":true,"sedentary_reminder":true,"sleep_reminder":false,"spo2":true,"wear_detection":false},"wear_detection_status":{"last_updated_at":-1}}
2026-03-29 20:48:02.011 | AlertService | queryCallback type=AlertFeatureSupportObtained
2026-03-29 20:48:02.014 | AlertService | saveAlertSettings={"device_address":"D8:5C:08:30:00:1E","heart_rate":{"low_enabled":true,"low_threshold":49,"resting_enabled":true,"resting_threshold":50,"workout_enabled":false,"workout_threshold":175},"pending_sync":{"heart_rate":true,"relaxation_prompt":false,"sedentary_reminder":false,"sleep_reminder":false,"spo2":false},"pressure_mode":{"relaxation_prompt_enabled":false,"stress_monitoring_enabled":false},"sedentary_reminder":{"end_hour":18,"end_minute":0,"interval":60,"repeat_count":0,"start_hour":9,"start_minute":0,"status":false},"sleep_reminder":{"hour":0,"millisecond":0,"minute":0,"second":0,"status":false},"snapshots":{"heart_rate":{"continuous_heart_rate_mode":0,"frequency":0,"mode":0},"pressure_mode":{"relaxation_warning_value":100},"sedentary_reminder":{"no_disturb_in_launch":false}},"spo2":{"enabled":true,"threshold":100},"support":{"heart_rate":true,"heart_rate_workout":false,"high_stress_index":false,"relaxation_prompt":true,"sedentary_reminder":true,"sleep_reminder":false,"spo2":true,"wear_detection":false},"wear_detection_status":{"last_updated_at":-1}}
2026-03-29 20:48:02.017 | ZhQuery | getHeartRateAlertSettings api=SWHRMonitor state=SUCCEED
2026-03-29 20:48:02.019 | AlertVM | handleQueryCallback type=HeartRateAlertSettingsObtained
2026-03-29 20:48:02.021 | AlertVM | heartRate query matchesStored=false pending=true phase=VERIFY_QUERY
2026-03-29 20:48:02.023 | AlertVM | heartRate query value={"low_enabled":true,"low_threshold":49,"resting_enabled":false,"resting_threshold":50,"workout_enabled":false,"workout_threshold":175}
2026-03-29 20:48:02.025 | AlertVM | heartRate verify mismatch preserving local value
2026-03-29 20:48:02.027 | AlertVM | handleScreenQueryCompletion feature=HEART_RATE phase=VERIFY_QUERY matchesStored=false
2026-03-29 20:48:02.028 | AlertVM | handleQueryCallback type=Default
2026-03-29 20:48:02.030 | AlertVM | handleQueryCallback type=AlertFeatureSupportObtained
2026-03-29 20:48:02.032 | AlertVM | support feature=HEART_RATE supported=true
2026-03-29 20:48:02.034 | AlertVM | handleQueryCallback type=Default
2026-03-29 20:48:02.402 | AlertService | queryCallback type=UpdateFirmwareLogStatus
2026-03-29 20:48:02.410 | AlertVM | handleQueryCallback type=UpdateFirmwareLogStatus
2026-03-29 20:48:02.412 | AlertVM | handleQueryCallback type=Default
2026-03-29 20:48:03.457 | AlertService | queryCallback type=UpdateFirmwareLogStatus
2026-03-29 20:48:03.473 | AlertVM | handleQueryCallback type=UpdateFirmwareLogStatus
2026-03-29 20:48:03.476 | AlertVM | handleQueryCallback type=Default
2026-03-29 20:48:04.396 | AlertService | queryCallback type=UpdateFirmwareLogStatus
2026-03-29 20:48:04.410 | AlertVM | handleQueryCallback type=UpdateFirmwareLogStatus
2026-03-29 20:48:04.413 | AlertVM | handleQueryCallback type=Default
2026-03-29 20:48:05.390 | AlertService | queryCallback type=UpdateFirmwareLogStatus
2026-03-29 20:48:05.403 | AlertVM | handleQueryCallback type=UpdateFirmwareLogStatus
2026-03-29 20:48:05.405 | AlertVM | handleQueryCallback type=Default
2026-03-29 20:48:06.365 | AlertService | queryCallback type=UpdateFirmwareLogStatus
2026-03-29 20:48:06.369 | AlertVM | handleQueryCallback type=UpdateFirmwareLogStatus
2026-03-29 20:48:06.371 | AlertVM | handleQueryCallback type=Default
2026-03-29 20:48:07.351 | AlertService | queryCallback type=UpdateFirmwareLogStatus
2026-03-29 20:48:07.352 | AlertVM | handleQueryCallback type=UpdateFirmwareLogStatus
2026-03-29 20:48:07.354 | AlertVM | handleQueryCallback type=Default
2026-03-29 20:48:07.586 | AlertVM | refreshWearDetectionStatus unsupportedDeviceType=luna_band
2026-03-29 20:48:08.293 | AlertVM | refreshWearDetectionStatus unsupportedDeviceType=luna_band
2026-03-29 20:48:08.402 | AlertService | queryCallback type=UpdateFirmwareLogStatus
2026-03-29 20:48:08.409 | AlertVM | handleQueryCallback type=UpdateFirmwareLogStatus
2026-03-29 20:48:08.411 | AlertVM | handleQueryCallback type=Default
2026-03-29 20:48:08.518 | AlertVM | refreshWearDetectionStatus unsupportedDeviceType=luna_band
2026-03-29 20:48:08.695 | AlertVM | refreshWearDetectionStatus unsupportedDeviceType=luna_band
2026-03-29 20:48:08.873 | AlertVM | refreshWearDetectionStatus unsupportedDeviceType=luna_band
2026-03-29 20:48:09.032 | AlertVM | refreshWearDetectionStatus unsupportedDeviceType=luna_band
2026-03-29 20:48:09.193 | AlertVM | refreshWearDetectionStatus unsupportedDeviceType=luna_band
2026-03-29 20:48:09.348 | AlertVM | refreshWearDetectionStatus unsupportedDeviceType=luna_band
2026-03-29 20:48:09.365 | AlertService | queryCallback type=UpdateFirmwareLogStatus
2026-03-29 20:48:09.378 | AlertVM | handleQueryCallback type=UpdateFirmwareLogStatus
2026-03-29 20:48:09.379 | AlertVM | handleQueryCallback type=Default
2026-03-29 20:48:09.444 | AlertVM | refreshWearDetectionStatus unsupportedDeviceType=luna_band
2026-03-29 20:48:09.605 | AlertVM | refreshWearDetectionStatus unsupportedDeviceType=luna_band
2026-03-29 20:48:09.724 | AlertVM | refreshWearDetectionStatus unsupportedDeviceType=luna_band
2026-03-29 20:48:10.362 | AlertService | queryCallback type=UpdateFirmwareLogStatus
2026-03-29 20:48:10.369 | AlertVM | handleQueryCallback type=UpdateFirmwareLogStatus
2026-03-29 20:48:10.372 | AlertVM | handleQueryCallback type=Default
2026-03-29 20:48:11.449 | AlertService | queryCallback type=UpdateFirmwareLogStatus
2026-03-29 20:48:11.450 | AlertVM | handleQueryCallback type=UpdateFirmwareLogStatus
2026-03-29 20:48:11.452 | AlertVM | handleQueryCallback type=Default
2026-03-29 20:48:12.573 | AlertService | queryCallback type=UpdateFirmwareLogStatus
2026-03-29 20:48:13.335 | AlertService | queryCallback type=UpdateFirmwareLogStatus
2026-03-29 20:48:14.223 | AlertUI | BlankTestFragment alert panel initialized
2026-03-29 20:48:14.224 | AlertVM | handleQueryCallback type=Default
2026-03-29 20:48:14.227 | AlertVM | onConnectedStateChanged state=ConnectSuccess
2026-03-29 20:48:14.228 | AlertVM | loadState={"device_address":"D8:5C:08:30:00:1E","heart_rate":{"low_enabled":true,"low_threshold":49,"resting_enabled":true,"resting_threshold":50,"workout_enabled":false,"workout_threshold":175},"pending_sync":{"heart_rate":true,"relaxation_prompt":false,"sedentary_reminder":false,"sleep_reminder":false,"spo2":false},"pressure_mode":{"relaxation_prompt_enabled":false,"stress_monitoring_enabled":false},"sedentary_reminder":{"end_hour":18,"end_minute":0,"interval":60,"repeat_count":0,"start_hour":9,"start_minute":0,"status":false},"sleep_reminder":{"hour":0,"millisecond":0,"minute":0,"second":0,"status":false},"snapshots":{"heart_rate":{"continuous_heart_rate_mode":0,"frequency":0,"mode":0},"pressure_mode":{"relaxation_warning_value":100},"sedentary_reminder":{"no_disturb_in_launch":false}},"spo2":{"enabled":true,"threshold":100},"support":{"heart_rate":true,"heart_rate_workout":false,"high_stress_index":false,"relaxation_prompt":true,"sedentary_reminder":true,"sleep_reminder":false,"spo2":true,"wear_detection":false},"wear_detection_status":{"last_updated_at":-1}}
2026-03-29 20:48:14.233 | AlertVM | syncQueuedFeatures feature=HEART_RATE requiresSnapshot=false
2026-03-29 20:48:14.238 | AlertVM | sendUpdate feature=HEART_RATE
2026-03-29 20:48:14.240 | AlertVM | sendUpdate state={"device_address":"D8:5C:08:30:00:1E","heart_rate":{"low_enabled":true,"low_threshold":49,"resting_enabled":true,"resting_threshold":50,"workout_enabled":false,"workout_threshold":175},"pending_sync":{"heart_rate":true,"relaxation_prompt":false,"sedentary_reminder":false,"sleep_reminder":false,"spo2":false},"pressure_mode":{"relaxation_prompt_enabled":false,"stress_monitoring_enabled":false},"sedentary_reminder":{"end_hour":18,"end_minute":0,"interval":60,"repeat_count":0,"start_hour":9,"start_minute":0,"status":false},"sleep_reminder":{"hour":0,"millisecond":0,"minute":0,"second":0,"status":false},"snapshots":{"heart_rate":{"continuous_heart_rate_mode":0,"frequency":0,"mode":0},"pressure_mode":{"relaxation_warning_value":100},"sedentary_reminder":{"no_disturb_in_launch":false}},"spo2":{"enabled":true,"threshold":100},"support":{"heart_rate":true,"heart_rate_workout":false,"high_stress_index":false,"relaxation_prompt":true,"sedentary_reminder":true,"sleep_reminder":false,"spo2":true,"wear_detection":false},"wear_detection_status":{"last_updated_at":-1}}
2026-03-29 20:48:14.314 | AlertVM | syncQueuedFeatures skipped activePhase=UPDATE_SENT feature=HEART_RATE
2026-03-29 20:48:14.319 | ZhUpdate | setHeartRateAlertSettings={"low_enabled":true,"low_threshold":49,"resting_enabled":true,"resting_threshold":50,"workout_enabled":false,"workout_threshold":175}
2026-03-29 20:48:14.326 | ZhUpdate | setHeartRateAlertSettings api=SWHRMonitor deviceType=luna_band workoutEnabled=false
2026-03-29 20:48:14.336 | ZhUpdate | setHeartRateAlertSettings bean={"heightWarningValue":50,"isHeightWarning":true,"isLowWarning":true,"lowWarningValue":49}
2026-03-29 20:48:14.348 | AlertService | queryCallback type=UpdateFirmwareLogStatus
2026-03-29 20:48:14.353 | AlertVM | handleQueryCallback type=UpdateFirmwareLogStatus
2026-03-29 20:48:14.354 | AlertVM | handleQueryCallback type=Default
2026-03-29 20:48:15.492 | AlertService | queryCallback type=UpdateFirmwareLogStatus
2026-03-29 20:48:15.496 | AlertVM | handleQueryCallback type=UpdateFirmwareLogStatus
2026-03-29 20:48:15.498 | AlertVM | handleQueryCallback type=Default
2026-03-29 20:48:16.591 | AlertService | queryCallback type=UpdateFirmwareLogStatus
2026-03-29 20:48:16.599 | AlertVM | handleQueryCallback type=UpdateFirmwareLogStatus
2026-03-29 20:48:16.601 | AlertVM | handleQueryCallback type=Default
2026-03-29 20:48:17.121 | ZhUpdate | setHeartRateAlertSettings api=SWHRMonitor state=SUCCEED
2026-03-29 20:48:17.128 | AlertService | updateCallback type=HeartRateAlertSettingsUpdated
2026-03-29 20:48:17.130 | AlertService | onAlertUpdateCompleted feature=HEART_RATE success=true
2026-03-29 20:48:17.132 | AlertVM | handleUpdateCallback type=HeartRateAlertSettingsUpdated
2026-03-29 20:48:17.135 | AlertVM | heartRate update success=true
2026-03-29 20:48:17.137 | AlertVM | handleScreenUpdateCompletion feature=HEART_RATE success=true
2026-03-29 20:48:17.139 | AlertVM | scheduleVerify feature=HEART_RATE delayMs=0
2026-03-29 20:48:17.140 | AlertVM | sendQuery feature=HEART_RATE
2026-03-29 20:48:17.141 | ZhQuery | getHeartRateAlertSettings dispatched api=SWHRMonitor deviceType=luna_band
2026-03-29 20:48:17.383 | AlertService | queryCallback type=UpdateFirmwareLogStatus
2026-03-29 20:48:17.390 | AlertVM | handleQueryCallback type=UpdateFirmwareLogStatus
2026-03-29 20:48:17.391 | AlertVM | handleQueryCallback type=Default
2026-03-29 20:48:18.001 | ZhQuery | onSWHRMonitor={"heightWarningValue":50,"isHeightWarning":true,"isLowWarning":true,"lowWarningValue":49}
2026-03-29 20:48:18.003 | AlertService | queryCallback type=HeartRateAlertSettingsObtained
2026-03-29 20:48:18.004 | AlertService | heartRate passive query preserving pending local value
2026-03-29 20:48:18.006 | AlertService | saveAlertSettings={"device_address":"D8:5C:08:30:00:1E","heart_rate":{"low_enabled":true,"low_threshold":49,"resting_enabled":true,"resting_threshold":50,"workout_enabled":false,"workout_threshold":175},"pending_sync":{"heart_rate":true,"relaxation_prompt":false,"sedentary_reminder":false,"sleep_reminder":false,"spo2":false},"pressure_mode":{"relaxation_prompt_enabled":false,"stress_monitoring_enabled":false},"sedentary_reminder":{"end_hour":18,"end_minute":0,"interval":60,"repeat_count":0,"start_hour":9,"start_minute":0,"status":false},"sleep_reminder":{"hour":0,"millisecond":0,"minute":0,"second":0,"status":false},"snapshots":{"heart_rate":{"continuous_heart_rate_mode":0,"frequency":0,"mode":0},"pressure_mode":{"relaxation_warning_value":100},"sedentary_reminder":{"no_disturb_in_launch":false}},"spo2":{"enabled":true,"threshold":100},"support":{"heart_rate":true,"heart_rate_workout":false,"high_stress_index":false,"relaxation_prompt":true,"sedentary_reminder":true,"sleep_reminder":false,"spo2":true,"wear_detection":false},"wear_detection_status":{"last_updated_at":-1}}
2026-03-29 20:48:18.008 | AlertService | queryCallback type=AlertFeatureSupportObtained
2026-03-29 20:48:18.010 | AlertService | saveAlertSettings={"device_address":"D8:5C:08:30:00:1E","heart_rate":{"low_enabled":true,"low_threshold":49,"resting_enabled":true,"resting_threshold":50,"workout_enabled":false,"workout_threshold":175},"pending_sync":{"heart_rate":true,"relaxation_prompt":false,"sedentary_reminder":false,"sleep_reminder":false,"spo2":false},"pressure_mode":{"relaxation_prompt_enabled":false,"stress_monitoring_enabled":false},"sedentary_reminder":{"end_hour":18,"end_minute":0,"interval":60,"repeat_count":0,"start_hour":9,"start_minute":0,"status":false},"sleep_reminder":{"hour":0,"millisecond":0,"minute":0,"second":0,"status":false},"snapshots":{"heart_rate":{"continuous_heart_rate_mode":0,"frequency":0,"mode":0},"pressure_mode":{"relaxation_warning_value":100},"sedentary_reminder":{"no_disturb_in_launch":false}},"spo2":{"enabled":true,"threshold":100},"support":{"heart_rate":true,"heart_rate_workout":false,"high_stress_index":false,"relaxation_prompt":true,"sedentary_reminder":true,"sleep_reminder":false,"spo2":true,"wear_detection":false},"wear_detection_status":{"last_updated_at":-1}}
2026-03-29 20:48:18.011 | ZhQuery | getHeartRateAlertSettings api=SWHRMonitor state=SUCCEED
2026-03-29 20:48:18.014 | AlertVM | handleQueryCallback type=HeartRateAlertSettingsObtained
2026-03-29 20:48:18.016 | AlertVM | heartRate query matchesStored=true pending=true phase=VERIFY_QUERY
2026-03-29 20:48:18.017 | AlertVM | heartRate query value={"low_enabled":true,"low_threshold":49,"resting_enabled":true,"resting_threshold":50,"workout_enabled":false,"workout_threshold":175}
2026-03-29 20:48:18.019 | AlertVM | handleScreenQueryCompletion feature=HEART_RATE phase=VERIFY_QUERY matchesStored=true
2026-03-29 20:48:18.023 | AlertVM | handleQueryCallback type=Default
2026-03-29 20:48:18.024 | AlertVM | handleQueryCallback type=AlertFeatureSupportObtained
2026-03-29 20:48:18.026 | AlertVM | support feature=HEART_RATE supported=true
2026-03-29 20:48:18.027 | AlertVM | handleQueryCallback type=Default
2026-03-29 20:48:18.368 | AlertService | queryCallback type=UpdateFirmwareLogStatus
2026-03-29 20:48:18.374 | AlertVM | handleQueryCallback type=UpdateFirmwareLogStatus
2026-03-29 20:48:18.376 | AlertVM | handleQueryCallback type=Default
2026-03-29 20:48:19.512 | AlertService | queryCallback type=UpdateFirmwareLogStatus
2026-03-29 20:48:19.518 | AlertVM | handleQueryCallback type=UpdateFirmwareLogStatus
2026-03-29 20:48:19.521 | AlertVM | handleQueryCallback type=Default
2026-03-29 20:48:20.407 | AlertService | queryCallback type=UpdateFirmwareLogStatus
2026-03-29 20:48:20.419 | AlertVM | handleQueryCallback type=UpdateFirmwareLogStatus
2026-03-29 20:48:20.421 | AlertVM | handleQueryCallback type=Default
2026-03-29 20:48:21.350 | AlertService | queryCallback type=UpdateFirmwareLogStatus
2026-03-29 20:48:21.363 | AlertVM | handleQueryCallback type=UpdateFirmwareLogStatus
2026-03-29 20:48:21.365 | AlertVM | handleQueryCallback type=Default
2026-03-29 20:48:22.425 | AlertService | queryCallback type=UpdateFirmwareLogStatus
2026-03-29 20:48:22.431 | AlertVM | handleQueryCallback type=UpdateFirmwareLogStatus
2026-03-29 20:48:22.433 | AlertVM | handleQueryCallback type=Default
2026-03-29 20:48:23.367 | AlertService | queryCallback type=UpdateFirmwareLogStatus
2026-03-29 20:48:23.379 | AlertVM | handleQueryCallback type=UpdateFirmwareLogStatus
2026-03-29 20:48:23.380 | AlertVM | handleQueryCallback type=Default
2026-03-29 20:48:24.550 | AlertService | queryCallback type=UpdateFirmwareLogStatus
2026-03-29 20:48:24.562 | AlertVM | handleQueryCallback type=UpdateFirmwareLogStatus
2026-03-29 20:48:24.565 | AlertVM | handleQueryCallback type=Default
2026-03-29 20:48:25.345 | AlertService | queryCallback type=UpdateFirmwareLogStatus
2026-03-29 20:48:25.353 | AlertVM | handleQueryCallback type=UpdateFirmwareLogStatus
2026-03-29 20:48:25.355 | AlertVM | handleQueryCallback type=Default
2026-03-29 20:48:26.512 | AlertService | queryCallback type=UpdateFirmwareLogStatus
2026-03-29 20:48:26.524 | AlertVM | handleQueryCallback type=UpdateFirmwareLogStatus
2026-03-29 20:48:26.527 | AlertVM | handleQueryCallback type=Default
2026-03-29 20:48:27.427 | AlertService | queryCallback type=UpdateFirmwareLogStatus
2026-03-29 20:48:27.438 | AlertVM | handleQueryCallback type=UpdateFirmwareLogStatus
2026-03-29 20:48:27.441 | AlertVM | handleQueryCallback type=Default
2026-03-29 20:48:28.981 | AlertService | queryCallback type=UpdateFirmwareLogStatus
2026-03-29 20:48:28.988 | AlertVM | handleQueryCallback type=UpdateFirmwareLogStatus
2026-03-29 20:48:28.990 | AlertVM | handleQueryCallback type=Default
2026-03-29 20:48:29.400 | AlertService | queryCallback type=BatteryDataObtained
2026-03-29 20:48:29.403 | AlertVM | handleQueryCallback type=BatteryDataObtained
2026-03-29 20:48:29.406 | AlertVM | handleQueryCallback type=Default
2026-03-29 20:48:29.688 | AlertService | queryCallback type=UpdateFirmwareLogStatus
2026-03-29 20:48:29.699 | AlertVM | handleQueryCallback type=UpdateFirmwareLogStatus
2026-03-29 20:48:29.702 | AlertVM | handleQueryCallback type=Default
2026-03-29 20:48:30.082 | AlertService | queryCallback type=UpdateFirmwareLogStatus
2026-03-29 20:48:30.089 | AlertVM | handleQueryCallback type=UpdateFirmwareLogStatus
2026-03-29 20:48:30.091 | AlertVM | handleQueryCallback type=Default
2026-03-29 20:48:30.542 | AlertService | queryCallback type=UpdateFirmwareLogStatus
2026-03-29 20:48:30.552 | AlertVM | handleQueryCallback type=UpdateFirmwareLogStatus
2026-03-29 20:48:30.553 | AlertVM | handleQueryCallback type=Default
2026-03-29 20:48:31.351 | AlertService | queryCallback type=UpdateFirmwareLogStatus
2026-03-29 20:48:31.360 | AlertVM | handleQueryCallback type=UpdateFirmwareLogStatus
2026-03-29 20:48:31.363 | AlertVM | handleQueryCallback type=Default
2026-03-29 20:48:32.343 | AlertService | queryCallback type=UpdateFirmwareLogStatus
2026-03-29 20:48:32.353 | AlertVM | handleQueryCallback type=UpdateFirmwareLogStatus
2026-03-29 20:48:32.355 | AlertVM | handleQueryCallback type=Default
2026-03-29 20:48:33.321 | AlertService | queryCallback type=UpdateFirmwareLogStatus
2026-03-29 20:48:33.333 | AlertVM | handleQueryCallback type=UpdateFirmwareLogStatus
2026-03-29 20:48:33.335 | AlertVM | handleQueryCallback type=Default
2026-03-29 20:48:34.409 | AlertService | queryCallback type=UpdateFirmwareLogStatus
2026-03-29 20:48:34.428 | AlertVM | handleQueryCallback type=UpdateFirmwareLogStatus
2026-03-29 20:48:34.431 | AlertVM | handleQueryCallback type=Default
2026-03-29 20:48:35.361 | AlertService | queryCallback type=UpdateFirmwareLogStatus
2026-03-29 20:48:35.374 | AlertVM | handleQueryCallback type=UpdateFirmwareLogStatus
2026-03-29 20:48:35.377 | AlertVM | handleQueryCallback type=Default
2026-03-29 20:48:36.355 | AlertService | queryCallback type=UpdateFirmwareLogStatus
2026-03-29 20:48:36.366 | AlertVM | handleQueryCallback type=UpdateFirmwareLogStatus
2026-03-29 20:48:36.368 | AlertVM | handleQueryCallback type=Default
2026-03-29 20:48:37.322 | AlertService | queryCallback type=UpdateFirmwareLogStatus
2026-03-29 20:48:37.329 | AlertVM | handleQueryCallback type=UpdateFirmwareLogStatus
2026-03-29 20:48:37.331 | AlertVM | handleQueryCallback type=Default
2026-03-29 20:48:38.331 | AlertService | queryCallback type=UpdateFirmwareLogStatus
2026-03-29 20:48:38.338 | AlertVM | handleQueryCallback type=UpdateFirmwareLogStatus
2026-03-29 20:48:38.341 | AlertVM | handleQueryCallback type=Default
2026-03-29 20:48:39.369 | AlertService | queryCallback type=UpdateFirmwareLogStatus
2026-03-29 20:48:39.384 | AlertVM | handleQueryCallback type=UpdateFirmwareLogStatus
2026-03-29 20:48:39.387 | AlertVM | handleQueryCallback type=Default
2026-03-29 20:48:40.367 | AlertService | queryCallback type=UpdateFirmwareLogStatus
2026-03-29 20:48:40.375 | AlertVM | handleQueryCallback type=UpdateFirmwareLogStatus
2026-03-29 20:48:40.380 | AlertVM | handleQueryCallback type=Default
2026-03-29 20:48:41.368 | AlertService | queryCallback type=UpdateFirmwareLogStatus
2026-03-29 20:48:41.378 | AlertVM | handleQueryCallback type=UpdateFirmwareLogStatus
2026-03-29 20:48:41.381 | AlertVM | handleQueryCallback type=Default
2026-03-29 20:48:42.332 | AlertService | queryCallback type=UpdateFirmwareLogStatus
2026-03-29 20:48:42.341 | AlertVM | handleQueryCallback type=UpdateFirmwareLogStatus
2026-03-29 20:48:42.344 | AlertVM | handleQueryCallback type=Default
2026-03-29 20:48:43.314 | AlertService | queryCallback type=UpdateFirmwareLogStatus
2026-03-29 20:48:43.328 | AlertVM | handleQueryCallback type=UpdateFirmwareLogStatus
2026-03-29 20:48:43.330 | AlertVM | handleQueryCallback type=Default
2026-03-29 20:48:44.354 | AlertService | queryCallback type=UpdateFirmwareLogStatus
2026-03-29 20:48:44.366 | AlertVM | handleQueryCallback type=UpdateFirmwareLogStatus
2026-03-29 20:48:44.368 | AlertVM | handleQueryCallback type=Default
2026-03-29 20:48:45.355 | AlertService | queryCallback type=UpdateFirmwareLogStatus
2026-03-29 20:48:45.374 | AlertVM | handleQueryCallback type=UpdateFirmwareLogStatus
2026-03-29 20:48:45.377 | AlertVM | handleQueryCallback type=Default
2026-03-29 20:48:46.335 | AlertService | queryCallback type=UpdateFirmwareLogStatus
2026-03-29 20:48:46.347 | AlertVM | handleQueryCallback type=UpdateFirmwareLogStatus
2026-03-29 20:48:46.349 | AlertVM | handleQueryCallback type=Default
2026-03-29 20:48:47.324 | AlertService | queryCallback type=UpdateFirmwareLogStatus
2026-03-29 20:48:47.338 | AlertVM | handleQueryCallback type=UpdateFirmwareLogStatus
2026-03-29 20:48:47.341 | AlertVM | handleQueryCallback type=Default
2026-03-29 20:48:48.308 | AlertService | queryCallback type=UpdateFirmwareLogStatus
2026-03-29 20:48:48.318 | AlertVM | handleQueryCallback type=UpdateFirmwareLogStatus
2026-03-29 20:48:48.320 | AlertVM | handleQueryCallback type=Default
2026-03-29 20:48:49.349 | AlertService | queryCallback type=UpdateFirmwareLogStatus
2026-03-29 20:48:49.359 | AlertVM | handleQueryCallback type=UpdateFirmwareLogStatus
2026-03-29 20:48:49.362 | AlertVM | handleQueryCallback type=Default
2026-03-29 20:48:50.343 | AlertService | queryCallback type=UpdateFirmwareLogStatus
2026-03-29 20:48:50.355 | AlertVM | handleQueryCallback type=UpdateFirmwareLogStatus
2026-03-29 20:48:50.359 | AlertVM | handleQueryCallback type=Default
2026-03-29 20:48:51.336 | AlertService | queryCallback type=UpdateFirmwareLogStatus
2026-03-29 20:48:51.350 | AlertVM | handleQueryCallback type=UpdateFirmwareLogStatus
2026-03-29 20:48:51.352 | AlertVM | handleQueryCallback type=Default
2026-03-29 20:48:52.297 | AlertService | queryCallback type=UpdateFirmwareLogStatus
2026-03-29 20:48:52.303 | AlertVM | handleQueryCallback type=UpdateFirmwareLogStatus
2026-03-29 20:48:52.305 | AlertVM | handleQueryCallback type=Default
2026-03-29 20:48:53.309 | AlertService | queryCallback type=UpdateFirmwareLogStatus
2026-03-29 20:48:53.314 | AlertVM | handleQueryCallback type=UpdateFirmwareLogStatus
2026-03-29 20:48:53.315 | AlertVM | handleQueryCallback type=Default
2026-03-29 20:48:54.338 | AlertService | queryCallback type=UpdateFirmwareLogStatus
2026-03-29 20:48:54.358 | AlertVM | handleQueryCallback type=UpdateFirmwareLogStatus
2026-03-29 20:48:54.361 | AlertVM | handleQueryCallback type=Default
2026-03-29 20:48:55.330 | AlertService | queryCallback type=UpdateFirmwareLogStatus
2026-03-29 20:48:55.335 | AlertVM | handleQueryCallback type=UpdateFirmwareLogStatus
2026-03-29 20:48:55.337 | AlertVM | handleQueryCallback type=Default
2026-03-29 20:48:56.320 | AlertService | queryCallback type=UpdateFirmwareLogStatus
2026-03-29 20:48:56.330 | AlertVM | handleQueryCallback type=UpdateFirmwareLogStatus
2026-03-29 20:48:56.333 | AlertVM | handleQueryCallback type=Default
2026-03-29 20:48:57.322 | AlertService | queryCallback type=UpdateFirmwareLogStatus
2026-03-29 20:48:57.332 | AlertVM | handleQueryCallback type=UpdateFirmwareLogStatus
2026-03-29 20:48:57.335 | AlertVM | handleQueryCallback type=Default
2026-03-29 20:48:58.313 | AlertService | queryCallback type=UpdateFirmwareLogStatus
2026-03-29 20:48:58.322 | AlertVM | handleQueryCallback type=UpdateFirmwareLogStatus
2026-03-29 20:48:58.324 | AlertVM | handleQueryCallback type=Default
2026-03-29 20:48:59.426 | AlertService | queryCallback type=UpdateFirmwareLogStatus
2026-03-29 20:48:59.437 | AlertVM | handleQueryCallback type=UpdateFirmwareLogStatus
2026-03-29 20:48:59.440 | AlertVM | handleQueryCallback type=Default
2026-03-29 20:49:00.331 | AlertService | queryCallback type=UpdateFirmwareLogStatus
2026-03-29 20:49:00.344 | AlertVM | handleQueryCallback type=UpdateFirmwareLogStatus
2026-03-29 20:49:00.348 | AlertVM | handleQueryCallback type=Default
2026-03-29 20:49:01.318 | AlertService | queryCallback type=UpdateFirmwareLogStatus
2026-03-29 20:49:01.329 | AlertVM | handleQueryCallback type=UpdateFirmwareLogStatus
2026-03-29 20:49:01.331 | AlertVM | handleQueryCallback type=Default
2026-03-29 20:49:02.360 | AlertService | queryCallback type=UpdateFirmwareLogStatus
2026-03-29 20:49:02.373 | AlertVM | handleQueryCallback type=UpdateFirmwareLogStatus
2026-03-29 20:49:02.376 | AlertVM | handleQueryCallback type=Default
2026-03-29 20:49:03.354 | AlertService | queryCallback type=UpdateFirmwareLogStatus
2026-03-29 20:49:03.365 | AlertVM | handleQueryCallback type=UpdateFirmwareLogStatus
2026-03-29 20:49:03.368 | AlertVM | handleQueryCallback type=Default
2026-03-29 20:49:04.343 | AlertService | queryCallback type=UpdateFirmwareLogStatus
2026-03-29 20:49:04.353 | AlertVM | handleQueryCallback type=UpdateFirmwareLogStatus
2026-03-29 20:49:04.356 | AlertVM | handleQueryCallback type=Default
2026-03-29 20:49:05.333 | AlertService | queryCallback type=UpdateFirmwareLogStatus
2026-03-29 20:49:05.342 | AlertVM | handleQueryCallback type=UpdateFirmwareLogStatus
2026-03-29 20:49:05.344 | AlertVM | handleQueryCallback type=Default
2026-03-29 20:49:06.313 | AlertService | queryCallback type=UpdateFirmwareLogStatus
2026-03-29 20:49:06.328 | AlertVM | handleQueryCallback type=UpdateFirmwareLogStatus
2026-03-29 20:49:06.331 | AlertVM | handleQueryCallback type=Default
2026-03-29 20:49:07.309 | AlertService | queryCallback type=UpdateFirmwareLogStatus
2026-03-29 20:49:07.319 | AlertVM | handleQueryCallback type=UpdateFirmwareLogStatus
2026-03-29 20:49:07.322 | AlertVM | handleQueryCallback type=Default
2026-03-29 20:49:08.345 | AlertService | queryCallback type=UpdateFirmwareLogStatus
2026-03-29 20:49:08.353 | AlertVM | handleQueryCallback type=UpdateFirmwareLogStatus
2026-03-29 20:49:08.357 | AlertVM | handleQueryCallback type=Default
2026-03-29 20:49:09.330 | AlertService | queryCallback type=UpdateFirmwareLogStatus
2026-03-29 20:49:09.346 | AlertVM | handleQueryCallback type=UpdateFirmwareLogStatus
2026-03-29 20:49:09.349 | AlertVM | handleQueryCallback type=Default
2026-03-29 20:49:10.335 | AlertService | queryCallback type=UpdateFirmwareLogStatus
2026-03-29 20:49:10.353 | AlertVM | handleQueryCallback type=UpdateFirmwareLogStatus
2026-03-29 20:49:10.357 | AlertVM | handleQueryCallback type=Default
2026-03-29 20:49:11.312 | AlertService | queryCallback type=UpdateFirmwareLogStatus
2026-03-29 20:49:11.321 | AlertVM | handleQueryCallback type=UpdateFirmwareLogStatus
2026-03-29 20:49:11.324 | AlertVM | handleQueryCallback type=Default
2026-03-29 20:49:12.295 | AlertService | queryCallback type=UpdateFirmwareLogStatus
2026-03-29 20:49:12.309 | AlertVM | handleQueryCallback type=UpdateFirmwareLogStatus
2026-03-29 20:49:12.312 | AlertVM | handleQueryCallback type=Default
2026-03-29 20:49:13.328 | AlertService | queryCallback type=UpdateFirmwareLogStatus
2026-03-29 20:49:13.344 | AlertVM | handleQueryCallback type=UpdateFirmwareLogStatus
2026-03-29 20:49:13.348 | AlertVM | handleQueryCallback type=Default
2026-03-29 20:49:14.325 | AlertService | queryCallback type=UpdateFirmwareLogStatus
2026-03-29 20:49:14.334 | AlertVM | handleQueryCallback type=UpdateFirmwareLogStatus
2026-03-29 20:49:14.336 | AlertVM | handleQueryCallback type=Default
2026-03-29 20:49:15.319 | AlertService | queryCallback type=UpdateFirmwareLogStatus
2026-03-29 20:49:15.328 | AlertVM | handleQueryCallback type=UpdateFirmwareLogStatus
2026-03-29 20:49:15.330 | AlertVM | handleQueryCallback type=Default
2026-03-29 20:49:16.317 | AlertService | queryCallback type=UpdateFirmwareLogStatus
2026-03-29 20:49:16.326 | AlertVM | handleQueryCallback type=UpdateFirmwareLogStatus
2026-03-29 20:49:16.329 | AlertVM | handleQueryCallback type=Default
2026-03-29 20:49:17.290 | AlertService | queryCallback type=UpdateFirmwareLogStatus
2026-03-29 20:49:17.299 | AlertVM | handleQueryCallback type=UpdateFirmwareLogStatus
2026-03-29 20:49:17.302 | AlertVM | handleQueryCallback type=Default
2026-03-29 20:49:18.334 | AlertService | queryCallback type=UpdateFirmwareLogStatus
2026-03-29 20:49:18.343 | AlertVM | handleQueryCallback type=UpdateFirmwareLogStatus
2026-03-29 20:49:18.346 | AlertVM | handleQueryCallback type=Default
2026-03-29 20:49:19.087 | AlertService | queryCallback type=BatteryDataObtained
2026-03-29 20:49:19.096 | AlertVM | handleQueryCallback type=BatteryDataObtained
2026-03-29 20:49:19.099 | AlertVM | handleQueryCallback type=Default
2026-03-29 20:49:19.371 | AlertService | queryCallback type=UpdateFirmwareLogStatus
2026-03-29 20:49:19.379 | AlertVM | handleQueryCallback type=UpdateFirmwareLogStatus
2026-03-29 20:49:19.381 | AlertVM | handleQueryCallback type=Default
2026-03-29 20:49:20.316 | AlertService | queryCallback type=UpdateFirmwareLogStatus
2026-03-29 20:49:20.329 | AlertVM | handleQueryCallback type=UpdateFirmwareLogStatus
2026-03-29 20:49:20.332 | AlertVM | handleQueryCallback type=Default
2026-03-29 20:49:21.356 | AlertService | queryCallback type=UpdateFirmwareLogStatus
2026-03-29 20:49:21.366 | AlertVM | handleQueryCallback type=UpdateFirmwareLogStatus
2026-03-29 20:49:21.369 | AlertVM | handleQueryCallback type=Default
2026-03-29 20:49:22.276 | AlertService | queryCallback type=UpdateFirmwareLogStatus
2026-03-29 20:49:22.277 | AlertVM | handleQueryCallback type=UpdateFirmwareLogStatus
2026-03-29 20:49:22.278 | AlertVM | handleQueryCallback type=Default
2026-03-29 20:49:23.343 | AlertService | queryCallback type=UpdateFirmwareLogStatus
2026-03-29 20:49:23.353 | AlertVM | handleQueryCallback type=UpdateFirmwareLogStatus
2026-03-29 20:49:23.355 | AlertVM | handleQueryCallback type=Default
2026-03-29 20:49:24.311 | AlertService | queryCallback type=UpdateFirmwareLogStatus
2026-03-29 20:49:24.320 | AlertVM | handleQueryCallback type=UpdateFirmwareLogStatus
2026-03-29 20:49:24.322 | AlertVM | handleQueryCallback type=Default
2026-03-29 20:49:25.326 | AlertService | queryCallback type=UpdateFirmwareLogStatus
2026-03-29 20:49:25.336 | AlertVM | handleQueryCallback type=UpdateFirmwareLogStatus
2026-03-29 20:49:25.339 | AlertVM | handleQueryCallback type=Default
2026-03-29 20:49:26.289 | AlertService | queryCallback type=UpdateFirmwareLogStatus
2026-03-29 20:49:26.300 | AlertVM | handleQueryCallback type=UpdateFirmwareLogStatus
2026-03-29 20:49:26.302 | AlertVM | handleQueryCallback type=Default
2026-03-29 20:49:27.340 | AlertService | queryCallback type=UpdateFirmwareLogStatus
2026-03-29 20:49:27.355 | AlertVM | handleQueryCallback type=UpdateFirmwareLogStatus
2026-03-29 20:49:27.358 | AlertVM | handleQueryCallback type=Default
2026-03-29 20:49:28.310 | AlertService | queryCallback type=UpdateFirmwareLogStatus
2026-03-29 20:49:28.316 | AlertVM | handleQueryCallback type=UpdateFirmwareLogStatus
2026-03-29 20:49:28.317 | AlertVM | handleQueryCallback type=Default
2026-03-29 20:49:29.304 | AlertService | queryCallback type=UpdateFirmwareLogStatus
2026-03-29 20:49:29.307 | AlertVM | handleQueryCallback type=UpdateFirmwareLogStatus
2026-03-29 20:49:29.308 | AlertVM | handleQueryCallback type=Default
2026-03-29 20:49:30.348 | AlertService | queryCallback type=UpdateFirmwareLogStatus
2026-03-29 20:49:30.355 | AlertVM | handleQueryCallback type=UpdateFirmwareLogStatus
2026-03-29 20:49:30.357 | AlertVM | handleQueryCallback type=Default
2026-03-29 20:49:31.300 | AlertService | queryCallback type=UpdateFirmwareLogStatus
2026-03-29 20:49:31.310 | AlertVM | handleQueryCallback type=UpdateFirmwareLogStatus
2026-03-29 20:49:31.313 | AlertVM | handleQueryCallback type=Default
2026-03-29 20:49:32.335 | AlertService | queryCallback type=UpdateFirmwareLogStatus
2026-03-29 20:49:32.346 | AlertVM | handleQueryCallback type=UpdateFirmwareLogStatus
2026-03-29 20:49:32.348 | AlertVM | handleQueryCallback type=Default
2026-03-29 20:49:33.315 | AlertService | queryCallback type=UpdateFirmwareLogStatus
2026-03-29 20:49:33.334 | AlertVM | handleQueryCallback type=UpdateFirmwareLogStatus
2026-03-29 20:49:33.337 | AlertVM | handleQueryCallback type=Default
2026-03-29 20:49:34.305 | AlertService | queryCallback type=UpdateFirmwareLogStatus
2026-03-29 20:49:34.315 | AlertVM | handleQueryCallback type=UpdateFirmwareLogStatus
2026-03-29 20:49:34.317 | AlertVM | handleQueryCallback type=Default
2026-03-29 20:49:35.289 | AlertService | queryCallback type=UpdateFirmwareLogStatus
2026-03-29 20:49:35.298 | AlertVM | handleQueryCallback type=UpdateFirmwareLogStatus
2026-03-29 20:49:35.301 | AlertVM | handleQueryCallback type=Default
2026-03-29 20:49:36.287 | AlertService | queryCallback type=UpdateFirmwareLogStatus
2026-03-29 20:49:36.296 | AlertVM | handleQueryCallback type=UpdateFirmwareLogStatus
2026-03-29 20:49:36.299 | AlertVM | handleQueryCallback type=Default
2026-03-29 20:49:37.312 | AlertService | queryCallback type=UpdateFirmwareLogStatus
2026-03-29 20:49:37.324 | AlertVM | handleQueryCallback type=UpdateFirmwareLogStatus
2026-03-29 20:49:37.326 | AlertVM | handleQueryCallback type=Default
2026-03-29 20:49:38.312 | AlertService | queryCallback type=UpdateFirmwareLogStatus
2026-03-29 20:49:38.325 | AlertVM | handleQueryCallback type=UpdateFirmwareLogStatus
2026-03-29 20:49:38.328 | AlertVM | handleQueryCallback type=Default
2026-03-29 20:49:39.300 | AlertService | queryCallback type=UpdateFirmwareLogStatus
2026-03-29 20:49:39.316 | AlertVM | handleQueryCallback type=UpdateFirmwareLogStatus
2026-03-29 20:49:39.319 | AlertVM | handleQueryCallback type=Default
2026-03-29 20:49:40.293 | AlertService | queryCallback type=UpdateFirmwareLogStatus
2026-03-29 20:49:40.304 | AlertVM | handleQueryCallback type=UpdateFirmwareLogStatus
2026-03-29 20:49:40.306 | AlertVM | handleQueryCallback type=Default
2026-03-29 20:49:41.263 | AlertService | queryCallback type=UpdateFirmwareLogStatus
2026-03-29 20:49:41.267 | AlertVM | handleQueryCallback type=UpdateFirmwareLogStatus
2026-03-29 20:49:41.268 | AlertVM | handleQueryCallback type=Default
2026-03-29 20:49:42.314 | AlertService | queryCallback type=UpdateFirmwareLogStatus
2026-03-29 20:49:42.327 | AlertVM | handleQueryCallback type=UpdateFirmwareLogStatus
2026-03-29 20:49:42.330 | AlertVM | handleQueryCallback type=Default
2026-03-29 20:49:43.317 | AlertService | queryCallback type=UpdateFirmwareLogStatus
2026-03-29 20:49:43.328 | AlertVM | handleQueryCallback type=UpdateFirmwareLogStatus
2026-03-29 20:49:43.331 | AlertVM | handleQueryCallback type=Default
2026-03-29 20:49:44.347 | AlertService | queryCallback type=UpdateFirmwareLogStatus
2026-03-29 20:49:44.359 | AlertVM | handleQueryCallback type=UpdateFirmwareLogStatus
2026-03-29 20:49:44.363 | AlertVM | handleQueryCallback type=Default
2026-03-29 20:49:45.277 | AlertService | queryCallback type=UpdateFirmwareLogStatus
2026-03-29 20:49:45.286 | AlertVM | handleQueryCallback type=UpdateFirmwareLogStatus
2026-03-29 20:49:45.289 | AlertVM | handleQueryCallback type=Default
2026-03-29 20:49:46.278 | AlertService | queryCallback type=UpdateFirmwareLogStatus
2026-03-29 20:49:46.289 | AlertVM | handleQueryCallback type=UpdateFirmwareLogStatus
2026-03-29 20:49:46.292 | AlertVM | handleQueryCallback type=Default
2026-03-29 20:49:47.359 | AlertService | queryCallback type=UpdateFirmwareLogStatus
2026-03-29 20:49:47.373 | AlertVM | handleQueryCallback type=UpdateFirmwareLogStatus
2026-03-29 20:49:47.377 | AlertVM | handleQueryCallback type=Default
2026-03-29 20:49:48.307 | AlertService | queryCallback type=UpdateFirmwareLogStatus
2026-03-29 20:49:48.311 | AlertVM | handleQueryCallback type=UpdateFirmwareLogStatus
2026-03-29 20:49:48.313 | AlertVM | handleQueryCallback type=Default
2026-03-29 20:49:49.294 | AlertService | queryCallback type=UpdateFirmwareLogStatus
2026-03-29 20:49:49.310 | AlertVM | handleQueryCallback type=UpdateFirmwareLogStatus
2026-03-29 20:49:49.313 | AlertVM | handleQueryCallback type=Default
2026-03-29 20:49:50.381 | AlertService | queryCallback type=UpdateFirmwareLogStatus
2026-03-29 20:49:50.385 | AlertVM | handleQueryCallback type=UpdateFirmwareLogStatus
2026-03-29 20:49:50.388 | AlertVM | handleQueryCallback type=Default
2026-03-29 20:49:51.282 | AlertService | queryCallback type=UpdateFirmwareLogStatus
2026-03-29 20:49:51.297 | AlertVM | handleQueryCallback type=UpdateFirmwareLogStatus
2026-03-29 20:49:51.300 | AlertVM | handleQueryCallback type=Default
2026-03-29 20:49:52.403 | AlertService | queryCallback type=UpdateFirmwareLogStatus
2026-03-29 20:49:52.416 | AlertVM | handleQueryCallback type=UpdateFirmwareLogStatus
2026-03-29 20:49:52.419 | AlertVM | handleQueryCallback type=Default
2026-03-29 20:49:53.299 | AlertService | queryCallback type=UpdateFirmwareLogStatus
2026-03-29 20:49:53.307 | AlertVM | handleQueryCallback type=UpdateFirmwareLogStatus
2026-03-29 20:49:53.310 | AlertVM | handleQueryCallback type=Default
2026-03-29 20:49:54.286 | AlertService | queryCallback type=UpdateFirmwareLogStatus
2026-03-29 20:49:54.287 | AlertVM | handleQueryCallback type=UpdateFirmwareLogStatus
2026-03-29 20:49:54.288 | AlertVM | handleQueryCallback type=Default
2026-03-29 20:49:55.272 | AlertService | queryCallback type=UpdateFirmwareLogStatus
2026-03-29 20:49:55.280 | AlertVM | handleQueryCallback type=UpdateFirmwareLogStatus
2026-03-29 20:49:55.283 | AlertVM | handleQueryCallback type=Default
2026-03-29 20:49:56.310 | AlertService | queryCallback type=UpdateFirmwareLogStatus
2026-03-29 20:49:56.320 | AlertVM | handleQueryCallback type=UpdateFirmwareLogStatus
2026-03-29 20:49:56.323 | AlertVM | handleQueryCallback type=Default
2026-03-29 20:49:57.302 | AlertService | queryCallback type=UpdateFirmwareLogStatus
2026-03-29 20:49:57.313 | AlertVM | handleQueryCallback type=UpdateFirmwareLogStatus
2026-03-29 20:49:57.316 | AlertVM | handleQueryCallback type=Default
2026-03-29 20:49:58.299 | AlertService | queryCallback type=UpdateFirmwareLogStatus
2026-03-29 20:49:58.313 | AlertVM | handleQueryCallback type=UpdateFirmwareLogStatus
2026-03-29 20:49:58.316 | AlertVM | handleQueryCallback type=Default
2026-03-29 20:49:59.267 | AlertService | queryCallback type=UpdateFirmwareLogStatus
2026-03-29 20:49:59.276 | AlertVM | handleQueryCallback type=UpdateFirmwareLogStatus
2026-03-29 20:49:59.280 | AlertVM | handleQueryCallback type=Default
2026-03-29 20:50:00.260 | AlertService | queryCallback type=UpdateFirmwareLogStatus
2026-03-29 20:50:00.271 | AlertVM | handleQueryCallback type=UpdateFirmwareLogStatus
2026-03-29 20:50:00.274 | AlertVM | handleQueryCallback type=Default
2026-03-29 20:50:01.297 | AlertService | queryCallback type=UpdateFirmwareLogStatus
2026-03-29 20:50:01.299 | AlertVM | handleQueryCallback type=UpdateFirmwareLogStatus
2026-03-29 20:50:01.300 | AlertVM | handleQueryCallback type=Default
2026-03-29 20:50:02.296 | AlertService | queryCallback type=UpdateFirmwareLogStatus
2026-03-29 20:50:02.307 | AlertVM | handleQueryCallback type=UpdateFirmwareLogStatus
2026-03-29 20:50:02.309 | AlertVM | handleQueryCallback type=Default
2026-03-29 20:50:03.294 | AlertService | queryCallback type=UpdateFirmwareLogStatus
2026-03-29 20:50:03.299 | AlertVM | handleQueryCallback type=UpdateFirmwareLogStatus
2026-03-29 20:50:03.300 | AlertVM | handleQueryCallback type=Default
2026-03-29 20:50:04.271 | AlertService | queryCallback type=UpdateFirmwareLogStatus
2026-03-29 20:50:04.280 | AlertVM | handleQueryCallback type=UpdateFirmwareLogStatus
2026-03-29 20:50:04.283 | AlertVM | handleQueryCallback type=Default
2026-03-29 20:50:05.268 | AlertService | queryCallback type=UpdateFirmwareLogStatus
2026-03-29 20:50:05.276 | AlertVM | handleQueryCallback type=UpdateFirmwareLogStatus
2026-03-29 20:50:05.278 | AlertVM | handleQueryCallback type=Default
2026-03-29 20:50:06.289 | AlertService | queryCallback type=UpdateFirmwareLogStatus
2026-03-29 20:50:06.298 | AlertVM | handleQueryCallback type=UpdateFirmwareLogStatus
2026-03-29 20:50:06.300 | AlertVM | handleQueryCallback type=Default
2026-03-29 20:50:07.285 | AlertService | queryCallback type=UpdateFirmwareLogStatus
2026-03-29 20:50:07.294 | AlertVM | handleQueryCallback type=UpdateFirmwareLogStatus
2026-03-29 20:50:07.296 | AlertVM | handleQueryCallback type=Default
2026-03-29 20:50:08.272 | AlertService | queryCallback type=UpdateFirmwareLogStatus
2026-03-29 20:50:08.280 | AlertVM | handleQueryCallback type=UpdateFirmwareLogStatus
2026-03-29 20:50:08.283 | AlertVM | handleQueryCallback type=Default
2026-03-29 20:50:09.059 | AlertService | queryCallback type=BatteryDataObtained
2026-03-29 20:50:09.065 | AlertVM | handleQueryCallback type=BatteryDataObtained
2026-03-29 20:50:09.070 | AlertVM | handleQueryCallback type=Default
2026-03-29 20:50:09.321 | AlertService | queryCallback type=UpdateFirmwareLogStatus
2026-03-29 20:50:09.335 | AlertVM | handleQueryCallback type=UpdateFirmwareLogStatus
2026-03-29 20:50:09.338 | AlertVM | handleQueryCallback type=Default
2026-03-29 20:50:10.253 | AlertService | queryCallback type=UpdateFirmwareLogStatus
2026-03-29 20:50:10.272 | AlertVM | handleQueryCallback type=UpdateFirmwareLogStatus
2026-03-29 20:50:10.275 | AlertVM | handleQueryCallback type=Default
2026-03-29 20:50:11.342 | AlertService | queryCallback type=UpdateFirmwareLogStatus
2026-03-29 20:50:11.357 | AlertVM | handleQueryCallback type=UpdateFirmwareLogStatus
2026-03-29 20:50:11.360 | AlertVM | handleQueryCallback type=Default
2026-03-29 20:50:12.329 | AlertService | queryCallback type=UpdateFirmwareLogStatus
2026-03-29 20:50:12.330 | AlertVM | handleQueryCallback type=UpdateFirmwareLogStatus
2026-03-29 20:50:12.331 | AlertVM | handleQueryCallback type=Default
2026-03-29 20:50:13.379 | AlertService | queryCallback type=UpdateFirmwareLogStatus
2026-03-29 20:50:13.394 | AlertVM | handleQueryCallback type=UpdateFirmwareLogStatus
2026-03-29 20:50:13.397 | AlertVM | handleQueryCallback type=Default
2026-03-29 20:50:14.271 | AlertService | queryCallback type=UpdateFirmwareLogStatus
2026-03-29 20:50:14.284 | AlertVM | handleQueryCallback type=UpdateFirmwareLogStatus
2026-03-29 20:50:14.287 | AlertVM | handleQueryCallback type=Default
2026-03-29 20:50:15.263 | AlertService | queryCallback type=UpdateFirmwareLogStatus
2026-03-29 20:50:15.277 | AlertVM | handleQueryCallback type=UpdateFirmwareLogStatus
2026-03-29 20:50:15.280 | AlertVM | handleQueryCallback type=Default
2026-03-29 20:50:16.285 | AlertService | queryCallback type=UpdateFirmwareLogStatus
2026-03-29 20:50:16.294 | AlertVM | handleQueryCallback type=UpdateFirmwareLogStatus
2026-03-29 20:50:16.297 | AlertVM | handleQueryCallback type=Default
2026-03-29 20:50:17.378 | AlertService | queryCallback type=UpdateFirmwareLogStatus
2026-03-29 20:50:17.395 | AlertVM | handleQueryCallback type=UpdateFirmwareLogStatus
2026-03-29 20:50:17.399 | AlertVM | handleQueryCallback type=Default
2026-03-29 20:50:18.285 | AlertService | queryCallback type=UpdateFirmwareLogStatus
2026-03-29 20:50:18.300 | AlertVM | handleQueryCallback type=UpdateFirmwareLogStatus
2026-03-29 20:50:18.303 | AlertVM | handleQueryCallback type=Default
2026-03-29 20:50:19.294 | AlertService | queryCallback type=UpdateFirmwareLogStatus
2026-03-29 20:50:19.309 | AlertVM | handleQueryCallback type=UpdateFirmwareLogStatus
2026-03-29 20:50:19.311 | AlertVM | handleQueryCallback type=Default
2026-03-29 20:50:20.253 | AlertService | queryCallback type=UpdateFirmwareLogStatus
2026-03-29 20:50:20.262 | AlertVM | handleQueryCallback type=UpdateFirmwareLogStatus
2026-03-29 20:50:20.265 | AlertVM | handleQueryCallback type=Default
2026-03-29 20:50:21.280 | AlertService | queryCallback type=UpdateFirmwareLogStatus
2026-03-29 20:50:21.293 | AlertVM | handleQueryCallback type=UpdateFirmwareLogStatus
2026-03-29 20:50:21.295 | AlertVM | handleQueryCallback type=Default
2026-03-29 20:50:22.270 | AlertService | queryCallback type=UpdateFirmwareLogStatus
2026-03-29 20:50:22.279 | AlertVM | handleQueryCallback type=UpdateFirmwareLogStatus
2026-03-29 20:50:22.282 | AlertVM | handleQueryCallback type=Default
2026-03-29 20:50:23.398 | AlertService | queryCallback type=UpdateFirmwareLogStatus
2026-03-29 20:50:23.407 | AlertVM | handleQueryCallback type=UpdateFirmwareLogStatus
2026-03-29 20:50:23.409 | AlertVM | handleQueryCallback type=Default
2026-03-29 20:50:24.295 | AlertService | queryCallback type=UpdateFirmwareLogStatus
2026-03-29 20:50:24.309 | AlertVM | handleQueryCallback type=UpdateFirmwareLogStatus
2026-03-29 20:50:24.312 | AlertVM | handleQueryCallback type=Default
2026-03-29 20:50:25.234 | AlertService | queryCallback type=UpdateFirmwareLogStatus
2026-03-29 20:50:25.244 | AlertVM | handleQueryCallback type=UpdateFirmwareLogStatus
2026-03-29 20:50:25.247 | AlertVM | handleQueryCallback type=Default
2026-03-29 20:50:26.336 | AlertService | queryCallback type=UpdateFirmwareLogStatus
2026-03-29 20:50:26.343 | AlertVM | handleQueryCallback type=UpdateFirmwareLogStatus
2026-03-29 20:50:26.346 | AlertVM | handleQueryCallback type=Default
2026-03-29 20:50:27.266 | AlertService | queryCallback type=UpdateFirmwareLogStatus
2026-03-29 20:50:27.276 | AlertVM | handleQueryCallback type=UpdateFirmwareLogStatus
2026-03-29 20:50:27.279 | AlertVM | handleQueryCallback type=Default
2026-03-29 20:50:28.283 | AlertService | queryCallback type=UpdateFirmwareLogStatus
2026-03-29 20:50:28.290 | AlertVM | handleQueryCallback type=UpdateFirmwareLogStatus
2026-03-29 20:50:28.293 | AlertVM | handleQueryCallback type=Default
2026-03-29 20:50:29.291 | AlertService | queryCallback type=UpdateFirmwareLogStatus
2026-03-29 20:50:29.308 | AlertVM | handleQueryCallback type=UpdateFirmwareLogStatus
2026-03-29 20:50:29.311 | AlertVM | handleQueryCallback type=Default
2026-03-29 20:50:30.226 | AlertService | queryCallback type=UpdateFirmwareLogStatus
2026-03-29 20:50:30.236 | AlertVM | handleQueryCallback type=UpdateFirmwareLogStatus
2026-03-29 20:50:30.238 | AlertVM | handleQueryCallback type=Default
2026-03-29 20:50:31.270 | AlertService | queryCallback type=UpdateFirmwareLogStatus
2026-03-29 20:50:31.284 | AlertVM | handleQueryCallback type=UpdateFirmwareLogStatus
2026-03-29 20:50:31.287 | AlertVM | handleQueryCallback type=Default
2026-03-29 20:50:32.308 | AlertService | queryCallback type=UpdateFirmwareLogStatus
2026-03-29 20:50:32.317 | AlertVM | handleQueryCallback type=UpdateFirmwareLogStatus
2026-03-29 20:50:32.320 | AlertVM | handleQueryCallback type=Default
2026-03-29 20:50:33.253 | AlertService | queryCallback type=UpdateFirmwareLogStatus
2026-03-29 20:50:33.264 | AlertVM | handleQueryCallback type=UpdateFirmwareLogStatus
2026-03-29 20:50:33.266 | AlertVM | handleQueryCallback type=Default
2026-03-29 20:50:34.253 | AlertService | queryCallback type=UpdateFirmwareLogStatus
2026-03-29 20:50:34.259 | AlertVM | handleQueryCallback type=UpdateFirmwareLogStatus
2026-03-29 20:50:34.261 | AlertVM | handleQueryCallback type=Default
2026-03-29 20:50:35.279 | AlertService | queryCallback type=UpdateFirmwareLogStatus
2026-03-29 20:50:35.288 | AlertVM | handleQueryCallback type=UpdateFirmwareLogStatus
2026-03-29 20:50:35.291 | AlertVM | handleQueryCallback type=Default
2026-03-29 20:50:36.332 | AlertService | queryCallback type=UpdateFirmwareLogStatus
2026-03-29 20:50:36.337 | AlertVM | handleQueryCallback type=UpdateFirmwareLogStatus
2026-03-29 20:50:36.339 | AlertVM | handleQueryCallback type=Default
2026-03-29 20:50:37.295 | AlertService | queryCallback type=UpdateFirmwareLogStatus
2026-03-29 20:50:37.308 | AlertVM | handleQueryCallback type=UpdateFirmwareLogStatus
2026-03-29 20:50:37.310 | AlertVM | handleQueryCallback type=Default
2026-03-29 20:50:38.312 | AlertService | queryCallback type=UpdateFirmwareLogStatus
2026-03-29 20:50:38.322 | AlertVM | handleQueryCallback type=UpdateFirmwareLogStatus
2026-03-29 20:50:38.325 | AlertVM | handleQueryCallback type=Default
2026-03-29 20:50:39.233 | AlertService | queryCallback type=UpdateFirmwareLogStatus
2026-03-29 20:50:39.241 | AlertVM | handleQueryCallback type=UpdateFirmwareLogStatus
2026-03-29 20:50:39.243 | AlertVM | handleQueryCallback type=Default
2026-03-29 20:50:40.270 | AlertService | queryCallback type=UpdateFirmwareLogStatus
2026-03-29 20:50:40.277 | AlertVM | handleQueryCallback type=UpdateFirmwareLogStatus
2026-03-29 20:50:40.279 | AlertVM | handleQueryCallback type=Default
2026-03-29 20:50:41.258 | AlertService | queryCallback type=UpdateFirmwareLogStatus
2026-03-29 20:50:41.272 | AlertVM | handleQueryCallback type=UpdateFirmwareLogStatus
2026-03-29 20:50:41.275 | AlertVM | handleQueryCallback type=Default
2026-03-29 20:50:42.476 | AlertService | queryCallback type=UpdateFirmwareLogStatus
2026-03-29 20:50:42.485 | AlertVM | handleQueryCallback type=UpdateFirmwareLogStatus
2026-03-29 20:50:42.491 | AlertVM | handleQueryCallback type=Default
2026-03-29 20:50:43.375 | AlertService | queryCallback type=UpdateFirmwareLogStatus
2026-03-29 20:50:43.388 | AlertVM | handleQueryCallback type=UpdateFirmwareLogStatus
2026-03-29 20:50:43.390 | AlertVM | handleQueryCallback type=Default
2026-03-29 20:50:44.277 | AlertService | queryCallback type=UpdateFirmwareLogStatus
2026-03-29 20:50:44.287 | AlertVM | handleQueryCallback type=UpdateFirmwareLogStatus
2026-03-29 20:50:44.289 | AlertVM | handleQueryCallback type=Default
2026-03-29 20:50:45.365 | AlertService | queryCallback type=UpdateFirmwareLogStatus
2026-03-29 20:50:45.379 | AlertVM | handleQueryCallback type=UpdateFirmwareLogStatus
2026-03-29 20:50:45.382 | AlertVM | handleQueryCallback type=Default
2026-03-29 20:50:46.257 | AlertService | queryCallback type=UpdateFirmwareLogStatus
2026-03-29 20:50:46.267 | AlertVM | handleQueryCallback type=UpdateFirmwareLogStatus
2026-03-29 20:50:46.269 | AlertVM | handleQueryCallback type=Default
2026-03-29 20:50:47.254 | AlertService | queryCallback type=UpdateFirmwareLogStatus
2026-03-29 20:50:47.269 | AlertVM | handleQueryCallback type=UpdateFirmwareLogStatus
2026-03-29 20:50:47.272 | AlertVM | handleQueryCallback type=Default
2026-03-29 20:50:48.332 | AlertService | queryCallback type=UpdateFirmwareLogStatus
2026-03-29 20:50:48.341 | AlertVM | handleQueryCallback type=UpdateFirmwareLogStatus
2026-03-29 20:50:48.344 | AlertVM | handleQueryCallback type=Default
2026-03-29 20:50:49.109 | AlertService | queryCallback type=BatteryDataObtained
2026-03-29 20:50:49.114 | AlertVM | handleQueryCallback type=BatteryDataObtained
2026-03-29 20:50:49.117 | AlertVM | handleQueryCallback type=Default
2026-03-29 20:50:49.371 | AlertService | queryCallback type=UpdateFirmwareLogStatus
2026-03-29 20:50:49.381 | AlertVM | handleQueryCallback type=UpdateFirmwareLogStatus
2026-03-29 20:50:49.384 | AlertVM | handleQueryCallback type=Default
2026-03-29 20:50:50.278 | AlertService | queryCallback type=UpdateFirmwareLogStatus
2026-03-29 20:50:50.281 | AlertVM | handleQueryCallback type=UpdateFirmwareLogStatus
2026-03-29 20:50:50.284 | AlertVM | handleQueryCallback type=Default
2026-03-29 20:50:51.240 | AlertService | queryCallback type=UpdateFirmwareLogStatus
2026-03-29 20:50:51.246 | AlertVM | handleQueryCallback type=UpdateFirmwareLogStatus
2026-03-29 20:50:51.248 | AlertVM | handleQueryCallback type=Default
2026-03-29 20:50:52.256 | AlertService | queryCallback type=UpdateFirmwareLogStatus
2026-03-29 20:50:52.264 | AlertVM | handleQueryCallback type=UpdateFirmwareLogStatus
2026-03-29 20:50:52.267 | AlertVM | handleQueryCallback type=Default
2026-03-29 20:50:53.278 | AlertService | queryCallback type=UpdateFirmwareLogStatus
2026-03-29 20:50:53.291 | AlertVM | handleQueryCallback type=UpdateFirmwareLogStatus
2026-03-29 20:50:53.294 | AlertVM | handleQueryCallback type=Default
2026-03-29 20:50:54.270 | AlertService | queryCallback type=UpdateFirmwareLogStatus
2026-03-29 20:50:54.276 | AlertVM | handleQueryCallback type=UpdateFirmwareLogStatus
2026-03-29 20:50:54.278 | AlertVM | handleQueryCallback type=Default
2026-03-29 20:50:55.257 | AlertService | queryCallback type=UpdateFirmwareLogStatus
2026-03-29 20:50:55.265 | AlertVM | handleQueryCallback type=UpdateFirmwareLogStatus
2026-03-29 20:50:55.268 | AlertVM | handleQueryCallback type=Default
2026-03-29 20:50:56.248 | AlertService | queryCallback type=UpdateFirmwareLogStatus
2026-03-29 20:50:56.262 | AlertVM | handleQueryCallback type=UpdateFirmwareLogStatus
2026-03-29 20:50:56.265 | AlertVM | handleQueryCallback type=Default
2026-03-29 20:50:57.383 | AlertService | queryCallback type=UpdateFirmwareLogStatus
2026-03-29 20:50:57.394 | AlertVM | handleQueryCallback type=UpdateFirmwareLogStatus
2026-03-29 20:50:57.398 | AlertVM | handleQueryCallback type=Default
2026-03-29 20:50:58.324 | AlertService | queryCallback type=UpdateFirmwareLogStatus
2026-03-29 20:50:58.334 | AlertVM | handleQueryCallback type=UpdateFirmwareLogStatus
2026-03-29 20:50:58.337 | AlertVM | handleQueryCallback type=Default
2026-03-29 20:50:59.359 | AlertService | queryCallback type=UpdateFirmwareLogStatus
2026-03-29 20:50:59.378 | AlertVM | handleQueryCallback type=UpdateFirmwareLogStatus
2026-03-29 20:50:59.381 | AlertVM | handleQueryCallback type=Default
2026-03-29 20:51:00.254 | AlertService | queryCallback type=UpdateFirmwareLogStatus
2026-03-29 20:51:00.260 | AlertVM | handleQueryCallback type=UpdateFirmwareLogStatus
2026-03-29 20:51:00.263 | AlertVM | handleQueryCallback type=Default
2026-03-29 20:51:01.331 | AlertService | queryCallback type=UpdateFirmwareLogStatus
2026-03-29 20:51:01.340 | AlertVM | handleQueryCallback type=UpdateFirmwareLogStatus
2026-03-29 20:51:01.342 | AlertVM | handleQueryCallback type=Default
2026-03-29 20:51:02.373 | AlertService | queryCallback type=UpdateFirmwareLogStatus
2026-03-29 20:51:02.387 | AlertVM | handleQueryCallback type=UpdateFirmwareLogStatus
2026-03-29 20:51:02.390 | AlertVM | handleQueryCallback type=Default
2026-03-29 20:51:03.259 | AlertService | queryCallback type=UpdateFirmwareLogStatus
2026-03-29 20:51:03.264 | AlertVM | handleQueryCallback type=UpdateFirmwareLogStatus
2026-03-29 20:51:03.266 | AlertVM | handleQueryCallback type=Default
2026-03-29 20:51:04.219 | AlertService | queryCallback type=UpdateFirmwareLogStatus
2026-03-29 20:51:04.229 | AlertVM | handleQueryCallback type=UpdateFirmwareLogStatus
2026-03-29 20:51:04.232 | AlertVM | handleQueryCallback type=Default
2026-03-29 20:51:05.342 | AlertService | queryCallback type=UpdateFirmwareLogStatus
2026-03-29 20:51:05.353 | AlertVM | handleQueryCallback type=UpdateFirmwareLogStatus
2026-03-29 20:51:05.355 | AlertVM | handleQueryCallback type=Default
2026-03-29 20:51:06.306 | AlertService | queryCallback type=UpdateFirmwareLogStatus
2026-03-29 20:51:06.321 | AlertVM | handleQueryCallback type=UpdateFirmwareLogStatus
2026-03-29 20:51:06.324 | AlertVM | handleQueryCallback type=Default
2026-03-29 20:51:07.222 | AlertService | queryCallback type=UpdateFirmwareLogStatus
2026-03-29 20:51:07.232 | AlertVM | handleQueryCallback type=UpdateFirmwareLogStatus
2026-03-29 20:51:07.234 | AlertVM | handleQueryCallback type=Default
2026-03-29 20:51:08.253 | AlertService | queryCallback type=UpdateFirmwareLogStatus
2026-03-29 20:51:08.261 | AlertVM | handleQueryCallback type=UpdateFirmwareLogStatus
2026-03-29 20:51:08.265 | AlertVM | handleQueryCallback type=Default
2026-03-29 20:51:09.278 | AlertService | queryCallback type=UpdateFirmwareLogStatus
2026-03-29 20:51:09.285 | AlertVM | handleQueryCallback type=UpdateFirmwareLogStatus
2026-03-29 20:51:09.288 | AlertVM | handleQueryCallback type=Default
2026-03-29 20:51:10.239 | AlertService | queryCallback type=UpdateFirmwareLogStatus
2026-03-29 20:51:10.246 | AlertVM | handleQueryCallback type=UpdateFirmwareLogStatus
2026-03-29 20:51:10.248 | AlertVM | handleQueryCallback type=Default
2026-03-29 20:51:11.289 | AlertService | queryCallback type=UpdateFirmwareLogStatus
2026-03-29 20:51:11.296 | AlertVM | handleQueryCallback type=UpdateFirmwareLogStatus
2026-03-29 20:51:11.299 | AlertVM | handleQueryCallback type=Default
2026-03-29 20:51:12.222 | AlertService | queryCallback type=UpdateFirmwareLogStatus
2026-03-29 20:51:12.231 | AlertVM | handleQueryCallback type=UpdateFirmwareLogStatus
2026-03-29 20:51:12.233 | AlertVM | handleQueryCallback type=Default
2026-03-29 20:51:13.220 | AlertService | queryCallback type=UpdateFirmwareLogStatus
2026-03-29 20:51:13.237 | AlertVM | handleQueryCallback type=UpdateFirmwareLogStatus
2026-03-29 20:51:13.240 | AlertVM | handleQueryCallback type=Default
2026-03-29 20:51:14.297 | AlertService | queryCallback type=UpdateFirmwareLogStatus
2026-03-29 20:51:14.316 | AlertVM | handleQueryCallback type=UpdateFirmwareLogStatus
2026-03-29 20:51:14.320 | AlertVM | handleQueryCallback type=Default
2026-03-29 20:51:15.230 | AlertService | queryCallback type=UpdateFirmwareLogStatus
2026-03-29 20:51:15.242 | AlertVM | handleQueryCallback type=UpdateFirmwareLogStatus
2026-03-29 20:51:15.245 | AlertVM | handleQueryCallback type=Default
2026-03-29 20:51:16.243 | AlertService | queryCallback type=UpdateFirmwareLogStatus
2026-03-29 20:51:16.253 | AlertVM | handleQueryCallback type=UpdateFirmwareLogStatus
2026-03-29 20:51:16.256 | AlertVM | handleQueryCallback type=Default
2026-03-29 20:51:17.313 | AlertService | queryCallback type=UpdateFirmwareLogStatus
2026-03-29 20:51:17.334 | AlertVM | handleQueryCallback type=UpdateFirmwareLogStatus
2026-03-29 20:51:17.337 | AlertVM | handleQueryCallback type=Default
2026-03-29 20:51:18.262 | AlertService | queryCallback type=UpdateFirmwareLogStatus
2026-03-29 20:51:18.276 | AlertVM | handleQueryCallback type=UpdateFirmwareLogStatus
2026-03-29 20:51:18.279 | AlertVM | handleQueryCallback type=Default
2026-03-29 20:51:19.247 | AlertService | queryCallback type=UpdateFirmwareLogStatus
2026-03-29 20:51:19.260 | AlertVM | handleQueryCallback type=UpdateFirmwareLogStatus
2026-03-29 20:51:19.263 | AlertVM | handleQueryCallback type=Default
2026-03-29 20:51:20.234 | AlertService | queryCallback type=UpdateFirmwareLogStatus
2026-03-29 20:51:20.246 | AlertVM | handleQueryCallback type=UpdateFirmwareLogStatus
2026-03-29 20:51:20.248 | AlertVM | handleQueryCallback type=Default
2026-03-29 20:51:21.279 | AlertService | queryCallback type=UpdateFirmwareLogStatus
2026-03-29 20:51:21.283 | AlertVM | handleQueryCallback type=UpdateFirmwareLogStatus
2026-03-29 20:51:21.286 | AlertVM | handleQueryCallback type=Default
2026-03-29 20:51:22.213 | AlertService | queryCallback type=UpdateFirmwareLogStatus
2026-03-29 20:51:22.225 | AlertVM | handleQueryCallback type=UpdateFirmwareLogStatus
2026-03-29 20:51:22.228 | AlertVM | handleQueryCallback type=Default
2026-03-29 20:51:23.209 | AlertService | queryCallback type=UpdateFirmwareLogStatus
2026-03-29 20:51:23.222 | AlertVM | handleQueryCallback type=UpdateFirmwareLogStatus
2026-03-29 20:51:23.226 | AlertVM | handleQueryCallback type=Default
2026-03-29 20:51:24.237 | AlertService | queryCallback type=UpdateFirmwareLogStatus
2026-03-29 20:51:24.247 | AlertVM | handleQueryCallback type=UpdateFirmwareLogStatus
2026-03-29 20:51:24.250 | AlertVM | handleQueryCallback type=Default
2026-03-29 20:51:25.284 | AlertService | queryCallback type=UpdateFirmwareLogStatus
2026-03-29 20:51:25.288 | AlertVM | handleQueryCallback type=UpdateFirmwareLogStatus
2026-03-29 20:51:25.296 | AlertVM | handleQueryCallback type=Default
2026-03-29 20:51:26.265 | AlertService | queryCallback type=UpdateFirmwareLogStatus
2026-03-29 20:51:26.275 | AlertVM | handleQueryCallback type=UpdateFirmwareLogStatus
2026-03-29 20:51:26.278 | AlertVM | handleQueryCallback type=Default
2026-03-29 20:51:27.223 | AlertService | queryCallback type=UpdateFirmwareLogStatus
2026-03-29 20:51:27.239 | AlertVM | handleQueryCallback type=UpdateFirmwareLogStatus
2026-03-29 20:51:27.243 | AlertVM | handleQueryCallback type=Default
2026-03-29 20:51:28.199 | AlertService | queryCallback type=UpdateFirmwareLogStatus
2026-03-29 20:51:28.209 | AlertVM | handleQueryCallback type=UpdateFirmwareLogStatus
2026-03-29 20:51:28.212 | AlertVM | handleQueryCallback type=Default
2026-03-29 20:51:29.099 | AlertService | queryCallback type=BatteryDataObtained
2026-03-29 20:51:29.105 | AlertVM | handleQueryCallback type=BatteryDataObtained
2026-03-29 20:51:29.108 | AlertVM | handleQueryCallback type=Default
2026-03-29 20:51:29.361 | AlertService | queryCallback type=UpdateFirmwareLogStatus
2026-03-29 20:51:29.372 | AlertVM | handleQueryCallback type=UpdateFirmwareLogStatus
2026-03-29 20:51:29.375 | AlertVM | handleQueryCallback type=Default
2026-03-29 20:51:30.225 | AlertService | queryCallback type=UpdateFirmwareLogStatus
2026-03-29 20:51:30.235 | AlertVM | handleQueryCallback type=UpdateFirmwareLogStatus
2026-03-29 20:51:30.238 | AlertVM | handleQueryCallback type=Default
2026-03-29 20:51:31.219 | AlertService | queryCallback type=UpdateFirmwareLogStatus
2026-03-29 20:51:31.227 | AlertVM | handleQueryCallback type=UpdateFirmwareLogStatus
2026-03-29 20:51:31.230 | AlertVM | handleQueryCallback type=Default
2026-03-29 20:51:32.244 | AlertService | queryCallback type=UpdateFirmwareLogStatus
2026-03-29 20:51:32.258 | AlertVM | handleQueryCallback type=UpdateFirmwareLogStatus
2026-03-29 20:51:32.261 | AlertVM | handleQueryCallback type=Default
2026-03-29 20:51:33.237 | AlertService | queryCallback type=UpdateFirmwareLogStatus
2026-03-29 20:51:33.249 | AlertVM | handleQueryCallback type=UpdateFirmwareLogStatus
2026-03-29 20:51:33.253 | AlertVM | handleQueryCallback type=Default
2026-03-29 20:51:34.317 | AlertService | queryCallback type=UpdateFirmwareLogStatus
2026-03-29 20:51:34.329 | AlertVM | handleQueryCallback type=UpdateFirmwareLogStatus
2026-03-29 20:51:34.332 | AlertVM | handleQueryCallback type=Default
2026-03-29 20:51:35.207 | AlertService | queryCallback type=UpdateFirmwareLogStatus
2026-03-29 20:51:35.209 | AlertVM | handleQueryCallback type=UpdateFirmwareLogStatus
2026-03-29 20:51:35.210 | AlertVM | handleQueryCallback type=Default
2026-03-29 20:51:36.282 | AlertService | queryCallback type=UpdateFirmwareLogStatus
2026-03-29 20:51:36.290 | AlertVM | handleQueryCallback type=UpdateFirmwareLogStatus
2026-03-29 20:51:36.292 | AlertVM | handleQueryCallback type=Default
2026-03-29 20:51:37.199 | AlertService | queryCallback type=UpdateFirmwareLogStatus
2026-03-29 20:51:37.208 | AlertVM | handleQueryCallback type=UpdateFirmwareLogStatus
2026-03-29 20:51:37.211 | AlertVM | handleQueryCallback type=Default
2026-03-29 20:51:38.229 | AlertService | queryCallback type=UpdateFirmwareLogStatus
2026-03-29 20:51:38.239 | AlertVM | handleQueryCallback type=UpdateFirmwareLogStatus
2026-03-29 20:51:38.242 | AlertVM | handleQueryCallback type=Default
2026-03-29 20:51:39.318 | AlertService | queryCallback type=UpdateFirmwareLogStatus
2026-03-29 20:51:39.339 | AlertVM | handleQueryCallback type=UpdateFirmwareLogStatus
2026-03-29 20:51:39.342 | AlertVM | handleQueryCallback type=Default
2026-03-29 20:51:40.262 | AlertService | queryCallback type=UpdateFirmwareLogStatus
2026-03-29 20:51:40.290 | AlertVM | handleQueryCallback type=UpdateFirmwareLogStatus
2026-03-29 20:51:40.293 | AlertVM | handleQueryCallback type=Default
2026-03-29 20:51:41.203 | AlertService | queryCallback type=UpdateFirmwareLogStatus
2026-03-29 20:51:41.208 | AlertVM | handleQueryCallback type=UpdateFirmwareLogStatus
2026-03-29 20:51:41.209 | AlertVM | handleQueryCallback type=Default
2026-03-29 20:51:42.290 | AlertService | queryCallback type=UpdateFirmwareLogStatus
2026-03-29 20:51:42.317 | AlertVM | handleQueryCallback type=UpdateFirmwareLogStatus
2026-03-29 20:51:42.328 | AlertVM | handleQueryCallback type=Default
2026-03-29 20:51:43.227 | AlertService | queryCallback type=UpdateFirmwareLogStatus
2026-03-29 20:51:43.231 | AlertVM | handleQueryCallback type=UpdateFirmwareLogStatus
2026-03-29 20:51:43.234 | AlertVM | handleQueryCallback type=Default
2026-03-29 20:51:44.219 | AlertService | queryCallback type=UpdateFirmwareLogStatus
2026-03-29 20:51:44.229 | AlertVM | handleQueryCallback type=UpdateFirmwareLogStatus
2026-03-29 20:51:44.231 | AlertVM | handleQueryCallback type=Default
2026-03-29 20:51:45.308 | AlertService | queryCallback type=UpdateFirmwareLogStatus
2026-03-29 20:51:45.330 | AlertVM | handleQueryCallback type=UpdateFirmwareLogStatus
2026-03-29 20:51:45.333 | AlertVM | handleQueryCallback type=Default
2026-03-29 20:51:46.189 | AlertService | queryCallback type=UpdateFirmwareLogStatus
2026-03-29 20:51:46.211 | AlertVM | handleQueryCallback type=UpdateFirmwareLogStatus
2026-03-29 20:51:46.214 | AlertVM | handleQueryCallback type=Default
2026-03-29 20:51:47.185 | AlertService | queryCallback type=UpdateFirmwareLogStatus
2026-03-29 20:51:47.198 | AlertVM | handleQueryCallback type=UpdateFirmwareLogStatus
2026-03-29 20:51:47.200 | AlertVM | handleQueryCallback type=Default
2026-03-29 20:51:48.232 | AlertService | queryCallback type=UpdateFirmwareLogStatus
2026-03-29 20:51:48.246 | AlertVM | handleQueryCallback type=UpdateFirmwareLogStatus
2026-03-29 20:51:48.249 | AlertVM | handleQueryCallback type=Default
2026-03-29 20:51:49.212 | AlertService | queryCallback type=UpdateFirmwareLogStatus
2026-03-29 20:51:49.226 | AlertVM | handleQueryCallback type=UpdateFirmwareLogStatus
2026-03-29 20:51:49.229 | AlertVM | handleQueryCallback type=Default
2026-03-29 20:51:50.219 | AlertService | queryCallback type=UpdateFirmwareLogStatus
2026-03-29 20:51:50.226 | AlertVM | handleQueryCallback type=UpdateFirmwareLogStatus
2026-03-29 20:51:50.229 | AlertVM | handleQueryCallback type=Default
2026-03-29 20:51:51.190 | AlertService | queryCallback type=UpdateFirmwareLogStatus
2026-03-29 20:51:51.202 | AlertVM | handleQueryCallback type=UpdateFirmwareLogStatus
2026-03-29 20:51:51.205 | AlertVM | handleQueryCallback type=Default
2026-03-29 20:51:52.259 | AlertService | queryCallback type=UpdateFirmwareLogStatus
2026-03-29 20:51:52.266 | AlertVM | handleQueryCallback type=UpdateFirmwareLogStatus
2026-03-29 20:51:52.268 | AlertVM | handleQueryCallback type=Default
2026-03-29 20:51:53.316 | AlertService | queryCallback type=UpdateFirmwareLogStatus
2026-03-29 20:51:53.333 | AlertVM | handleQueryCallback type=UpdateFirmwareLogStatus
2026-03-29 20:51:53.336 | AlertVM | handleQueryCallback type=Default
2026-03-29 20:51:54.251 | AlertService | queryCallback type=UpdateFirmwareLogStatus
2026-03-29 20:51:54.263 | AlertVM | handleQueryCallback type=UpdateFirmwareLogStatus
2026-03-29 20:51:54.269 | AlertVM | handleQueryCallback type=Default
2026-03-29 20:51:55.193 | AlertService | queryCallback type=UpdateFirmwareLogStatus
2026-03-29 20:51:55.203 | AlertVM | handleQueryCallback type=UpdateFirmwareLogStatus
2026-03-29 20:51:55.205 | AlertVM | handleQueryCallback type=Default
2026-03-29 20:51:56.248 | AlertService | queryCallback type=UpdateFirmwareLogStatus
2026-03-29 20:51:56.263 | AlertVM | handleQueryCallback type=UpdateFirmwareLogStatus
2026-03-29 20:51:56.266 | AlertVM | handleQueryCallback type=Default
2026-03-29 20:51:57.200 | AlertService | queryCallback type=UpdateFirmwareLogStatus
2026-03-29 20:51:57.204 | AlertVM | handleQueryCallback type=UpdateFirmwareLogStatus
2026-03-29 20:51:57.206 | AlertVM | handleQueryCallback type=Default
2026-03-29 20:51:58.203 | AlertService | queryCallback type=UpdateFirmwareLogStatus
2026-03-29 20:51:58.218 | AlertVM | handleQueryCallback type=UpdateFirmwareLogStatus
2026-03-29 20:51:58.220 | AlertVM | handleQueryCallback type=Default
2026-03-29 20:51:59.247 | AlertService | queryCallback type=UpdateFirmwareLogStatus
2026-03-29 20:51:59.256 | AlertVM | handleQueryCallback type=UpdateFirmwareLogStatus
2026-03-29 20:51:59.259 | AlertVM | handleQueryCallback type=Default
2026-03-29 20:52:00.190 | AlertService | queryCallback type=UpdateFirmwareLogStatus
2026-03-29 20:52:00.198 | AlertVM | handleQueryCallback type=UpdateFirmwareLogStatus
2026-03-29 20:52:00.201 | AlertVM | handleQueryCallback type=Default
2026-03-29 20:52:01.175 | AlertService | queryCallback type=UpdateFirmwareLogStatus
2026-03-29 20:52:01.185 | AlertVM | handleQueryCallback type=UpdateFirmwareLogStatus
2026-03-29 20:52:01.188 | AlertVM | handleQueryCallback type=Default
2026-03-29 20:52:02.220 | AlertService | queryCallback type=UpdateFirmwareLogStatus
2026-03-29 20:52:02.234 | AlertVM | handleQueryCallback type=UpdateFirmwareLogStatus
2026-03-29 20:52:02.237 | AlertVM | handleQueryCallback type=Default
2026-03-29 20:52:03.203 | AlertService | queryCallback type=UpdateFirmwareLogStatus
2026-03-29 20:52:03.212 | AlertVM | handleQueryCallback type=UpdateFirmwareLogStatus
2026-03-29 20:52:03.214 | AlertVM | handleQueryCallback type=Default
2026-03-29 20:52:04.216 | AlertService | queryCallback type=UpdateFirmwareLogStatus
2026-03-29 20:52:04.220 | AlertVM | handleQueryCallback type=UpdateFirmwareLogStatus
2026-03-29 20:52:04.223 | AlertVM | handleQueryCallback type=Default
2026-03-29 20:52:05.170 | AlertService | queryCallback type=UpdateFirmwareLogStatus
2026-03-29 20:52:05.182 | AlertVM | handleQueryCallback type=UpdateFirmwareLogStatus
2026-03-29 20:52:05.184 | AlertVM | handleQueryCallback type=Default
2026-03-29 20:52:06.279 | AlertService | queryCallback type=UpdateFirmwareLogStatus
2026-03-29 20:52:06.292 | AlertVM | handleQueryCallback type=UpdateFirmwareLogStatus
2026-03-29 20:52:06.295 | AlertVM | handleQueryCallback type=Default
2026-03-29 20:52:07.202 | AlertService | queryCallback type=UpdateFirmwareLogStatus
2026-03-29 20:52:07.208 | AlertVM | handleQueryCallback type=UpdateFirmwareLogStatus
2026-03-29 20:52:07.209 | AlertVM | handleQueryCallback type=Default
2026-03-29 20:52:08.195 | AlertService | queryCallback type=UpdateFirmwareLogStatus
2026-03-29 20:52:08.205 | AlertVM | handleQueryCallback type=UpdateFirmwareLogStatus
2026-03-29 20:52:08.207 | AlertVM | handleQueryCallback type=Default
2026-03-29 20:52:09.070 | AlertService | queryCallback type=BatteryDataObtained
2026-03-29 20:52:09.075 | AlertVM | handleQueryCallback type=BatteryDataObtained
2026-03-29 20:52:09.077 | AlertVM | handleQueryCallback type=Default
2026-03-29 20:52:09.329 | AlertService | queryCallback type=UpdateFirmwareLogStatus
2026-03-29 20:52:09.335 | AlertVM | handleQueryCallback type=UpdateFirmwareLogStatus
2026-03-29 20:52:09.338 | AlertVM | handleQueryCallback type=Default
2026-03-29 20:52:10.212 | AlertService | queryCallback type=UpdateFirmwareLogStatus
2026-03-29 20:52:10.218 | AlertVM | handleQueryCallback type=UpdateFirmwareLogStatus
2026-03-29 20:52:10.221 | AlertVM | handleQueryCallback type=Default
2026-03-29 20:52:11.151 | AlertService | queryCallback type=UpdateFirmwareLogStatus
2026-03-29 20:52:11.158 | AlertVM | handleQueryCallback type=UpdateFirmwareLogStatus
2026-03-29 20:52:11.159 | AlertVM | handleQueryCallback type=Default
2026-03-29 20:52:12.212 | AlertService | queryCallback type=UpdateFirmwareLogStatus
2026-03-29 20:52:12.225 | AlertVM | handleQueryCallback type=UpdateFirmwareLogStatus
2026-03-29 20:52:12.228 | AlertVM | handleQueryCallback type=Default
2026-03-29 20:52:13.203 | AlertService | queryCallback type=UpdateFirmwareLogStatus
2026-03-29 20:52:13.215 | AlertVM | handleQueryCallback type=UpdateFirmwareLogStatus
2026-03-29 20:52:13.218 | AlertVM | handleQueryCallback type=Default
2026-03-29 20:52:14.239 | AlertService | queryCallback type=UpdateFirmwareLogStatus
2026-03-29 20:52:14.253 | AlertVM | handleQueryCallback type=UpdateFirmwareLogStatus
2026-03-29 20:52:14.256 | AlertVM | handleQueryCallback type=Default
2026-03-29 20:52:15.201 | AlertService | queryCallback type=UpdateFirmwareLogStatus
2026-03-29 20:52:15.204 | AlertVM | handleQueryCallback type=UpdateFirmwareLogStatus
2026-03-29 20:52:15.207 | AlertVM | handleQueryCallback type=Default
2026-03-29 20:52:16.273 | AlertService | queryCallback type=UpdateFirmwareLogStatus
2026-03-29 20:52:16.283 | AlertVM | handleQueryCallback type=UpdateFirmwareLogStatus
2026-03-29 20:52:16.287 | AlertVM | handleQueryCallback type=Default
2026-03-29 20:52:17.219 | AlertService | queryCallback type=UpdateFirmwareLogStatus
2026-03-29 20:52:17.224 | AlertVM | handleQueryCallback type=UpdateFirmwareLogStatus
2026-03-29 20:52:17.227 | AlertVM | handleQueryCallback type=Default
2026-03-29 20:52:18.242 | AlertService | queryCallback type=UpdateFirmwareLogStatus
2026-03-29 20:52:18.251 | AlertVM | handleQueryCallback type=UpdateFirmwareLogStatus
2026-03-29 20:52:18.254 | AlertVM | handleQueryCallback type=Default
2026-03-29 20:52:19.113 | AlertService | queryCallback type=BatteryDataObtained
2026-03-29 20:52:19.117 | AlertVM | handleQueryCallback type=BatteryDataObtained
2026-03-29 20:52:19.120 | AlertVM | handleQueryCallback type=Default
2026-03-29 20:52:19.384 | AlertService | queryCallback type=UpdateFirmwareLogStatus
2026-03-29 20:52:19.389 | AlertVM | handleQueryCallback type=UpdateFirmwareLogStatus
2026-03-29 20:52:19.391 | AlertVM | handleQueryCallback type=Default
2026-03-29 20:52:20.174 | AlertService | queryCallback type=UpdateFirmwareLogStatus
2026-03-29 20:52:20.185 | AlertVM | handleQueryCallback type=UpdateFirmwareLogStatus
2026-03-29 20:52:20.188 | AlertVM | handleQueryCallback type=Default
2026-03-29 20:52:21.226 | AlertService | queryCallback type=UpdateFirmwareLogStatus
2026-03-29 20:52:21.246 | AlertVM | handleQueryCallback type=UpdateFirmwareLogStatus
2026-03-29 20:52:21.249 | AlertVM | handleQueryCallback type=Default
2026-03-29 20:52:22.193 | AlertService | queryCallback type=UpdateFirmwareLogStatus
2026-03-29 20:52:22.206 | AlertVM | handleQueryCallback type=UpdateFirmwareLogStatus
2026-03-29 20:52:22.208 | AlertVM | handleQueryCallback type=Default
2026-03-29 20:52:23.205 | AlertService | queryCallback type=UpdateFirmwareLogStatus
2026-03-29 20:52:23.212 | AlertVM | handleQueryCallback type=UpdateFirmwareLogStatus
2026-03-29 20:52:23.214 | AlertVM | handleQueryCallback type=Default
2026-03-29 20:52:24.176 | AlertService | queryCallback type=UpdateFirmwareLogStatus
2026-03-29 20:52:24.192 | AlertVM | handleQueryCallback type=UpdateFirmwareLogStatus
2026-03-29 20:52:24.196 | AlertVM | handleQueryCallback type=Default
2026-03-29 20:52:25.266 | AlertService | queryCallback type=UpdateFirmwareLogStatus
2026-03-29 20:52:25.286 | AlertVM | handleQueryCallback type=UpdateFirmwareLogStatus
2026-03-29 20:52:25.289 | AlertVM | handleQueryCallback type=Default
2026-03-29 20:52:26.298 | AlertService | queryCallback type=UpdateFirmwareLogStatus
2026-03-29 20:52:26.313 | AlertVM | handleQueryCallback type=UpdateFirmwareLogStatus
2026-03-29 20:52:26.316 | AlertVM | handleQueryCallback type=Default
2026-03-29 20:52:27.207 | AlertService | queryCallback type=UpdateFirmwareLogStatus
2026-03-29 20:52:27.217 | AlertVM | handleQueryCallback type=UpdateFirmwareLogStatus
2026-03-29 20:52:27.219 | AlertVM | handleQueryCallback type=Default
2026-03-29 20:52:28.240 | AlertService | queryCallback type=UpdateFirmwareLogStatus
2026-03-29 20:52:28.252 | AlertVM | handleQueryCallback type=UpdateFirmwareLogStatus
2026-03-29 20:52:28.254 | AlertVM | handleQueryCallback type=Default
2026-03-29 20:52:29.165 | AlertService | queryCallback type=UpdateFirmwareLogStatus
2026-03-29 20:52:29.172 | AlertVM | handleQueryCallback type=UpdateFirmwareLogStatus
2026-03-29 20:52:29.174 | AlertVM | handleQueryCallback type=Default
2026-03-29 20:52:30.165 | AlertService | queryCallback type=UpdateFirmwareLogStatus
2026-03-29 20:52:30.172 | AlertVM | handleQueryCallback type=UpdateFirmwareLogStatus
2026-03-29 20:52:30.175 | AlertVM | handleQueryCallback type=Default
2026-03-29 20:52:31.158 | AlertService | queryCallback type=UpdateFirmwareLogStatus
2026-03-29 20:52:31.176 | AlertVM | handleQueryCallback type=UpdateFirmwareLogStatus
2026-03-29 20:52:31.179 | AlertVM | handleQueryCallback type=Default
2026-03-29 20:52:32.201 | AlertService | queryCallback type=UpdateFirmwareLogStatus
2026-03-29 20:52:32.213 | AlertVM | handleQueryCallback type=UpdateFirmwareLogStatus
2026-03-29 20:52:32.216 | AlertVM | handleQueryCallback type=Default
2026-03-29 20:52:33.179 | AlertService | queryCallback type=UpdateFirmwareLogStatus
2026-03-29 20:52:33.192 | AlertVM | handleQueryCallback type=UpdateFirmwareLogStatus
2026-03-29 20:52:33.194 | AlertVM | handleQueryCallback type=Default
2026-03-29 20:52:34.172 | AlertService | queryCallback type=UpdateFirmwareLogStatus
2026-03-29 20:52:34.181 | AlertVM | handleQueryCallback type=UpdateFirmwareLogStatus
2026-03-29 20:52:34.184 | AlertVM | handleQueryCallback type=Default
2026-03-29 20:52:35.165 | AlertService | queryCallback type=UpdateFirmwareLogStatus
2026-03-29 20:52:35.179 | AlertVM | handleQueryCallback type=UpdateFirmwareLogStatus
2026-03-29 20:52:35.182 | AlertVM | handleQueryCallback type=Default
2026-03-29 20:52:36.196 | AlertService | queryCallback type=UpdateFirmwareLogStatus
2026-03-29 20:52:36.207 | AlertVM | handleQueryCallback type=UpdateFirmwareLogStatus
2026-03-29 20:52:36.210 | AlertVM | handleQueryCallback type=Default
2026-03-29 20:52:37.209 | AlertService | queryCallback type=UpdateFirmwareLogStatus
2026-03-29 20:52:37.214 | AlertVM | handleQueryCallback type=UpdateFirmwareLogStatus
2026-03-29 20:52:37.217 | AlertVM | handleQueryCallback type=Default
2026-03-29 20:52:38.174 | AlertService | queryCallback type=UpdateFirmwareLogStatus
2026-03-29 20:52:38.188 | AlertVM | handleQueryCallback type=UpdateFirmwareLogStatus
2026-03-29 20:52:38.191 | AlertVM | handleQueryCallback type=Default
2026-03-29 20:52:39.172 | AlertService | queryCallback type=UpdateFirmwareLogStatus
2026-03-29 20:52:39.175 | AlertVM | handleQueryCallback type=UpdateFirmwareLogStatus
2026-03-29 20:52:39.178 | AlertVM | handleQueryCallback type=Default
2026-03-29 20:52:40.144 | AlertService | queryCallback type=UpdateFirmwareLogStatus
2026-03-29 20:52:40.160 | AlertVM | handleQueryCallback type=UpdateFirmwareLogStatus
2026-03-29 20:52:40.162 | AlertVM | handleQueryCallback type=Default
2026-03-29 20:52:41.183 | AlertService | queryCallback type=UpdateFirmwareLogStatus
2026-03-29 20:52:41.195 | AlertVM | handleQueryCallback type=UpdateFirmwareLogStatus
2026-03-29 20:52:41.197 | AlertVM | handleQueryCallback type=Default
2026-03-29 20:52:42.159 | AlertService | queryCallback type=UpdateFirmwareLogStatus
2026-03-29 20:52:42.167 | AlertVM | handleQueryCallback type=UpdateFirmwareLogStatus
2026-03-29 20:52:42.169 | AlertVM | handleQueryCallback type=Default
2026-03-29 20:52:43.150 | AlertService | queryCallback type=UpdateFirmwareLogStatus
2026-03-29 20:52:43.152 | AlertVM | handleQueryCallback type=UpdateFirmwareLogStatus
2026-03-29 20:52:43.153 | AlertVM | handleQueryCallback type=Default
2026-03-29 20:52:44.183 | AlertService | queryCallback type=UpdateFirmwareLogStatus
2026-03-29 20:52:44.189 | AlertVM | handleQueryCallback type=UpdateFirmwareLogStatus
2026-03-29 20:52:44.192 | AlertVM | handleQueryCallback type=Default
2026-03-29 20:52:45.149 | AlertService | queryCallback type=UpdateFirmwareLogStatus
2026-03-29 20:52:45.160 | AlertVM | handleQueryCallback type=UpdateFirmwareLogStatus
2026-03-29 20:52:45.162 | AlertVM | handleQueryCallback type=Default
2026-03-29 20:52:46.201 | AlertService | queryCallback type=UpdateFirmwareLogStatus
2026-03-29 20:52:46.206 | AlertVM | handleQueryCallback type=UpdateFirmwareLogStatus
2026-03-29 20:52:46.208 | AlertVM | handleQueryCallback type=Default
2026-03-29 20:52:47.173 | AlertService | queryCallback type=UpdateFirmwareLogStatus
2026-03-29 20:52:47.182 | AlertVM | handleQueryCallback type=UpdateFirmwareLogStatus
2026-03-29 20:52:47.184 | AlertVM | handleQueryCallback type=Default
2026-03-29 20:52:48.147 | AlertService | queryCallback type=UpdateFirmwareLogStatus
2026-03-29 20:52:48.153 | AlertVM | handleQueryCallback type=UpdateFirmwareLogStatus
2026-03-29 20:52:48.157 | AlertVM | handleQueryCallback type=Default
2026-03-29 20:52:49.200 | AlertService | queryCallback type=UpdateFirmwareLogStatus
2026-03-29 20:52:49.213 | AlertVM | handleQueryCallback type=UpdateFirmwareLogStatus
2026-03-29 20:52:49.216 | AlertVM | handleQueryCallback type=Default
2026-03-29 20:52:50.234 | AlertService | queryCallback type=UpdateFirmwareLogStatus
2026-03-29 20:52:50.270 | AlertVM | handleQueryCallback type=UpdateFirmwareLogStatus
2026-03-29 20:52:50.272 | AlertVM | handleQueryCallback type=Default
2026-03-29 20:52:51.173 | AlertService | queryCallback type=UpdateFirmwareLogStatus
2026-03-29 20:52:51.182 | AlertVM | handleQueryCallback type=UpdateFirmwareLogStatus
2026-03-29 20:52:51.185 | AlertVM | handleQueryCallback type=Default
2026-03-29 20:52:52.172 | AlertService | queryCallback type=UpdateFirmwareLogStatus
2026-03-29 20:52:52.189 | AlertVM | handleQueryCallback type=UpdateFirmwareLogStatus
2026-03-29 20:52:52.192 | AlertVM | handleQueryCallback type=Default
2026-03-29 20:52:53.254 | AlertService | queryCallback type=UpdateFirmwareLogStatus
2026-03-29 20:52:53.265 | AlertVM | handleQueryCallback type=UpdateFirmwareLogStatus
2026-03-29 20:52:53.269 | AlertVM | handleQueryCallback type=Default
2026-03-29 20:52:54.147 | AlertService | queryCallback type=UpdateFirmwareLogStatus
2026-03-29 20:52:54.160 | AlertVM | handleQueryCallback type=UpdateFirmwareLogStatus
2026-03-29 20:52:54.163 | AlertVM | handleQueryCallback type=Default
2026-03-29 20:52:55.201 | AlertService | queryCallback type=UpdateFirmwareLogStatus
2026-03-29 20:52:55.206 | AlertVM | handleQueryCallback type=UpdateFirmwareLogStatus
2026-03-29 20:52:55.208 | AlertVM | handleQueryCallback type=Default
2026-03-29 20:52:56.182 | AlertService | queryCallback type=UpdateFirmwareLogStatus
2026-03-29 20:52:56.194 | AlertVM | handleQueryCallback type=UpdateFirmwareLogStatus
2026-03-29 20:52:56.197 | AlertVM | handleQueryCallback type=Default
2026-03-29 20:52:57.207 | AlertService | queryCallback type=UpdateFirmwareLogStatus
2026-03-29 20:52:57.219 | AlertVM | handleQueryCallback type=UpdateFirmwareLogStatus
2026-03-29 20:52:57.222 | AlertVM | handleQueryCallback type=Default
2026-03-29 20:52:58.158 | AlertService | queryCallback type=UpdateFirmwareLogStatus
2026-03-29 20:52:58.168 | AlertVM | handleQueryCallback type=UpdateFirmwareLogStatus
2026-03-29 20:52:58.171 | AlertVM | handleQueryCallback type=Default
2026-03-29 20:52:59.119 | AlertService | queryCallback type=BatteryDataObtained
2026-03-29 20:52:59.123 | AlertVM | handleQueryCallback type=BatteryDataObtained
2026-03-29 20:52:59.126 | AlertVM | handleQueryCallback type=Default
2026-03-29 20:52:59.362 | AlertService | queryCallback type=UpdateFirmwareLogStatus
2026-03-29 20:52:59.363 | AlertVM | handleQueryCallback type=UpdateFirmwareLogStatus
2026-03-29 20:52:59.367 | AlertVM | handleQueryCallback type=Default
2026-03-29 20:53:00.176 | AlertService | queryCallback type=UpdateFirmwareLogStatus
2026-03-29 20:53:00.186 | AlertVM | handleQueryCallback type=UpdateFirmwareLogStatus
2026-03-29 20:53:00.189 | AlertVM | handleQueryCallback type=Default
2026-03-29 20:53:01.250 | AlertService | queryCallback type=UpdateFirmwareLogStatus
2026-03-29 20:53:01.258 | AlertVM | handleQueryCallback type=UpdateFirmwareLogStatus
2026-03-29 20:53:01.261 | AlertVM | handleQueryCallback type=Default
2026-03-29 20:53:02.151 | AlertService | queryCallback type=UpdateFirmwareLogStatus
2026-03-29 20:53:02.159 | AlertVM | handleQueryCallback type=UpdateFirmwareLogStatus
2026-03-29 20:53:02.161 | AlertVM | handleQueryCallback type=Default
2026-03-29 20:53:03.134 | AlertService | queryCallback type=UpdateFirmwareLogStatus
2026-03-29 20:53:03.144 | AlertVM | handleQueryCallback type=UpdateFirmwareLogStatus
2026-03-29 20:53:03.147 | AlertVM | handleQueryCallback type=Default
2026-03-29 20:53:04.240 | AlertService | queryCallback type=UpdateFirmwareLogStatus
2026-03-29 20:53:04.250 | AlertVM | handleQueryCallback type=UpdateFirmwareLogStatus
2026-03-29 20:53:04.253 | AlertVM | handleQueryCallback type=Default
2026-03-29 20:53:05.172 | AlertService | queryCallback type=UpdateFirmwareLogStatus
2026-03-29 20:53:05.179 | AlertVM | handleQueryCallback type=UpdateFirmwareLogStatus
2026-03-29 20:53:05.181 | AlertVM | handleQueryCallback type=Default
2026-03-29 20:53:06.146 | AlertService | queryCallback type=UpdateFirmwareLogStatus
2026-03-29 20:53:06.155 | AlertVM | handleQueryCallback type=UpdateFirmwareLogStatus
2026-03-29 20:53:06.158 | AlertVM | handleQueryCallback type=Default
2026-03-29 20:53:07.153 | AlertService | queryCallback type=UpdateFirmwareLogStatus
2026-03-29 20:53:07.163 | AlertVM | handleQueryCallback type=UpdateFirmwareLogStatus
2026-03-29 20:53:07.165 | AlertVM | handleQueryCallback type=Default
2026-03-29 20:53:08.149 | AlertService | queryCallback type=UpdateFirmwareLogStatus
2026-03-29 20:53:08.154 | AlertVM | handleQueryCallback type=UpdateFirmwareLogStatus
2026-03-29 20:53:08.157 | AlertVM | handleQueryCallback type=Default
2026-03-29 20:53:09.159 | AlertService | queryCallback type=UpdateFirmwareLogStatus
2026-03-29 20:53:09.167 | AlertVM | handleQueryCallback type=UpdateFirmwareLogStatus
2026-03-29 20:53:09.168 | AlertVM | handleQueryCallback type=Default
2026-03-29 20:53:10.246 | AlertService | queryCallback type=UpdateFirmwareLogStatus
2026-03-29 20:53:10.261 | AlertVM | handleQueryCallback type=UpdateFirmwareLogStatus
2026-03-29 20:53:10.264 | AlertVM | handleQueryCallback type=Default
2026-03-29 20:53:11.160 | AlertService | queryCallback type=UpdateFirmwareLogStatus
2026-03-29 20:53:11.169 | AlertVM | handleQueryCallback type=UpdateFirmwareLogStatus
2026-03-29 20:53:11.172 | AlertVM | handleQueryCallback type=Default
2026-03-29 20:53:12.190 | AlertService | queryCallback type=UpdateFirmwareLogStatus
2026-03-29 20:53:12.195 | AlertVM | handleQueryCallback type=UpdateFirmwareLogStatus
2026-03-29 20:53:12.197 | AlertVM | handleQueryCallback type=Default
2026-03-29 20:53:13.178 | AlertService | queryCallback type=UpdateFirmwareLogStatus
2026-03-29 20:53:13.192 | AlertVM | handleQueryCallback type=UpdateFirmwareLogStatus
2026-03-29 20:53:13.195 | AlertVM | handleQueryCallback type=Default
2026-03-29 20:53:14.281 | AlertService | queryCallback type=UpdateFirmwareLogStatus
2026-03-29 20:53:14.285 | AlertVM | handleQueryCallback type=UpdateFirmwareLogStatus
2026-03-29 20:53:14.287 | AlertVM | handleQueryCallback type=Default
2026-03-29 20:53:15.207 | AlertService | queryCallback type=UpdateFirmwareLogStatus
2026-03-29 20:53:15.221 | AlertVM | handleQueryCallback type=UpdateFirmwareLogStatus
2026-03-29 20:53:15.223 | AlertVM | handleQueryCallback type=Default
2026-03-29 20:53:16.210 | AlertService | queryCallback type=UpdateFirmwareLogStatus
2026-03-29 20:53:16.224 | AlertVM | handleQueryCallback type=UpdateFirmwareLogStatus
2026-03-29 20:53:16.227 | AlertVM | handleQueryCallback type=Default
2026-03-29 20:53:17.194 | AlertService | queryCallback type=UpdateFirmwareLogStatus
2026-03-29 20:53:17.199 | AlertVM | handleQueryCallback type=UpdateFirmwareLogStatus
2026-03-29 20:53:17.200 | AlertVM | handleQueryCallback type=Default
2026-03-29 20:53:18.172 | AlertService | queryCallback type=UpdateFirmwareLogStatus
2026-03-29 20:53:18.185 | AlertVM | handleQueryCallback type=UpdateFirmwareLogStatus
2026-03-29 20:53:18.187 | AlertVM | handleQueryCallback type=Default
2026-03-29 20:53:19.166 | AlertService | queryCallback type=UpdateFirmwareLogStatus
2026-03-29 20:53:19.174 | AlertVM | handleQueryCallback type=UpdateFirmwareLogStatus
2026-03-29 20:53:19.176 | AlertVM | handleQueryCallback type=Default
2026-03-29 20:53:20.253 | AlertService | queryCallback type=UpdateFirmwareLogStatus
2026-03-29 20:53:20.266 | AlertVM | handleQueryCallback type=UpdateFirmwareLogStatus
2026-03-29 20:53:20.269 | AlertVM | handleQueryCallback type=Default
2026-03-29 20:53:21.235 | AlertService | queryCallback type=UpdateFirmwareLogStatus
2026-03-29 20:53:21.238 | AlertVM | handleQueryCallback type=UpdateFirmwareLogStatus
2026-03-29 20:53:21.240 | AlertVM | handleQueryCallback type=Default
2026-03-29 20:53:22.195 | AlertService | queryCallback type=UpdateFirmwareLogStatus
2026-03-29 20:53:22.209 | AlertVM | handleQueryCallback type=UpdateFirmwareLogStatus
2026-03-29 20:53:22.212 | AlertVM | handleQueryCallback type=Default
2026-03-29 20:53:23.219 | AlertService | queryCallback type=UpdateFirmwareLogStatus
2026-03-29 20:53:23.227 | AlertVM | handleQueryCallback type=UpdateFirmwareLogStatus
2026-03-29 20:53:23.229 | AlertVM | handleQueryCallback type=Default
2026-03-29 20:53:24.181 | AlertService | queryCallback type=UpdateFirmwareLogStatus
2026-03-29 20:53:24.192 | AlertVM | handleQueryCallback type=UpdateFirmwareLogStatus
2026-03-29 20:53:24.195 | AlertVM | handleQueryCallback type=Default
2026-03-29 20:53:25.183 | AlertService | queryCallback type=UpdateFirmwareLogStatus
2026-03-29 20:53:25.196 | AlertVM | handleQueryCallback type=UpdateFirmwareLogStatus
2026-03-29 20:53:25.198 | AlertVM | handleQueryCallback type=Default
2026-03-29 20:53:26.198 | AlertService | queryCallback type=UpdateFirmwareLogStatus
2026-03-29 20:53:26.208 | AlertVM | handleQueryCallback type=UpdateFirmwareLogStatus
2026-03-29 20:53:26.212 | AlertVM | handleQueryCallback type=Default
2026-03-29 20:53:27.177 | AlertService | queryCallback type=UpdateFirmwareLogStatus
2026-03-29 20:53:27.185 | AlertVM | handleQueryCallback type=UpdateFirmwareLogStatus
2026-03-29 20:53:27.189 | AlertVM | handleQueryCallback type=Default
2026-03-29 20:53:28.169 | AlertService | queryCallback type=UpdateFirmwareLogStatus
2026-03-29 20:53:28.178 | AlertVM | handleQueryCallback type=UpdateFirmwareLogStatus
2026-03-29 20:53:28.181 | AlertVM | handleQueryCallback type=Default
2026-03-29 20:53:29.159 | AlertService | queryCallback type=UpdateFirmwareLogStatus
2026-03-29 20:53:29.172 | AlertVM | handleQueryCallback type=UpdateFirmwareLogStatus
2026-03-29 20:53:29.175 | AlertVM | handleQueryCallback type=Default
2026-03-29 20:53:30.191 | AlertService | queryCallback type=UpdateFirmwareLogStatus
2026-03-29 20:53:30.205 | AlertVM | handleQueryCallback type=UpdateFirmwareLogStatus
2026-03-29 20:53:30.209 | AlertVM | handleQueryCallback type=Default
2026-03-29 20:53:31.197 | AlertService | queryCallback type=UpdateFirmwareLogStatus
2026-03-29 20:53:31.214 | AlertVM | handleQueryCallback type=UpdateFirmwareLogStatus
2026-03-29 20:53:31.217 | AlertVM | handleQueryCallback type=Default
2026-03-29 20:53:32.166 | AlertService | queryCallback type=UpdateFirmwareLogStatus
2026-03-29 20:53:32.178 | AlertVM | handleQueryCallback type=UpdateFirmwareLogStatus
2026-03-29 20:53:32.181 | AlertVM | handleQueryCallback type=Default
2026-03-29 20:53:33.158 | AlertService | queryCallback type=UpdateFirmwareLogStatus
2026-03-29 20:53:33.164 | AlertVM | handleQueryCallback type=UpdateFirmwareLogStatus
2026-03-29 20:53:33.166 | AlertVM | handleQueryCallback type=Default
2026-03-29 20:53:34.154 | AlertService | queryCallback type=UpdateFirmwareLogStatus
2026-03-29 20:53:34.164 | AlertVM | handleQueryCallback type=UpdateFirmwareLogStatus
2026-03-29 20:53:34.167 | AlertVM | handleQueryCallback type=Default
2026-03-29 20:53:35.195 | AlertService | queryCallback type=UpdateFirmwareLogStatus
2026-03-29 20:53:35.206 | AlertVM | handleQueryCallback type=UpdateFirmwareLogStatus
2026-03-29 20:53:35.209 | AlertVM | handleQueryCallback type=Default
2026-03-29 20:53:36.190 | AlertService | queryCallback type=UpdateFirmwareLogStatus
2026-03-29 20:53:36.201 | AlertVM | handleQueryCallback type=UpdateFirmwareLogStatus
2026-03-29 20:53:36.205 | AlertVM | handleQueryCallback type=Default
2026-03-29 20:53:37.174 | AlertService | queryCallback type=UpdateFirmwareLogStatus
2026-03-29 20:53:37.184 | AlertVM | handleQueryCallback type=UpdateFirmwareLogStatus
2026-03-29 20:53:37.186 | AlertVM | handleQueryCallback type=Default
2026-03-29 20:53:38.154 | AlertService | queryCallback type=UpdateFirmwareLogStatus
2026-03-29 20:53:38.165 | AlertVM | handleQueryCallback type=UpdateFirmwareLogStatus
2026-03-29 20:53:38.167 | AlertVM | handleQueryCallback type=Default
2026-03-29 20:53:39.153 | AlertService | queryCallback type=UpdateFirmwareLogStatus
2026-03-29 20:53:39.166 | AlertVM | handleQueryCallback type=UpdateFirmwareLogStatus
2026-03-29 20:53:39.169 | AlertVM | handleQueryCallback type=Default
2026-03-29 20:53:40.185 | AlertService | queryCallback type=UpdateFirmwareLogStatus
2026-03-29 20:53:40.189 | AlertVM | handleQueryCallback type=UpdateFirmwareLogStatus
2026-03-29 20:53:40.191 | AlertVM | handleQueryCallback type=Default
2026-03-29 20:53:41.184 | AlertService | queryCallback type=UpdateFirmwareLogStatus
2026-03-29 20:53:41.187 | AlertVM | handleQueryCallback type=UpdateFirmwareLogStatus
2026-03-29 20:53:41.190 | AlertVM | handleQueryCallback type=Default
2026-03-29 20:53:42.176 | AlertService | queryCallback type=UpdateFirmwareLogStatus
2026-03-29 20:53:42.184 | AlertVM | handleQueryCallback type=UpdateFirmwareLogStatus
2026-03-29 20:53:42.186 | AlertVM | handleQueryCallback type=Default
2026-03-29 20:53:43.167 | AlertService | queryCallback type=UpdateFirmwareLogStatus
2026-03-29 20:53:43.182 | AlertVM | handleQueryCallback type=UpdateFirmwareLogStatus
2026-03-29 20:53:43.185 | AlertVM | handleQueryCallback type=Default
2026-03-29 20:53:44.174 | AlertService | queryCallback type=UpdateFirmwareLogStatus
2026-03-29 20:53:44.192 | AlertVM | handleQueryCallback type=UpdateFirmwareLogStatus
2026-03-29 20:53:44.196 | AlertVM | handleQueryCallback type=Default
2026-03-29 20:53:45.200 | AlertService | queryCallback type=UpdateFirmwareLogStatus
2026-03-29 20:53:45.204 | AlertVM | handleQueryCallback type=UpdateFirmwareLogStatus
2026-03-29 20:53:45.206 | AlertVM | handleQueryCallback type=Default
2026-03-29 20:53:46.170 | AlertService | queryCallback type=UpdateFirmwareLogStatus
2026-03-29 20:53:46.184 | AlertVM | handleQueryCallback type=UpdateFirmwareLogStatus
2026-03-29 20:53:46.187 | AlertVM | handleQueryCallback type=Default
2026-03-29 20:53:47.173 | AlertService | queryCallback type=UpdateFirmwareLogStatus
2026-03-29 20:53:47.177 | AlertVM | handleQueryCallback type=UpdateFirmwareLogStatus
2026-03-29 20:53:47.180 | AlertVM | handleQueryCallback type=Default
2026-03-29 20:53:48.144 | AlertService | queryCallback type=UpdateFirmwareLogStatus
2026-03-29 20:53:48.153 | AlertVM | handleQueryCallback type=UpdateFirmwareLogStatus
2026-03-29 20:53:48.157 | AlertVM | handleQueryCallback type=Default
2026-03-29 20:53:49.105 | AlertService | queryCallback type=BatteryDataObtained
2026-03-29 20:53:49.112 | AlertVM | handleQueryCallback type=BatteryDataObtained
2026-03-29 20:53:49.115 | AlertVM | handleQueryCallback type=Default
2026-03-29 20:53:49.363 | AlertService | queryCallback type=UpdateFirmwareLogStatus
2026-03-29 20:53:49.376 | AlertVM | handleQueryCallback type=UpdateFirmwareLogStatus
2026-03-29 20:53:49.380 | AlertVM | handleQueryCallback type=Default
2026-03-29 20:53:50.201 | AlertService | queryCallback type=UpdateFirmwareLogStatus
2026-03-29 20:53:50.213 | AlertVM | handleQueryCallback type=UpdateFirmwareLogStatus
2026-03-29 20:53:50.216 | AlertVM | handleQueryCallback type=Default
2026-03-29 20:53:51.206 | AlertService | queryCallback type=UpdateFirmwareLogStatus
2026-03-29 20:53:51.219 | AlertVM | handleQueryCallback type=UpdateFirmwareLogStatus
2026-03-29 20:53:51.222 | AlertVM | handleQueryCallback type=Default
2026-03-29 20:53:52.140 | AlertService | queryCallback type=UpdateFirmwareLogStatus
2026-03-29 20:53:52.146 | AlertVM | handleQueryCallback type=UpdateFirmwareLogStatus
2026-03-29 20:53:52.148 | AlertVM | handleQueryCallback type=Default
2026-03-29 20:53:53.144 | AlertService | queryCallback type=UpdateFirmwareLogStatus
2026-03-29 20:53:53.153 | AlertVM | handleQueryCallback type=UpdateFirmwareLogStatus
2026-03-29 20:53:53.156 | AlertVM | handleQueryCallback type=Default
2026-03-29 20:53:54.169 | AlertService | queryCallback type=UpdateFirmwareLogStatus
2026-03-29 20:53:54.176 | AlertVM | handleQueryCallback type=UpdateFirmwareLogStatus
2026-03-29 20:53:54.179 | AlertVM | handleQueryCallback type=Default
2026-03-29 20:53:55.264 | AlertService | queryCallback type=UpdateFirmwareLogStatus
2026-03-29 20:53:55.273 | AlertVM | handleQueryCallback type=UpdateFirmwareLogStatus
2026-03-29 20:53:55.275 | AlertVM | handleQueryCallback type=Default
2026-03-29 20:53:56.142 | AlertService | queryCallback type=UpdateFirmwareLogStatus
2026-03-29 20:53:56.153 | AlertVM | handleQueryCallback type=UpdateFirmwareLogStatus
2026-03-29 20:53:56.155 | AlertVM | handleQueryCallback type=Default
2026-03-29 20:53:57.192 | AlertService | queryCallback type=UpdateFirmwareLogStatus
2026-03-29 20:53:57.201 | AlertVM | handleQueryCallback type=UpdateFirmwareLogStatus
2026-03-29 20:53:57.204 | AlertVM | handleQueryCallback type=Default
2026-03-29 20:53:58.185 | AlertService | queryCallback type=UpdateFirmwareLogStatus
2026-03-29 20:53:58.200 | AlertVM | handleQueryCallback type=UpdateFirmwareLogStatus
2026-03-29 20:53:58.202 | AlertVM | handleQueryCallback type=Default
2026-03-29 20:53:59.202 | AlertService | queryCallback type=UpdateFirmwareLogStatus
2026-03-29 20:53:59.210 | AlertVM | handleQueryCallback type=UpdateFirmwareLogStatus
2026-03-29 20:53:59.211 | AlertVM | handleQueryCallback type=Default
2026-03-29 20:54:00.162 | AlertService | queryCallback type=UpdateFirmwareLogStatus
2026-03-29 20:54:00.170 | AlertVM | handleQueryCallback type=UpdateFirmwareLogStatus
2026-03-29 20:54:00.172 | AlertVM | handleQueryCallback type=Default
2026-03-29 20:54:01.155 | AlertService | queryCallback type=UpdateFirmwareLogStatus
2026-03-29 20:54:01.158 | AlertVM | handleQueryCallback type=UpdateFirmwareLogStatus
2026-03-29 20:54:01.160 | AlertVM | handleQueryCallback type=Default
2026-03-29 20:54:02.203 | AlertService | queryCallback type=UpdateFirmwareLogStatus
2026-03-29 20:54:02.211 | AlertVM | handleQueryCallback type=UpdateFirmwareLogStatus
2026-03-29 20:54:02.214 | AlertVM | handleQueryCallback type=Default
2026-03-29 20:54:03.221 | AlertService | queryCallback type=UpdateFirmwareLogStatus
2026-03-29 20:54:03.230 | AlertVM | handleQueryCallback type=UpdateFirmwareLogStatus
2026-03-29 20:54:03.232 | AlertVM | handleQueryCallback type=Default
2026-03-29 20:54:04.178 | AlertService | queryCallback type=UpdateFirmwareLogStatus
2026-03-29 20:54:04.196 | AlertVM | handleQueryCallback type=UpdateFirmwareLogStatus
2026-03-29 20:54:04.199 | AlertVM | handleQueryCallback type=Default
2026-03-29 20:54:05.162 | AlertService | queryCallback type=UpdateFirmwareLogStatus
2026-03-29 20:54:05.180 | AlertVM | handleQueryCallback type=UpdateFirmwareLogStatus
2026-03-29 20:54:05.184 | AlertVM | handleQueryCallback type=Default
2026-03-29 20:54:06.155 | AlertService | queryCallback type=UpdateFirmwareLogStatus
2026-03-29 20:54:06.164 | AlertVM | handleQueryCallback type=UpdateFirmwareLogStatus
2026-03-29 20:54:06.166 | AlertVM | handleQueryCallback type=Default
2026-03-29 20:54:07.199 | AlertService | queryCallback type=UpdateFirmwareLogStatus
2026-03-29 20:54:07.207 | AlertVM | handleQueryCallback type=UpdateFirmwareLogStatus
2026-03-29 20:54:07.209 | AlertVM | handleQueryCallback type=Default
2026-03-29 20:54:08.231 | AlertService | queryCallback type=UpdateFirmwareLogStatus
2026-03-29 20:54:08.240 | AlertVM | handleQueryCallback type=UpdateFirmwareLogStatus
2026-03-29 20:54:08.243 | AlertVM | handleQueryCallback type=Default
2026-03-29 20:54:09.210 | AlertService | queryCallback type=UpdateFirmwareLogStatus
2026-03-29 20:54:09.220 | AlertVM | handleQueryCallback type=UpdateFirmwareLogStatus
2026-03-29 20:54:09.223 | AlertVM | handleQueryCallback type=Default
2026-03-29 20:54:10.191 | AlertService | queryCallback type=UpdateFirmwareLogStatus
2026-03-29 20:54:10.202 | AlertVM | handleQueryCallback type=UpdateFirmwareLogStatus
2026-03-29 20:54:10.205 | AlertVM | handleQueryCallback type=Default
2026-03-29 20:54:11.181 | AlertService | queryCallback type=UpdateFirmwareLogStatus
2026-03-29 20:54:11.185 | AlertVM | handleQueryCallback type=UpdateFirmwareLogStatus
2026-03-29 20:54:11.186 | AlertVM | handleQueryCallback type=Default
2026-03-29 20:54:11.489 | AlertService | queryCallback type=FirmwareVersionObtained
2026-03-29 20:54:11.494 | AlertService | queryCallback type=BatteryDataObtained
2026-03-29 20:54:11.516 | AlertVM | handleQueryCallback type=FirmwareVersionObtained
2026-03-29 20:54:11.522 | AlertVM | handleQueryCallback type=Default
2026-03-29 20:54:11.528 | AlertVM | handleQueryCallback type=BatteryDataObtained
2026-03-29 20:54:11.531 | AlertVM | handleQueryCallback type=Default
2026-03-29 20:54:12.247 | AlertService | queryCallback type=UpdateFirmwareLogStatus
2026-03-29 20:54:12.265 | AlertVM | handleQueryCallback type=UpdateFirmwareLogStatus
2026-03-29 20:54:12.269 | AlertVM | handleQueryCallback type=Default
2026-03-29 20:54:13.176 | AlertService | queryCallback type=UpdateFirmwareLogStatus
2026-03-29 20:54:13.185 | AlertVM | handleQueryCallback type=UpdateFirmwareLogStatus
2026-03-29 20:54:13.187 | AlertVM | handleQueryCallback type=Default
2026-03-29 20:54:14.244 | AlertService | queryCallback type=UpdateFirmwareLogStatus
2026-03-29 20:54:14.264 | AlertVM | handleQueryCallback type=UpdateFirmwareLogStatus
2026-03-29 20:54:14.267 | AlertVM | handleQueryCallback type=Default
2026-03-29 20:54:15.258 | AlertService | queryCallback type=UpdateFirmwareLogStatus
2026-03-29 20:54:15.274 | AlertVM | handleQueryCallback type=UpdateFirmwareLogStatus
2026-03-29 20:54:15.277 | AlertVM | handleQueryCallback type=Default
2026-03-29 20:54:16.194 | AlertService | queryCallback type=UpdateFirmwareLogStatus
2026-03-29 20:54:16.200 | AlertVM | handleQueryCallback type=UpdateFirmwareLogStatus
2026-03-29 20:54:16.202 | AlertVM | handleQueryCallback type=Default
2026-03-29 20:54:17.181 | AlertService | queryCallback type=UpdateFirmwareLogStatus
2026-03-29 20:54:17.193 | AlertVM | handleQueryCallback type=UpdateFirmwareLogStatus
2026-03-29 20:54:17.195 | AlertVM | handleQueryCallback type=Default
2026-03-29 20:54:18.186 | AlertService | queryCallback type=UpdateFirmwareLogStatus
2026-03-29 20:54:18.195 | AlertVM | handleQueryCallback type=UpdateFirmwareLogStatus
2026-03-29 20:54:18.197 | AlertVM | handleQueryCallback type=Default
2026-03-29 20:54:19.206 | AlertService | queryCallback type=UpdateFirmwareLogStatus
2026-03-29 20:54:19.216 | AlertVM | handleQueryCallback type=UpdateFirmwareLogStatus
2026-03-29 20:54:19.219 | AlertVM | handleQueryCallback type=Default
2026-03-29 20:54:20.183 | AlertService | queryCallback type=UpdateFirmwareLogStatus
2026-03-29 20:54:20.200 | AlertVM | handleQueryCallback type=UpdateFirmwareLogStatus
2026-03-29 20:54:20.203 | AlertVM | handleQueryCallback type=Default
2026-03-29 20:54:21.185 | AlertService | queryCallback type=UpdateFirmwareLogStatus
2026-03-29 20:54:21.200 | AlertVM | handleQueryCallback type=UpdateFirmwareLogStatus
2026-03-29 20:54:21.203 | AlertVM | handleQueryCallback type=Default
2026-03-29 20:54:22.191 | AlertService | queryCallback type=UpdateFirmwareLogStatus
2026-03-29 20:54:22.195 | AlertVM | handleQueryCallback type=UpdateFirmwareLogStatus
2026-03-29 20:54:22.198 | AlertVM | handleQueryCallback type=Default
2026-03-29 20:54:23.204 | AlertService | queryCallback type=UpdateFirmwareLogStatus
2026-03-29 20:54:23.215 | AlertVM | handleQueryCallback type=UpdateFirmwareLogStatus
2026-03-29 20:54:23.218 | AlertVM | handleQueryCallback type=Default
2026-03-29 20:54:24.183 | AlertService | queryCallback type=UpdateFirmwareLogStatus
2026-03-29 20:54:24.194 | AlertVM | handleQueryCallback type=UpdateFirmwareLogStatus
2026-03-29 20:54:24.197 | AlertVM | handleQueryCallback type=Default
2026-03-29 20:54:25.181 | AlertService | queryCallback type=UpdateFirmwareLogStatus
2026-03-29 20:54:25.192 | AlertVM | handleQueryCallback type=UpdateFirmwareLogStatus
2026-03-29 20:54:25.194 | AlertVM | handleQueryCallback type=Default
2026-03-29 20:54:26.178 | AlertService | queryCallback type=UpdateFirmwareLogStatus
2026-03-29 20:54:26.188 | AlertVM | handleQueryCallback type=UpdateFirmwareLogStatus
2026-03-29 20:54:26.192 | AlertVM | handleQueryCallback type=Default
2026-03-29 20:54:27.178 | AlertService | queryCallback type=UpdateFirmwareLogStatus
2026-03-29 20:54:27.182 | AlertVM | handleQueryCallback type=UpdateFirmwareLogStatus
2026-03-29 20:54:27.184 | AlertVM | handleQueryCallback type=Default
2026-03-29 20:54:28.152 | AlertService | queryCallback type=UpdateFirmwareLogStatus
2026-03-29 20:54:28.161 | AlertVM | handleQueryCallback type=UpdateFirmwareLogStatus
2026-03-29 20:54:28.163 | AlertVM | handleQueryCallback type=Default
2026-03-29 20:54:29.210 | AlertService | queryCallback type=UpdateFirmwareLogStatus
2026-03-29 20:54:29.219 | AlertVM | handleQueryCallback type=UpdateFirmwareLogStatus
2026-03-29 20:54:29.220 | AlertVM | handleQueryCallback type=Default
2026-03-29 20:54:30.187 | AlertService | queryCallback type=UpdateFirmwareLogStatus
2026-03-29 20:54:30.200 | AlertVM | handleQueryCallback type=UpdateFirmwareLogStatus
2026-03-29 20:54:30.204 | AlertVM | handleQueryCallback type=Default
2026-03-29 20:54:31.169 | AlertService | queryCallback type=UpdateFirmwareLogStatus
2026-03-29 20:54:31.181 | AlertVM | handleQueryCallback type=UpdateFirmwareLogStatus
2026-03-29 20:54:31.184 | AlertVM | handleQueryCallback type=Default
2026-03-29 20:54:32.149 | AlertService | queryCallback type=UpdateFirmwareLogStatus
2026-03-29 20:54:32.163 | AlertVM | handleQueryCallback type=UpdateFirmwareLogStatus
2026-03-29 20:54:32.166 | AlertVM | handleQueryCallback type=Default
2026-03-29 20:54:33.289 | AlertService | queryCallback type=UpdateFirmwareLogStatus
2026-03-29 20:54:33.297 | AlertVM | handleQueryCallback type=UpdateFirmwareLogStatus
2026-03-29 20:54:33.299 | AlertVM | handleQueryCallback type=Default
2026-03-29 20:54:34.197 | AlertService | queryCallback type=UpdateFirmwareLogStatus
2026-03-29 20:54:34.216 | AlertVM | handleQueryCallback type=UpdateFirmwareLogStatus
2026-03-29 20:54:34.220 | AlertVM | handleQueryCallback type=Default
2026-03-29 20:54:35.171 | AlertService | queryCallback type=UpdateFirmwareLogStatus
2026-03-29 20:54:35.180 | AlertVM | handleQueryCallback type=UpdateFirmwareLogStatus
2026-03-29 20:54:35.183 | AlertVM | handleQueryCallback type=Default
2026-03-29 20:54:36.211 | AlertService | queryCallback type=UpdateFirmwareLogStatus
2026-03-29 20:54:36.222 | AlertVM | handleQueryCallback type=UpdateFirmwareLogStatus
2026-03-29 20:54:36.227 | AlertVM | handleQueryCallback type=Default
2026-03-29 20:54:37.160 | AlertService | queryCallback type=UpdateFirmwareLogStatus
2026-03-29 20:54:37.172 | AlertVM | handleQueryCallback type=UpdateFirmwareLogStatus
2026-03-29 20:54:37.175 | AlertVM | handleQueryCallback type=Default
2026-03-29 20:54:38.175 | AlertService | queryCallback type=UpdateFirmwareLogStatus
2026-03-29 20:54:38.186 | AlertVM | handleQueryCallback type=UpdateFirmwareLogStatus
2026-03-29 20:54:38.188 | AlertVM | handleQueryCallback type=Default
2026-03-29 20:54:39.114 | AlertService | queryCallback type=BatteryDataObtained
2026-03-29 20:54:39.121 | AlertVM | handleQueryCallback type=BatteryDataObtained
2026-03-29 20:54:39.124 | AlertVM | handleQueryCallback type=Default
2026-03-29 20:54:39.364 | AlertService | queryCallback type=UpdateFirmwareLogStatus
2026-03-29 20:54:39.380 | AlertVM | handleQueryCallback type=UpdateFirmwareLogStatus
2026-03-29 20:54:39.384 | AlertVM | handleQueryCallback type=Default
2026-03-29 20:54:40.261 | AlertService | queryCallback type=UpdateFirmwareLogStatus
2026-03-29 20:54:40.270 | AlertVM | handleQueryCallback type=UpdateFirmwareLogStatus
2026-03-29 20:54:40.273 | AlertVM | handleQueryCallback type=Default
2026-03-29 20:54:41.152 | AlertService | queryCallback type=UpdateFirmwareLogStatus
2026-03-29 20:54:41.162 | AlertVM | handleQueryCallback type=UpdateFirmwareLogStatus
2026-03-29 20:54:41.164 | AlertVM | handleQueryCallback type=Default
2026-03-29 20:54:42.201 | AlertService | queryCallback type=UpdateFirmwareLogStatus
2026-03-29 20:54:42.211 | AlertVM | handleQueryCallback type=UpdateFirmwareLogStatus
2026-03-29 20:54:42.214 | AlertVM | handleQueryCallback type=Default
2026-03-29 20:54:43.182 | AlertService | queryCallback type=UpdateFirmwareLogStatus
2026-03-29 20:54:43.186 | AlertVM | handleQueryCallback type=UpdateFirmwareLogStatus
2026-03-29 20:54:43.187 | AlertVM | handleQueryCallback type=Default
2026-03-29 20:54:44.183 | AlertService | queryCallback type=UpdateFirmwareLogStatus
2026-03-29 20:54:44.192 | AlertVM | handleQueryCallback type=UpdateFirmwareLogStatus
2026-03-29 20:54:44.195 | AlertVM | handleQueryCallback type=Default
2026-03-29 20:54:45.163 | AlertService | queryCallback type=UpdateFirmwareLogStatus
2026-03-29 20:54:45.173 | AlertVM | handleQueryCallback type=UpdateFirmwareLogStatus
2026-03-29 20:54:45.176 | AlertVM | handleQueryCallback type=Default
2026-03-29 20:54:46.149 | AlertService | queryCallback type=UpdateFirmwareLogStatus
2026-03-29 20:54:46.162 | AlertVM | handleQueryCallback type=UpdateFirmwareLogStatus
2026-03-29 20:54:46.165 | AlertVM | handleQueryCallback type=Default
2026-03-29 20:54:47.142 | AlertService | queryCallback type=UpdateFirmwareLogStatus
2026-03-29 20:54:47.151 | AlertVM | handleQueryCallback type=UpdateFirmwareLogStatus
2026-03-29 20:54:47.153 | AlertVM | handleQueryCallback type=Default
2026-03-29 20:54:48.173 | AlertService | queryCallback type=UpdateFirmwareLogStatus
2026-03-29 20:54:48.185 | AlertVM | handleQueryCallback type=UpdateFirmwareLogStatus
2026-03-29 20:54:48.189 | AlertVM | handleQueryCallback type=Default
2026-03-29 20:54:49.167 | AlertService | queryCallback type=UpdateFirmwareLogStatus
2026-03-29 20:54:49.174 | AlertVM | handleQueryCallback type=UpdateFirmwareLogStatus
2026-03-29 20:54:49.176 | AlertVM | handleQueryCallback type=Default
2026-03-29 20:54:50.150 | AlertService | queryCallback type=UpdateFirmwareLogStatus
2026-03-29 20:54:50.163 | AlertVM | handleQueryCallback type=UpdateFirmwareLogStatus
2026-03-29 20:54:50.165 | AlertVM | handleQueryCallback type=Default
2026-03-29 20:54:51.153 | AlertService | queryCallback type=UpdateFirmwareLogStatus
2026-03-29 20:54:51.164 | AlertVM | handleQueryCallback type=UpdateFirmwareLogStatus
2026-03-29 20:54:51.166 | AlertVM | handleQueryCallback type=Default
2026-03-29 20:54:52.202 | AlertService | queryCallback type=UpdateFirmwareLogStatus
2026-03-29 20:54:52.215 | AlertVM | handleQueryCallback type=UpdateFirmwareLogStatus
2026-03-29 20:54:52.217 | AlertVM | handleQueryCallback type=Default
2026-03-29 20:54:53.167 | AlertService | queryCallback type=UpdateFirmwareLogStatus
2026-03-29 20:54:53.177 | AlertVM | handleQueryCallback type=UpdateFirmwareLogStatus
2026-03-29 20:54:53.180 | AlertVM | handleQueryCallback type=Default
2026-03-29 20:54:54.163 | AlertService | queryCallback type=UpdateFirmwareLogStatus
2026-03-29 20:54:54.177 | AlertVM | handleQueryCallback type=UpdateFirmwareLogStatus
2026-03-29 20:54:54.179 | AlertVM | handleQueryCallback type=Default
2026-03-29 20:54:55.182 | AlertService | queryCallback type=UpdateFirmwareLogStatus
2026-03-29 20:54:55.186 | AlertVM | handleQueryCallback type=UpdateFirmwareLogStatus
2026-03-29 20:54:55.188 | AlertVM | handleQueryCallback type=Default
2026-03-29 20:54:56.177 | AlertService | queryCallback type=UpdateFirmwareLogStatus
2026-03-29 20:54:56.186 | AlertVM | handleQueryCallback type=UpdateFirmwareLogStatus
2026-03-29 20:54:56.189 | AlertVM | handleQueryCallback type=Default
2026-03-29 20:54:57.176 | AlertService | queryCallback type=UpdateFirmwareLogStatus
2026-03-29 20:54:57.186 | AlertVM | handleQueryCallback type=UpdateFirmwareLogStatus
2026-03-29 20:54:57.189 | AlertVM | handleQueryCallback type=Default
2026-03-29 20:54:58.158 | AlertService | queryCallback type=UpdateFirmwareLogStatus
2026-03-29 20:54:58.166 | AlertVM | handleQueryCallback type=UpdateFirmwareLogStatus
2026-03-29 20:54:58.169 | AlertVM | handleQueryCallback type=Default
2026-03-29 20:54:59.172 | AlertService | queryCallback type=UpdateFirmwareLogStatus
2026-03-29 20:54:59.185 | AlertVM | handleQueryCallback type=UpdateFirmwareLogStatus
2026-03-29 20:54:59.188 | AlertVM | handleQueryCallback type=Default
2026-03-29 20:55:00.186 | AlertService | queryCallback type=UpdateFirmwareLogStatus
2026-03-29 20:55:00.194 | AlertVM | handleQueryCallback type=UpdateFirmwareLogStatus
2026-03-29 20:55:00.197 | AlertVM | handleQueryCallback type=Default
2026-03-29 20:55:01.171 | AlertService | queryCallback type=UpdateFirmwareLogStatus
2026-03-29 20:55:01.180 | AlertVM | handleQueryCallback type=UpdateFirmwareLogStatus
2026-03-29 20:55:01.183 | AlertVM | handleQueryCallback type=Default
2026-03-29 20:55:02.187 | AlertService | queryCallback type=UpdateFirmwareLogStatus
2026-03-29 20:55:02.198 | AlertVM | handleQueryCallback type=UpdateFirmwareLogStatus
2026-03-29 20:55:02.200 | AlertVM | handleQueryCallback type=Default
2026-03-29 20:55:03.309 | AlertService | queryCallback type=UpdateFirmwareLogStatus
2026-03-29 20:55:03.317 | AlertVM | handleQueryCallback type=UpdateFirmwareLogStatus
2026-03-29 20:55:03.320 | AlertVM | handleQueryCallback type=Default
2026-03-29 20:55:04.205 | AlertService | queryCallback type=UpdateFirmwareLogStatus
2026-03-29 20:55:04.215 | AlertVM | handleQueryCallback type=UpdateFirmwareLogStatus
2026-03-29 20:55:04.217 | AlertVM | handleQueryCallback type=Default
2026-03-29 20:55:05.194 | AlertService | queryCallback type=UpdateFirmwareLogStatus
2026-03-29 20:55:05.206 | AlertVM | handleQueryCallback type=UpdateFirmwareLogStatus
2026-03-29 20:55:05.209 | AlertVM | handleQueryCallback type=Default
2026-03-29 20:55:06.175 | AlertService | queryCallback type=UpdateFirmwareLogStatus
2026-03-29 20:55:06.184 | AlertVM | handleQueryCallback type=UpdateFirmwareLogStatus
2026-03-29 20:55:06.187 | AlertVM | handleQueryCallback type=Default
2026-03-29 20:55:07.273 | AlertService | queryCallback type=UpdateFirmwareLogStatus
2026-03-29 20:55:07.289 | AlertVM | handleQueryCallback type=UpdateFirmwareLogStatus
2026-03-29 20:55:07.292 | AlertVM | handleQueryCallback type=Default
2026-03-29 20:55:08.193 | AlertService | queryCallback type=UpdateFirmwareLogStatus
2026-03-29 20:55:08.206 | AlertVM | handleQueryCallback type=UpdateFirmwareLogStatus
2026-03-29 20:55:08.209 | AlertVM | handleQueryCallback type=Default
2026-03-29 20:55:09.193 | AlertService | queryCallback type=UpdateFirmwareLogStatus
2026-03-29 20:55:09.203 | AlertVM | handleQueryCallback type=UpdateFirmwareLogStatus
2026-03-29 20:55:09.205 | AlertVM | handleQueryCallback type=Default
2026-03-29 20:55:10.177 | AlertService | queryCallback type=UpdateFirmwareLogStatus
2026-03-29 20:55:10.182 | AlertVM | handleQueryCallback type=UpdateFirmwareLogStatus
2026-03-29 20:55:10.184 | AlertVM | handleQueryCallback type=Default
2026-03-29 20:55:11.240 | AlertService | queryCallback type=UpdateFirmwareLogStatus
2026-03-29 20:55:11.253 | AlertVM | handleQueryCallback type=UpdateFirmwareLogStatus
2026-03-29 20:55:11.256 | AlertVM | handleQueryCallback type=Default
2026-03-29 20:55:12.153 | AlertService | queryCallback type=UpdateFirmwareLogStatus
2026-03-29 20:55:12.154 | AlertVM | handleQueryCallback type=UpdateFirmwareLogStatus
2026-03-29 20:55:12.156 | AlertVM | handleQueryCallback type=Default
2026-03-29 20:55:13.226 | AlertService | queryCallback type=UpdateFirmwareLogStatus
2026-03-29 20:55:13.229 | AlertVM | handleQueryCallback type=UpdateFirmwareLogStatus
2026-03-29 20:55:13.232 | AlertVM | handleQueryCallback type=Default
2026-03-29 20:55:14.198 | AlertService | queryCallback type=UpdateFirmwareLogStatus
2026-03-29 20:55:14.211 | AlertVM | handleQueryCallback type=UpdateFirmwareLogStatus
2026-03-29 20:55:14.213 | AlertVM | handleQueryCallback type=Default
2026-03-29 20:55:15.176 | AlertService | queryCallback type=UpdateFirmwareLogStatus
2026-03-29 20:55:15.191 | AlertVM | handleQueryCallback type=UpdateFirmwareLogStatus
2026-03-29 20:55:15.194 | AlertVM | handleQueryCallback type=Default
2026-03-29 20:55:16.173 | AlertService | queryCallback type=UpdateFirmwareLogStatus
2026-03-29 20:55:16.186 | AlertVM | handleQueryCallback type=UpdateFirmwareLogStatus
2026-03-29 20:55:16.189 | AlertVM | handleQueryCallback type=Default
2026-03-29 20:55:17.152 | AlertService | queryCallback type=UpdateFirmwareLogStatus
2026-03-29 20:55:17.161 | AlertVM | handleQueryCallback type=UpdateFirmwareLogStatus
2026-03-29 20:55:17.164 | AlertVM | handleQueryCallback type=Default
2026-03-29 20:55:18.246 | AlertService | queryCallback type=UpdateFirmwareLogStatus
2026-03-29 20:55:18.254 | AlertVM | handleQueryCallback type=UpdateFirmwareLogStatus
2026-03-29 20:55:18.257 | AlertVM | handleQueryCallback type=Default
2026-03-29 20:55:19.174 | AlertService | queryCallback type=UpdateFirmwareLogStatus
2026-03-29 20:55:19.184 | AlertVM | handleQueryCallback type=UpdateFirmwareLogStatus
2026-03-29 20:55:19.187 | AlertVM | handleQueryCallback type=Default
2026-03-29 20:55:20.275 | AlertService | queryCallback type=UpdateFirmwareLogStatus
2026-03-29 20:55:20.288 | AlertVM | handleQueryCallback type=UpdateFirmwareLogStatus
2026-03-29 20:55:20.291 | AlertVM | handleQueryCallback type=Default
2026-03-29 20:55:21.182 | AlertService | queryCallback type=UpdateFirmwareLogStatus
2026-03-29 20:55:21.200 | AlertVM | handleQueryCallback type=UpdateFirmwareLogStatus
2026-03-29 20:55:21.203 | AlertVM | handleQueryCallback type=Default
2026-03-29 20:55:22.160 | AlertService | queryCallback type=UpdateFirmwareLogStatus
2026-03-29 20:55:22.162 | AlertVM | handleQueryCallback type=UpdateFirmwareLogStatus
2026-03-29 20:55:22.165 | AlertVM | handleQueryCallback type=Default
2026-03-29 20:55:23.249 | AlertService | queryCallback type=UpdateFirmwareLogStatus
2026-03-29 20:55:23.262 | AlertVM | handleQueryCallback type=UpdateFirmwareLogStatus
2026-03-29 20:55:23.264 | AlertVM | handleQueryCallback type=Default
2026-03-29 20:55:24.194 | AlertService | queryCallback type=UpdateFirmwareLogStatus
2026-03-29 20:55:24.198 | AlertVM | handleQueryCallback type=UpdateFirmwareLogStatus
2026-03-29 20:55:24.201 | AlertVM | handleQueryCallback type=Default
2026-03-29 20:55:25.216 | AlertService | queryCallback type=UpdateFirmwareLogStatus
2026-03-29 20:55:25.233 | AlertVM | handleQueryCallback type=UpdateFirmwareLogStatus
2026-03-29 20:55:25.236 | AlertVM | handleQueryCallback type=Default
2026-03-29 20:55:26.166 | AlertService | queryCallback type=UpdateFirmwareLogStatus
2026-03-29 20:55:26.179 | AlertVM | handleQueryCallback type=UpdateFirmwareLogStatus
2026-03-29 20:55:26.182 | AlertVM | handleQueryCallback type=Default
2026-03-29 20:55:27.213 | AlertService | queryCallback type=UpdateFirmwareLogStatus
2026-03-29 20:55:27.224 | AlertVM | handleQueryCallback type=UpdateFirmwareLogStatus
2026-03-29 20:55:27.227 | AlertVM | handleQueryCallback type=Default
2026-03-29 20:55:28.181 | AlertService | queryCallback type=UpdateFirmwareLogStatus
2026-03-29 20:55:28.191 | AlertVM | handleQueryCallback type=UpdateFirmwareLogStatus
2026-03-29 20:55:28.193 | AlertVM | handleQueryCallback type=Default
2026-03-29 20:55:29.045 | AlertService | queryCallback type=BatteryDataObtained
2026-03-29 20:55:29.052 | AlertVM | handleQueryCallback type=BatteryDataObtained
2026-03-29 20:55:29.055 | AlertVM | handleQueryCallback type=Default
2026-03-29 20:55:29.311 | AlertService | queryCallback type=UpdateFirmwareLogStatus
2026-03-29 20:55:29.323 | AlertVM | handleQueryCallback type=UpdateFirmwareLogStatus
2026-03-29 20:55:29.326 | AlertVM | handleQueryCallback type=Default
2026-03-29 20:55:30.156 | AlertService | queryCallback type=UpdateFirmwareLogStatus
2026-03-29 20:55:30.161 | AlertVM | handleQueryCallback type=UpdateFirmwareLogStatus
2026-03-29 20:55:30.163 | AlertVM | handleQueryCallback type=Default
2026-03-29 20:55:31.155 | AlertService | queryCallback type=UpdateFirmwareLogStatus
2026-03-29 20:55:31.164 | AlertVM | handleQueryCallback type=UpdateFirmwareLogStatus
2026-03-29 20:55:31.166 | AlertVM | handleQueryCallback type=Default
2026-03-29 20:55:32.190 | AlertService | queryCallback type=UpdateFirmwareLogStatus
2026-03-29 20:55:32.191 | AlertVM | handleQueryCallback type=UpdateFirmwareLogStatus
2026-03-29 20:55:32.192 | AlertVM | handleQueryCallback type=Default
2026-03-29 20:55:33.174 | AlertService | queryCallback type=UpdateFirmwareLogStatus
2026-03-29 20:55:33.184 | AlertVM | handleQueryCallback type=UpdateFirmwareLogStatus
2026-03-29 20:55:33.186 | AlertVM | handleQueryCallback type=Default
2026-03-29 20:55:34.171 | AlertService | queryCallback type=UpdateFirmwareLogStatus
2026-03-29 20:55:34.183 | AlertVM | handleQueryCallback type=UpdateFirmwareLogStatus
2026-03-29 20:55:34.186 | AlertVM | handleQueryCallback type=Default
2026-03-29 20:55:35.171 | AlertService | queryCallback type=UpdateFirmwareLogStatus
2026-03-29 20:55:35.177 | AlertVM | handleQueryCallback type=UpdateFirmwareLogStatus
2026-03-29 20:55:35.179 | AlertVM | handleQueryCallback type=Default
2026-03-29 20:55:36.145 | AlertService | queryCallback type=UpdateFirmwareLogStatus
2026-03-29 20:55:36.146 | AlertVM | handleQueryCallback type=UpdateFirmwareLogStatus
2026-03-29 20:55:36.148 | AlertVM | handleQueryCallback type=Default
2026-03-29 20:55:37.213 | AlertService | queryCallback type=UpdateFirmwareLogStatus
2026-03-29 20:55:37.224 | AlertVM | handleQueryCallback type=UpdateFirmwareLogStatus
2026-03-29 20:55:37.226 | AlertVM | handleQueryCallback type=Default
2026-03-29 20:55:38.225 | AlertService | queryCallback type=UpdateFirmwareLogStatus
2026-03-29 20:55:38.244 | AlertVM | handleQueryCallback type=UpdateFirmwareLogStatus
2026-03-29 20:55:38.247 | AlertVM | handleQueryCallback type=Default
2026-03-29 20:55:39.168 | AlertService | queryCallback type=UpdateFirmwareLogStatus
2026-03-29 20:55:39.177 | AlertVM | handleQueryCallback type=UpdateFirmwareLogStatus
2026-03-29 20:55:39.180 | AlertVM | handleQueryCallback type=Default
2026-03-29 20:55:40.162 | AlertService | queryCallback type=UpdateFirmwareLogStatus
2026-03-29 20:55:40.174 | AlertVM | handleQueryCallback type=UpdateFirmwareLogStatus
2026-03-29 20:55:40.177 | AlertVM | handleQueryCallback type=Default
2026-03-29 20:55:41.212 | AlertService | queryCallback type=UpdateFirmwareLogStatus
2026-03-29 20:55:41.220 | AlertVM | handleQueryCallback type=UpdateFirmwareLogStatus
2026-03-29 20:55:41.221 | AlertVM | handleQueryCallback type=Default
2026-03-29 20:55:42.171 | AlertService | queryCallback type=UpdateFirmwareLogStatus
2026-03-29 20:55:42.179 | AlertVM | handleQueryCallback type=UpdateFirmwareLogStatus
2026-03-29 20:55:42.180 | AlertVM | handleQueryCallback type=Default
2026-03-29 20:55:43.154 | AlertService | queryCallback type=UpdateFirmwareLogStatus
2026-03-29 20:55:43.156 | AlertVM | handleQueryCallback type=UpdateFirmwareLogStatus
2026-03-29 20:55:43.157 | AlertVM | handleQueryCallback type=Default
2026-03-29 20:55:44.232 | AlertService | queryCallback type=UpdateFirmwareLogStatus
2026-03-29 20:55:44.241 | AlertVM | handleQueryCallback type=UpdateFirmwareLogStatus
2026-03-29 20:55:44.243 | AlertVM | handleQueryCallback type=Default
2026-03-29 20:55:45.143 | AlertService | queryCallback type=UpdateFirmwareLogStatus
2026-03-29 20:55:45.145 | AlertVM | handleQueryCallback type=UpdateFirmwareLogStatus
2026-03-29 20:55:45.149 | AlertVM | handleQueryCallback type=Default
2026-03-29 20:55:46.185 | AlertService | queryCallback type=UpdateFirmwareLogStatus
2026-03-29 20:55:46.191 | AlertVM | handleQueryCallback type=UpdateFirmwareLogStatus
2026-03-29 20:55:46.194 | AlertVM | handleQueryCallback type=Default
2026-03-29 20:55:47.216 | AlertService | queryCallback type=UpdateFirmwareLogStatus
2026-03-29 20:55:47.224 | AlertVM | handleQueryCallback type=UpdateFirmwareLogStatus
2026-03-29 20:55:47.225 | AlertVM | handleQueryCallback type=Default
2026-03-29 20:55:48.145 | AlertService | queryCallback type=UpdateFirmwareLogStatus
2026-03-29 20:55:48.152 | AlertVM | handleQueryCallback type=UpdateFirmwareLogStatus
2026-03-29 20:55:48.154 | AlertVM | handleQueryCallback type=Default
2026-03-29 20:55:49.132 | AlertService | queryCallback type=UpdateFirmwareLogStatus
2026-03-29 20:55:49.136 | AlertVM | handleQueryCallback type=UpdateFirmwareLogStatus
2026-03-29 20:55:49.138 | AlertVM | handleQueryCallback type=Default
2026-03-29 20:55:50.125 | AlertService | queryCallback type=UpdateFirmwareLogStatus
2026-03-29 20:55:50.132 | AlertVM | handleQueryCallback type=UpdateFirmwareLogStatus
2026-03-29 20:55:50.134 | AlertVM | handleQueryCallback type=Default
2026-03-29 20:55:51.205 | AlertService | queryCallback type=UpdateFirmwareLogStatus
2026-03-29 20:55:51.218 | AlertVM | handleQueryCallback type=UpdateFirmwareLogStatus
2026-03-29 20:55:51.219 | AlertVM | handleQueryCallback type=Default
2026-03-29 20:55:52.154 | AlertService | queryCallback type=UpdateFirmwareLogStatus
2026-03-29 20:55:52.159 | AlertVM | handleQueryCallback type=UpdateFirmwareLogStatus
2026-03-29 20:55:52.161 | AlertVM | handleQueryCallback type=Default
2026-03-29 20:55:53.262 | AlertService | queryCallback type=UpdateFirmwareLogStatus
2026-03-29 20:55:54.538 | AlertService | queryCallback type=UpdateFirmwareLogStatus
2026-03-29 20:55:55.161 | AlertService | queryCallback type=UpdateFirmwareLogStatus
2026-03-29 20:55:56.364 | AlertService | queryCallback type=UpdateFirmwareLogStatus
2026-03-29 20:55:57.158 | AlertService | queryCallback type=UpdateFirmwareLogStatus
2026-03-29 20:55:58.236 | AlertService | queryCallback type=UpdateFirmwareLogStatus
2026-03-29 20:55:59.173 | AlertService | queryCallback type=UpdateFirmwareLogStatus
2026-03-29 20:56:00.208 | AlertService | queryCallback type=UpdateFirmwareLogStatus
2026-03-29 20:56:01.164 | AlertService | queryCallback type=UpdateFirmwareLogStatus
2026-03-29 20:56:02.251 | AlertService | queryCallback type=UpdateFirmwareLogStatus
2026-03-29 20:56:03.184 | AlertService | queryCallback type=UpdateFirmwareLogStatus
2026-03-29 20:56:04.168 | AlertService | queryCallback type=UpdateFirmwareLogStatus
2026-03-29 20:56:05.184 | AlertService | queryCallback type=UpdateFirmwareLogStatus
2026-03-29 20:56:06.207 | AlertService | queryCallback type=UpdateFirmwareLogStatus
2026-03-29 20:56:07.175 | AlertService | queryCallback type=UpdateFirmwareLogStatus
2026-03-29 20:56:08.289 | AlertService | queryCallback type=UpdateFirmwareLogStatus
2026-03-29 20:56:09.175 | AlertService | queryCallback type=UpdateFirmwareLogStatus
2026-03-29 20:56:10.178 | AlertService | queryCallback type=UpdateFirmwareLogStatus
2026-03-29 20:56:11.214 | AlertService | queryCallback type=UpdateFirmwareLogStatus
2026-03-29 20:56:12.192 | AlertService | queryCallback type=UpdateFirmwareLogStatus
2026-03-29 20:56:13.212 | AlertService | queryCallback type=UpdateFirmwareLogStatus
2026-03-29 20:56:14.220 | AlertService | queryCallback type=UpdateFirmwareLogStatus
2026-03-29 20:56:15.190 | AlertService | queryCallback type=UpdateFirmwareLogStatus
2026-03-29 20:56:16.230 | AlertService | queryCallback type=UpdateFirmwareLogStatus
2026-03-29 20:56:17.235 | AlertService | queryCallback type=UpdateFirmwareLogStatus
2026-03-29 20:56:18.187 | AlertService | queryCallback type=UpdateFirmwareLogStatus
2026-03-29 20:56:19.228 | AlertService | queryCallback type=UpdateFirmwareLogStatus
2026-03-29 20:56:20.163 | AlertService | queryCallback type=UpdateFirmwareLogStatus
2026-03-29 20:56:21.248 | AlertService | queryCallback type=UpdateFirmwareLogStatus
2026-03-29 20:56:22.236 | AlertService | queryCallback type=UpdateFirmwareLogStatus
2026-03-29 20:56:23.231 | AlertService | queryCallback type=UpdateFirmwareLogStatus
2026-03-29 20:56:24.207 | AlertService | queryCallback type=UpdateFirmwareLogStatus
2026-03-29 20:56:25.162 | AlertService | queryCallback type=UpdateFirmwareLogStatus
2026-03-29 20:56:26.266 | AlertService | queryCallback type=UpdateFirmwareLogStatus
2026-03-29 20:56:27.327 | AlertService | queryCallback type=UpdateFirmwareLogStatus
2026-03-29 20:56:28.244 | AlertService | queryCallback type=UpdateFirmwareLogStatus
2026-03-29 20:56:29.153 | AlertService | queryCallback type=UpdateFirmwareLogStatus
2026-03-29 20:56:30.164 | AlertService | queryCallback type=UpdateFirmwareLogStatus
2026-03-29 20:56:31.305 | AlertService | queryCallback type=UpdateFirmwareLogStatus
2026-03-29 20:56:32.193 | AlertService | queryCallback type=UpdateFirmwareLogStatus
2026-03-29 20:56:33.195 | AlertService | queryCallback type=UpdateFirmwareLogStatus
2026-03-29 20:56:34.151 | AlertService | queryCallback type=UpdateFirmwareLogStatus
2026-03-29 20:56:35.231 | AlertService | queryCallback type=UpdateFirmwareLogStatus
2026-03-29 20:56:36.182 | AlertService | queryCallback type=UpdateFirmwareLogStatus
2026-03-29 20:56:37.170 | AlertService | queryCallback type=UpdateFirmwareLogStatus
2026-03-29 20:56:38.181 | AlertService | queryCallback type=UpdateFirmwareLogStatus
2026-03-29 20:56:39.250 | AlertService | queryCallback type=UpdateFirmwareLogStatus
2026-03-29 20:56:40.183 | AlertService | queryCallback type=UpdateFirmwareLogStatus
2026-03-29 20:56:41.173 | AlertService | queryCallback type=UpdateFirmwareLogStatus
2026-03-29 20:56:42.151 | AlertService | queryCallback type=UpdateFirmwareLogStatus
2026-03-29 20:56:43.165 | AlertService | queryCallback type=UpdateFirmwareLogStatus
2026-03-29 20:56:44.220 | AlertService | queryCallback type=UpdateFirmwareLogStatus
2026-03-29 20:56:45.228 | AlertService | queryCallback type=UpdateFirmwareLogStatus
2026-03-29 20:56:46.221 | AlertService | queryCallback type=UpdateFirmwareLogStatus
2026-03-29 20:56:47.158 | AlertService | queryCallback type=UpdateFirmwareLogStatus
2026-03-29 20:56:48.163 | AlertService | queryCallback type=UpdateFirmwareLogStatus
2026-03-29 20:56:49.135 | AlertService | queryCallback type=UpdateFirmwareLogStatus
2026-03-29 20:56:50.300 | AlertService | queryCallback type=UpdateFirmwareLogStatus
2026-03-29 20:56:51.171 | AlertService | queryCallback type=UpdateFirmwareLogStatus
2026-03-29 20:56:52.152 | AlertService | queryCallback type=UpdateFirmwareLogStatus
2026-03-29 20:56:53.248 | AlertService | queryCallback type=UpdateFirmwareLogStatus
2026-03-29 20:56:54.128 | AlertService | queryCallback type=UpdateFirmwareLogStatus
2026-03-29 20:56:55.285 | AlertService | queryCallback type=UpdateFirmwareLogStatus
2026-03-29 20:56:56.329 | AlertService | queryCallback type=UpdateFirmwareLogStatus
2026-03-29 20:56:57.150 | AlertService | queryCallback type=UpdateFirmwareLogStatus
2026-03-29 20:56:58.197 | AlertService | queryCallback type=UpdateFirmwareLogStatus
2026-03-29 20:56:59.166 | AlertService | queryCallback type=UpdateFirmwareLogStatus
2026-03-29 20:57:00.171 | AlertService | queryCallback type=UpdateFirmwareLogStatus
2026-03-29 20:57:01.146 | AlertService | queryCallback type=UpdateFirmwareLogStatus
2026-03-29 20:57:02.192 | AlertService | queryCallback type=UpdateFirmwareLogStatus
2026-03-29 20:57:03.135 | AlertService | queryCallback type=UpdateFirmwareLogStatus
2026-03-29 20:57:04.172 | AlertService | queryCallback type=UpdateFirmwareLogStatus
2026-03-29 20:57:05.168 | AlertService | queryCallback type=UpdateFirmwareLogStatus
2026-03-29 20:57:06.151 | AlertService | queryCallback type=UpdateFirmwareLogStatus
2026-03-29 20:57:07.137 | AlertService | queryCallback type=UpdateFirmwareLogStatus
2026-03-29 20:57:08.167 | AlertService | queryCallback type=UpdateFirmwareLogStatus
2026-03-29 20:57:09.252 | AlertService | queryCallback type=UpdateFirmwareLogStatus
2026-03-29 20:57:10.152 | AlertService | queryCallback type=UpdateFirmwareLogStatus
2026-03-29 20:57:11.165 | AlertService | queryCallback type=UpdateFirmwareLogStatus
2026-03-29 20:57:12.138 | AlertService | queryCallback type=UpdateFirmwareLogStatus
2026-03-29 20:57:13.176 | AlertService | queryCallback type=UpdateFirmwareLogStatus
2026-03-29 20:57:14.167 | AlertService | queryCallback type=UpdateFirmwareLogStatus
2026-03-29 20:57:15.203 | AlertService | queryCallback type=UpdateFirmwareLogStatus
2026-03-29 20:57:16.247 | AlertService | queryCallback type=UpdateFirmwareLogStatus
2026-03-29 20:57:17.223 | AlertService | queryCallback type=UpdateFirmwareLogStatus
2026-03-29 20:57:18.179 | AlertService | queryCallback type=UpdateFirmwareLogStatus
2026-03-29 20:57:19.214 | AlertService | queryCallback type=UpdateFirmwareLogStatus
2026-03-29 20:57:20.188 | AlertService | queryCallback type=UpdateFirmwareLogStatus
2026-03-29 20:57:21.181 | AlertService | queryCallback type=UpdateFirmwareLogStatus
2026-03-29 20:57:22.174 | AlertService | queryCallback type=UpdateFirmwareLogStatus
2026-03-29 20:57:23.167 | AlertService | queryCallback type=UpdateFirmwareLogStatus
2026-03-29 20:57:24.193 | AlertService | queryCallback type=UpdateFirmwareLogStatus
2026-03-29 20:57:25.189 | AlertService | queryCallback type=UpdateFirmwareLogStatus
2026-03-29 20:57:26.189 | AlertService | queryCallback type=UpdateFirmwareLogStatus
2026-03-29 20:57:27.168 | AlertService | queryCallback type=UpdateFirmwareLogStatus
2026-03-29 20:57:28.155 | AlertService | queryCallback type=UpdateFirmwareLogStatus
2026-03-29 20:57:29.207 | AlertService | queryCallback type=UpdateFirmwareLogStatus
2026-03-29 20:57:30.246 | AlertService | queryCallback type=UpdateFirmwareLogStatus
2026-03-29 20:57:31.169 | AlertService | queryCallback type=UpdateFirmwareLogStatus
2026-03-29 20:57:32.225 | AlertService | queryCallback type=UpdateFirmwareLogStatus
2026-03-29 20:57:33.147 | AlertService | queryCallback type=UpdateFirmwareLogStatus
2026-03-29 20:57:34.186 | AlertService | queryCallback type=UpdateFirmwareLogStatus
2026-03-29 20:57:35.175 | AlertService | queryCallback type=UpdateFirmwareLogStatus
2026-03-29 20:57:36.165 | AlertService | queryCallback type=UpdateFirmwareLogStatus
2026-03-29 20:57:37.159 | AlertService | queryCallback type=UpdateFirmwareLogStatus
2026-03-29 20:57:38.183 | AlertService | queryCallback type=UpdateFirmwareLogStatus
2026-03-29 20:57:39.245 | AlertService | queryCallback type=UpdateFirmwareLogStatus
2026-03-29 20:57:40.241 | AlertService | queryCallback type=UpdateFirmwareLogStatus
2026-03-29 20:57:41.155 | AlertService | queryCallback type=UpdateFirmwareLogStatus
2026-03-29 20:57:42.167 | AlertService | queryCallback type=UpdateFirmwareLogStatus
2026-03-29 20:57:43.264 | AlertService | queryCallback type=UpdateFirmwareLogStatus
2026-03-29 20:57:44.182 | AlertService | queryCallback type=UpdateFirmwareLogStatus
2026-03-29 20:57:45.205 | AlertService | queryCallback type=UpdateFirmwareLogStatus
2026-03-29 20:57:46.160 | AlertService | queryCallback type=UpdateFirmwareLogStatus
2026-03-29 20:57:47.169 | AlertService | queryCallback type=UpdateFirmwareLogStatus
2026-03-29 20:57:48.130 | AlertService | queryCallback type=UpdateFirmwareLogStatus
2026-03-29 20:57:49.176 | AlertService | queryCallback type=UpdateFirmwareLogStatus
2026-03-29 20:57:50.201 | AlertService | queryCallback type=UpdateFirmwareLogStatus
2026-03-29 20:57:51.291 | AlertService | queryCallback type=UpdateFirmwareLogStatus
2026-03-29 20:57:52.127 | AlertService | queryCallback type=UpdateFirmwareLogStatus
2026-03-29 20:57:53.227 | AlertService | queryCallback type=UpdateFirmwareLogStatus
2026-03-29 20:57:54.322 | AlertService | queryCallback type=UpdateFirmwareLogStatus
2026-03-29 20:57:55.149 | AlertService | queryCallback type=UpdateFirmwareLogStatus
2026-03-29 20:57:56.232 | AlertService | queryCallback type=UpdateFirmwareLogStatus
2026-03-29 20:57:57.202 | AlertService | queryCallback type=UpdateFirmwareLogStatus
2026-03-29 20:57:58.168 | AlertService | queryCallback type=UpdateFirmwareLogStatus
2026-03-29 20:57:59.146 | AlertService | queryCallback type=UpdateFirmwareLogStatus
2026-03-29 20:58:00.198 | AlertService | queryCallback type=UpdateFirmwareLogStatus
2026-03-29 20:58:01.137 | AlertService | queryCallback type=UpdateFirmwareLogStatus
2026-03-29 20:58:02.129 | AlertService | queryCallback type=UpdateFirmwareLogStatus
2026-03-29 20:58:03.169 | AlertService | queryCallback type=UpdateFirmwareLogStatus
2026-03-29 20:58:04.154 | AlertService | queryCallback type=UpdateFirmwareLogStatus
2026-03-29 20:58:05.161 | AlertService | queryCallback type=UpdateFirmwareLogStatus
2026-03-29 20:58:06.214 | AlertService | queryCallback type=UpdateFirmwareLogStatus
2026-03-29 20:58:07.239 | AlertService | queryCallback type=UpdateFirmwareLogStatus
2026-03-29 20:58:08.164 | AlertService | queryCallback type=UpdateFirmwareLogStatus
2026-03-29 20:58:09.148 | AlertService | queryCallback type=UpdateFirmwareLogStatus
2026-03-29 20:58:10.171 | AlertService | queryCallback type=UpdateFirmwareLogStatus
2026-03-29 20:58:11.190 | AlertService | queryCallback type=UpdateFirmwareLogStatus
2026-03-29 20:58:12.173 | AlertService | queryCallback type=UpdateFirmwareLogStatus
2026-03-29 20:58:13.154 | AlertService | queryCallback type=UpdateFirmwareLogStatus
2026-03-29 20:58:14.149 | AlertService | queryCallback type=UpdateFirmwareLogStatus
2026-03-29 20:58:15.194 | AlertService | queryCallback type=UpdateFirmwareLogStatus
2026-03-29 20:58:15.653 | AlertVM | handleQueryCallback type=Default
2026-03-29 20:58:16.209 | AlertService | queryCallback type=UpdateFirmwareLogStatus
2026-03-29 20:58:16.220 | AlertVM | handleQueryCallback type=UpdateFirmwareLogStatus
2026-03-29 20:58:16.222 | AlertVM | handleQueryCallback type=Default
2026-03-29 20:58:16.468 | AlertService | queryCallback type=BatteryDataObtained
2026-03-29 20:58:16.471 | AlertVM | handleQueryCallback type=BatteryDataObtained
2026-03-29 20:58:16.473 | AlertVM | handleQueryCallback type=Default
2026-03-29 20:58:17.090 | AlertService | queryCallback type=BatteryDataObtained
2026-03-29 20:58:17.099 | AlertVM | handleQueryCallback type=BatteryDataObtained
2026-03-29 20:58:17.101 | AlertVM | handleQueryCallback type=Default
2026-03-29 20:58:17.457 | AlertService | queryCallback type=UpdateFirmwareLogStatus
2026-03-29 20:58:17.458 | AlertVM | handleQueryCallback type=UpdateFirmwareLogStatus
2026-03-29 20:58:17.460 | AlertVM | handleQueryCallback type=Default
2026-03-29 20:58:18.188 | AlertService | queryCallback type=UpdateFirmwareLogStatus
2026-03-29 20:58:18.198 | AlertVM | handleQueryCallback type=UpdateFirmwareLogStatus
2026-03-29 20:58:18.200 | AlertVM | handleQueryCallback type=Default
2026-03-29 20:58:19.276 | AlertService | queryCallback type=UpdateFirmwareLogStatus
2026-03-29 20:58:19.278 | AlertVM | handleQueryCallback type=UpdateFirmwareLogStatus
2026-03-29 20:58:19.279 | AlertVM | handleQueryCallback type=Default
2026-03-29 20:58:20.158 | AlertService | queryCallback type=UpdateFirmwareLogStatus
2026-03-29 20:58:20.167 | AlertVM | handleQueryCallback type=UpdateFirmwareLogStatus
2026-03-29 20:58:20.169 | AlertVM | handleQueryCallback type=Default
2026-03-29 20:58:21.353 | AlertService | updateCallback type=DeviceTimeSynced
2026-03-29 20:58:21.386 | AlertService | queryCallback type=UpdateFirmwareLogStatus
2026-03-29 20:58:22.402 | AlertService | queryCallback type=UpdateFirmwareLogStatus
2026-03-29 20:58:23.098 | AlertUI | BlankTestFragment alert panel initialized
2026-03-29 20:58:23.100 | AlertVM | handleQueryCallback type=Default
2026-03-29 20:58:23.101 | AlertVM | handleUpdateCallback type=DeviceTimeSynced
2026-03-29 20:58:23.102 | AlertVM | onConnectedStateChanged state=ConnectSuccess
2026-03-29 20:58:23.104 | AlertVM | refreshFromBand dispatching alert queries
2026-03-29 20:58:23.107 | AlertVM | loadState={"device_address":"D8:5C:08:30:00:1E","heart_rate":{"low_enabled":true,"low_threshold":49,"resting_enabled":true,"resting_threshold":50,"workout_enabled":false,"workout_threshold":175},"pending_sync":{"heart_rate":false,"relaxation_prompt":false,"sedentary_reminder":false,"sleep_reminder":false,"spo2":false},"pressure_mode":{"relaxation_prompt_enabled":false,"stress_monitoring_enabled":false},"sedentary_reminder":{"end_hour":18,"end_minute":0,"interval":60,"repeat_count":0,"start_hour":9,"start_minute":0,"status":false},"sleep_reminder":{"hour":0,"millisecond":0,"minute":0,"second":0,"status":false},"snapshots":{"heart_rate":{"continuous_heart_rate_mode":0,"frequency":0,"mode":0},"pressure_mode":{"relaxation_warning_value":100},"sedentary_reminder":{"no_disturb_in_launch":false}},"spo2":{"enabled":true,"threshold":100},"support":{"heart_rate":true,"heart_rate_workout":false,"high_stress_index":false,"relaxation_prompt":true,"sedentary_reminder":true,"sleep_reminder":false,"spo2":true,"wear_detection":false},"wear_detection_status":{"last_updated_at":-1}}
2026-03-29 20:58:23.182 | ZhQuery | getHeartRateAlertSettings dispatched api=SWHRMonitor deviceType=luna_band
2026-03-29 20:58:23.183 | ZhQuery | getSpo2AlertSettings dispatched
2026-03-29 20:58:23.188 | ZhQuery | getPressureModeSettings dispatched api=SWBRMonitor deviceType=luna_band
2026-03-29 20:58:23.189 | ZhQuery | getSleepReminder dispatched
2026-03-29 20:58:23.206 | AlertVM | refreshFromBand dispatching alert queries
2026-03-29 20:58:23.215 | ZhQuery | getHeartRateAlertSettings dispatched api=SWHRMonitor deviceType=luna_band
2026-03-29 20:58:23.220 | ZhQuery | getSpo2AlertSettings dispatched
2026-03-29 20:58:23.228 | ZhQuery | getPressureModeSettings dispatched api=SWBRMonitor deviceType=luna_band
2026-03-29 20:58:23.236 | ZhQuery | getSleepReminder dispatched
2026-03-29 20:58:23.239 | AlertService | queryCallback type=UpdateFirmwareLogStatus
2026-03-29 20:58:23.248 | AlertVM | handleQueryCallback type=UpdateFirmwareLogStatus
2026-03-29 20:58:23.251 | AlertVM | handleQueryCallback type=Default
2026-03-29 20:58:24.289 | AlertService | queryCallback type=UpdateFirmwareLogStatus
2026-03-29 20:58:24.296 | AlertVM | handleQueryCallback type=UpdateFirmwareLogStatus
2026-03-29 20:58:24.298 | AlertVM | handleQueryCallback type=Default
2026-03-29 20:58:25.614 | AlertService | queryCallback type=UpdateFirmwareLogStatus
2026-03-29 20:58:25.619 | AlertVM | handleQueryCallback type=UpdateFirmwareLogStatus
2026-03-29 20:58:25.621 | AlertVM | handleQueryCallback type=Default
2026-03-29 20:58:26.225 | AlertService | queryCallback type=UpdateFirmwareLogStatus
2026-03-29 20:58:26.232 | AlertVM | handleQueryCallback type=UpdateFirmwareLogStatus
2026-03-29 20:58:26.234 | AlertVM | handleQueryCallback type=Default
2026-03-29 20:58:26.456 | AlertService | queryCallback type=BatteryDataObtained
2026-03-29 20:58:26.463 | AlertVM | handleQueryCallback type=BatteryDataObtained
2026-03-29 20:58:26.465 | AlertVM | handleQueryCallback type=Default
2026-03-29 20:58:26.636 | ZhQuery | onSWHRMonitor={"heightWarningValue":50,"isHeightWarning":true,"isLowWarning":true,"lowWarningValue":49}
2026-03-29 20:58:26.638 | AlertService | queryCallback type=HeartRateAlertSettingsObtained
2026-03-29 20:58:26.641 | AlertService | saveAlertSettings={"device_address":"D8:5C:08:30:00:1E","heart_rate":{"low_enabled":true,"low_threshold":49,"resting_enabled":true,"resting_threshold":50,"workout_enabled":false,"workout_threshold":175},"pending_sync":{"heart_rate":false,"relaxation_prompt":false,"sedentary_reminder":false,"sleep_reminder":false,"spo2":false},"pressure_mode":{"relaxation_prompt_enabled":false,"stress_monitoring_enabled":false},"sedentary_reminder":{"end_hour":18,"end_minute":0,"interval":60,"repeat_count":0,"start_hour":9,"start_minute":0,"status":false},"sleep_reminder":{"hour":0,"millisecond":0,"minute":0,"second":0,"status":false},"snapshots":{"heart_rate":{"continuous_heart_rate_mode":0,"frequency":0,"mode":0},"pressure_mode":{"relaxation_warning_value":100},"sedentary_reminder":{"no_disturb_in_launch":false}},"spo2":{"enabled":true,"threshold":100},"support":{"heart_rate":true,"heart_rate_workout":false,"high_stress_index":false,"relaxation_prompt":true,"sedentary_reminder":true,"sleep_reminder":false,"spo2":true,"wear_detection":false},"wear_detection_status":{"last_updated_at":-1}}
2026-03-29 20:58:26.647 | AlertService | queryCallback type=AlertFeatureSupportObtained
2026-03-29 20:58:26.649 | AlertService | saveAlertSettings={"device_address":"D8:5C:08:30:00:1E","heart_rate":{"low_enabled":true,"low_threshold":49,"resting_enabled":true,"resting_threshold":50,"workout_enabled":false,"workout_threshold":175},"pending_sync":{"heart_rate":false,"relaxation_prompt":false,"sedentary_reminder":false,"sleep_reminder":false,"spo2":false},"pressure_mode":{"relaxation_prompt_enabled":false,"stress_monitoring_enabled":false},"sedentary_reminder":{"end_hour":18,"end_minute":0,"interval":60,"repeat_count":0,"start_hour":9,"start_minute":0,"status":false},"sleep_reminder":{"hour":0,"millisecond":0,"minute":0,"second":0,"status":false},"snapshots":{"heart_rate":{"continuous_heart_rate_mode":0,"frequency":0,"mode":0},"pressure_mode":{"relaxation_warning_value":100},"sedentary_reminder":{"no_disturb_in_launch":false}},"spo2":{"enabled":true,"threshold":100},"support":{"heart_rate":true,"heart_rate_workout":false,"high_stress_index":false,"relaxation_prompt":true,"sedentary_reminder":true,"sleep_reminder":false,"spo2":true,"wear_detection":false},"wear_detection_status":{"last_updated_at":-1}}
2026-03-29 20:58:26.655 | ZhQuery | getHeartRateAlertSettings api=SWHRMonitor state=SUCCEED
2026-03-29 20:58:26.657 | ZhQuery | getHeartRateAlertSettings api=SWHRMonitor state=SUCCEED
2026-03-29 20:58:26.659 | AlertVM | handleQueryCallback type=HeartRateAlertSettingsObtained
2026-03-29 20:58:26.661 | AlertVM | heartRate query matchesStored=true pending=false phase=null
2026-03-29 20:58:26.662 | AlertVM | heartRate query value={"low_enabled":true,"low_threshold":49,"resting_enabled":true,"resting_threshold":50,"workout_enabled":false,"workout_threshold":175}
2026-03-29 20:58:26.664 | AlertVM | handleQueryCallback type=Default
2026-03-29 20:58:26.665 | AlertVM | handleQueryCallback type=AlertFeatureSupportObtained
2026-03-29 20:58:26.667 | AlertVM | support feature=HEART_RATE supported=true
2026-03-29 20:58:26.668 | AlertVM | handleQueryCallback type=Default
2026-03-29 20:58:26.944 | ZhQuery | onSWSPO2Monitor={"isWarning":true,"warningValue":100}
2026-03-29 20:58:26.946 | AlertService | queryCallback type=Spo2AlertSettingsObtained
2026-03-29 20:58:26.948 | AlertService | saveAlertSettings={"device_address":"D8:5C:08:30:00:1E","heart_rate":{"low_enabled":true,"low_threshold":49,"resting_enabled":true,"resting_threshold":50,"workout_enabled":false,"workout_threshold":175},"pending_sync":{"heart_rate":false,"relaxation_prompt":false,"sedentary_reminder":false,"sleep_reminder":false,"spo2":false},"pressure_mode":{"relaxation_prompt_enabled":false,"stress_monitoring_enabled":false},"sedentary_reminder":{"end_hour":18,"end_minute":0,"interval":60,"repeat_count":0,"start_hour":9,"start_minute":0,"status":false},"sleep_reminder":{"hour":0,"millisecond":0,"minute":0,"second":0,"status":false},"snapshots":{"heart_rate":{"continuous_heart_rate_mode":0,"frequency":0,"mode":0},"pressure_mode":{"relaxation_warning_value":100},"sedentary_reminder":{"no_disturb_in_launch":false}},"spo2":{"enabled":true,"threshold":100},"support":{"heart_rate":true,"heart_rate_workout":false,"high_stress_index":false,"relaxation_prompt":true,"sedentary_reminder":true,"sleep_reminder":false,"spo2":true,"wear_detection":false},"wear_detection_status":{"last_updated_at":-1}}
2026-03-29 20:58:26.949 | AlertService | queryCallback type=AlertFeatureSupportObtained
2026-03-29 20:58:26.951 | AlertService | saveAlertSettings={"device_address":"D8:5C:08:30:00:1E","heart_rate":{"low_enabled":true,"low_threshold":49,"resting_enabled":true,"resting_threshold":50,"workout_enabled":false,"workout_threshold":175},"pending_sync":{"heart_rate":false,"relaxation_prompt":false,"sedentary_reminder":false,"sleep_reminder":false,"spo2":false},"pressure_mode":{"relaxation_prompt_enabled":false,"stress_monitoring_enabled":false},"sedentary_reminder":{"end_hour":18,"end_minute":0,"interval":60,"repeat_count":0,"start_hour":9,"start_minute":0,"status":false},"sleep_reminder":{"hour":0,"millisecond":0,"minute":0,"second":0,"status":false},"snapshots":{"heart_rate":{"continuous_heart_rate_mode":0,"frequency":0,"mode":0},"pressure_mode":{"relaxation_warning_value":100},"sedentary_reminder":{"no_disturb_in_launch":false}},"spo2":{"enabled":true,"threshold":100},"support":{"heart_rate":true,"heart_rate_workout":false,"high_stress_index":false,"relaxation_prompt":true,"sedentary_reminder":true,"sleep_reminder":false,"spo2":true,"wear_detection":false},"wear_detection_status":{"last_updated_at":-1}}
2026-03-29 20:58:26.957 | ZhQuery | getSpo2AlertSettings state=SUCCEED
2026-03-29 20:58:26.958 | ZhQuery | getSpo2AlertSettings state=SUCCEED
2026-03-29 20:58:26.960 | AlertVM | handleQueryCallback type=Spo2AlertSettingsObtained
2026-03-29 20:58:26.961 | AlertVM | spo2 query matchesStored=true pending=false phase=null
2026-03-29 20:58:26.962 | AlertVM | spo2 query value={"enabled":true,"threshold":100}
2026-03-29 20:58:26.963 | AlertVM | handleQueryCallback type=Default
2026-03-29 20:58:26.964 | AlertVM | handleQueryCallback type=AlertFeatureSupportObtained
2026-03-29 20:58:26.966 | AlertVM | support feature=SPO2 supported=true
2026-03-29 20:58:26.967 | AlertVM | handleQueryCallback type=Default
2026-03-29 20:58:27.263 | AlertService | queryCallback type=UpdateFirmwareLogStatus
2026-03-29 20:58:27.269 | AlertVM | handleQueryCallback type=UpdateFirmwareLogStatus
2026-03-29 20:58:27.271 | AlertVM | handleQueryCallback type=Default
2026-03-29 20:58:27.577 | ZhQuery | onSWBRMonitor={"isWarning":false,"warningValue":100}
2026-03-29 20:58:27.578 | AlertService | queryCallback type=PressureModeSettingsObtained
2026-03-29 20:58:27.580 | AlertService | saveAlertSettings={"device_address":"D8:5C:08:30:00:1E","heart_rate":{"low_enabled":true,"low_threshold":49,"resting_enabled":true,"resting_threshold":50,"workout_enabled":false,"workout_threshold":175},"pending_sync":{"heart_rate":false,"relaxation_prompt":false,"sedentary_reminder":false,"sleep_reminder":false,"spo2":false},"pressure_mode":{"relaxation_prompt_enabled":false,"stress_monitoring_enabled":false},"sedentary_reminder":{"end_hour":18,"end_minute":0,"interval":60,"repeat_count":0,"start_hour":9,"start_minute":0,"status":false},"sleep_reminder":{"hour":0,"millisecond":0,"minute":0,"second":0,"status":false},"snapshots":{"heart_rate":{"continuous_heart_rate_mode":0,"frequency":0,"mode":0},"pressure_mode":{"relaxation_warning_value":100},"sedentary_reminder":{"no_disturb_in_launch":false}},"spo2":{"enabled":true,"threshold":100},"support":{"heart_rate":true,"heart_rate_workout":false,"high_stress_index":false,"relaxation_prompt":true,"sedentary_reminder":true,"sleep_reminder":false,"spo2":true,"wear_detection":false},"wear_detection_status":{"last_updated_at":-1}}
2026-03-29 20:58:27.581 | AlertService | queryCallback type=AlertFeatureSupportObtained
2026-03-29 20:58:27.583 | AlertService | saveAlertSettings={"device_address":"D8:5C:08:30:00:1E","heart_rate":{"low_enabled":true,"low_threshold":49,"resting_enabled":true,"resting_threshold":50,"workout_enabled":false,"workout_threshold":175},"pending_sync":{"heart_rate":false,"relaxation_prompt":false,"sedentary_reminder":false,"sleep_reminder":false,"spo2":false},"pressure_mode":{"relaxation_prompt_enabled":false,"stress_monitoring_enabled":false},"sedentary_reminder":{"end_hour":18,"end_minute":0,"interval":60,"repeat_count":0,"start_hour":9,"start_minute":0,"status":false},"sleep_reminder":{"hour":0,"millisecond":0,"minute":0,"second":0,"status":false},"snapshots":{"heart_rate":{"continuous_heart_rate_mode":0,"frequency":0,"mode":0},"pressure_mode":{"relaxation_warning_value":100},"sedentary_reminder":{"no_disturb_in_launch":false}},"spo2":{"enabled":true,"threshold":100},"support":{"heart_rate":true,"heart_rate_workout":false,"high_stress_index":false,"relaxation_prompt":true,"sedentary_reminder":true,"sleep_reminder":false,"spo2":true,"wear_detection":false},"wear_detection_status":{"last_updated_at":-1}}
2026-03-29 20:58:27.588 | ZhQuery | getPressureModeSettings api=SWBRMonitor state=SUCCEED
2026-03-29 20:58:27.589 | ZhQuery | getPressureModeSettings api=SWBRMonitor state=SUCCEED
2026-03-29 20:58:27.590 | AlertVM | handleQueryCallback type=PressureModeSettingsObtained
2026-03-29 20:58:27.592 | AlertVM | pressure query matchesStored=true pending=false phase=null
2026-03-29 20:58:27.593 | AlertVM | pressure query value={"relaxation_prompt_enabled":false,"stress_monitoring_enabled":false}
2026-03-29 20:58:27.594 | AlertVM | handleQueryCallback type=Default
2026-03-29 20:58:27.596 | AlertVM | handleQueryCallback type=AlertFeatureSupportObtained
2026-03-29 20:58:27.597 | AlertVM | support feature=RELAXATION_PROMPT supported=true
2026-03-29 20:58:27.598 | AlertVM | handleQueryCallback type=Default
2026-03-29 20:58:27.887 | ZhQuery | getSleepReminder state=NOT_SUPPORT
2026-03-29 20:58:27.890 | AlertService | queryCallback type=AlertFeatureSupportObtained
2026-03-29 20:58:27.892 | AlertService | onAlertFeatureUnsupported feature=SLEEP_REMINDER
2026-03-29 20:58:27.894 | AlertService | saveAlertSettings={"device_address":"D8:5C:08:30:00:1E","heart_rate":{"low_enabled":true,"low_threshold":49,"resting_enabled":true,"resting_threshold":50,"workout_enabled":false,"workout_threshold":175},"pending_sync":{"heart_rate":false,"relaxation_prompt":false,"sedentary_reminder":false,"sleep_reminder":false,"spo2":false},"pressure_mode":{"relaxation_prompt_enabled":false,"stress_monitoring_enabled":false},"sedentary_reminder":{"end_hour":18,"end_minute":0,"interval":60,"repeat_count":0,"start_hour":9,"start_minute":0,"status":false},"sleep_reminder":{"hour":0,"millisecond":0,"minute":0,"second":0,"status":false},"snapshots":{"heart_rate":{"continuous_heart_rate_mode":0,"frequency":0,"mode":0},"pressure_mode":{"relaxation_warning_value":100},"sedentary_reminder":{"no_disturb_in_launch":false}},"spo2":{"enabled":true,"threshold":100},"support":{"heart_rate":true,"heart_rate_workout":false,"high_stress_index":false,"relaxation_prompt":true,"sedentary_reminder":true,"sleep_reminder":false,"spo2":true,"wear_detection":false},"wear_detection_status":{"last_updated_at":-1}}
2026-03-29 20:58:27.895 | ZhQuery | getSleepReminder state=NOT_SUPPORT
2026-03-29 20:58:27.905 | AlertService | queryCallback type=AlertFeatureSupportObtained
2026-03-29 20:58:27.906 | AlertService | onAlertFeatureUnsupported feature=SLEEP_REMINDER
2026-03-29 20:58:27.910 | AlertService | saveAlertSettings={"device_address":"D8:5C:08:30:00:1E","heart_rate":{"low_enabled":true,"low_threshold":49,"resting_enabled":true,"resting_threshold":50,"workout_enabled":false,"workout_threshold":175},"pending_sync":{"heart_rate":false,"relaxation_prompt":false,"sedentary_reminder":false,"sleep_reminder":false,"spo2":false},"pressure_mode":{"relaxation_prompt_enabled":false,"stress_monitoring_enabled":false},"sedentary_reminder":{"end_hour":18,"end_minute":0,"interval":60,"repeat_count":0,"start_hour":9,"start_minute":0,"status":false},"sleep_reminder":{"hour":0,"millisecond":0,"minute":0,"second":0,"status":false},"snapshots":{"heart_rate":{"continuous_heart_rate_mode":0,"frequency":0,"mode":0},"pressure_mode":{"relaxation_warning_value":100},"sedentary_reminder":{"no_disturb_in_launch":false}},"spo2":{"enabled":true,"threshold":100},"support":{"heart_rate":true,"heart_rate_workout":false,"high_stress_index":false,"relaxation_prompt":true,"sedentary_reminder":true,"sleep_reminder":false,"spo2":true,"wear_detection":false},"wear_detection_status":{"last_updated_at":-1}}
2026-03-29 20:58:27.911 | AlertVM | handleQueryCallback type=AlertFeatureSupportObtained
2026-03-29 20:58:27.912 | AlertVM | support feature=SLEEP_REMINDER supported=false
2026-03-29 20:58:27.914 | AlertVM | handleQueryCallback type=Default
2026-03-29 20:58:27.915 | AlertVM | handleQueryCallback type=AlertFeatureSupportObtained
2026-03-29 20:58:27.917 | AlertVM | support feature=SLEEP_REMINDER supported=false
2026-03-29 20:58:27.918 | AlertVM | handleQueryCallback type=Default
2026-03-29 20:58:28.211 | AlertService | queryCallback type=UpdateFirmwareLogStatus
2026-03-29 20:58:28.216 | AlertVM | handleQueryCallback type=UpdateFirmwareLogStatus
2026-03-29 20:58:28.219 | AlertVM | handleQueryCallback type=Default
2026-03-29 20:58:28.431 | ZhQuery | onSedentaryReminderResult={"drinkWater":0,"endNoonTime":{"hour":0,"millisecond":0,"minuter":0,"second":0},"endTime":{"hour":0,"millisecond":0,"minuter":0,"second":0},"frequency":0,"isOn":false,"noDisturbInLaunch":false,"startNoonTime":{"hour":0,"millisecond":0,"minuter":0,"second":0},"startTime":{"hour":0,"millisecond":0,"minuter":0,"second":0}}
2026-03-29 20:58:28.433 | AlertService | queryCallback type=SedentaryDataObtained
2026-03-29 20:58:28.434 | AlertService | queryCallback type=SedentaryReminderSettingsObtained
2026-03-29 20:58:28.444 | AlertService | saveAlertSettings={"device_address":"D8:5C:08:30:00:1E","heart_rate":{"low_enabled":true,"low_threshold":49,"resting_enabled":true,"resting_threshold":50,"workout_enabled":false,"workout_threshold":175},"pending_sync":{"heart_rate":false,"relaxation_prompt":false,"sedentary_reminder":false,"sleep_reminder":false,"spo2":false},"pressure_mode":{"relaxation_prompt_enabled":false,"stress_monitoring_enabled":false},"sedentary_reminder":{"end_hour":18,"end_minute":0,"interval":60,"repeat_count":0,"start_hour":9,"start_minute":0,"status":false},"sleep_reminder":{"hour":0,"millisecond":0,"minute":0,"second":0,"status":false},"snapshots":{"heart_rate":{"continuous_heart_rate_mode":0,"frequency":0,"mode":0},"pressure_mode":{"relaxation_warning_value":100},"sedentary_reminder":{"no_disturb_in_launch":false}},"spo2":{"enabled":true,"threshold":100},"support":{"heart_rate":true,"heart_rate_workout":false,"high_stress_index":false,"relaxation_prompt":true,"sedentary_reminder":true,"sleep_reminder":false,"spo2":true,"wear_detection":false},"wear_detection_status":{"last_updated_at":-1}}
2026-03-29 20:58:28.445 | AlertService | queryCallback type=AlertFeatureSupportObtained
2026-03-29 20:58:28.446 | AlertService | saveAlertSettings={"device_address":"D8:5C:08:30:00:1E","heart_rate":{"low_enabled":true,"low_threshold":49,"resting_enabled":true,"resting_threshold":50,"workout_enabled":false,"workout_threshold":175},"pending_sync":{"heart_rate":false,"relaxation_prompt":false,"sedentary_reminder":false,"sleep_reminder":false,"spo2":false},"pressure_mode":{"relaxation_prompt_enabled":false,"stress_monitoring_enabled":false},"sedentary_reminder":{"end_hour":18,"end_minute":0,"interval":60,"repeat_count":0,"start_hour":9,"start_minute":0,"status":false},"sleep_reminder":{"hour":0,"millisecond":0,"minute":0,"second":0,"status":false},"snapshots":{"heart_rate":{"continuous_heart_rate_mode":0,"frequency":0,"mode":0},"pressure_mode":{"relaxation_warning_value":100},"sedentary_reminder":{"no_disturb_in_launch":false}},"spo2":{"enabled":true,"threshold":100},"support":{"heart_rate":true,"heart_rate_workout":false,"high_stress_index":false,"relaxation_prompt":true,"sedentary_reminder":true,"sleep_reminder":false,"spo2":true,"wear_detection":false},"wear_detection_status":{"last_updated_at":-1}}
2026-03-29 20:58:28.447 | AlertVM | handleQueryCallback type=SedentaryDataObtained
2026-03-29 20:58:28.448 | AlertVM | handleQueryCallback type=Default
2026-03-29 20:58:28.449 | AlertVM | handleQueryCallback type=SedentaryReminderSettingsObtained
2026-03-29 20:58:28.451 | AlertVM | sedentary query matchesStored=true pending=false phase=null
2026-03-29 20:58:28.452 | AlertVM | sedentary query value={"end_hour":0,"end_minute":0,"interval":0,"repeat_count":0,"start_hour":0,"start_minute":0,"status":false}
2026-03-29 20:58:28.453 | AlertVM | handleQueryCallback type=Default
2026-03-29 20:58:28.455 | AlertVM | handleQueryCallback type=AlertFeatureSupportObtained
2026-03-29 20:58:28.456 | AlertVM | support feature=SEDENTARY_REMINDER supported=true
2026-03-29 20:58:28.457 | AlertVM | handleQueryCallback type=Default
2026-03-29 20:58:28.751 | ZhQuery | onSWHRMonitor={"heightWarningValue":50,"isHeightWarning":true,"isLowWarning":true,"lowWarningValue":49}
2026-03-29 20:58:28.752 | AlertService | queryCallback type=HeartRateAlertSettingsObtained
2026-03-29 20:58:28.759 | AlertService | saveAlertSettings={"device_address":"D8:5C:08:30:00:1E","heart_rate":{"low_enabled":true,"low_threshold":49,"resting_enabled":true,"resting_threshold":50,"workout_enabled":false,"workout_threshold":175},"pending_sync":{"heart_rate":false,"relaxation_prompt":false,"sedentary_reminder":false,"sleep_reminder":false,"spo2":false},"pressure_mode":{"relaxation_prompt_enabled":false,"stress_monitoring_enabled":false},"sedentary_reminder":{"end_hour":18,"end_minute":0,"interval":60,"repeat_count":0,"start_hour":9,"start_minute":0,"status":false},"sleep_reminder":{"hour":0,"millisecond":0,"minute":0,"second":0,"status":false},"snapshots":{"heart_rate":{"continuous_heart_rate_mode":0,"frequency":0,"mode":0},"pressure_mode":{"relaxation_warning_value":100},"sedentary_reminder":{"no_disturb_in_launch":false}},"spo2":{"enabled":true,"threshold":100},"support":{"heart_rate":true,"heart_rate_workout":false,"high_stress_index":false,"relaxation_prompt":true,"sedentary_reminder":true,"sleep_reminder":false,"spo2":true,"wear_detection":false},"wear_detection_status":{"last_updated_at":-1}}
2026-03-29 20:58:28.762 | AlertService | queryCallback type=AlertFeatureSupportObtained
2026-03-29 20:58:28.764 | AlertService | saveAlertSettings={"device_address":"D8:5C:08:30:00:1E","heart_rate":{"low_enabled":true,"low_threshold":49,"resting_enabled":true,"resting_threshold":50,"workout_enabled":false,"workout_threshold":175},"pending_sync":{"heart_rate":false,"relaxation_prompt":false,"sedentary_reminder":false,"sleep_reminder":false,"spo2":false},"pressure_mode":{"relaxation_prompt_enabled":false,"stress_monitoring_enabled":false},"sedentary_reminder":{"end_hour":18,"end_minute":0,"interval":60,"repeat_count":0,"start_hour":9,"start_minute":0,"status":false},"sleep_reminder":{"hour":0,"millisecond":0,"minute":0,"second":0,"status":false},"snapshots":{"heart_rate":{"continuous_heart_rate_mode":0,"frequency":0,"mode":0},"pressure_mode":{"relaxation_warning_value":100},"sedentary_reminder":{"no_disturb_in_launch":false}},"spo2":{"enabled":true,"threshold":100},"support":{"heart_rate":true,"heart_rate_workout":false,"high_stress_index":false,"relaxation_prompt":true,"sedentary_reminder":true,"sleep_reminder":false,"spo2":true,"wear_detection":false},"wear_detection_status":{"last_updated_at":-1}}
2026-03-29 20:58:28.765 | AlertVM | handleQueryCallback type=HeartRateAlertSettingsObtained
2026-03-29 20:58:28.767 | AlertVM | heartRate query matchesStored=true pending=false phase=null
2026-03-29 20:58:28.768 | AlertVM | heartRate query value={"low_enabled":true,"low_threshold":49,"resting_enabled":true,"resting_threshold":50,"workout_enabled":false,"workout_threshold":175}
2026-03-29 20:58:28.771 | AlertVM | handleQueryCallback type=Default
2026-03-29 20:58:28.773 | AlertVM | handleQueryCallback type=AlertFeatureSupportObtained
2026-03-29 20:58:28.775 | AlertVM | support feature=HEART_RATE supported=true
2026-03-29 20:58:28.777 | AlertVM | handleQueryCallback type=Default
2026-03-29 20:58:29.058 | ZhQuery | onSWSPO2Monitor={"isWarning":true,"warningValue":100}
2026-03-29 20:58:29.062 | AlertService | queryCallback type=Spo2AlertSettingsObtained
2026-03-29 20:58:29.064 | AlertService | saveAlertSettings={"device_address":"D8:5C:08:30:00:1E","heart_rate":{"low_enabled":true,"low_threshold":49,"resting_enabled":true,"resting_threshold":50,"workout_enabled":false,"workout_threshold":175},"pending_sync":{"heart_rate":false,"relaxation_prompt":false,"sedentary_reminder":false,"sleep_reminder":false,"spo2":false},"pressure_mode":{"relaxation_prompt_enabled":false,"stress_monitoring_enabled":false},"sedentary_reminder":{"end_hour":18,"end_minute":0,"interval":60,"repeat_count":0,"start_hour":9,"start_minute":0,"status":false},"sleep_reminder":{"hour":0,"millisecond":0,"minute":0,"second":0,"status":false},"snapshots":{"heart_rate":{"continuous_heart_rate_mode":0,"frequency":0,"mode":0},"pressure_mode":{"relaxation_warning_value":100},"sedentary_reminder":{"no_disturb_in_launch":false}},"spo2":{"enabled":true,"threshold":100},"support":{"heart_rate":true,"heart_rate_workout":false,"high_stress_index":false,"relaxation_prompt":true,"sedentary_reminder":true,"sleep_reminder":false,"spo2":true,"wear_detection":false},"wear_detection_status":{"last_updated_at":-1}}
2026-03-29 20:58:29.065 | AlertService | queryCallback type=AlertFeatureSupportObtained
2026-03-29 20:58:29.067 | AlertService | saveAlertSettings={"device_address":"D8:5C:08:30:00:1E","heart_rate":{"low_enabled":true,"low_threshold":49,"resting_enabled":true,"resting_threshold":50,"workout_enabled":false,"workout_threshold":175},"pending_sync":{"heart_rate":false,"relaxation_prompt":false,"sedentary_reminder":false,"sleep_reminder":false,"spo2":false},"pressure_mode":{"relaxation_prompt_enabled":false,"stress_monitoring_enabled":false},"sedentary_reminder":{"end_hour":18,"end_minute":0,"interval":60,"repeat_count":0,"start_hour":9,"start_minute":0,"status":false},"sleep_reminder":{"hour":0,"millisecond":0,"minute":0,"second":0,"status":false},"snapshots":{"heart_rate":{"continuous_heart_rate_mode":0,"frequency":0,"mode":0},"pressure_mode":{"relaxation_warning_value":100},"sedentary_reminder":{"no_disturb_in_launch":false}},"spo2":{"enabled":true,"threshold":100},"support":{"heart_rate":true,"heart_rate_workout":false,"high_stress_index":false,"relaxation_prompt":true,"sedentary_reminder":true,"sleep_reminder":false,"spo2":true,"wear_detection":false},"wear_detection_status":{"last_updated_at":-1}}
2026-03-29 20:58:29.069 | AlertVM | handleQueryCallback type=Spo2AlertSettingsObtained
2026-03-29 20:58:29.070 | AlertVM | spo2 query matchesStored=true pending=false phase=null
2026-03-29 20:58:29.072 | AlertVM | spo2 query value={"enabled":true,"threshold":100}
2026-03-29 20:58:29.073 | AlertVM | handleQueryCallback type=Default
2026-03-29 20:58:29.075 | AlertVM | handleQueryCallback type=AlertFeatureSupportObtained
2026-03-29 20:58:29.077 | AlertVM | support feature=SPO2 supported=true
2026-03-29 20:58:29.079 | AlertVM | handleQueryCallback type=Default
2026-03-29 20:58:29.347 | AlertService | queryCallback type=UpdateFirmwareLogStatus
2026-03-29 20:58:29.352 | AlertVM | handleQueryCallback type=UpdateFirmwareLogStatus
2026-03-29 20:58:29.353 | AlertVM | handleQueryCallback type=Default
2026-03-29 20:58:29.603 | ZhQuery | onSWBRMonitor={"isWarning":false,"warningValue":100}
2026-03-29 20:58:29.605 | AlertService | queryCallback type=PressureModeSettingsObtained
2026-03-29 20:58:29.612 | AlertService | saveAlertSettings={"device_address":"D8:5C:08:30:00:1E","heart_rate":{"low_enabled":true,"low_threshold":49,"resting_enabled":true,"resting_threshold":50,"workout_enabled":false,"workout_threshold":175},"pending_sync":{"heart_rate":false,"relaxation_prompt":false,"sedentary_reminder":false,"sleep_reminder":false,"spo2":false},"pressure_mode":{"relaxation_prompt_enabled":false,"stress_monitoring_enabled":false},"sedentary_reminder":{"end_hour":18,"end_minute":0,"interval":60,"repeat_count":0,"start_hour":9,"start_minute":0,"status":false},"sleep_reminder":{"hour":0,"millisecond":0,"minute":0,"second":0,"status":false},"snapshots":{"heart_rate":{"continuous_heart_rate_mode":0,"frequency":0,"mode":0},"pressure_mode":{"relaxation_warning_value":100},"sedentary_reminder":{"no_disturb_in_launch":false}},"spo2":{"enabled":true,"threshold":100},"support":{"heart_rate":true,"heart_rate_workout":false,"high_stress_index":false,"relaxation_prompt":true,"sedentary_reminder":true,"sleep_reminder":false,"spo2":true,"wear_detection":false},"wear_detection_status":{"last_updated_at":-1}}
2026-03-29 20:58:29.613 | AlertService | queryCallback type=AlertFeatureSupportObtained
2026-03-29 20:58:29.615 | AlertService | saveAlertSettings={"device_address":"D8:5C:08:30:00:1E","heart_rate":{"low_enabled":true,"low_threshold":49,"resting_enabled":true,"resting_threshold":50,"workout_enabled":false,"workout_threshold":175},"pending_sync":{"heart_rate":false,"relaxation_prompt":false,"sedentary_reminder":false,"sleep_reminder":false,"spo2":false},"pressure_mode":{"relaxation_prompt_enabled":false,"stress_monitoring_enabled":false},"sedentary_reminder":{"end_hour":18,"end_minute":0,"interval":60,"repeat_count":0,"start_hour":9,"start_minute":0,"status":false},"sleep_reminder":{"hour":0,"millisecond":0,"minute":0,"second":0,"status":false},"snapshots":{"heart_rate":{"continuous_heart_rate_mode":0,"frequency":0,"mode":0},"pressure_mode":{"relaxation_warning_value":100},"sedentary_reminder":{"no_disturb_in_launch":false}},"spo2":{"enabled":true,"threshold":100},"support":{"heart_rate":true,"heart_rate_workout":false,"high_stress_index":false,"relaxation_prompt":true,"sedentary_reminder":true,"sleep_reminder":false,"spo2":true,"wear_detection":false},"wear_detection_status":{"last_updated_at":-1}}
2026-03-29 20:58:29.616 | AlertVM | handleQueryCallback type=PressureModeSettingsObtained
2026-03-29 20:58:29.617 | AlertVM | pressure query matchesStored=true pending=false phase=null
2026-03-29 20:58:29.618 | AlertVM | pressure query value={"relaxation_prompt_enabled":false,"stress_monitoring_enabled":false}
2026-03-29 20:58:29.619 | AlertVM | handleQueryCallback type=Default
2026-03-29 20:58:29.620 | AlertVM | handleQueryCallback type=AlertFeatureSupportObtained
2026-03-29 20:58:29.622 | AlertVM | support feature=RELAXATION_PROMPT supported=true
2026-03-29 20:58:29.623 | AlertVM | handleQueryCallback type=Default
2026-03-29 20:58:30.198 | AlertService | queryCallback type=UpdateFirmwareLogStatus
2026-03-29 20:58:30.205 | AlertVM | handleQueryCallback type=UpdateFirmwareLogStatus
2026-03-29 20:58:30.206 | AlertVM | handleQueryCallback type=Default
2026-03-29 20:58:30.547 | ZhQuery | onSedentaryReminderResult={"drinkWater":0,"endNoonTime":{"hour":0,"millisecond":0,"minuter":0,"second":0},"endTime":{"hour":0,"millisecond":0,"minuter":0,"second":0},"frequency":0,"isOn":false,"noDisturbInLaunch":false,"startNoonTime":{"hour":0,"millisecond":0,"minuter":0,"second":0},"startTime":{"hour":0,"millisecond":0,"minuter":0,"second":0}}
2026-03-29 20:58:30.548 | AlertService | queryCallback type=SedentaryDataObtained
2026-03-29 20:58:30.550 | AlertService | queryCallback type=SedentaryReminderSettingsObtained
2026-03-29 20:58:30.561 | AlertService | saveAlertSettings={"device_address":"D8:5C:08:30:00:1E","heart_rate":{"low_enabled":true,"low_threshold":49,"resting_enabled":true,"resting_threshold":50,"workout_enabled":false,"workout_threshold":175},"pending_sync":{"heart_rate":false,"relaxation_prompt":false,"sedentary_reminder":false,"sleep_reminder":false,"spo2":false},"pressure_mode":{"relaxation_prompt_enabled":false,"stress_monitoring_enabled":false},"sedentary_reminder":{"end_hour":18,"end_minute":0,"interval":60,"repeat_count":0,"start_hour":9,"start_minute":0,"status":false},"sleep_reminder":{"hour":0,"millisecond":0,"minute":0,"second":0,"status":false},"snapshots":{"heart_rate":{"continuous_heart_rate_mode":0,"frequency":0,"mode":0},"pressure_mode":{"relaxation_warning_value":100},"sedentary_reminder":{"no_disturb_in_launch":false}},"spo2":{"enabled":true,"threshold":100},"support":{"heart_rate":true,"heart_rate_workout":false,"high_stress_index":false,"relaxation_prompt":true,"sedentary_reminder":true,"sleep_reminder":false,"spo2":true,"wear_detection":false},"wear_detection_status":{"last_updated_at":-1}}
2026-03-29 20:58:30.563 | AlertService | queryCallback type=AlertFeatureSupportObtained
2026-03-29 20:58:30.565 | AlertService | saveAlertSettings={"device_address":"D8:5C:08:30:00:1E","heart_rate":{"low_enabled":true,"low_threshold":49,"resting_enabled":true,"resting_threshold":50,"workout_enabled":false,"workout_threshold":175},"pending_sync":{"heart_rate":false,"relaxation_prompt":false,"sedentary_reminder":false,"sleep_reminder":false,"spo2":false},"pressure_mode":{"relaxation_prompt_enabled":false,"stress_monitoring_enabled":false},"sedentary_reminder":{"end_hour":18,"end_minute":0,"interval":60,"repeat_count":0,"start_hour":9,"start_minute":0,"status":false},"sleep_reminder":{"hour":0,"millisecond":0,"minute":0,"second":0,"status":false},"snapshots":{"heart_rate":{"continuous_heart_rate_mode":0,"frequency":0,"mode":0},"pressure_mode":{"relaxation_warning_value":100},"sedentary_reminder":{"no_disturb_in_launch":false}},"spo2":{"enabled":true,"threshold":100},"support":{"heart_rate":true,"heart_rate_workout":false,"high_stress_index":false,"relaxation_prompt":true,"sedentary_reminder":true,"sleep_reminder":false,"spo2":true,"wear_detection":false},"wear_detection_status":{"last_updated_at":-1}}
2026-03-29 20:58:30.567 | AlertVM | handleQueryCallback type=SedentaryDataObtained
2026-03-29 20:58:30.568 | AlertVM | handleQueryCallback type=Default
2026-03-29 20:58:30.569 | AlertVM | handleQueryCallback type=SedentaryReminderSettingsObtained
2026-03-29 20:58:30.570 | AlertVM | sedentary query matchesStored=true pending=false phase=null
2026-03-29 20:58:30.571 | AlertVM | sedentary query value={"end_hour":0,"end_minute":0,"interval":0,"repeat_count":0,"start_hour":0,"start_minute":0,"status":false}
2026-03-29 20:58:30.572 | AlertVM | handleQueryCallback type=Default
2026-03-29 20:58:30.573 | AlertVM | handleQueryCallback type=AlertFeatureSupportObtained
2026-03-29 20:58:30.574 | AlertVM | support feature=SEDENTARY_REMINDER supported=true
2026-03-29 20:58:30.576 | AlertVM | handleQueryCallback type=Default
2026-03-29 20:58:31.182 | AlertService | queryCallback type=UpdateFirmwareLogStatus
2026-03-29 20:58:31.187 | AlertVM | handleQueryCallback type=UpdateFirmwareLogStatus
2026-03-29 20:58:31.189 | AlertVM | handleQueryCallback type=Default
2026-03-29 20:58:32.353 | AlertService | queryCallback type=UpdateFirmwareLogStatus
2026-03-29 20:58:32.361 | AlertVM | handleQueryCallback type=UpdateFirmwareLogStatus
2026-03-29 20:58:32.363 | AlertVM | handleQueryCallback type=Default
2026-03-29 20:58:33.311 | AlertService | queryCallback type=UpdateFirmwareLogStatus
2026-03-29 20:58:33.313 | AlertVM | handleQueryCallback type=UpdateFirmwareLogStatus
2026-03-29 20:58:33.314 | AlertVM | handleQueryCallback type=Default
2026-03-29 20:58:34.290 | AlertService | queryCallback type=UpdateFirmwareLogStatus
2026-03-29 20:58:34.300 | AlertVM | handleQueryCallback type=UpdateFirmwareLogStatus
2026-03-29 20:58:34.302 | AlertVM | handleQueryCallback type=Default
2026-03-29 20:58:35.143 | AlertService | queryCallback type=UpdateFirmwareLogStatus
2026-03-29 20:58:35.150 | AlertVM | handleQueryCallback type=UpdateFirmwareLogStatus
2026-03-29 20:58:35.152 | AlertVM | handleQueryCallback type=Default
2026-03-29 20:58:36.190 | AlertService | queryCallback type=UpdateFirmwareLogStatus
2026-03-29 20:58:36.202 | AlertVM | handleQueryCallback type=UpdateFirmwareLogStatus
2026-03-29 20:58:36.205 | AlertVM | handleQueryCallback type=Default
2026-03-29 20:58:36.583 | AlertService | queryCallback type=BatteryDataObtained
2026-03-29 20:58:36.597 | AlertVM | handleQueryCallback type=BatteryDataObtained
2026-03-29 20:58:36.599 | AlertVM | handleQueryCallback type=Default
2026-03-29 20:58:37.209 | AlertService | queryCallback type=UpdateFirmwareLogStatus
2026-03-29 20:58:37.215 | AlertVM | handleQueryCallback type=UpdateFirmwareLogStatus
2026-03-29 20:58:37.217 | AlertVM | handleQueryCallback type=Default
2026-03-29 20:58:37.250 | AlertUI | exportAlertLogs requested
2026-03-29 20:58:38.485 | AlertService | queryCallback type=UpdateFirmwareLogStatus
2026-03-29 20:58:38.497 | AlertVM | handleQueryCallback type=UpdateFirmwareLogStatus
2026-03-29 20:58:38.500 | AlertVM | handleQueryCallback type=Default
2026-03-29 20:58:39.309 | AlertService | queryCallback type=UpdateFirmwareLogStatus
2026-03-29 20:58:39.322 | AlertVM | handleQueryCallback type=UpdateFirmwareLogStatus
2026-03-29 20:58:39.326 | AlertVM | handleQueryCallback type=Default
2026-03-29 20:58:40.508 | AlertService | queryCallback type=UpdateFirmwareLogStatus
2026-03-29 20:58:40.522 | AlertVM | handleQueryCallback type=UpdateFirmwareLogStatus
2026-03-29 20:58:40.529 | AlertVM | handleQueryCallback type=Default
2026-03-29 20:58:41.349 | AlertService | queryCallback type=UpdateFirmwareLogStatus
2026-03-29 20:58:42.393 | AlertService | queryCallback type=UpdateFirmwareLogStatus
2026-03-29 20:58:43.417 | AlertService | queryCallback type=UpdateFirmwareLogStatus
2026-03-29 20:58:44.810 | AlertService | queryCallback type=UpdateFirmwareLogStatus
2026-03-29 20:58:45.706 | AlertService | queryCallback type=UpdateFirmwareLogStatus
2026-03-29 20:58:46.432 | AlertService | queryCallback type=UpdateFirmwareLogStatus
2026-03-29 20:58:46.969 | AlertService | queryCallback type=UpdateFirmwareLogStatus
2026-03-29 20:58:47.670 | AlertService | queryCallback type=UpdateFirmwareLogStatus
2026-03-29 20:58:48.590 | AlertService | queryCallback type=UpdateFirmwareLogStatus
2026-03-29 20:58:49.774 | AlertService | queryCallback type=UpdateFirmwareLogStatus
2026-03-29 20:58:50.806 | AlertService | queryCallback type=UpdateFirmwareLogStatus
2026-03-29 20:58:51.705 | AlertService | queryCallback type=UpdateFirmwareLogStatus
2026-03-29 20:58:52.794 | AlertService | queryCallback type=UpdateFirmwareLogStatus
2026-03-29 20:58:53.620 | AlertService | queryCallback type=UpdateFirmwareLogStatus
2026-03-29 20:58:54.593 | AlertService | queryCallback type=UpdateFirmwareLogStatus
2026-03-29 20:58:55.734 | AlertService | queryCallback type=UpdateFirmwareLogStatus
2026-03-29 20:58:56.829 | AlertService | queryCallback type=UpdateFirmwareLogStatus
2026-03-29 20:58:57.600 | AlertService | queryCallback type=UpdateFirmwareLogStatus
2026-03-29 20:58:58.602 | AlertService | queryCallback type=UpdateFirmwareLogStatus
2026-03-29 20:58:59.875 | AlertService | queryCallback type=UpdateFirmwareLogStatus
2026-03-29 20:59:00.638 | AlertService | queryCallback type=UpdateFirmwareLogStatus
2026-03-29 20:59:01.747 | AlertService | queryCallback type=UpdateFirmwareLogStatus
2026-03-29 20:59:03.002 | AlertService | queryCallback type=UpdateFirmwareLogStatus
2026-03-29 20:59:03.654 | AlertService | queryCallback type=UpdateFirmwareLogStatus
2026-03-29 20:59:04.566 | AlertService | queryCallback type=UpdateFirmwareLogStatus
2026-03-29 20:59:05.610 | AlertService | queryCallback type=UpdateFirmwareLogStatus
2026-03-29 20:59:06.554 | AlertService | queryCallback type=UpdateFirmwareLogStatus
2026-03-29 20:59:07.589 | AlertService | queryCallback type=UpdateFirmwareLogStatus
2026-03-29 20:59:08.741 | AlertService | queryCallback type=UpdateFirmwareLogStatus
2026-03-29 20:59:09.637 | AlertService | queryCallback type=UpdateFirmwareLogStatus
2026-03-29 20:59:10.967 | AlertService | queryCallback type=UpdateFirmwareLogStatus
2026-03-29 20:59:11.906 | AlertService | queryCallback type=UpdateFirmwareLogStatus
2026-03-29 20:59:12.622 | AlertService | queryCallback type=UpdateFirmwareLogStatus
2026-03-29 20:59:13.568 | AlertService | queryCallback type=UpdateFirmwareLogStatus
2026-03-29 20:59:14.628 | AlertService | queryCallback type=UpdateFirmwareLogStatus
2026-03-29 20:59:15.550 | AlertService | queryCallback type=UpdateFirmwareLogStatus
2026-03-29 20:59:16.542 | AlertService | queryCallback type=UpdateFirmwareLogStatus
2026-03-29 20:59:17.637 | AlertService | queryCallback type=UpdateFirmwareLogStatus
2026-03-29 20:59:18.612 | AlertService | queryCallback type=UpdateFirmwareLogStatus
2026-03-29 20:59:19.551 | AlertService | queryCallback type=UpdateFirmwareLogStatus
2026-03-29 20:59:20.562 | AlertService | queryCallback type=UpdateFirmwareLogStatus
2026-03-29 20:59:21.561 | AlertService | queryCallback type=UpdateFirmwareLogStatus
2026-03-29 20:59:22.562 | AlertService | queryCallback type=UpdateFirmwareLogStatus
2026-03-29 20:59:23.556 | AlertService | queryCallback type=UpdateFirmwareLogStatus
2026-03-29 20:59:24.596 | AlertService | queryCallback type=UpdateFirmwareLogStatus
2026-03-29 20:59:25.603 | AlertService | queryCallback type=UpdateFirmwareLogStatus
2026-03-29 20:59:26.519 | AlertService | queryCallback type=UpdateFirmwareLogStatus
2026-03-29 20:59:27.564 | AlertService | queryCallback type=UpdateFirmwareLogStatus
2026-03-29 20:59:28.548 | AlertService | queryCallback type=UpdateFirmwareLogStatus
2026-03-29 20:59:29.628 | AlertService | queryCallback type=UpdateFirmwareLogStatus
2026-03-29 20:59:30.546 | AlertService | queryCallback type=UpdateFirmwareLogStatus
2026-03-29 20:59:31.570 | AlertService | queryCallback type=UpdateFirmwareLogStatus
2026-03-29 20:59:32.557 | AlertService | queryCallback type=UpdateFirmwareLogStatus
2026-03-29 20:59:33.545 | AlertService | queryCallback type=UpdateFirmwareLogStatus
2026-03-29 20:59:34.854 | AlertService | queryCallback type=UpdateFirmwareLogStatus
2026-03-29 20:59:35.549 | AlertService | queryCallback type=UpdateFirmwareLogStatus
2026-03-29 20:59:36.659 | AlertService | queryCallback type=UpdateFirmwareLogStatus
2026-03-29 20:59:37.732 | AlertService | queryCallback type=UpdateFirmwareLogStatus
2026-03-29 20:59:38.572 | AlertService | queryCallback type=UpdateFirmwareLogStatus
2026-03-29 20:59:39.581 | AlertService | queryCallback type=UpdateFirmwareLogStatus
2026-03-29 20:59:40.522 | AlertService | queryCallback type=UpdateFirmwareLogStatus
2026-03-29 20:59:41.600 | AlertService | queryCallback type=UpdateFirmwareLogStatus
2026-03-29 20:59:42.298 | AlertVM | handleQueryCallback type=Default
2026-03-29 20:59:42.645 | AlertService | queryCallback type=UpdateFirmwareLogStatus
2026-03-29 20:59:42.676 | AlertVM | handleQueryCallback type=UpdateFirmwareLogStatus
2026-03-29 20:59:42.678 | AlertVM | handleQueryCallback type=Default
2026-03-29 20:59:43.055 | AlertService | queryCallback type=BatteryDataObtained
2026-03-29 20:59:43.315 | AlertService | queryCallback type=BatteryDataObtained
2026-03-29 20:59:43.581 | AlertService | queryCallback type=UpdateFirmwareLogStatus
2026-03-29 20:59:44.555 | AlertService | queryCallback type=UpdateFirmwareLogStatus
2026-03-29 20:59:45.517 | AlertService | queryCallback type=UpdateFirmwareLogStatus
2026-03-29 20:59:45.813 | AlertVM | handleQueryCallback type=Default
2026-03-29 20:59:46.198 | AlertService | queryCallback type=BatteryDataObtained
2026-03-29 20:59:46.203 | AlertVM | handleQueryCallback type=BatteryDataObtained
2026-03-29 20:59:46.207 | AlertVM | handleQueryCallback type=Default
2026-03-29 20:59:46.468 | AlertService | queryCallback type=BatteryDataObtained
2026-03-29 20:59:46.470 | AlertVM | handleQueryCallback type=BatteryDataObtained
2026-03-29 20:59:46.471 | AlertVM | handleQueryCallback type=Default
2026-03-29 20:59:46.883 | AlertService | queryCallback type=UpdateFirmwareLogStatus
2026-03-29 20:59:46.917 | AlertVM | handleQueryCallback type=UpdateFirmwareLogStatus
2026-03-29 20:59:46.919 | AlertVM | handleQueryCallback type=Default
2026-03-29 20:59:47.698 | AlertService | queryCallback type=UpdateFirmwareLogStatus
2026-03-29 20:59:47.701 | AlertVM | handleQueryCallback type=UpdateFirmwareLogStatus
2026-03-29 20:59:47.702 | AlertVM | handleQueryCallback type=Default
2026-03-29 20:59:48.900 | AlertService | queryCallback type=UpdateFirmwareLogStatus
2026-03-29 20:59:49.599 | AlertService | queryCallback type=UpdateFirmwareLogStatus
2026-03-29 20:59:50.561 | AlertService | queryCallback type=UpdateFirmwareLogStatus
2026-03-29 20:59:51.543 | AlertService | queryCallback type=UpdateFirmwareLogStatus
2026-03-29 20:59:52.748 | AlertService | queryCallback type=UpdateFirmwareLogStatus
2026-03-29 20:59:53.523 | AlertService | queryCallback type=UpdateFirmwareLogStatus
2026-03-29 20:59:54.516 | AlertService | queryCallback type=UpdateFirmwareLogStatus
2026-03-29 20:59:55.390 | AlertService | queryCallback type=BatteryDataObtained
2026-03-29 20:59:55.732 | AlertService | queryCallback type=UpdateFirmwareLogStatus
2026-03-29 20:59:56.749 | AlertService | queryCallback type=UpdateFirmwareLogStatus
2026-03-29 20:59:57.620 | AlertService | queryCallback type=UpdateFirmwareLogStatus
2026-03-29 20:59:58.665 | AlertService | queryCallback type=UpdateFirmwareLogStatus
2026-03-29 21:00:00.277 | AlertService | queryCallback type=UpdateFirmwareLogStatus
2026-03-29 21:00:01.380 | AlertService | queryCallback type=UpdateFirmwareLogStatus
2026-03-29 21:00:02.516 | AlertService | queryCallback type=UpdateFirmwareLogStatus
2026-03-29 21:00:03.551 | AlertService | queryCallback type=UpdateFirmwareLogStatus
2026-03-29 21:00:04.397 | AlertService | queryCallback type=UpdateFirmwareLogStatus
2026-03-29 21:00:05.373 | AlertService | queryCallback type=UpdateFirmwareLogStatus
2026-03-29 21:00:06.450 | AlertService | queryCallback type=UpdateFirmwareLogStatus
2026-03-29 21:00:07.475 | AlertService | queryCallback type=UpdateFirmwareLogStatus
2026-03-29 21:00:08.707 | AlertService | queryCallback type=UpdateFirmwareLogStatus
2026-03-29 21:00:09.799 | AlertService | queryCallback type=UpdateFirmwareLogStatus
2026-03-29 21:00:10.410 | AlertService | queryCallback type=UpdateFirmwareLogStatus
2026-03-29 21:00:11.365 | AlertService | queryCallback type=UpdateFirmwareLogStatus
2026-03-29 21:00:12.435 | AlertService | queryCallback type=UpdateFirmwareLogStatus
2026-03-29 21:00:13.604 | AlertService | queryCallback type=UpdateFirmwareLogStatus
2026-03-29 21:00:14.482 | AlertService | queryCallback type=UpdateFirmwareLogStatus
2026-03-29 21:00:15.368 | AlertService | queryCallback type=UpdateFirmwareLogStatus
2026-03-29 21:00:16.378 | AlertService | queryCallback type=UpdateFirmwareLogStatus
2026-03-29 21:00:17.352 | AlertService | queryCallback type=UpdateFirmwareLogStatus
2026-03-29 21:00:18.380 | AlertService | queryCallback type=UpdateFirmwareLogStatus
2026-03-29 21:00:19.357 | AlertService | queryCallback type=UpdateFirmwareLogStatus
2026-03-29 21:00:20.348 | AlertService | queryCallback type=UpdateFirmwareLogStatus
2026-03-29 21:00:21.376 | AlertService | queryCallback type=UpdateFirmwareLogStatus
2026-03-29 21:00:22.326 | AlertService | queryCallback type=UpdateFirmwareLogStatus
2026-03-29 21:00:23.384 | AlertService | queryCallback type=UpdateFirmwareLogStatus
2026-03-29 21:00:24.356 | AlertService | queryCallback type=UpdateFirmwareLogStatus
2026-03-29 21:00:25.351 | AlertService | queryCallback type=UpdateFirmwareLogStatus
2026-03-29 21:00:26.406 | AlertService | queryCallback type=UpdateFirmwareLogStatus
2026-03-29 21:00:27.391 | AlertService | queryCallback type=UpdateFirmwareLogStatus
2026-03-29 21:00:28.375 | AlertService | queryCallback type=UpdateFirmwareLogStatus
2026-03-29 21:00:29.354 | AlertService | queryCallback type=UpdateFirmwareLogStatus
2026-03-29 21:00:30.344 | AlertService | queryCallback type=UpdateFirmwareLogStatus
2026-03-29 21:00:31.334 | AlertService | queryCallback type=UpdateFirmwareLogStatus
2026-03-29 21:00:32.377 | AlertService | queryCallback type=UpdateFirmwareLogStatus
2026-03-29 21:00:33.361 | AlertService | queryCallback type=UpdateFirmwareLogStatus
2026-03-29 21:00:34.389 | AlertService | queryCallback type=UpdateFirmwareLogStatus
2026-03-29 21:00:35.329 | AlertService | queryCallback type=UpdateFirmwareLogStatus
2026-03-29 21:00:36.326 | AlertService | queryCallback type=UpdateFirmwareLogStatus
2026-03-29 21:00:37.388 | AlertService | queryCallback type=UpdateFirmwareLogStatus
2026-03-29 21:00:38.353 | AlertService | queryCallback type=UpdateFirmwareLogStatus
2026-03-29 21:00:39.352 | AlertService | queryCallback type=UpdateFirmwareLogStatus
2026-03-29 21:00:40.376 | AlertService | queryCallback type=UpdateFirmwareLogStatus
2026-03-29 21:00:41.326 | AlertService | queryCallback type=UpdateFirmwareLogStatus
2026-03-29 21:00:42.351 | AlertService | queryCallback type=UpdateFirmwareLogStatus
2026-03-29 21:00:43.343 | AlertService | queryCallback type=UpdateFirmwareLogStatus
2026-03-29 21:00:44.398 | AlertService | queryCallback type=UpdateFirmwareLogStatus
2026-03-29 21:00:45.330 | AlertService | queryCallback type=UpdateFirmwareLogStatus
2026-03-29 21:00:46.361 | AlertService | queryCallback type=UpdateFirmwareLogStatus
2026-03-29 21:00:47.367 | AlertService | queryCallback type=UpdateFirmwareLogStatus
2026-03-29 21:00:48.414 | AlertService | queryCallback type=UpdateFirmwareLogStatus
2026-03-29 21:00:49.378 | AlertService | queryCallback type=UpdateFirmwareLogStatus
2026-03-29 21:00:50.427 | AlertService | queryCallback type=UpdateFirmwareLogStatus
2026-03-29 21:00:51.469 | AlertService | queryCallback type=UpdateFirmwareLogStatus
2026-03-29 21:00:52.769 | AlertService | queryCallback type=UpdateFirmwareLogStatus
2026-03-29 21:00:53.358 | AlertService | queryCallback type=UpdateFirmwareLogStatus
2026-03-29 21:00:54.415 | AlertService | queryCallback type=UpdateFirmwareLogStatus
2026-03-29 21:00:55.365 | AlertService | queryCallback type=UpdateFirmwareLogStatus
2026-03-29 21:00:56.396 | AlertService | queryCallback type=UpdateFirmwareLogStatus
2026-03-29 21:00:57.340 | AlertService | queryCallback type=UpdateFirmwareLogStatus
2026-03-29 21:00:58.424 | AlertService | queryCallback type=UpdateFirmwareLogStatus
2026-03-29 21:00:59.332 | AlertService | queryCallback type=UpdateFirmwareLogStatus
2026-03-29 21:01:00.459 | AlertService | queryCallback type=UpdateFirmwareLogStatus
2026-03-29 21:01:01.525 | AlertService | queryCallback type=UpdateFirmwareLogStatus
2026-03-29 21:01:02.439 | AlertService | queryCallback type=UpdateFirmwareLogStatus
2026-03-29 21:01:03.453 | AlertService | queryCallback type=UpdateFirmwareLogStatus
2026-03-29 21:01:04.358 | AlertService | queryCallback type=UpdateFirmwareLogStatus
2026-03-29 21:01:05.543 | AlertService | queryCallback type=UpdateFirmwareLogStatus
2026-03-29 21:01:06.517 | AlertService | queryCallback type=UpdateFirmwareLogStatus
2026-03-29 21:01:07.379 | AlertService | queryCallback type=UpdateFirmwareLogStatus
2026-03-29 21:01:08.482 | AlertService | queryCallback type=UpdateFirmwareLogStatus
2026-03-29 21:01:09.404 | AlertService | queryCallback type=UpdateFirmwareLogStatus
2026-03-29 21:01:10.352 | AlertService | queryCallback type=UpdateFirmwareLogStatus
2026-03-29 21:01:11.344 | AlertService | queryCallback type=UpdateFirmwareLogStatus
2026-03-29 21:01:12.375 | AlertService | queryCallback type=UpdateFirmwareLogStatus
2026-03-29 21:01:13.416 | AlertService | queryCallback type=UpdateFirmwareLogStatus
2026-03-29 21:01:14.351 | AlertService | queryCallback type=UpdateFirmwareLogStatus
2026-03-29 21:01:15.340 | AlertService | queryCallback type=UpdateFirmwareLogStatus
2026-03-29 21:01:16.376 | AlertService | queryCallback type=UpdateFirmwareLogStatus
2026-03-29 21:01:17.415 | AlertService | queryCallback type=UpdateFirmwareLogStatus
2026-03-29 21:01:18.377 | AlertService | queryCallback type=UpdateFirmwareLogStatus
2026-03-29 21:01:19.338 | AlertService | queryCallback type=UpdateFirmwareLogStatus
2026-03-29 21:01:20.343 | AlertService | queryCallback type=UpdateFirmwareLogStatus
2026-03-29 21:01:21.376 | AlertService | queryCallback type=UpdateFirmwareLogStatus
2026-03-29 21:01:22.366 | AlertService | queryCallback type=UpdateFirmwareLogStatus
2026-03-29 21:01:23.392 | AlertService | queryCallback type=UpdateFirmwareLogStatus
2026-03-29 21:01:24.381 | AlertService | queryCallback type=UpdateFirmwareLogStatus
2026-03-29 21:01:25.391 | AlertService | queryCallback type=UpdateFirmwareLogStatus
2026-03-29 21:01:26.413 | AlertService | queryCallback type=UpdateFirmwareLogStatus
2026-03-29 21:01:27.356 | AlertService | queryCallback type=UpdateFirmwareLogStatus
2026-03-29 21:01:28.397 | AlertService | queryCallback type=UpdateFirmwareLogStatus
2026-03-29 21:01:29.344 | AlertService | queryCallback type=UpdateFirmwareLogStatus
2026-03-29 21:01:30.327 | AlertService | queryCallback type=UpdateFirmwareLogStatus
2026-03-29 21:01:31.498 | AlertService | queryCallback type=UpdateFirmwareLogStatus
2026-03-29 21:01:32.350 | AlertService | queryCallback type=UpdateFirmwareLogStatus
2026-03-29 21:01:33.340 | AlertService | queryCallback type=UpdateFirmwareLogStatus
2026-03-29 21:01:34.342 | AlertService | queryCallback type=UpdateFirmwareLogStatus
2026-03-29 21:01:35.314 | AlertService | queryCallback type=UpdateFirmwareLogStatus
2026-03-29 21:01:36.359 | AlertService | queryCallback type=UpdateFirmwareLogStatus
2026-03-29 21:01:37.351 | AlertService | queryCallback type=UpdateFirmwareLogStatus
2026-03-29 21:01:38.434 | AlertService | queryCallback type=UpdateFirmwareLogStatus
2026-03-29 21:01:39.345 | AlertService | queryCallback type=UpdateFirmwareLogStatus
2026-03-29 21:01:40.348 | AlertService | queryCallback type=UpdateFirmwareLogStatus
2026-03-29 21:01:41.363 | AlertService | queryCallback type=UpdateFirmwareLogStatus
2026-03-29 21:01:42.407 | AlertService | queryCallback type=UpdateFirmwareLogStatus
2026-03-29 21:01:43.332 | AlertService | queryCallback type=UpdateFirmwareLogStatus
2026-03-29 21:01:44.320 | AlertService | queryCallback type=UpdateFirmwareLogStatus
2026-03-29 21:01:45.355 | AlertService | queryCallback type=UpdateFirmwareLogStatus
2026-03-29 21:01:46.351 | AlertService | queryCallback type=UpdateFirmwareLogStatus
2026-03-29 21:01:47.350 | AlertService | queryCallback type=UpdateFirmwareLogStatus
2026-03-29 21:01:48.408 | AlertService | queryCallback type=UpdateFirmwareLogStatus
2026-03-29 21:01:49.573 | AlertService | queryCallback type=UpdateFirmwareLogStatus
2026-03-29 21:01:49.950 | AlertService | queryCallback type=BatteryDataObtained
2026-03-29 21:01:50.270 | AlertService | queryCallback type=BatteryDataObtained
2026-03-29 21:01:50.533 | AlertService | queryCallback type=UpdateFirmwareLogStatus
2026-03-29 21:01:51.339 | AlertService | queryCallback type=UpdateFirmwareLogStatus
2026-03-29 21:01:51.753 | AlertUI | BlankTestFragment alert panel initialized
2026-03-29 21:01:51.758 | AlertVM | handleQueryCallback type=Default
2026-03-29 21:01:51.759 | AlertVM | onConnectedStateChanged state=ConnectSuccess
2026-03-29 21:01:51.761 | AlertVM | loadState={"device_address":"D8:5C:08:30:00:1E","heart_rate":{"low_enabled":true,"low_threshold":49,"resting_enabled":true,"resting_threshold":50,"workout_enabled":false,"workout_threshold":175},"pending_sync":{"heart_rate":false,"relaxation_prompt":false,"sedentary_reminder":false,"sleep_reminder":false,"spo2":false},"pressure_mode":{"relaxation_prompt_enabled":false,"stress_monitoring_enabled":false},"sedentary_reminder":{"end_hour":18,"end_minute":0,"interval":60,"repeat_count":0,"start_hour":9,"start_minute":0,"status":false},"sleep_reminder":{"hour":0,"millisecond":0,"minute":0,"second":0,"status":false},"snapshots":{"heart_rate":{"continuous_heart_rate_mode":0,"frequency":0,"mode":0},"pressure_mode":{"relaxation_warning_value":100},"sedentary_reminder":{"no_disturb_in_launch":false}},"spo2":{"enabled":true,"threshold":100},"support":{"heart_rate":true,"heart_rate_workout":false,"high_stress_index":false,"relaxation_prompt":true,"sedentary_reminder":true,"sleep_reminder":false,"spo2":true,"wear_detection":false},"wear_detection_status":{"last_updated_at":-1}}
2026-03-29 21:01:51.762 | AlertVM | refreshFromBand dispatching alert queries
2026-03-29 21:01:51.839 | AlertVM | refreshFromBand dispatching alert queries
2026-03-29 21:01:51.840 | ZhQuery | getHeartRateAlertSettings dispatched api=SWHRMonitor deviceType=luna_band
2026-03-29 21:01:51.849 | ZhQuery | getSpo2AlertSettings dispatched
2026-03-29 21:01:51.850 | ZhQuery | getPressureModeSettings dispatched api=SWBRMonitor deviceType=luna_band
2026-03-29 21:01:51.851 | ZhQuery | getSleepReminder dispatched
2026-03-29 21:01:51.879 | ZhQuery | getHeartRateAlertSettings dispatched api=SWHRMonitor deviceType=luna_band
2026-03-29 21:01:51.881 | ZhQuery | getSpo2AlertSettings dispatched
2026-03-29 21:01:51.887 | ZhQuery | getPressureModeSettings dispatched api=SWBRMonitor deviceType=luna_band
2026-03-29 21:01:51.890 | ZhQuery | getSleepReminder dispatched
2026-03-29 21:01:52.426 | AlertService | queryCallback type=UpdateFirmwareLogStatus
2026-03-29 21:01:52.433 | AlertVM | handleQueryCallback type=UpdateFirmwareLogStatus
2026-03-29 21:01:52.436 | AlertVM | handleQueryCallback type=Default
2026-03-29 21:01:53.548 | AlertService | queryCallback type=UpdateFirmwareLogStatus
2026-03-29 21:01:53.553 | AlertVM | handleQueryCallback type=UpdateFirmwareLogStatus
2026-03-29 21:01:53.554 | AlertVM | handleQueryCallback type=Default
2026-03-29 21:01:54.264 | ZhQuery | onSWHRMonitor={"heightWarningValue":50,"isHeightWarning":true,"isLowWarning":true,"lowWarningValue":49}
2026-03-29 21:01:54.266 | AlertService | queryCallback type=HeartRateAlertSettingsObtained
2026-03-29 21:01:54.270 | AlertService | saveAlertSettings={"device_address":"D8:5C:08:30:00:1E","heart_rate":{"low_enabled":true,"low_threshold":49,"resting_enabled":true,"resting_threshold":50,"workout_enabled":false,"workout_threshold":175},"pending_sync":{"heart_rate":false,"relaxation_prompt":false,"sedentary_reminder":false,"sleep_reminder":false,"spo2":false},"pressure_mode":{"relaxation_prompt_enabled":false,"stress_monitoring_enabled":false},"sedentary_reminder":{"end_hour":18,"end_minute":0,"interval":60,"repeat_count":0,"start_hour":9,"start_minute":0,"status":false},"sleep_reminder":{"hour":0,"millisecond":0,"minute":0,"second":0,"status":false},"snapshots":{"heart_rate":{"continuous_heart_rate_mode":0,"frequency":0,"mode":0},"pressure_mode":{"relaxation_warning_value":100},"sedentary_reminder":{"no_disturb_in_launch":false}},"spo2":{"enabled":true,"threshold":100},"support":{"heart_rate":true,"heart_rate_workout":false,"high_stress_index":false,"relaxation_prompt":true,"sedentary_reminder":true,"sleep_reminder":false,"spo2":true,"wear_detection":false},"wear_detection_status":{"last_updated_at":-1}}
2026-03-29 21:01:54.272 | AlertService | queryCallback type=AlertFeatureSupportObtained
2026-03-29 21:01:54.274 | AlertService | saveAlertSettings={"device_address":"D8:5C:08:30:00:1E","heart_rate":{"low_enabled":true,"low_threshold":49,"resting_enabled":true,"resting_threshold":50,"workout_enabled":false,"workout_threshold":175},"pending_sync":{"heart_rate":false,"relaxation_prompt":false,"sedentary_reminder":false,"sleep_reminder":false,"spo2":false},"pressure_mode":{"relaxation_prompt_enabled":false,"stress_monitoring_enabled":false},"sedentary_reminder":{"end_hour":18,"end_minute":0,"interval":60,"repeat_count":0,"start_hour":9,"start_minute":0,"status":false},"sleep_reminder":{"hour":0,"millisecond":0,"minute":0,"second":0,"status":false},"snapshots":{"heart_rate":{"continuous_heart_rate_mode":0,"frequency":0,"mode":0},"pressure_mode":{"relaxation_warning_value":100},"sedentary_reminder":{"no_disturb_in_launch":false}},"spo2":{"enabled":true,"threshold":100},"support":{"heart_rate":true,"heart_rate_workout":false,"high_stress_index":false,"relaxation_prompt":true,"sedentary_reminder":true,"sleep_reminder":false,"spo2":true,"wear_detection":false},"wear_detection_status":{"last_updated_at":-1}}
2026-03-29 21:01:54.276 | ZhQuery | getHeartRateAlertSettings api=SWHRMonitor state=SUCCEED
2026-03-29 21:01:54.277 | ZhQuery | getHeartRateAlertSettings api=SWHRMonitor state=SUCCEED
2026-03-29 21:01:54.279 | AlertVM | handleQueryCallback type=HeartRateAlertSettingsObtained
2026-03-29 21:01:54.282 | AlertVM | heartRate query matchesStored=true pending=false phase=null
2026-03-29 21:01:54.284 | AlertVM | heartRate query value={"low_enabled":true,"low_threshold":49,"resting_enabled":true,"resting_threshold":50,"workout_enabled":false,"workout_threshold":175}
2026-03-29 21:01:54.285 | AlertVM | handleQueryCallback type=Default
2026-03-29 21:01:54.288 | AlertVM | handleQueryCallback type=AlertFeatureSupportObtained
2026-03-29 21:01:54.289 | AlertVM | support feature=HEART_RATE supported=true
2026-03-29 21:01:54.291 | AlertVM | handleQueryCallback type=Default
2026-03-29 21:01:54.824 | AlertService | queryCallback type=UpdateFirmwareLogStatus
2026-03-29 21:01:54.833 | AlertVM | handleQueryCallback type=UpdateFirmwareLogStatus
2026-03-29 21:01:54.834 | AlertVM | handleQueryCallback type=Default
2026-03-29 21:01:55.178 | ZhQuery | onSWSPO2Monitor={"isWarning":true,"warningValue":100}
2026-03-29 21:01:55.179 | AlertService | queryCallback type=Spo2AlertSettingsObtained
2026-03-29 21:01:55.181 | AlertService | saveAlertSettings={"device_address":"D8:5C:08:30:00:1E","heart_rate":{"low_enabled":true,"low_threshold":49,"resting_enabled":true,"resting_threshold":50,"workout_enabled":false,"workout_threshold":175},"pending_sync":{"heart_rate":false,"relaxation_prompt":false,"sedentary_reminder":false,"sleep_reminder":false,"spo2":false},"pressure_mode":{"relaxation_prompt_enabled":false,"stress_monitoring_enabled":false},"sedentary_reminder":{"end_hour":18,"end_minute":0,"interval":60,"repeat_count":0,"start_hour":9,"start_minute":0,"status":false},"sleep_reminder":{"hour":0,"millisecond":0,"minute":0,"second":0,"status":false},"snapshots":{"heart_rate":{"continuous_heart_rate_mode":0,"frequency":0,"mode":0},"pressure_mode":{"relaxation_warning_value":100},"sedentary_reminder":{"no_disturb_in_launch":false}},"spo2":{"enabled":true,"threshold":100},"support":{"heart_rate":true,"heart_rate_workout":false,"high_stress_index":false,"relaxation_prompt":true,"sedentary_reminder":true,"sleep_reminder":false,"spo2":true,"wear_detection":false},"wear_detection_status":{"last_updated_at":-1}}
2026-03-29 21:01:55.183 | AlertService | queryCallback type=AlertFeatureSupportObtained
2026-03-29 21:01:55.185 | AlertService | saveAlertSettings={"device_address":"D8:5C:08:30:00:1E","heart_rate":{"low_enabled":true,"low_threshold":49,"resting_enabled":true,"resting_threshold":50,"workout_enabled":false,"workout_threshold":175},"pending_sync":{"heart_rate":false,"relaxation_prompt":false,"sedentary_reminder":false,"sleep_reminder":false,"spo2":false},"pressure_mode":{"relaxation_prompt_enabled":false,"stress_monitoring_enabled":false},"sedentary_reminder":{"end_hour":18,"end_minute":0,"interval":60,"repeat_count":0,"start_hour":9,"start_minute":0,"status":false},"sleep_reminder":{"hour":0,"millisecond":0,"minute":0,"second":0,"status":false},"snapshots":{"heart_rate":{"continuous_heart_rate_mode":0,"frequency":0,"mode":0},"pressure_mode":{"relaxation_warning_value":100},"sedentary_reminder":{"no_disturb_in_launch":false}},"spo2":{"enabled":true,"threshold":100},"support":{"heart_rate":true,"heart_rate_workout":false,"high_stress_index":false,"relaxation_prompt":true,"sedentary_reminder":true,"sleep_reminder":false,"spo2":true,"wear_detection":false},"wear_detection_status":{"last_updated_at":-1}}
2026-03-29 21:01:55.187 | AlertVM | handleQueryCallback type=Spo2AlertSettingsObtained
2026-03-29 21:01:55.188 | AlertVM | spo2 query matchesStored=true pending=false phase=null
2026-03-29 21:01:55.190 | AlertVM | spo2 query value={"enabled":true,"threshold":100}
2026-03-29 21:01:55.191 | AlertVM | handleQueryCallback type=Default
2026-03-29 21:01:55.192 | AlertVM | handleQueryCallback type=AlertFeatureSupportObtained
2026-03-29 21:01:55.194 | AlertVM | support feature=SPO2 supported=true
2026-03-29 21:01:55.195 | AlertVM | handleQueryCallback type=Default
2026-03-29 21:01:55.196 | ZhQuery | getSpo2AlertSettings state=SUCCEED
2026-03-29 21:01:55.198 | ZhQuery | getSpo2AlertSettings state=SUCCEED
2026-03-29 21:01:55.429 | AlertService | queryCallback type=UpdateFirmwareLogStatus
2026-03-29 21:01:55.440 | AlertVM | handleQueryCallback type=UpdateFirmwareLogStatus
2026-03-29 21:01:55.442 | AlertVM | handleQueryCallback type=Default
2026-03-29 21:01:55.762 | ZhQuery | onSWBRMonitor={"isWarning":false,"warningValue":100}
2026-03-29 21:01:55.764 | AlertService | queryCallback type=PressureModeSettingsObtained
2026-03-29 21:01:55.766 | AlertService | saveAlertSettings={"device_address":"D8:5C:08:30:00:1E","heart_rate":{"low_enabled":true,"low_threshold":49,"resting_enabled":true,"resting_threshold":50,"workout_enabled":false,"workout_threshold":175},"pending_sync":{"heart_rate":false,"relaxation_prompt":false,"sedentary_reminder":false,"sleep_reminder":false,"spo2":false},"pressure_mode":{"relaxation_prompt_enabled":false,"stress_monitoring_enabled":false},"sedentary_reminder":{"end_hour":18,"end_minute":0,"interval":60,"repeat_count":0,"start_hour":9,"start_minute":0,"status":false},"sleep_reminder":{"hour":0,"millisecond":0,"minute":0,"second":0,"status":false},"snapshots":{"heart_rate":{"continuous_heart_rate_mode":0,"frequency":0,"mode":0},"pressure_mode":{"relaxation_warning_value":100},"sedentary_reminder":{"no_disturb_in_launch":false}},"spo2":{"enabled":true,"threshold":100},"support":{"heart_rate":true,"heart_rate_workout":false,"high_stress_index":false,"relaxation_prompt":true,"sedentary_reminder":true,"sleep_reminder":false,"spo2":true,"wear_detection":false},"wear_detection_status":{"last_updated_at":-1}}
2026-03-29 21:01:55.767 | AlertService | queryCallback type=AlertFeatureSupportObtained
2026-03-29 21:01:55.769 | AlertService | saveAlertSettings={"device_address":"D8:5C:08:30:00:1E","heart_rate":{"low_enabled":true,"low_threshold":49,"resting_enabled":true,"resting_threshold":50,"workout_enabled":false,"workout_threshold":175},"pending_sync":{"heart_rate":false,"relaxation_prompt":false,"sedentary_reminder":false,"sleep_reminder":false,"spo2":false},"pressure_mode":{"relaxation_prompt_enabled":false,"stress_monitoring_enabled":false},"sedentary_reminder":{"end_hour":18,"end_minute":0,"interval":60,"repeat_count":0,"start_hour":9,"start_minute":0,"status":false},"sleep_reminder":{"hour":0,"millisecond":0,"minute":0,"second":0,"status":false},"snapshots":{"heart_rate":{"continuous_heart_rate_mode":0,"frequency":0,"mode":0},"pressure_mode":{"relaxation_warning_value":100},"sedentary_reminder":{"no_disturb_in_launch":false}},"spo2":{"enabled":true,"threshold":100},"support":{"heart_rate":true,"heart_rate_workout":false,"high_stress_index":false,"relaxation_prompt":true,"sedentary_reminder":true,"sleep_reminder":false,"spo2":true,"wear_detection":false},"wear_detection_status":{"last_updated_at":-1}}
2026-03-29 21:01:55.771 | AlertVM | handleQueryCallback type=PressureModeSettingsObtained
2026-03-29 21:01:55.772 | AlertVM | pressure query matchesStored=true pending=false phase=null
2026-03-29 21:01:55.774 | AlertVM | pressure query value={"relaxation_prompt_enabled":false,"stress_monitoring_enabled":false}
2026-03-29 21:01:55.775 | AlertVM | handleQueryCallback type=Default
2026-03-29 21:01:55.776 | AlertVM | handleQueryCallback type=AlertFeatureSupportObtained
2026-03-29 21:01:55.777 | AlertVM | support feature=RELAXATION_PROMPT supported=true
2026-03-29 21:01:55.778 | AlertVM | handleQueryCallback type=Default
2026-03-29 21:01:55.779 | ZhQuery | getPressureModeSettings api=SWBRMonitor state=SUCCEED
2026-03-29 21:01:55.780 | ZhQuery | getPressureModeSettings api=SWBRMonitor state=SUCCEED
2026-03-29 21:01:56.011 | ZhQuery | getSleepReminder state=NOT_SUPPORT
2026-03-29 21:01:56.013 | AlertService | queryCallback type=AlertFeatureSupportObtained
2026-03-29 21:01:56.014 | AlertService | onAlertFeatureUnsupported feature=SLEEP_REMINDER
2026-03-29 21:01:56.017 | AlertService | saveAlertSettings={"device_address":"D8:5C:08:30:00:1E","heart_rate":{"low_enabled":true,"low_threshold":49,"resting_enabled":true,"resting_threshold":50,"workout_enabled":false,"workout_threshold":175},"pending_sync":{"heart_rate":false,"relaxation_prompt":false,"sedentary_reminder":false,"sleep_reminder":false,"spo2":false},"pressure_mode":{"relaxation_prompt_enabled":false,"stress_monitoring_enabled":false},"sedentary_reminder":{"end_hour":18,"end_minute":0,"interval":60,"repeat_count":0,"start_hour":9,"start_minute":0,"status":false},"sleep_reminder":{"hour":0,"millisecond":0,"minute":0,"second":0,"status":false},"snapshots":{"heart_rate":{"continuous_heart_rate_mode":0,"frequency":0,"mode":0},"pressure_mode":{"relaxation_warning_value":100},"sedentary_reminder":{"no_disturb_in_launch":false}},"spo2":{"enabled":true,"threshold":100},"support":{"heart_rate":true,"heart_rate_workout":false,"high_stress_index":false,"relaxation_prompt":true,"sedentary_reminder":true,"sleep_reminder":false,"spo2":true,"wear_detection":false},"wear_detection_status":{"last_updated_at":-1}}
2026-03-29 21:01:56.020 | ZhQuery | getSleepReminder state=NOT_SUPPORT
2026-03-29 21:01:56.022 | AlertService | queryCallback type=AlertFeatureSupportObtained
2026-03-29 21:01:56.026 | AlertService | onAlertFeatureUnsupported feature=SLEEP_REMINDER
2026-03-29 21:01:56.027 | AlertService | saveAlertSettings={"device_address":"D8:5C:08:30:00:1E","heart_rate":{"low_enabled":true,"low_threshold":49,"resting_enabled":true,"resting_threshold":50,"workout_enabled":false,"workout_threshold":175},"pending_sync":{"heart_rate":false,"relaxation_prompt":false,"sedentary_reminder":false,"sleep_reminder":false,"spo2":false},"pressure_mode":{"relaxation_prompt_enabled":false,"stress_monitoring_enabled":false},"sedentary_reminder":{"end_hour":18,"end_minute":0,"interval":60,"repeat_count":0,"start_hour":9,"start_minute":0,"status":false},"sleep_reminder":{"hour":0,"millisecond":0,"minute":0,"second":0,"status":false},"snapshots":{"heart_rate":{"continuous_heart_rate_mode":0,"frequency":0,"mode":0},"pressure_mode":{"relaxation_warning_value":100},"sedentary_reminder":{"no_disturb_in_launch":false}},"spo2":{"enabled":true,"threshold":100},"support":{"heart_rate":true,"heart_rate_workout":false,"high_stress_index":false,"relaxation_prompt":true,"sedentary_reminder":true,"sleep_reminder":false,"spo2":true,"wear_detection":false},"wear_detection_status":{"last_updated_at":-1}}
2026-03-29 21:01:56.029 | AlertVM | handleQueryCallback type=AlertFeatureSupportObtained
2026-03-29 21:01:56.030 | AlertVM | support feature=SLEEP_REMINDER supported=false
2026-03-29 21:01:56.031 | AlertVM | handleQueryCallback type=Default
2026-03-29 21:01:56.032 | AlertVM | handleQueryCallback type=AlertFeatureSupportObtained
2026-03-29 21:01:56.036 | AlertVM | support feature=SLEEP_REMINDER supported=false
2026-03-29 21:01:56.037 | AlertVM | handleQueryCallback type=Default
2026-03-29 21:01:56.346 | AlertService | queryCallback type=UpdateFirmwareLogStatus
2026-03-29 21:01:56.352 | AlertVM | handleQueryCallback type=UpdateFirmwareLogStatus
2026-03-29 21:01:56.353 | AlertVM | handleQueryCallback type=Default
2026-03-29 21:01:56.509 | ZhQuery | onSedentaryReminderResult={"drinkWater":0,"endNoonTime":{"hour":0,"millisecond":0,"minuter":0,"second":0},"endTime":{"hour":0,"millisecond":0,"minuter":0,"second":0},"frequency":0,"isOn":false,"noDisturbInLaunch":false,"startNoonTime":{"hour":0,"millisecond":0,"minuter":0,"second":0},"startTime":{"hour":0,"millisecond":0,"minuter":0,"second":0}}
2026-03-29 21:01:56.511 | AlertService | queryCallback type=SedentaryDataObtained
2026-03-29 21:01:56.513 | AlertService | queryCallback type=SedentaryReminderSettingsObtained
2026-03-29 21:01:56.515 | AlertService | saveAlertSettings={"device_address":"D8:5C:08:30:00:1E","heart_rate":{"low_enabled":true,"low_threshold":49,"resting_enabled":true,"resting_threshold":50,"workout_enabled":false,"workout_threshold":175},"pending_sync":{"heart_rate":false,"relaxation_prompt":false,"sedentary_reminder":false,"sleep_reminder":false,"spo2":false},"pressure_mode":{"relaxation_prompt_enabled":false,"stress_monitoring_enabled":false},"sedentary_reminder":{"end_hour":18,"end_minute":0,"interval":60,"repeat_count":0,"start_hour":9,"start_minute":0,"status":false},"sleep_reminder":{"hour":0,"millisecond":0,"minute":0,"second":0,"status":false},"snapshots":{"heart_rate":{"continuous_heart_rate_mode":0,"frequency":0,"mode":0},"pressure_mode":{"relaxation_warning_value":100},"sedentary_reminder":{"no_disturb_in_launch":false}},"spo2":{"enabled":true,"threshold":100},"support":{"heart_rate":true,"heart_rate_workout":false,"high_stress_index":false,"relaxation_prompt":true,"sedentary_reminder":true,"sleep_reminder":false,"spo2":true,"wear_detection":false},"wear_detection_status":{"last_updated_at":-1}}
2026-03-29 21:01:56.520 | AlertService | queryCallback type=AlertFeatureSupportObtained
2026-03-29 21:01:56.522 | AlertService | saveAlertSettings={"device_address":"D8:5C:08:30:00:1E","heart_rate":{"low_enabled":true,"low_threshold":49,"resting_enabled":true,"resting_threshold":50,"workout_enabled":false,"workout_threshold":175},"pending_sync":{"heart_rate":false,"relaxation_prompt":false,"sedentary_reminder":false,"sleep_reminder":false,"spo2":false},"pressure_mode":{"relaxation_prompt_enabled":false,"stress_monitoring_enabled":false},"sedentary_reminder":{"end_hour":18,"end_minute":0,"interval":60,"repeat_count":0,"start_hour":9,"start_minute":0,"status":false},"sleep_reminder":{"hour":0,"millisecond":0,"minute":0,"second":0,"status":false},"snapshots":{"heart_rate":{"continuous_heart_rate_mode":0,"frequency":0,"mode":0},"pressure_mode":{"relaxation_warning_value":100},"sedentary_reminder":{"no_disturb_in_launch":false}},"spo2":{"enabled":true,"threshold":100},"support":{"heart_rate":true,"heart_rate_workout":false,"high_stress_index":false,"relaxation_prompt":true,"sedentary_reminder":true,"sleep_reminder":false,"spo2":true,"wear_detection":false},"wear_detection_status":{"last_updated_at":-1}}
2026-03-29 21:01:56.524 | AlertVM | handleQueryCallback type=SedentaryDataObtained
2026-03-29 21:01:56.525 | AlertVM | handleQueryCallback type=Default
2026-03-29 21:01:56.526 | AlertVM | handleQueryCallback type=SedentaryReminderSettingsObtained
2026-03-29 21:01:56.527 | AlertVM | sedentary query matchesStored=true pending=false phase=null
2026-03-29 21:01:56.528 | AlertVM | sedentary query value={"end_hour":0,"end_minute":0,"interval":0,"repeat_count":0,"start_hour":0,"start_minute":0,"status":false}
2026-03-29 21:01:56.529 | AlertVM | handleQueryCallback type=Default
2026-03-29 21:01:56.530 | AlertVM | handleQueryCallback type=AlertFeatureSupportObtained
2026-03-29 21:01:56.532 | AlertVM | support feature=SEDENTARY_REMINDER supported=true
2026-03-29 21:01:56.533 | AlertVM | handleQueryCallback type=Default
2026-03-29 21:01:56.773 | ZhQuery | onSWHRMonitor={"heightWarningValue":50,"isHeightWarning":true,"isLowWarning":true,"lowWarningValue":49}
2026-03-29 21:01:56.775 | AlertService | queryCallback type=HeartRateAlertSettingsObtained
2026-03-29 21:01:56.777 | AlertService | saveAlertSettings={"device_address":"D8:5C:08:30:00:1E","heart_rate":{"low_enabled":true,"low_threshold":49,"resting_enabled":true,"resting_threshold":50,"workout_enabled":false,"workout_threshold":175},"pending_sync":{"heart_rate":false,"relaxation_prompt":false,"sedentary_reminder":false,"sleep_reminder":false,"spo2":false},"pressure_mode":{"relaxation_prompt_enabled":false,"stress_monitoring_enabled":false},"sedentary_reminder":{"end_hour":18,"end_minute":0,"interval":60,"repeat_count":0,"start_hour":9,"start_minute":0,"status":false},"sleep_reminder":{"hour":0,"millisecond":0,"minute":0,"second":0,"status":false},"snapshots":{"heart_rate":{"continuous_heart_rate_mode":0,"frequency":0,"mode":0},"pressure_mode":{"relaxation_warning_value":100},"sedentary_reminder":{"no_disturb_in_launch":false}},"spo2":{"enabled":true,"threshold":100},"support":{"heart_rate":true,"heart_rate_workout":false,"high_stress_index":false,"relaxation_prompt":true,"sedentary_reminder":true,"sleep_reminder":false,"spo2":true,"wear_detection":false},"wear_detection_status":{"last_updated_at":-1}}
2026-03-29 21:01:56.780 | AlertService | queryCallback type=AlertFeatureSupportObtained
2026-03-29 21:01:56.783 | AlertService | saveAlertSettings={"device_address":"D8:5C:08:30:00:1E","heart_rate":{"low_enabled":true,"low_threshold":49,"resting_enabled":true,"resting_threshold":50,"workout_enabled":false,"workout_threshold":175},"pending_sync":{"heart_rate":false,"relaxation_prompt":false,"sedentary_reminder":false,"sleep_reminder":false,"spo2":false},"pressure_mode":{"relaxation_prompt_enabled":false,"stress_monitoring_enabled":false},"sedentary_reminder":{"end_hour":18,"end_minute":0,"interval":60,"repeat_count":0,"start_hour":9,"start_minute":0,"status":false},"sleep_reminder":{"hour":0,"millisecond":0,"minute":0,"second":0,"status":false},"snapshots":{"heart_rate":{"continuous_heart_rate_mode":0,"frequency":0,"mode":0},"pressure_mode":{"relaxation_warning_value":100},"sedentary_reminder":{"no_disturb_in_launch":false}},"spo2":{"enabled":true,"threshold":100},"support":{"heart_rate":true,"heart_rate_workout":false,"high_stress_index":false,"relaxation_prompt":true,"sedentary_reminder":true,"sleep_reminder":false,"spo2":true,"wear_detection":false},"wear_detection_status":{"last_updated_at":-1}}
2026-03-29 21:01:56.785 | AlertVM | handleQueryCallback type=HeartRateAlertSettingsObtained
2026-03-29 21:01:56.788 | AlertVM | heartRate query matchesStored=true pending=false phase=null
2026-03-29 21:01:56.789 | AlertVM | heartRate query value={"low_enabled":true,"low_threshold":49,"resting_enabled":true,"resting_threshold":50,"workout_enabled":false,"workout_threshold":175}
2026-03-29 21:01:56.790 | AlertVM | handleQueryCallback type=Default
2026-03-29 21:01:56.792 | AlertVM | handleQueryCallback type=AlertFeatureSupportObtained
2026-03-29 21:01:56.793 | AlertVM | support feature=HEART_RATE supported=true
2026-03-29 21:01:56.797 | AlertVM | handleQueryCallback type=Default
2026-03-29 21:01:57.049 | ZhQuery | onSWSPO2Monitor={"isWarning":true,"warningValue":100}
2026-03-29 21:01:57.051 | AlertService | queryCallback type=Spo2AlertSettingsObtained
2026-03-29 21:01:57.053 | AlertService | saveAlertSettings={"device_address":"D8:5C:08:30:00:1E","heart_rate":{"low_enabled":true,"low_threshold":49,"resting_enabled":true,"resting_threshold":50,"workout_enabled":false,"workout_threshold":175},"pending_sync":{"heart_rate":false,"relaxation_prompt":false,"sedentary_reminder":false,"sleep_reminder":false,"spo2":false},"pressure_mode":{"relaxation_prompt_enabled":false,"stress_monitoring_enabled":false},"sedentary_reminder":{"end_hour":18,"end_minute":0,"interval":60,"repeat_count":0,"start_hour":9,"start_minute":0,"status":false},"sleep_reminder":{"hour":0,"millisecond":0,"minute":0,"second":0,"status":false},"snapshots":{"heart_rate":{"continuous_heart_rate_mode":0,"frequency":0,"mode":0},"pressure_mode":{"relaxation_warning_value":100},"sedentary_reminder":{"no_disturb_in_launch":false}},"spo2":{"enabled":true,"threshold":100},"support":{"heart_rate":true,"heart_rate_workout":false,"high_stress_index":false,"relaxation_prompt":true,"sedentary_reminder":true,"sleep_reminder":false,"spo2":true,"wear_detection":false},"wear_detection_status":{"last_updated_at":-1}}
2026-03-29 21:01:57.055 | AlertService | queryCallback type=AlertFeatureSupportObtained
2026-03-29 21:01:57.057 | AlertService | saveAlertSettings={"device_address":"D8:5C:08:30:00:1E","heart_rate":{"low_enabled":true,"low_threshold":49,"resting_enabled":true,"resting_threshold":50,"workout_enabled":false,"workout_threshold":175},"pending_sync":{"heart_rate":false,"relaxation_prompt":false,"sedentary_reminder":false,"sleep_reminder":false,"spo2":false},"pressure_mode":{"relaxation_prompt_enabled":false,"stress_monitoring_enabled":false},"sedentary_reminder":{"end_hour":18,"end_minute":0,"interval":60,"repeat_count":0,"start_hour":9,"start_minute":0,"status":false},"sleep_reminder":{"hour":0,"millisecond":0,"minute":0,"second":0,"status":false},"snapshots":{"heart_rate":{"continuous_heart_rate_mode":0,"frequency":0,"mode":0},"pressure_mode":{"relaxation_warning_value":100},"sedentary_reminder":{"no_disturb_in_launch":false}},"spo2":{"enabled":true,"threshold":100},"support":{"heart_rate":true,"heart_rate_workout":false,"high_stress_index":false,"relaxation_prompt":true,"sedentary_reminder":true,"sleep_reminder":false,"spo2":true,"wear_detection":false},"wear_detection_status":{"last_updated_at":-1}}
2026-03-29 21:01:57.059 | AlertVM | handleQueryCallback type=Spo2AlertSettingsObtained
2026-03-29 21:01:57.061 | AlertVM | spo2 query matchesStored=true pending=false phase=null
2026-03-29 21:01:57.063 | AlertVM | spo2 query value={"enabled":true,"threshold":100}
2026-03-29 21:01:57.064 | AlertVM | handleQueryCallback type=Default
2026-03-29 21:01:57.065 | AlertVM | handleQueryCallback type=AlertFeatureSupportObtained
2026-03-29 21:01:57.066 | AlertVM | support feature=SPO2 supported=true
2026-03-29 21:01:57.067 | AlertVM | handleQueryCallback type=Default
2026-03-29 21:01:57.368 | AlertService | queryCallback type=UpdateFirmwareLogStatus
2026-03-29 21:01:57.373 | AlertVM | handleQueryCallback type=UpdateFirmwareLogStatus
2026-03-29 21:01:57.374 | AlertVM | handleQueryCallback type=Default
2026-03-29 21:01:57.632 | ZhQuery | onSWBRMonitor={"isWarning":false,"warningValue":100}
2026-03-29 21:01:57.633 | AlertService | queryCallback type=PressureModeSettingsObtained
2026-03-29 21:01:57.635 | AlertService | saveAlertSettings={"device_address":"D8:5C:08:30:00:1E","heart_rate":{"low_enabled":true,"low_threshold":49,"resting_enabled":true,"resting_threshold":50,"workout_enabled":false,"workout_threshold":175},"pending_sync":{"heart_rate":false,"relaxation_prompt":false,"sedentary_reminder":false,"sleep_reminder":false,"spo2":false},"pressure_mode":{"relaxation_prompt_enabled":false,"stress_monitoring_enabled":false},"sedentary_reminder":{"end_hour":18,"end_minute":0,"interval":60,"repeat_count":0,"start_hour":9,"start_minute":0,"status":false},"sleep_reminder":{"hour":0,"millisecond":0,"minute":0,"second":0,"status":false},"snapshots":{"heart_rate":{"continuous_heart_rate_mode":0,"frequency":0,"mode":0},"pressure_mode":{"relaxation_warning_value":100},"sedentary_reminder":{"no_disturb_in_launch":false}},"spo2":{"enabled":true,"threshold":100},"support":{"heart_rate":true,"heart_rate_workout":false,"high_stress_index":false,"relaxation_prompt":true,"sedentary_reminder":true,"sleep_reminder":false,"spo2":true,"wear_detection":false},"wear_detection_status":{"last_updated_at":-1}}
2026-03-29 21:01:57.636 | AlertService | queryCallback type=AlertFeatureSupportObtained
2026-03-29 21:01:57.638 | AlertService | saveAlertSettings={"device_address":"D8:5C:08:30:00:1E","heart_rate":{"low_enabled":true,"low_threshold":49,"resting_enabled":true,"resting_threshold":50,"workout_enabled":false,"workout_threshold":175},"pending_sync":{"heart_rate":false,"relaxation_prompt":false,"sedentary_reminder":false,"sleep_reminder":false,"spo2":false},"pressure_mode":{"relaxation_prompt_enabled":false,"stress_monitoring_enabled":false},"sedentary_reminder":{"end_hour":18,"end_minute":0,"interval":60,"repeat_count":0,"start_hour":9,"start_minute":0,"status":false},"sleep_reminder":{"hour":0,"millisecond":0,"minute":0,"second":0,"status":false},"snapshots":{"heart_rate":{"continuous_heart_rate_mode":0,"frequency":0,"mode":0},"pressure_mode":{"relaxation_warning_value":100},"sedentary_reminder":{"no_disturb_in_launch":false}},"spo2":{"enabled":true,"threshold":100},"support":{"heart_rate":true,"heart_rate_workout":false,"high_stress_index":false,"relaxation_prompt":true,"sedentary_reminder":true,"sleep_reminder":false,"spo2":true,"wear_detection":false},"wear_detection_status":{"last_updated_at":-1}}
2026-03-29 21:01:57.640 | AlertVM | handleQueryCallback type=PressureModeSettingsObtained
2026-03-29 21:01:57.641 | AlertVM | pressure query matchesStored=true pending=false phase=null
2026-03-29 21:01:57.643 | AlertVM | pressure query value={"relaxation_prompt_enabled":false,"stress_monitoring_enabled":false}
2026-03-29 21:01:57.644 | AlertVM | handleQueryCallback type=Default
2026-03-29 21:01:57.646 | AlertVM | handleQueryCallback type=AlertFeatureSupportObtained
2026-03-29 21:01:57.647 | AlertVM | support feature=RELAXATION_PROMPT supported=true
2026-03-29 21:01:57.649 | AlertVM | handleQueryCallback type=Default
2026-03-29 21:01:58.334 | AlertService | queryCallback type=UpdateFirmwareLogStatus
2026-03-29 21:01:58.336 | AlertVM | handleQueryCallback type=UpdateFirmwareLogStatus
2026-03-29 21:01:58.337 | AlertVM | handleQueryCallback type=Default
2026-03-29 21:01:58.497 | ZhQuery | onSedentaryReminderResult={"drinkWater":0,"endNoonTime":{"hour":0,"millisecond":0,"minuter":0,"second":0},"endTime":{"hour":0,"millisecond":0,"minuter":0,"second":0},"frequency":0,"isOn":false,"noDisturbInLaunch":false,"startNoonTime":{"hour":0,"millisecond":0,"minuter":0,"second":0},"startTime":{"hour":0,"millisecond":0,"minuter":0,"second":0}}
2026-03-29 21:01:58.499 | AlertService | queryCallback type=SedentaryDataObtained
2026-03-29 21:01:58.502 | AlertService | queryCallback type=SedentaryReminderSettingsObtained
2026-03-29 21:01:58.503 | AlertService | saveAlertSettings={"device_address":"D8:5C:08:30:00:1E","heart_rate":{"low_enabled":true,"low_threshold":49,"resting_enabled":true,"resting_threshold":50,"workout_enabled":false,"workout_threshold":175},"pending_sync":{"heart_rate":false,"relaxation_prompt":false,"sedentary_reminder":false,"sleep_reminder":false,"spo2":false},"pressure_mode":{"relaxation_prompt_enabled":false,"stress_monitoring_enabled":false},"sedentary_reminder":{"end_hour":18,"end_minute":0,"interval":60,"repeat_count":0,"start_hour":9,"start_minute":0,"status":false},"sleep_reminder":{"hour":0,"millisecond":0,"minute":0,"second":0,"status":false},"snapshots":{"heart_rate":{"continuous_heart_rate_mode":0,"frequency":0,"mode":0},"pressure_mode":{"relaxation_warning_value":100},"sedentary_reminder":{"no_disturb_in_launch":false}},"spo2":{"enabled":true,"threshold":100},"support":{"heart_rate":true,"heart_rate_workout":false,"high_stress_index":false,"relaxation_prompt":true,"sedentary_reminder":true,"sleep_reminder":false,"spo2":true,"wear_detection":false},"wear_detection_status":{"last_updated_at":-1}}
2026-03-29 21:01:58.506 | AlertService | queryCallback type=AlertFeatureSupportObtained
2026-03-29 21:01:58.510 | AlertService | saveAlertSettings={"device_address":"D8:5C:08:30:00:1E","heart_rate":{"low_enabled":true,"low_threshold":49,"resting_enabled":true,"resting_threshold":50,"workout_enabled":false,"workout_threshold":175},"pending_sync":{"heart_rate":false,"relaxation_prompt":false,"sedentary_reminder":false,"sleep_reminder":false,"spo2":false},"pressure_mode":{"relaxation_prompt_enabled":false,"stress_monitoring_enabled":false},"sedentary_reminder":{"end_hour":18,"end_minute":0,"interval":60,"repeat_count":0,"start_hour":9,"start_minute":0,"status":false},"sleep_reminder":{"hour":0,"millisecond":0,"minute":0,"second":0,"status":false},"snapshots":{"heart_rate":{"continuous_heart_rate_mode":0,"frequency":0,"mode":0},"pressure_mode":{"relaxation_warning_value":100},"sedentary_reminder":{"no_disturb_in_launch":false}},"spo2":{"enabled":true,"threshold":100},"support":{"heart_rate":true,"heart_rate_workout":false,"high_stress_index":false,"relaxation_prompt":true,"sedentary_reminder":true,"sleep_reminder":false,"spo2":true,"wear_detection":false},"wear_detection_status":{"last_updated_at":-1}}
2026-03-29 21:01:58.512 | AlertVM | handleQueryCallback type=SedentaryDataObtained
2026-03-29 21:01:58.513 | AlertVM | handleQueryCallback type=Default
2026-03-29 21:01:58.514 | AlertVM | handleQueryCallback type=SedentaryReminderSettingsObtained
2026-03-29 21:01:58.515 | AlertVM | sedentary query matchesStored=true pending=false phase=null
2026-03-29 21:01:58.517 | AlertVM | sedentary query value={"end_hour":0,"end_minute":0,"interval":0,"repeat_count":0,"start_hour":0,"start_minute":0,"status":false}
2026-03-29 21:01:58.517 | AlertVM | handleQueryCallback type=Default
2026-03-29 21:01:58.518 | AlertVM | handleQueryCallback type=AlertFeatureSupportObtained
2026-03-29 21:01:58.519 | AlertVM | support feature=SEDENTARY_REMINDER supported=true
2026-03-29 21:01:58.520 | AlertVM | handleQueryCallback type=Default
2026-03-29 21:01:59.232 | AlertService | queryCallback type=BatteryDataObtained
2026-03-29 21:01:59.236 | AlertVM | handleQueryCallback type=BatteryDataObtained
2026-03-29 21:01:59.238 | AlertVM | handleQueryCallback type=Default
2026-03-29 21:01:59.702 | AlertService | queryCallback type=UpdateFirmwareLogStatus
2026-03-29 21:01:59.708 | AlertVM | handleQueryCallback type=UpdateFirmwareLogStatus
2026-03-29 21:01:59.709 | AlertVM | handleQueryCallback type=Default
2026-03-29 21:02:00.437 | AlertService | queryCallback type=UpdateFirmwareLogStatus
2026-03-29 21:02:00.444 | AlertVM | handleQueryCallback type=UpdateFirmwareLogStatus
2026-03-29 21:02:00.446 | AlertVM | handleQueryCallback type=Default
2026-03-29 21:02:01.348 | AlertService | queryCallback type=UpdateFirmwareLogStatus
2026-03-29 21:02:01.354 | AlertVM | handleQueryCallback type=UpdateFirmwareLogStatus
2026-03-29 21:02:01.356 | AlertVM | handleQueryCallback type=Default
2026-03-29 21:02:02.497 | AlertService | queryCallback type=UpdateFirmwareLogStatus
2026-03-29 21:02:02.498 | AlertVM | handleQueryCallback type=UpdateFirmwareLogStatus
2026-03-29 21:02:02.503 | AlertVM | handleQueryCallback type=Default
2026-03-29 21:02:03.679 | AlertService | queryCallback type=UpdateFirmwareLogStatus
2026-03-29 21:02:04.348 | AlertService | queryCallback type=UpdateFirmwareLogStatus
2026-03-29 21:02:05.356 | AlertService | queryCallback type=UpdateFirmwareLogStatus
2026-03-29 21:02:06.555 | AlertService | queryCallback type=UpdateFirmwareLogStatus
2026-03-29 21:02:07.108 | AlertUI | BlankTestFragment alert panel initialized
2026-03-29 21:02:07.110 | AlertVM | handleQueryCallback type=Default
2026-03-29 21:02:07.112 | AlertVM | onConnectedStateChanged state=ConnectSuccess
2026-03-29 21:02:07.116 | AlertVM | loadState={"device_address":"D8:5C:08:30:00:1E","heart_rate":{"low_enabled":true,"low_threshold":49,"resting_enabled":true,"resting_threshold":50,"workout_enabled":false,"workout_threshold":175},"pending_sync":{"heart_rate":false,"relaxation_prompt":false,"sedentary_reminder":false,"sleep_reminder":false,"spo2":false},"pressure_mode":{"relaxation_prompt_enabled":false,"stress_monitoring_enabled":false},"sedentary_reminder":{"end_hour":18,"end_minute":0,"interval":60,"repeat_count":0,"start_hour":9,"start_minute":0,"status":false},"sleep_reminder":{"hour":0,"millisecond":0,"minute":0,"second":0,"status":false},"snapshots":{"heart_rate":{"continuous_heart_rate_mode":0,"frequency":0,"mode":0},"pressure_mode":{"relaxation_warning_value":100},"sedentary_reminder":{"no_disturb_in_launch":false}},"spo2":{"enabled":true,"threshold":100},"support":{"heart_rate":true,"heart_rate_workout":false,"high_stress_index":false,"relaxation_prompt":true,"sedentary_reminder":true,"sleep_reminder":false,"spo2":true,"wear_detection":false},"wear_detection_status":{"last_updated_at":-1}}
2026-03-29 21:02:07.117 | AlertVM | refreshFromBand dispatching alert queries
2026-03-29 21:02:07.190 | ZhQuery | getHeartRateAlertSettings dispatched api=SWHRMonitor deviceType=luna_band
2026-03-29 21:02:07.200 | ZhQuery | getSpo2AlertSettings dispatched
2026-03-29 21:02:07.204 | ZhQuery | getPressureModeSettings dispatched api=SWBRMonitor deviceType=luna_band
2026-03-29 21:02:07.208 | ZhQuery | getSleepReminder dispatched
2026-03-29 21:02:07.212 | AlertVM | refreshFromBand dispatching alert queries
2026-03-29 21:02:07.229 | ZhQuery | getHeartRateAlertSettings dispatched api=SWHRMonitor deviceType=luna_band
2026-03-29 21:02:07.231 | ZhQuery | getSpo2AlertSettings dispatched
2026-03-29 21:02:07.237 | ZhQuery | getPressureModeSettings dispatched api=SWBRMonitor deviceType=luna_band
2026-03-29 21:02:07.244 | ZhQuery | getSleepReminder dispatched
2026-03-29 21:02:07.472 | AlertService | queryCallback type=UpdateFirmwareLogStatus
2026-03-29 21:02:07.475 | AlertVM | handleQueryCallback type=UpdateFirmwareLogStatus
2026-03-29 21:02:07.477 | AlertVM | handleQueryCallback type=Default
2026-03-29 21:02:08.639 | AlertService | queryCallback type=UpdateFirmwareLogStatus
2026-03-29 21:02:08.647 | AlertVM | handleQueryCallback type=UpdateFirmwareLogStatus
2026-03-29 21:02:08.649 | AlertVM | handleQueryCallback type=Default
2026-03-29 21:02:09.364 | AlertService | queryCallback type=BatteryDataObtained
2026-03-29 21:02:09.371 | AlertVM | handleQueryCallback type=BatteryDataObtained
2026-03-29 21:02:09.373 | AlertVM | handleQueryCallback type=Default
2026-03-29 21:02:09.846 | AlertService | queryCallback type=UpdateFirmwareLogStatus
2026-03-29 21:02:09.855 | AlertVM | handleQueryCallback type=UpdateFirmwareLogStatus
2026-03-29 21:02:09.857 | AlertVM | handleQueryCallback type=Default
2026-03-29 21:02:10.646 | AlertService | queryCallback type=UpdateFirmwareLogStatus
2026-03-29 21:02:10.654 | AlertVM | handleQueryCallback type=UpdateFirmwareLogStatus
2026-03-29 21:02:10.656 | AlertVM | handleQueryCallback type=Default
2026-03-29 21:02:10.903 | ZhQuery | onSWHRMonitor={"heightWarningValue":50,"isHeightWarning":true,"isLowWarning":true,"lowWarningValue":49}
2026-03-29 21:02:10.905 | AlertService | queryCallback type=HeartRateAlertSettingsObtained
2026-03-29 21:02:10.907 | AlertService | saveAlertSettings={"device_address":"D8:5C:08:30:00:1E","heart_rate":{"low_enabled":true,"low_threshold":49,"resting_enabled":true,"resting_threshold":50,"workout_enabled":false,"workout_threshold":175},"pending_sync":{"heart_rate":false,"relaxation_prompt":false,"sedentary_reminder":false,"sleep_reminder":false,"spo2":false},"pressure_mode":{"relaxation_prompt_enabled":false,"stress_monitoring_enabled":false},"sedentary_reminder":{"end_hour":18,"end_minute":0,"interval":60,"repeat_count":0,"start_hour":9,"start_minute":0,"status":false},"sleep_reminder":{"hour":0,"millisecond":0,"minute":0,"second":0,"status":false},"snapshots":{"heart_rate":{"continuous_heart_rate_mode":0,"frequency":0,"mode":0},"pressure_mode":{"relaxation_warning_value":100},"sedentary_reminder":{"no_disturb_in_launch":false}},"spo2":{"enabled":true,"threshold":100},"support":{"heart_rate":true,"heart_rate_workout":false,"high_stress_index":false,"relaxation_prompt":true,"sedentary_reminder":true,"sleep_reminder":false,"spo2":true,"wear_detection":false},"wear_detection_status":{"last_updated_at":-1}}
2026-03-29 21:02:10.912 | AlertService | queryCallback type=AlertFeatureSupportObtained
2026-03-29 21:02:10.913 | AlertService | saveAlertSettings={"device_address":"D8:5C:08:30:00:1E","heart_rate":{"low_enabled":true,"low_threshold":49,"resting_enabled":true,"resting_threshold":50,"workout_enabled":false,"workout_threshold":175},"pending_sync":{"heart_rate":false,"relaxation_prompt":false,"sedentary_reminder":false,"sleep_reminder":false,"spo2":false},"pressure_mode":{"relaxation_prompt_enabled":false,"stress_monitoring_enabled":false},"sedentary_reminder":{"end_hour":18,"end_minute":0,"interval":60,"repeat_count":0,"start_hour":9,"start_minute":0,"status":false},"sleep_reminder":{"hour":0,"millisecond":0,"minute":0,"second":0,"status":false},"snapshots":{"heart_rate":{"continuous_heart_rate_mode":0,"frequency":0,"mode":0},"pressure_mode":{"relaxation_warning_value":100},"sedentary_reminder":{"no_disturb_in_launch":false}},"spo2":{"enabled":true,"threshold":100},"support":{"heart_rate":true,"heart_rate_workout":false,"high_stress_index":false,"relaxation_prompt":true,"sedentary_reminder":true,"sleep_reminder":false,"spo2":true,"wear_detection":false},"wear_detection_status":{"last_updated_at":-1}}
2026-03-29 21:02:10.914 | ZhQuery | getHeartRateAlertSettings api=SWHRMonitor state=SUCCEED
2026-03-29 21:02:10.916 | ZhQuery | getHeartRateAlertSettings api=SWHRMonitor state=SUCCEED
2026-03-29 21:02:10.917 | AlertVM | handleQueryCallback type=HeartRateAlertSettingsObtained
2026-03-29 21:02:10.918 | AlertVM | heartRate query matchesStored=true pending=false phase=null
2026-03-29 21:02:10.920 | AlertVM | heartRate query value={"low_enabled":true,"low_threshold":49,"resting_enabled":true,"resting_threshold":50,"workout_enabled":false,"workout_threshold":175}
2026-03-29 21:02:10.922 | AlertVM | handleQueryCallback type=Default
2026-03-29 21:02:10.925 | AlertVM | handleQueryCallback type=AlertFeatureSupportObtained
2026-03-29 21:02:10.926 | AlertVM | support feature=HEART_RATE supported=true
2026-03-29 21:02:10.927 | AlertVM | handleQueryCallback type=Default
2026-03-29 21:02:11.241 | ZhQuery | onSWSPO2Monitor={"isWarning":true,"warningValue":100}
2026-03-29 21:02:11.247 | AlertService | queryCallback type=Spo2AlertSettingsObtained
2026-03-29 21:02:11.248 | AlertService | saveAlertSettings={"device_address":"D8:5C:08:30:00:1E","heart_rate":{"low_enabled":true,"low_threshold":49,"resting_enabled":true,"resting_threshold":50,"workout_enabled":false,"workout_threshold":175},"pending_sync":{"heart_rate":false,"relaxation_prompt":false,"sedentary_reminder":false,"sleep_reminder":false,"spo2":false},"pressure_mode":{"relaxation_prompt_enabled":false,"stress_monitoring_enabled":false},"sedentary_reminder":{"end_hour":18,"end_minute":0,"interval":60,"repeat_count":0,"start_hour":9,"start_minute":0,"status":false},"sleep_reminder":{"hour":0,"millisecond":0,"minute":0,"second":0,"status":false},"snapshots":{"heart_rate":{"continuous_heart_rate_mode":0,"frequency":0,"mode":0},"pressure_mode":{"relaxation_warning_value":100},"sedentary_reminder":{"no_disturb_in_launch":false}},"spo2":{"enabled":true,"threshold":100},"support":{"heart_rate":true,"heart_rate_workout":false,"high_stress_index":false,"relaxation_prompt":true,"sedentary_reminder":true,"sleep_reminder":false,"spo2":true,"wear_detection":false},"wear_detection_status":{"last_updated_at":-1}}
2026-03-29 21:02:11.250 | AlertService | queryCallback type=AlertFeatureSupportObtained
2026-03-29 21:02:11.251 | AlertService | saveAlertSettings={"device_address":"D8:5C:08:30:00:1E","heart_rate":{"low_enabled":true,"low_threshold":49,"resting_enabled":true,"resting_threshold":50,"workout_enabled":false,"workout_threshold":175},"pending_sync":{"heart_rate":false,"relaxation_prompt":false,"sedentary_reminder":false,"sleep_reminder":false,"spo2":false},"pressure_mode":{"relaxation_prompt_enabled":false,"stress_monitoring_enabled":false},"sedentary_reminder":{"end_hour":18,"end_minute":0,"interval":60,"repeat_count":0,"start_hour":9,"start_minute":0,"status":false},"sleep_reminder":{"hour":0,"millisecond":0,"minute":0,"second":0,"status":false},"snapshots":{"heart_rate":{"continuous_heart_rate_mode":0,"frequency":0,"mode":0},"pressure_mode":{"relaxation_warning_value":100},"sedentary_reminder":{"no_disturb_in_launch":false}},"spo2":{"enabled":true,"threshold":100},"support":{"heart_rate":true,"heart_rate_workout":false,"high_stress_index":false,"relaxation_prompt":true,"sedentary_reminder":true,"sleep_reminder":false,"spo2":true,"wear_detection":false},"wear_detection_status":{"last_updated_at":-1}}
2026-03-29 21:02:11.252 | ZhQuery | getSpo2AlertSettings state=SUCCEED
2026-03-29 21:02:11.253 | ZhQuery | getSpo2AlertSettings state=SUCCEED
2026-03-29 21:02:11.255 | AlertVM | handleQueryCallback type=Spo2AlertSettingsObtained
2026-03-29 21:02:11.256 | AlertVM | spo2 query matchesStored=true pending=false phase=null
2026-03-29 21:02:11.257 | AlertVM | spo2 query value={"enabled":true,"threshold":100}
2026-03-29 21:02:11.259 | AlertVM | handleQueryCallback type=Default
2026-03-29 21:02:11.260 | AlertVM | handleQueryCallback type=AlertFeatureSupportObtained
2026-03-29 21:02:11.261 | AlertVM | support feature=SPO2 supported=true
2026-03-29 21:02:11.262 | AlertVM | handleQueryCallback type=Default
2026-03-29 21:02:11.510 | AlertService | queryCallback type=UpdateFirmwareLogStatus
2026-03-29 21:02:11.515 | AlertVM | handleQueryCallback type=UpdateFirmwareLogStatus
2026-03-29 21:02:11.516 | AlertVM | handleQueryCallback type=Default
2026-03-29 21:02:11.760 | ZhQuery | onSWBRMonitor={"isWarning":false,"warningValue":100}
2026-03-29 21:02:11.762 | AlertService | queryCallback type=PressureModeSettingsObtained
2026-03-29 21:02:11.765 | AlertService | saveAlertSettings={"device_address":"D8:5C:08:30:00:1E","heart_rate":{"low_enabled":true,"low_threshold":49,"resting_enabled":true,"resting_threshold":50,"workout_enabled":false,"workout_threshold":175},"pending_sync":{"heart_rate":false,"relaxation_prompt":false,"sedentary_reminder":false,"sleep_reminder":false,"spo2":false},"pressure_mode":{"relaxation_prompt_enabled":false,"stress_monitoring_enabled":false},"sedentary_reminder":{"end_hour":18,"end_minute":0,"interval":60,"repeat_count":0,"start_hour":9,"start_minute":0,"status":false},"sleep_reminder":{"hour":0,"millisecond":0,"minute":0,"second":0,"status":false},"snapshots":{"heart_rate":{"continuous_heart_rate_mode":0,"frequency":0,"mode":0},"pressure_mode":{"relaxation_warning_value":100},"sedentary_reminder":{"no_disturb_in_launch":false}},"spo2":{"enabled":true,"threshold":100},"support":{"heart_rate":true,"heart_rate_workout":false,"high_stress_index":false,"relaxation_prompt":true,"sedentary_reminder":true,"sleep_reminder":false,"spo2":true,"wear_detection":false},"wear_detection_status":{"last_updated_at":-1}}
2026-03-29 21:02:11.767 | AlertService | queryCallback type=AlertFeatureSupportObtained
2026-03-29 21:02:11.768 | AlertService | saveAlertSettings={"device_address":"D8:5C:08:30:00:1E","heart_rate":{"low_enabled":true,"low_threshold":49,"resting_enabled":true,"resting_threshold":50,"workout_enabled":false,"workout_threshold":175},"pending_sync":{"heart_rate":false,"relaxation_prompt":false,"sedentary_reminder":false,"sleep_reminder":false,"spo2":false},"pressure_mode":{"relaxation_prompt_enabled":false,"stress_monitoring_enabled":false},"sedentary_reminder":{"end_hour":18,"end_minute":0,"interval":60,"repeat_count":0,"start_hour":9,"start_minute":0,"status":false},"sleep_reminder":{"hour":0,"millisecond":0,"minute":0,"second":0,"status":false},"snapshots":{"heart_rate":{"continuous_heart_rate_mode":0,"frequency":0,"mode":0},"pressure_mode":{"relaxation_warning_value":100},"sedentary_reminder":{"no_disturb_in_launch":false}},"spo2":{"enabled":true,"threshold":100},"support":{"heart_rate":true,"heart_rate_workout":false,"high_stress_index":false,"relaxation_prompt":true,"sedentary_reminder":true,"sleep_reminder":false,"spo2":true,"wear_detection":false},"wear_detection_status":{"last_updated_at":-1}}
2026-03-29 21:02:11.770 | ZhQuery | getPressureModeSettings api=SWBRMonitor state=SUCCEED
2026-03-29 21:02:11.776 | ZhQuery | getPressureModeSettings api=SWBRMonitor state=SUCCEED
2026-03-29 21:02:11.778 | AlertVM | handleQueryCallback type=PressureModeSettingsObtained
2026-03-29 21:02:11.779 | AlertVM | pressure query matchesStored=true pending=false phase=null
2026-03-29 21:02:11.782 | AlertVM | pressure query value={"relaxation_prompt_enabled":false,"stress_monitoring_enabled":false}
2026-03-29 21:02:11.783 | AlertVM | handleQueryCallback type=Default
2026-03-29 21:02:11.784 | AlertVM | handleQueryCallback type=AlertFeatureSupportObtained
2026-03-29 21:02:11.786 | AlertVM | support feature=RELAXATION_PROMPT supported=true
2026-03-29 21:02:11.787 | AlertVM | handleQueryCallback type=Default
2026-03-29 21:02:12.029 | ZhQuery | getSleepReminder state=NOT_SUPPORT
2026-03-29 21:02:12.031 | AlertService | queryCallback type=AlertFeatureSupportObtained
2026-03-29 21:02:12.032 | AlertService | onAlertFeatureUnsupported feature=SLEEP_REMINDER
2026-03-29 21:02:12.034 | AlertService | saveAlertSettings={"device_address":"D8:5C:08:30:00:1E","heart_rate":{"low_enabled":true,"low_threshold":49,"resting_enabled":true,"resting_threshold":50,"workout_enabled":false,"workout_threshold":175},"pending_sync":{"heart_rate":false,"relaxation_prompt":false,"sedentary_reminder":false,"sleep_reminder":false,"spo2":false},"pressure_mode":{"relaxation_prompt_enabled":false,"stress_monitoring_enabled":false},"sedentary_reminder":{"end_hour":18,"end_minute":0,"interval":60,"repeat_count":0,"start_hour":9,"start_minute":0,"status":false},"sleep_reminder":{"hour":0,"millisecond":0,"minute":0,"second":0,"status":false},"snapshots":{"heart_rate":{"continuous_heart_rate_mode":0,"frequency":0,"mode":0},"pressure_mode":{"relaxation_warning_value":100},"sedentary_reminder":{"no_disturb_in_launch":false}},"spo2":{"enabled":true,"threshold":100},"support":{"heart_rate":true,"heart_rate_workout":false,"high_stress_index":false,"relaxation_prompt":true,"sedentary_reminder":true,"sleep_reminder":false,"spo2":true,"wear_detection":false},"wear_detection_status":{"last_updated_at":-1}}
2026-03-29 21:02:12.035 | ZhQuery | getSleepReminder state=NOT_SUPPORT
2026-03-29 21:02:12.036 | AlertService | queryCallback type=AlertFeatureSupportObtained
2026-03-29 21:02:12.037 | AlertService | onAlertFeatureUnsupported feature=SLEEP_REMINDER
2026-03-29 21:02:12.039 | AlertService | saveAlertSettings={"device_address":"D8:5C:08:30:00:1E","heart_rate":{"low_enabled":true,"low_threshold":49,"resting_enabled":true,"resting_threshold":50,"workout_enabled":false,"workout_threshold":175},"pending_sync":{"heart_rate":false,"relaxation_prompt":false,"sedentary_reminder":false,"sleep_reminder":false,"spo2":false},"pressure_mode":{"relaxation_prompt_enabled":false,"stress_monitoring_enabled":false},"sedentary_reminder":{"end_hour":18,"end_minute":0,"interval":60,"repeat_count":0,"start_hour":9,"start_minute":0,"status":false},"sleep_reminder":{"hour":0,"millisecond":0,"minute":0,"second":0,"status":false},"snapshots":{"heart_rate":{"continuous_heart_rate_mode":0,"frequency":0,"mode":0},"pressure_mode":{"relaxation_warning_value":100},"sedentary_reminder":{"no_disturb_in_launch":false}},"spo2":{"enabled":true,"threshold":100},"support":{"heart_rate":true,"heart_rate_workout":false,"high_stress_index":false,"relaxation_prompt":true,"sedentary_reminder":true,"sleep_reminder":false,"spo2":true,"wear_detection":false},"wear_detection_status":{"last_updated_at":-1}}
2026-03-29 21:02:12.042 | AlertVM | handleQueryCallback type=AlertFeatureSupportObtained
2026-03-29 21:02:12.043 | AlertVM | support feature=SLEEP_REMINDER supported=false
2026-03-29 21:02:12.044 | AlertVM | handleQueryCallback type=Default
2026-03-29 21:02:12.046 | AlertVM | handleQueryCallback type=AlertFeatureSupportObtained
2026-03-29 21:02:12.048 | AlertVM | support feature=SLEEP_REMINDER supported=false
2026-03-29 21:02:12.051 | AlertVM | handleQueryCallback type=Default
2026-03-29 21:02:12.395 | AlertService | queryCallback type=UpdateFirmwareLogStatus
2026-03-29 21:02:12.401 | AlertVM | handleQueryCallback type=UpdateFirmwareLogStatus
2026-03-29 21:02:12.403 | AlertVM | handleQueryCallback type=Default
2026-03-29 21:02:12.588 | ZhQuery | onSedentaryReminderResult={"drinkWater":0,"endNoonTime":{"hour":0,"millisecond":0,"minuter":0,"second":0},"endTime":{"hour":0,"millisecond":0,"minuter":0,"second":0},"frequency":0,"isOn":false,"noDisturbInLaunch":false,"startNoonTime":{"hour":0,"millisecond":0,"minuter":0,"second":0},"startTime":{"hour":0,"millisecond":0,"minuter":0,"second":0}}
2026-03-29 21:02:12.589 | AlertService | queryCallback type=SedentaryDataObtained
2026-03-29 21:02:12.591 | AlertService | queryCallback type=SedentaryReminderSettingsObtained
2026-03-29 21:02:12.593 | AlertService | saveAlertSettings={"device_address":"D8:5C:08:30:00:1E","heart_rate":{"low_enabled":true,"low_threshold":49,"resting_enabled":true,"resting_threshold":50,"workout_enabled":false,"workout_threshold":175},"pending_sync":{"heart_rate":false,"relaxation_prompt":false,"sedentary_reminder":false,"sleep_reminder":false,"spo2":false},"pressure_mode":{"relaxation_prompt_enabled":false,"stress_monitoring_enabled":false},"sedentary_reminder":{"end_hour":18,"end_minute":0,"interval":60,"repeat_count":0,"start_hour":9,"start_minute":0,"status":false},"sleep_reminder":{"hour":0,"millisecond":0,"minute":0,"second":0,"status":false},"snapshots":{"heart_rate":{"continuous_heart_rate_mode":0,"frequency":0,"mode":0},"pressure_mode":{"relaxation_warning_value":100},"sedentary_reminder":{"no_disturb_in_launch":false}},"spo2":{"enabled":true,"threshold":100},"support":{"heart_rate":true,"heart_rate_workout":false,"high_stress_index":false,"relaxation_prompt":true,"sedentary_reminder":true,"sleep_reminder":false,"spo2":true,"wear_detection":false},"wear_detection_status":{"last_updated_at":-1}}
2026-03-29 21:02:12.594 | AlertService | queryCallback type=AlertFeatureSupportObtained
2026-03-29 21:02:12.595 | AlertService | saveAlertSettings={"device_address":"D8:5C:08:30:00:1E","heart_rate":{"low_enabled":true,"low_threshold":49,"resting_enabled":true,"resting_threshold":50,"workout_enabled":false,"workout_threshold":175},"pending_sync":{"heart_rate":false,"relaxation_prompt":false,"sedentary_reminder":false,"sleep_reminder":false,"spo2":false},"pressure_mode":{"relaxation_prompt_enabled":false,"stress_monitoring_enabled":false},"sedentary_reminder":{"end_hour":18,"end_minute":0,"interval":60,"repeat_count":0,"start_hour":9,"start_minute":0,"status":false},"sleep_reminder":{"hour":0,"millisecond":0,"minute":0,"second":0,"status":false},"snapshots":{"heart_rate":{"continuous_heart_rate_mode":0,"frequency":0,"mode":0},"pressure_mode":{"relaxation_warning_value":100},"sedentary_reminder":{"no_disturb_in_launch":false}},"spo2":{"enabled":true,"threshold":100},"support":{"heart_rate":true,"heart_rate_workout":false,"high_stress_index":false,"relaxation_prompt":true,"sedentary_reminder":true,"sleep_reminder":false,"spo2":true,"wear_detection":false},"wear_detection_status":{"last_updated_at":-1}}
2026-03-29 21:02:12.597 | AlertVM | handleQueryCallback type=SedentaryDataObtained
2026-03-29 21:02:12.598 | AlertVM | handleQueryCallback type=Default
2026-03-29 21:02:12.599 | AlertVM | handleQueryCallback type=SedentaryReminderSettingsObtained
2026-03-29 21:02:12.600 | AlertVM | sedentary query matchesStored=true pending=false phase=null
2026-03-29 21:02:12.601 | AlertVM | sedentary query value={"end_hour":0,"end_minute":0,"interval":0,"repeat_count":0,"start_hour":0,"start_minute":0,"status":false}
2026-03-29 21:02:12.602 | AlertVM | handleQueryCallback type=Default
2026-03-29 21:02:12.603 | AlertVM | handleQueryCallback type=AlertFeatureSupportObtained
2026-03-29 21:02:12.604 | AlertVM | support feature=SEDENTARY_REMINDER supported=true
2026-03-29 21:02:12.606 | AlertVM | handleQueryCallback type=Default
2026-03-29 21:02:13.260 | ZhQuery | onSWHRMonitor={"heightWarningValue":50,"isHeightWarning":true,"isLowWarning":true,"lowWarningValue":49}
2026-03-29 21:02:13.263 | AlertService | queryCallback type=HeartRateAlertSettingsObtained
2026-03-29 21:02:13.264 | AlertService | saveAlertSettings={"device_address":"D8:5C:08:30:00:1E","heart_rate":{"low_enabled":true,"low_threshold":49,"resting_enabled":true,"resting_threshold":50,"workout_enabled":false,"workout_threshold":175},"pending_sync":{"heart_rate":false,"relaxation_prompt":false,"sedentary_reminder":false,"sleep_reminder":false,"spo2":false},"pressure_mode":{"relaxation_prompt_enabled":false,"stress_monitoring_enabled":false},"sedentary_reminder":{"end_hour":18,"end_minute":0,"interval":60,"repeat_count":0,"start_hour":9,"start_minute":0,"status":false},"sleep_reminder":{"hour":0,"millisecond":0,"minute":0,"second":0,"status":false},"snapshots":{"heart_rate":{"continuous_heart_rate_mode":0,"frequency":0,"mode":0},"pressure_mode":{"relaxation_warning_value":100},"sedentary_reminder":{"no_disturb_in_launch":false}},"spo2":{"enabled":true,"threshold":100},"support":{"heart_rate":true,"heart_rate_workout":false,"high_stress_index":false,"relaxation_prompt":true,"sedentary_reminder":true,"sleep_reminder":false,"spo2":true,"wear_detection":false},"wear_detection_status":{"last_updated_at":-1}}
2026-03-29 21:02:13.265 | AlertService | queryCallback type=AlertFeatureSupportObtained
2026-03-29 21:02:13.267 | AlertService | saveAlertSettings={"device_address":"D8:5C:08:30:00:1E","heart_rate":{"low_enabled":true,"low_threshold":49,"resting_enabled":true,"resting_threshold":50,"workout_enabled":false,"workout_threshold":175},"pending_sync":{"heart_rate":false,"relaxation_prompt":false,"sedentary_reminder":false,"sleep_reminder":false,"spo2":false},"pressure_mode":{"relaxation_prompt_enabled":false,"stress_monitoring_enabled":false},"sedentary_reminder":{"end_hour":18,"end_minute":0,"interval":60,"repeat_count":0,"start_hour":9,"start_minute":0,"status":false},"sleep_reminder":{"hour":0,"millisecond":0,"minute":0,"second":0,"status":false},"snapshots":{"heart_rate":{"continuous_heart_rate_mode":0,"frequency":0,"mode":0},"pressure_mode":{"relaxation_warning_value":100},"sedentary_reminder":{"no_disturb_in_launch":false}},"spo2":{"enabled":true,"threshold":100},"support":{"heart_rate":true,"heart_rate_workout":false,"high_stress_index":false,"relaxation_prompt":true,"sedentary_reminder":true,"sleep_reminder":false,"spo2":true,"wear_detection":false},"wear_detection_status":{"last_updated_at":-1}}
2026-03-29 21:02:13.268 | AlertVM | handleQueryCallback type=HeartRateAlertSettingsObtained
2026-03-29 21:02:13.270 | AlertVM | heartRate query matchesStored=true pending=false phase=null
2026-03-29 21:02:13.271 | AlertVM | heartRate query value={"low_enabled":true,"low_threshold":49,"resting_enabled":true,"resting_threshold":50,"workout_enabled":false,"workout_threshold":175}
2026-03-29 21:02:13.272 | AlertVM | handleQueryCallback type=Default
2026-03-29 21:02:13.274 | AlertVM | handleQueryCallback type=AlertFeatureSupportObtained
2026-03-29 21:02:13.275 | AlertVM | support feature=HEART_RATE supported=true
2026-03-29 21:02:13.276 | AlertVM | handleQueryCallback type=Default
2026-03-29 21:02:13.577 | AlertService | queryCallback type=UpdateFirmwareLogStatus
2026-03-29 21:02:13.584 | AlertVM | handleQueryCallback type=UpdateFirmwareLogStatus
2026-03-29 21:02:13.586 | AlertVM | handleQueryCallback type=Default
2026-03-29 21:02:13.837 | ZhQuery | onSWSPO2Monitor={"isWarning":true,"warningValue":100}
2026-03-29 21:02:13.838 | AlertService | queryCallback type=Spo2AlertSettingsObtained
2026-03-29 21:02:13.840 | AlertService | saveAlertSettings={"device_address":"D8:5C:08:30:00:1E","heart_rate":{"low_enabled":true,"low_threshold":49,"resting_enabled":true,"resting_threshold":50,"workout_enabled":false,"workout_threshold":175},"pending_sync":{"heart_rate":false,"relaxation_prompt":false,"sedentary_reminder":false,"sleep_reminder":false,"spo2":false},"pressure_mode":{"relaxation_prompt_enabled":false,"stress_monitoring_enabled":false},"sedentary_reminder":{"end_hour":18,"end_minute":0,"interval":60,"repeat_count":0,"start_hour":9,"start_minute":0,"status":false},"sleep_reminder":{"hour":0,"millisecond":0,"minute":0,"second":0,"status":false},"snapshots":{"heart_rate":{"continuous_heart_rate_mode":0,"frequency":0,"mode":0},"pressure_mode":{"relaxation_warning_value":100},"sedentary_reminder":{"no_disturb_in_launch":false}},"spo2":{"enabled":true,"threshold":100},"support":{"heart_rate":true,"heart_rate_workout":false,"high_stress_index":false,"relaxation_prompt":true,"sedentary_reminder":true,"sleep_reminder":false,"spo2":true,"wear_detection":false},"wear_detection_status":{"last_updated_at":-1}}
2026-03-29 21:02:13.841 | AlertService | queryCallback type=AlertFeatureSupportObtained
2026-03-29 21:02:13.843 | AlertService | saveAlertSettings={"device_address":"D8:5C:08:30:00:1E","heart_rate":{"low_enabled":true,"low_threshold":49,"resting_enabled":true,"resting_threshold":50,"workout_enabled":false,"workout_threshold":175},"pending_sync":{"heart_rate":false,"relaxation_prompt":false,"sedentary_reminder":false,"sleep_reminder":false,"spo2":false},"pressure_mode":{"relaxation_prompt_enabled":false,"stress_monitoring_enabled":false},"sedentary_reminder":{"end_hour":18,"end_minute":0,"interval":60,"repeat_count":0,"start_hour":9,"start_minute":0,"status":false},"sleep_reminder":{"hour":0,"millisecond":0,"minute":0,"second":0,"status":false},"snapshots":{"heart_rate":{"continuous_heart_rate_mode":0,"frequency":0,"mode":0},"pressure_mode":{"relaxation_warning_value":100},"sedentary_reminder":{"no_disturb_in_launch":false}},"spo2":{"enabled":true,"threshold":100},"support":{"heart_rate":true,"heart_rate_workout":false,"high_stress_index":false,"relaxation_prompt":true,"sedentary_reminder":true,"sleep_reminder":false,"spo2":true,"wear_detection":false},"wear_detection_status":{"last_updated_at":-1}}
2026-03-29 21:02:13.845 | AlertVM | handleQueryCallback type=Spo2AlertSettingsObtained
2026-03-29 21:02:13.847 | AlertVM | spo2 query matchesStored=true pending=false phase=null
2026-03-29 21:02:13.849 | AlertVM | spo2 query value={"enabled":true,"threshold":100}
2026-03-29 21:02:13.852 | AlertVM | handleQueryCallback type=Default
2026-03-29 21:02:13.854 | AlertVM | handleQueryCallback type=AlertFeatureSupportObtained
2026-03-29 21:02:13.856 | AlertVM | support feature=SPO2 supported=true
2026-03-29 21:02:13.857 | AlertVM | handleQueryCallback type=Default
2026-03-29 21:02:14.167 | ZhQuery | onSWBRMonitor={"isWarning":false,"warningValue":100}
2026-03-29 21:02:14.168 | AlertService | queryCallback type=PressureModeSettingsObtained
2026-03-29 21:02:14.170 | AlertService | saveAlertSettings={"device_address":"D8:5C:08:30:00:1E","heart_rate":{"low_enabled":true,"low_threshold":49,"resting_enabled":true,"resting_threshold":50,"workout_enabled":false,"workout_threshold":175},"pending_sync":{"heart_rate":false,"relaxation_prompt":false,"sedentary_reminder":false,"sleep_reminder":false,"spo2":false},"pressure_mode":{"relaxation_prompt_enabled":false,"stress_monitoring_enabled":false},"sedentary_reminder":{"end_hour":18,"end_minute":0,"interval":60,"repeat_count":0,"start_hour":9,"start_minute":0,"status":false},"sleep_reminder":{"hour":0,"millisecond":0,"minute":0,"second":0,"status":false},"snapshots":{"heart_rate":{"continuous_heart_rate_mode":0,"frequency":0,"mode":0},"pressure_mode":{"relaxation_warning_value":100},"sedentary_reminder":{"no_disturb_in_launch":false}},"spo2":{"enabled":true,"threshold":100},"support":{"heart_rate":true,"heart_rate_workout":false,"high_stress_index":false,"relaxation_prompt":true,"sedentary_reminder":true,"sleep_reminder":false,"spo2":true,"wear_detection":false},"wear_detection_status":{"last_updated_at":-1}}
2026-03-29 21:02:14.171 | AlertService | queryCallback type=AlertFeatureSupportObtained
2026-03-29 21:02:14.172 | AlertService | saveAlertSettings={"device_address":"D8:5C:08:30:00:1E","heart_rate":{"low_enabled":true,"low_threshold":49,"resting_enabled":true,"resting_threshold":50,"workout_enabled":false,"workout_threshold":175},"pending_sync":{"heart_rate":false,"relaxation_prompt":false,"sedentary_reminder":false,"sleep_reminder":false,"spo2":false},"pressure_mode":{"relaxation_prompt_enabled":false,"stress_monitoring_enabled":false},"sedentary_reminder":{"end_hour":18,"end_minute":0,"interval":60,"repeat_count":0,"start_hour":9,"start_minute":0,"status":false},"sleep_reminder":{"hour":0,"millisecond":0,"minute":0,"second":0,"status":false},"snapshots":{"heart_rate":{"continuous_heart_rate_mode":0,"frequency":0,"mode":0},"pressure_mode":{"relaxation_warning_value":100},"sedentary_reminder":{"no_disturb_in_launch":false}},"spo2":{"enabled":true,"threshold":100},"support":{"heart_rate":true,"heart_rate_workout":false,"high_stress_index":false,"relaxation_prompt":true,"sedentary_reminder":true,"sleep_reminder":false,"spo2":true,"wear_detection":false},"wear_detection_status":{"last_updated_at":-1}}
2026-03-29 21:02:14.173 | AlertVM | handleQueryCallback type=PressureModeSettingsObtained
2026-03-29 21:02:14.175 | AlertVM | pressure query matchesStored=true pending=false phase=null
2026-03-29 21:02:14.176 | AlertVM | pressure query value={"relaxation_prompt_enabled":false,"stress_monitoring_enabled":false}
2026-03-29 21:02:14.178 | AlertVM | handleQueryCallback type=Default
2026-03-29 21:02:14.179 | AlertVM | handleQueryCallback type=AlertFeatureSupportObtained
2026-03-29 21:02:14.181 | AlertVM | support feature=RELAXATION_PROMPT supported=true
2026-03-29 21:02:14.182 | AlertVM | handleQueryCallback type=Default
2026-03-29 21:02:14.423 | AlertService | queryCallback type=UpdateFirmwareLogStatus
2026-03-29 21:02:14.428 | AlertVM | handleQueryCallback type=UpdateFirmwareLogStatus
2026-03-29 21:02:14.430 | AlertVM | handleQueryCallback type=Default
2026-03-29 21:02:14.434 | AlertVM | saveHeartRateSettings requested={"low_enabled":true,"low_threshold":49,"resting_enabled":false,"resting_threshold":50,"workout_enabled":false,"workout_threshold":175}
2026-03-29 21:02:14.436 | AlertVM | persistFeature feature=HEART_RATE connected=true
2026-03-29 21:02:14.437 | AlertVM | persistFeature state={"device_address":"D8:5C:08:30:00:1E","heart_rate":{"low_enabled":true,"low_threshold":49,"resting_enabled":false,"resting_threshold":50,"workout_enabled":false,"workout_threshold":175},"pending_sync":{"heart_rate":true,"relaxation_prompt":false,"sedentary_reminder":false,"sleep_reminder":false,"spo2":false},"pressure_mode":{"relaxation_prompt_enabled":false,"stress_monitoring_enabled":false},"sedentary_reminder":{"end_hour":18,"end_minute":0,"interval":60,"repeat_count":0,"start_hour":9,"start_minute":0,"status":false},"sleep_reminder":{"hour":0,"millisecond":0,"minute":0,"second":0,"status":false},"snapshots":{"heart_rate":{"continuous_heart_rate_mode":0,"frequency":0,"mode":0},"pressure_mode":{"relaxation_warning_value":100},"sedentary_reminder":{"no_disturb_in_launch":false}},"spo2":{"enabled":true,"threshold":100},"support":{"heart_rate":true,"heart_rate_workout":false,"high_stress_index":false,"relaxation_prompt":true,"sedentary_reminder":true,"sleep_reminder":false,"spo2":true,"wear_detection":false},"wear_detection_status":{"last_updated_at":-1}}
2026-03-29 21:02:14.445 | AlertVM | syncQueuedFeatures feature=HEART_RATE requiresSnapshot=false
2026-03-29 21:02:14.447 | AlertVM | sendUpdate feature=HEART_RATE
2026-03-29 21:02:14.458 | AlertVM | sendUpdate state={"device_address":"D8:5C:08:30:00:1E","heart_rate":{"low_enabled":true,"low_threshold":49,"resting_enabled":false,"resting_threshold":50,"workout_enabled":false,"workout_threshold":175},"pending_sync":{"heart_rate":true,"relaxation_prompt":false,"sedentary_reminder":false,"sleep_reminder":false,"spo2":false},"pressure_mode":{"relaxation_prompt_enabled":false,"stress_monitoring_enabled":false},"sedentary_reminder":{"end_hour":18,"end_minute":0,"interval":60,"repeat_count":0,"start_hour":9,"start_minute":0,"status":false},"sleep_reminder":{"hour":0,"millisecond":0,"minute":0,"second":0,"status":false},"snapshots":{"heart_rate":{"continuous_heart_rate_mode":0,"frequency":0,"mode":0},"pressure_mode":{"relaxation_warning_value":100},"sedentary_reminder":{"no_disturb_in_launch":false}},"spo2":{"enabled":true,"threshold":100},"support":{"heart_rate":true,"heart_rate_workout":false,"high_stress_index":false,"relaxation_prompt":true,"sedentary_reminder":true,"sleep_reminder":false,"spo2":true,"wear_detection":false},"wear_detection_status":{"last_updated_at":-1}}
2026-03-29 21:02:14.460 | ZhUpdate | setHeartRateAlertSettings={"low_enabled":true,"low_threshold":49,"resting_enabled":false,"resting_threshold":50,"workout_enabled":false,"workout_threshold":175}
2026-03-29 21:02:14.464 | ZhUpdate | setHeartRateAlertSettings api=SWHRMonitor deviceType=luna_band workoutEnabled=false
2026-03-29 21:02:14.465 | ZhUpdate | setHeartRateAlertSettings bean={"heightWarningValue":50,"isHeightWarning":false,"isLowWarning":true,"lowWarningValue":49}
2026-03-29 21:02:14.571 | AlertVM | saveHeartRateSettings requested={"low_enabled":true,"low_threshold":49,"resting_enabled":true,"resting_threshold":50,"workout_enabled":false,"workout_threshold":175}
2026-03-29 21:02:14.572 | AlertVM | persistFeature feature=HEART_RATE connected=true
2026-03-29 21:02:14.574 | AlertVM | persistFeature state={"device_address":"D8:5C:08:30:00:1E","heart_rate":{"low_enabled":true,"low_threshold":49,"resting_enabled":true,"resting_threshold":50,"workout_enabled":false,"workout_threshold":175},"pending_sync":{"heart_rate":true,"relaxation_prompt":false,"sedentary_reminder":false,"sleep_reminder":false,"spo2":false},"pressure_mode":{"relaxation_prompt_enabled":false,"stress_monitoring_enabled":false},"sedentary_reminder":{"end_hour":18,"end_minute":0,"interval":60,"repeat_count":0,"start_hour":9,"start_minute":0,"status":false},"sleep_reminder":{"hour":0,"millisecond":0,"minute":0,"second":0,"status":false},"snapshots":{"heart_rate":{"continuous_heart_rate_mode":0,"frequency":0,"mode":0},"pressure_mode":{"relaxation_warning_value":100},"sedentary_reminder":{"no_disturb_in_launch":false}},"spo2":{"enabled":true,"threshold":100},"support":{"heart_rate":true,"heart_rate_workout":false,"high_stress_index":false,"relaxation_prompt":true,"sedentary_reminder":true,"sleep_reminder":false,"spo2":true,"wear_detection":false},"wear_detection_status":{"last_updated_at":-1}}
2026-03-29 21:02:14.577 | AlertVM | syncQueuedFeatures skipped activePhase=UPDATE_SENT feature=HEART_RATE
2026-03-29 21:02:15.163 | ZhQuery | onSedentaryReminderResult={"drinkWater":0,"endNoonTime":{"hour":0,"millisecond":0,"minuter":0,"second":0},"endTime":{"hour":0,"millisecond":0,"minuter":0,"second":0},"frequency":0,"isOn":false,"noDisturbInLaunch":false,"startNoonTime":{"hour":0,"millisecond":0,"minuter":0,"second":0},"startTime":{"hour":0,"millisecond":0,"minuter":0,"second":0}}
2026-03-29 21:02:15.165 | AlertService | queryCallback type=SedentaryDataObtained
2026-03-29 21:02:15.167 | AlertService | queryCallback type=SedentaryReminderSettingsObtained
2026-03-29 21:02:15.169 | AlertService | saveAlertSettings={"device_address":"D8:5C:08:30:00:1E","heart_rate":{"low_enabled":true,"low_threshold":49,"resting_enabled":true,"resting_threshold":50,"workout_enabled":false,"workout_threshold":175},"pending_sync":{"heart_rate":true,"relaxation_prompt":false,"sedentary_reminder":false,"sleep_reminder":false,"spo2":false},"pressure_mode":{"relaxation_prompt_enabled":false,"stress_monitoring_enabled":false},"sedentary_reminder":{"end_hour":18,"end_minute":0,"interval":60,"repeat_count":0,"start_hour":9,"start_minute":0,"status":false},"sleep_reminder":{"hour":0,"millisecond":0,"minute":0,"second":0,"status":false},"snapshots":{"heart_rate":{"continuous_heart_rate_mode":0,"frequency":0,"mode":0},"pressure_mode":{"relaxation_warning_value":100},"sedentary_reminder":{"no_disturb_in_launch":false}},"spo2":{"enabled":true,"threshold":100},"support":{"heart_rate":true,"heart_rate_workout":false,"high_stress_index":false,"relaxation_prompt":true,"sedentary_reminder":true,"sleep_reminder":false,"spo2":true,"wear_detection":false},"wear_detection_status":{"last_updated_at":-1}}
2026-03-29 21:02:15.172 | AlertService | queryCallback type=AlertFeatureSupportObtained
2026-03-29 21:02:15.176 | AlertService | saveAlertSettings={"device_address":"D8:5C:08:30:00:1E","heart_rate":{"low_enabled":true,"low_threshold":49,"resting_enabled":true,"resting_threshold":50,"workout_enabled":false,"workout_threshold":175},"pending_sync":{"heart_rate":true,"relaxation_prompt":false,"sedentary_reminder":false,"sleep_reminder":false,"spo2":false},"pressure_mode":{"relaxation_prompt_enabled":false,"stress_monitoring_enabled":false},"sedentary_reminder":{"end_hour":18,"end_minute":0,"interval":60,"repeat_count":0,"start_hour":9,"start_minute":0,"status":false},"sleep_reminder":{"hour":0,"millisecond":0,"minute":0,"second":0,"status":false},"snapshots":{"heart_rate":{"continuous_heart_rate_mode":0,"frequency":0,"mode":0},"pressure_mode":{"relaxation_warning_value":100},"sedentary_reminder":{"no_disturb_in_launch":false}},"spo2":{"enabled":true,"threshold":100},"support":{"heart_rate":true,"heart_rate_workout":false,"high_stress_index":false,"relaxation_prompt":true,"sedentary_reminder":true,"sleep_reminder":false,"spo2":true,"wear_detection":false},"wear_detection_status":{"last_updated_at":-1}}
2026-03-29 21:02:15.177 | AlertVM | handleQueryCallback type=SedentaryDataObtained
2026-03-29 21:02:15.179 | AlertVM | handleQueryCallback type=Default
2026-03-29 21:02:15.181 | AlertVM | handleQueryCallback type=SedentaryReminderSettingsObtained
2026-03-29 21:02:15.183 | AlertVM | sedentary query matchesStored=true pending=false phase=null
2026-03-29 21:02:15.185 | AlertVM | sedentary query value={"end_hour":0,"end_minute":0,"interval":0,"repeat_count":0,"start_hour":0,"start_minute":0,"status":false}
2026-03-29 21:02:15.186 | AlertVM | handleQueryCallback type=Default
2026-03-29 21:02:15.188 | AlertVM | handleQueryCallback type=AlertFeatureSupportObtained
2026-03-29 21:02:15.189 | AlertVM | support feature=SEDENTARY_REMINDER supported=true
2026-03-29 21:02:15.190 | AlertVM | handleQueryCallback type=Default
2026-03-29 21:02:15.420 | AlertService | queryCallback type=UpdateFirmwareLogStatus
2026-03-29 21:02:15.427 | AlertVM | handleQueryCallback type=UpdateFirmwareLogStatus
2026-03-29 21:02:15.429 | AlertVM | handleQueryCallback type=Default
2026-03-29 21:02:15.695 | AlertVM | saveHeartRateSettings requested={"low_enabled":true,"low_threshold":49,"resting_enabled":false,"resting_threshold":50,"workout_enabled":false,"workout_threshold":175}
2026-03-29 21:02:15.697 | AlertVM | persistFeature feature=HEART_RATE connected=true
2026-03-29 21:02:15.698 | AlertVM | persistFeature state={"device_address":"D8:5C:08:30:00:1E","heart_rate":{"low_enabled":true,"low_threshold":49,"resting_enabled":false,"resting_threshold":50,"workout_enabled":false,"workout_threshold":175},"pending_sync":{"heart_rate":true,"relaxation_prompt":false,"sedentary_reminder":false,"sleep_reminder":false,"spo2":false},"pressure_mode":{"relaxation_prompt_enabled":false,"stress_monitoring_enabled":false},"sedentary_reminder":{"end_hour":18,"end_minute":0,"interval":60,"repeat_count":0,"start_hour":9,"start_minute":0,"status":false},"sleep_reminder":{"hour":0,"millisecond":0,"minute":0,"second":0,"status":false},"snapshots":{"heart_rate":{"continuous_heart_rate_mode":0,"frequency":0,"mode":0},"pressure_mode":{"relaxation_warning_value":100},"sedentary_reminder":{"no_disturb_in_launch":false}},"spo2":{"enabled":true,"threshold":100},"support":{"heart_rate":true,"heart_rate_workout":false,"high_stress_index":false,"relaxation_prompt":true,"sedentary_reminder":true,"sleep_reminder":false,"spo2":true,"wear_detection":false},"wear_detection_status":{"last_updated_at":-1}}
2026-03-29 21:02:15.700 | AlertVM | syncQueuedFeatures skipped activePhase=UPDATE_SENT feature=HEART_RATE
2026-03-29 21:02:16.474 | AlertVM | saveHeartRateSettings requested={"low_enabled":true,"low_threshold":49,"resting_enabled":true,"resting_threshold":50,"workout_enabled":false,"workout_threshold":175}
2026-03-29 21:02:16.475 | AlertVM | persistFeature feature=HEART_RATE connected=true
2026-03-29 21:02:16.478 | AlertVM | persistFeature state={"device_address":"D8:5C:08:30:00:1E","heart_rate":{"low_enabled":true,"low_threshold":49,"resting_enabled":true,"resting_threshold":50,"workout_enabled":false,"workout_threshold":175},"pending_sync":{"heart_rate":true,"relaxation_prompt":false,"sedentary_reminder":false,"sleep_reminder":false,"spo2":false},"pressure_mode":{"relaxation_prompt_enabled":false,"stress_monitoring_enabled":false},"sedentary_reminder":{"end_hour":18,"end_minute":0,"interval":60,"repeat_count":0,"start_hour":9,"start_minute":0,"status":false},"sleep_reminder":{"hour":0,"millisecond":0,"minute":0,"second":0,"status":false},"snapshots":{"heart_rate":{"continuous_heart_rate_mode":0,"frequency":0,"mode":0},"pressure_mode":{"relaxation_warning_value":100},"sedentary_reminder":{"no_disturb_in_launch":false}},"spo2":{"enabled":true,"threshold":100},"support":{"heart_rate":true,"heart_rate_workout":false,"high_stress_index":false,"relaxation_prompt":true,"sedentary_reminder":true,"sleep_reminder":false,"spo2":true,"wear_detection":false},"wear_detection_status":{"last_updated_at":-1}}
2026-03-29 21:02:16.480 | AlertVM | syncQueuedFeatures skipped activePhase=UPDATE_SENT feature=HEART_RATE
2026-03-29 21:02:16.506 | AlertService | queryCallback type=UpdateFirmwareLogStatus
2026-03-29 21:02:16.511 | AlertVM | handleQueryCallback type=UpdateFirmwareLogStatus
2026-03-29 21:02:16.513 | AlertVM | handleQueryCallback type=Default
2026-03-29 21:02:16.809 | ZhUpdate | setHeartRateAlertSettings api=SWHRMonitor state=SUCCEED
2026-03-29 21:02:16.810 | AlertService | updateCallback type=HeartRateAlertSettingsUpdated
2026-03-29 21:02:16.812 | AlertService | onAlertUpdateCompleted feature=HEART_RATE success=true
2026-03-29 21:02:16.814 | AlertVM | handleUpdateCallback type=HeartRateAlertSettingsUpdated
2026-03-29 21:02:16.820 | AlertVM | heartRate update success=true
2026-03-29 21:02:16.822 | AlertVM | handleScreenUpdateCompletion feature=HEART_RATE success=true
2026-03-29 21:02:16.826 | AlertVM | scheduleVerify feature=HEART_RATE delayMs=0
2026-03-29 21:02:16.828 | AlertVM | sendQuery feature=HEART_RATE
2026-03-29 21:02:16.829 | ZhQuery | getHeartRateAlertSettings dispatched api=SWHRMonitor deviceType=luna_band
2026-03-29 21:02:17.510 | AlertService | queryCallback type=UpdateFirmwareLogStatus
2026-03-29 21:02:17.519 | AlertVM | handleQueryCallback type=UpdateFirmwareLogStatus
2026-03-29 21:02:17.521 | AlertVM | handleQueryCallback type=Default
2026-03-29 21:02:19.060 | AlertService | queryCallback type=UpdateFirmwareLogStatus
2026-03-29 21:02:19.070 | AlertVM | handleQueryCallback type=UpdateFirmwareLogStatus
2026-03-29 21:02:19.072 | AlertVM | handleQueryCallback type=Default
2026-03-29 21:02:19.285 | AlertService | queryCallback type=BatteryDataObtained
2026-03-29 21:02:19.287 | AlertVM | handleQueryCallback type=BatteryDataObtained
2026-03-29 21:02:19.288 | AlertVM | handleQueryCallback type=Default
2026-03-29 21:02:19.648 | ZhQuery | onSWHRMonitor={"heightWarningValue":50,"isHeightWarning":false,"isLowWarning":true,"lowWarningValue":49}
2026-03-29 21:02:19.652 | AlertService | queryCallback type=HeartRateAlertSettingsObtained
2026-03-29 21:02:19.654 | AlertService | heartRate passive query preserving pending local value
2026-03-29 21:02:19.656 | AlertService | saveAlertSettings={"device_address":"D8:5C:08:30:00:1E","heart_rate":{"low_enabled":true,"low_threshold":49,"resting_enabled":true,"resting_threshold":50,"workout_enabled":false,"workout_threshold":175},"pending_sync":{"heart_rate":true,"relaxation_prompt":false,"sedentary_reminder":false,"sleep_reminder":false,"spo2":false},"pressure_mode":{"relaxation_prompt_enabled":false,"stress_monitoring_enabled":false},"sedentary_reminder":{"end_hour":18,"end_minute":0,"interval":60,"repeat_count":0,"start_hour":9,"start_minute":0,"status":false},"sleep_reminder":{"hour":0,"millisecond":0,"minute":0,"second":0,"status":false},"snapshots":{"heart_rate":{"continuous_heart_rate_mode":0,"frequency":0,"mode":0},"pressure_mode":{"relaxation_warning_value":100},"sedentary_reminder":{"no_disturb_in_launch":false}},"spo2":{"enabled":true,"threshold":100},"support":{"heart_rate":true,"heart_rate_workout":false,"high_stress_index":false,"relaxation_prompt":true,"sedentary_reminder":true,"sleep_reminder":false,"spo2":true,"wear_detection":false},"wear_detection_status":{"last_updated_at":-1}}
2026-03-29 21:02:19.658 | AlertService | queryCallback type=AlertFeatureSupportObtained
2026-03-29 21:02:19.660 | AlertService | saveAlertSettings={"device_address":"D8:5C:08:30:00:1E","heart_rate":{"low_enabled":true,"low_threshold":49,"resting_enabled":true,"resting_threshold":50,"workout_enabled":false,"workout_threshold":175},"pending_sync":{"heart_rate":true,"relaxation_prompt":false,"sedentary_reminder":false,"sleep_reminder":false,"spo2":false},"pressure_mode":{"relaxation_prompt_enabled":false,"stress_monitoring_enabled":false},"sedentary_reminder":{"end_hour":18,"end_minute":0,"interval":60,"repeat_count":0,"start_hour":9,"start_minute":0,"status":false},"sleep_reminder":{"hour":0,"millisecond":0,"minute":0,"second":0,"status":false},"snapshots":{"heart_rate":{"continuous_heart_rate_mode":0,"frequency":0,"mode":0},"pressure_mode":{"relaxation_warning_value":100},"sedentary_reminder":{"no_disturb_in_launch":false}},"spo2":{"enabled":true,"threshold":100},"support":{"heart_rate":true,"heart_rate_workout":false,"high_stress_index":false,"relaxation_prompt":true,"sedentary_reminder":true,"sleep_reminder":false,"spo2":true,"wear_detection":false},"wear_detection_status":{"last_updated_at":-1}}
2026-03-29 21:02:19.663 | ZhQuery | getHeartRateAlertSettings api=SWHRMonitor state=SUCCEED
2026-03-29 21:02:19.665 | AlertVM | handleQueryCallback type=HeartRateAlertSettingsObtained
2026-03-29 21:02:19.666 | AlertVM | heartRate query matchesStored=false pending=true phase=VERIFY_QUERY
2026-03-29 21:02:19.667 | AlertVM | heartRate query value={"low_enabled":true,"low_threshold":49,"resting_enabled":false,"resting_threshold":50,"workout_enabled":false,"workout_threshold":175}
2026-03-29 21:02:19.668 | AlertVM | heartRate verify mismatch preserving local value
2026-03-29 21:02:19.670 | AlertVM | handleScreenQueryCompletion feature=HEART_RATE phase=VERIFY_QUERY matchesStored=false
2026-03-29 21:02:19.671 | AlertVM | handleQueryCallback type=Default
2026-03-29 21:02:19.672 | AlertVM | handleQueryCallback type=AlertFeatureSupportObtained
2026-03-29 21:02:19.673 | AlertVM | support feature=HEART_RATE supported=true
2026-03-29 21:02:19.674 | AlertVM | handleQueryCallback type=Default
2026-03-29 21:02:19.957 | AlertService | queryCallback type=UpdateFirmwareLogStatus
2026-03-29 21:02:19.964 | AlertVM | handleQueryCallback type=UpdateFirmwareLogStatus
2026-03-29 21:02:19.966 | AlertVM | handleQueryCallback type=Default
2026-03-29 21:02:20.364 | AlertService | queryCallback type=UpdateFirmwareLogStatus
2026-03-29 21:02:20.375 | AlertVM | handleQueryCallback type=UpdateFirmwareLogStatus
2026-03-29 21:02:20.377 | AlertVM | handleQueryCallback type=Default
2026-03-29 21:02:20.861 | AlertService | queryCallback type=UpdateFirmwareLogStatus
2026-03-29 21:02:20.870 | AlertVM | handleQueryCallback type=UpdateFirmwareLogStatus
2026-03-29 21:02:20.871 | AlertVM | handleQueryCallback type=Default
2026-03-29 21:02:21.721 | AlertService | queryCallback type=UpdateFirmwareLogStatus
2026-03-29 21:02:21.729 | AlertVM | handleQueryCallback type=UpdateFirmwareLogStatus
2026-03-29 21:02:21.732 | AlertVM | handleQueryCallback type=Default
2026-03-29 21:02:22.224 | AlertUI | exportAlertLogs requested
2026-03-29 21:02:22.890 | AlertService | queryCallback type=UpdateFirmwareLogStatus
2026-03-29 21:02:22.902 | AlertVM | handleQueryCallback type=UpdateFirmwareLogStatus
2026-03-29 21:02:22.906 | AlertVM | handleQueryCallback type=Default
2026-03-29 21:02:23.477 | AlertUI | exportAlertLogs requested
2026-03-29 21:02:23.858 | AlertService | queryCallback type=UpdateFirmwareLogStatus
2026-03-29 21:02:23.866 | AlertVM | handleQueryCallback type=UpdateFirmwareLogStatus
2026-03-29 21:02:23.871 | AlertVM | handleQueryCallback type=Default
2026-03-29 21:02:24.953 | AlertService | queryCallback type=UpdateFirmwareLogStatus
2026-03-29 21:02:24.973 | AlertVM | handleQueryCallback type=UpdateFirmwareLogStatus
2026-03-29 21:02:24.978 | AlertVM | handleQueryCallback type=Default
2026-03-29 21:02:26.001 | AlertService | queryCallback type=UpdateFirmwareLogStatus
2026-03-29 21:02:26.013 | AlertVM | handleQueryCallback type=UpdateFirmwareLogStatus
2026-03-29 21:02:26.018 | AlertVM | handleQueryCallback type=Default
2026-03-29 21:02:27.155 | AlertService | queryCallback type=UpdateFirmwareLogStatus
2026-03-29 21:02:27.702 | AlertService | queryCallback type=UpdateFirmwareLogStatus
2026-03-29 21:02:28.691 | AlertService | queryCallback type=UpdateFirmwareLogStatus
2026-03-29 21:02:29.808 | AlertService | queryCallback type=UpdateFirmwareLogStatus
