2026-03-29 22:04:42.462 | AlertService | resetAlertSyncState
2026-03-29 22:04:42.481 | AlertService | syncPendingAlertSettings skipped disconnected
2026-03-29 22:04:42.519 | AlertService | queryCallback type=UpdateFirmwareLogStatus
2026-03-29 22:04:42.761 | AlertService | queryCallback type=FirmwareVersionObtained
2026-03-29 22:04:42.769 | AlertService | queryCallback type=BatteryDataObtained
2026-03-29 22:04:43.056 | AlertService | queryCallback type=FirmwareVersionObtained
2026-03-29 22:04:43.058 | AlertService | queryCallback type=BatteryDataObtained
2026-03-29 22:04:43.421 | AlertService | queryCallback type=UpdateFirmwareLogStatus
2026-03-29 22:04:43.659 | AlertService | queryCallback type=FirmwareVersionObtained
2026-03-29 22:04:43.667 | AlertService | queryCallback type=BatteryDataObtained
2026-03-29 22:04:44.009 | AlertService | queryCallback type=FirmwareVersionObtained
2026-03-29 22:04:44.015 | AlertService | queryCallback type=BatteryDataObtained
2026-03-29 22:04:44.283 | AlertService | queryCallback type=UpdateFirmwareLogStatus
2026-03-29 22:04:45.229 | AlertService | queryCallback type=UpdateFirmwareLogStatus
2026-03-29 22:04:46.315 | AlertService | queryCallback type=UpdateFirmwareLogStatus
2026-03-29 22:04:47.223 | AlertService | queryCallback type=UpdateFirmwareLogStatus
2026-03-29 22:04:48.158 | AlertService | queryCallback type=UpdateFirmwareLogStatus
2026-03-29 22:04:49.198 | AlertService | queryCallback type=UpdateFirmwareLogStatus
2026-03-29 22:04:50.138 | AlertService | queryCallback type=UpdateFirmwareLogStatus
2026-03-29 22:04:50.546 | AlertService | updateCallback type=DeviceTimeSynced
2026-03-29 22:04:51.206 | AlertService | queryCallback type=UpdateFirmwareLogStatus
2026-03-29 22:04:51.554 | AlertService | updateCallback type=UserInfoUpdated
2026-03-29 22:04:52.204 | AlertService | queryCallback type=UpdateFirmwareLogStatus
2026-03-29 22:04:52.538 | AlertService | updateCallback type=DeviceUnitsUpdated
2026-03-29 22:04:53.192 | AlertService | queryCallback type=UpdateFirmwareLogStatus
2026-03-29 22:04:54.230 | AlertService | queryCallback type=UpdateFirmwareLogStatus
2026-03-29 22:04:55.201 | AlertService | queryCallback type=UpdateFirmwareLogStatus
2026-03-29 22:04:56.175 | AlertService | queryCallback type=UpdateFirmwareLogStatus
2026-03-29 22:04:57.643 | AlertService | queryCallback type=UpdateFirmwareLogStatus
2026-03-29 22:04:57.735 | AlertService | updateCallback type=DeviceTimeSynced
2026-03-29 22:04:58.106 | AlertService | queryCallback type=BatteryDataObtained
2026-03-29 22:04:58.992 | AlertService | queryCallback type=UpdateFirmwareLogStatus
2026-03-29 22:04:59.012 | AlertService | queryCallback type=BatteryDataObtained
2026-03-29 22:05:00.069 | AlertService | queryCallback type=UpdateFirmwareLogStatus
2026-03-29 22:05:00.530 | AlertService | queryCallback type=UpdateFirmwareLogStatus
2026-03-29 22:05:01.479 | AlertService | queryCallback type=UpdateFirmwareLogStatus
2026-03-29 22:05:02.058 | AlertService | queryCallback type=FirmwareVersionObtained
2026-03-29 22:05:02.060 | AlertService | queryCallback type=BatteryDataObtained
2026-03-29 22:05:02.388 | AlertService | queryCallback type=UpdateFirmwareLogStatus
2026-03-29 22:05:03.315 | AlertService | queryCallback type=UpdateFirmwareLogStatus
2026-03-29 22:05:04.273 | AlertService | queryCallback type=UpdateFirmwareLogStatus
2026-03-29 22:05:05.215 | AlertService | queryCallback type=UpdateFirmwareLogStatus
2026-03-29 22:05:06.243 | AlertService | queryCallback type=UpdateFirmwareLogStatus
2026-03-29 22:05:07.155 | AlertService | queryCallback type=UpdateFirmwareLogStatus
2026-03-29 22:05:08.353 | AlertService | queryCallback type=UpdateFirmwareLogStatus
2026-03-29 22:05:09.280 | AlertService | queryCallback type=UpdateFirmwareLogStatus
2026-03-29 22:05:10.192 | AlertService | queryCallback type=UpdateFirmwareLogStatus
2026-03-29 22:05:11.301 | AlertService | queryCallback type=UpdateFirmwareLogStatus
2026-03-29 22:05:12.271 | AlertService | queryCallback type=UpdateFirmwareLogStatus
2026-03-29 22:05:13.209 | AlertService | queryCallback type=UpdateFirmwareLogStatus
2026-03-29 22:05:14.629 | AlertService | queryCallback type=UpdateFirmwareLogStatus
2026-03-29 22:05:15.086 | AlertService | queryCallback type=UpdateFirmwareLogStatus
2026-03-29 22:05:15.652 | AlertService | queryCallback type=UpdateFirmwareLogStatus
2026-03-29 22:05:16.366 | AlertService | queryCallback type=UpdateFirmwareLogStatus
2026-03-29 22:05:17.402 | AlertService | queryCallback type=UpdateFirmwareLogStatus
2026-03-29 22:05:17.627 | AlertService | queryCallback type=BatteryDataObtained
2026-03-29 22:05:18.441 | AlertService | queryCallback type=UpdateFirmwareLogStatus
2026-03-29 22:05:19.117 | AlertUI | BlankTestFragment alert panel initialized
2026-03-29 22:05:19.120 | AlertVM | handleQueryCallback type=Default
2026-03-29 22:05:19.122 | AlertVM | handleUpdateCallback type=DeviceTimeSynced
2026-03-29 22:05:19.126 | AlertVM | onConnectedStateChanged state=ConnectSuccess
2026-03-29 22:05:19.129 | AlertVM | refreshFromBand dispatching alert queries
2026-03-29 22:05:19.134 | AlertVM | loadState={"device_address":"D8:5C:08:30:00:1E","heart_rate":{"low_enabled":false,"low_threshold":50,"resting_enabled":false,"resting_threshold":150,"workout_enabled":false,"workout_threshold":175},"pending_sync":{"heart_rate":false,"relaxation_prompt":false,"sedentary_reminder":false,"sleep_reminder":false,"spo2":false},"pressure_mode":{"relaxation_prompt_enabled":false,"stress_monitoring_enabled":false},"sedentary_reminder":{"end_hour":18,"end_minute":0,"interval":60,"repeat_count":0,"start_hour":9,"start_minute":0,"status":false},"sleep_reminder":{"hour":0,"millisecond":0,"minute":0,"second":0,"status":false},"snapshots":{"heart_rate":{},"pressure_mode":{},"screenless_heart_rate_realtime":{},"screenless_spo2_monitoring":{},"sedentary_reminder":{}},"spo2":{"enabled":false,"threshold":75},"support":{"heart_rate":true,"heart_rate_workout":false,"high_stress_index":false,"relaxation_prompt":true,"sedentary_reminder":true,"sleep_reminder":true,"spo2":true,"wear_detection":true},"wear_detection_status":{"last_updated_at":0}}
2026-03-29 22:05:19.232 | ZhQuery | getHeartRateAlertSettings dispatched api=SWHRMonitor deviceType=luna_band
2026-03-29 22:05:19.245 | ZhQuery | getHeartRateInterval dispatched api=RealTimeHeartRateConfig deviceType=luna_band
2026-03-29 22:05:19.248 | ZhQuery | getSpo2AlertSettings dispatched
2026-03-29 22:05:19.250 | ZhQuery | getSpo2Settings dispatched api=ContinuousBloodOxygenSettings deviceType=luna_band
2026-03-29 22:05:19.254 | ZhQuery | getPressureModeSettings dispatched api=SWBRMonitor deviceType=luna_band
2026-03-29 22:05:19.259 | ZhQuery | getSleepReminder dispatched
2026-03-29 22:05:19.277 | AlertVM | refreshFromBand dispatching alert queries
2026-03-29 22:05:19.297 | ZhQuery | getHeartRateAlertSettings dispatched api=SWHRMonitor deviceType=luna_band
2026-03-29 22:05:19.308 | ZhQuery | getHeartRateInterval dispatched api=RealTimeHeartRateConfig deviceType=luna_band
2026-03-29 22:05:19.321 | ZhQuery | getSpo2AlertSettings dispatched
2026-03-29 22:05:19.323 | ZhQuery | getSpo2Settings dispatched api=ContinuousBloodOxygenSettings deviceType=luna_band
2026-03-29 22:05:19.325 | ZhQuery | getPressureModeSettings dispatched api=SWBRMonitor deviceType=luna_band
2026-03-29 22:05:19.332 | ZhQuery | getSleepReminder dispatched
2026-03-29 22:05:19.422 | AlertService | queryCallback type=UpdateFirmwareLogStatus
2026-03-29 22:05:19.433 | AlertVM | handleQueryCallback type=UpdateFirmwareLogStatus
2026-03-29 22:05:19.437 | AlertVM | handleQueryCallback type=Default
2026-03-29 22:05:20.664 | AlertService | queryCallback type=UpdateFirmwareLogStatus
2026-03-29 22:05:20.675 | AlertVM | handleQueryCallback type=UpdateFirmwareLogStatus
2026-03-29 22:05:20.677 | AlertVM | handleQueryCallback type=Default
2026-03-29 22:05:21.753 | AlertService | queryCallback type=UpdateFirmwareLogStatus
2026-03-29 22:05:21.766 | AlertVM | handleQueryCallback type=UpdateFirmwareLogStatus
2026-03-29 22:05:21.768 | AlertVM | handleQueryCallback type=Default
2026-03-29 22:05:22.542 | AlertService | queryCallback type=UpdateFirmwareLogStatus
2026-03-29 22:05:22.552 | AlertVM | handleQueryCallback type=UpdateFirmwareLogStatus
2026-03-29 22:05:22.555 | AlertVM | handleQueryCallback type=Default
2026-03-29 22:05:22.807 | ZhQuery | onSWHRMonitor={"heightWarningValue":220,"isHeightWarning":false,"isLowWarning":false,"lowWarningValue":45}
2026-03-29 22:05:22.810 | AlertService | queryCallback type=HeartRateAlertSettingsObtained
2026-03-29 22:05:22.814 | AlertService | saveAlertSettings={"device_address":"D8:5C:08:30:00:1E","heart_rate":{"low_enabled":false,"low_threshold":50,"resting_enabled":false,"resting_threshold":150,"workout_enabled":false,"workout_threshold":175},"pending_sync":{"heart_rate":false,"relaxation_prompt":false,"sedentary_reminder":false,"sleep_reminder":false,"spo2":false},"pressure_mode":{"relaxation_prompt_enabled":false,"stress_monitoring_enabled":false},"sedentary_reminder":{"end_hour":18,"end_minute":0,"interval":60,"repeat_count":0,"start_hour":9,"start_minute":0,"status":false},"sleep_reminder":{"hour":0,"millisecond":0,"minute":0,"second":0,"status":false},"snapshots":{"heart_rate":{"continuous_heart_rate_mode":0,"frequency":0,"mode":0},"pressure_mode":{},"screenless_heart_rate_realtime":{},"screenless_spo2_monitoring":{},"sedentary_reminder":{}},"spo2":{"enabled":false,"threshold":75},"support":{"heart_rate":true,"heart_rate_workout":false,"high_stress_index":false,"relaxation_prompt":true,"sedentary_reminder":true,"sleep_reminder":true,"spo2":true,"wear_detection":true},"wear_detection_status":{"last_updated_at":0}}
2026-03-29 22:05:22.824 | AlertService | queryCallback type=AlertFeatureSupportObtained
2026-03-29 22:05:22.827 | AlertService | saveAlertSettings={"device_address":"D8:5C:08:30:00:1E","heart_rate":{"low_enabled":false,"low_threshold":50,"resting_enabled":false,"resting_threshold":150,"workout_enabled":false,"workout_threshold":175},"pending_sync":{"heart_rate":false,"relaxation_prompt":false,"sedentary_reminder":false,"sleep_reminder":false,"spo2":false},"pressure_mode":{"relaxation_prompt_enabled":false,"stress_monitoring_enabled":false},"sedentary_reminder":{"end_hour":18,"end_minute":0,"interval":60,"repeat_count":0,"start_hour":9,"start_minute":0,"status":false},"sleep_reminder":{"hour":0,"millisecond":0,"minute":0,"second":0,"status":false},"snapshots":{"heart_rate":{"continuous_heart_rate_mode":0,"frequency":0,"mode":0},"pressure_mode":{},"screenless_heart_rate_realtime":{},"screenless_spo2_monitoring":{},"sedentary_reminder":{}},"spo2":{"enabled":false,"threshold":75},"support":{"heart_rate":true,"heart_rate_workout":false,"high_stress_index":false,"relaxation_prompt":true,"sedentary_reminder":true,"sleep_reminder":true,"spo2":true,"wear_detection":true},"wear_detection_status":{"last_updated_at":0}}
2026-03-29 22:05:22.834 | ZhQuery | getHeartRateAlertSettings api=SWHRMonitor state=SUCCEED
2026-03-29 22:05:22.836 | ZhQuery | getHeartRateAlertSettings api=SWHRMonitor state=SUCCEED
2026-03-29 22:05:22.838 | AlertVM | handleQueryCallback type=HeartRateAlertSettingsObtained
2026-03-29 22:05:22.840 | AlertVM | heartRate query matchesStored=true pending=false phase=null
2026-03-29 22:05:22.842 | AlertVM | heartRate query value={"low_enabled":false,"low_threshold":45,"resting_enabled":false,"resting_threshold":220,"workout_enabled":false,"workout_threshold":175}
2026-03-29 22:05:22.843 | AlertVM | handleQueryCallback type=Default
2026-03-29 22:05:22.845 | AlertVM | handleQueryCallback type=AlertFeatureSupportObtained
2026-03-29 22:05:22.847 | AlertVM | support feature=HEART_RATE supported=true
2026-03-29 22:05:22.848 | AlertVM | handleQueryCallback type=Default
2026-03-29 22:05:23.166 | ZhQuery | getHeartRateInterval api=RealTimeHeartRateConfig state=NOT_SUPPORT
2026-03-29 22:05:23.169 | AlertService | queryCallback type=AlertFeatureSupportObtained
2026-03-29 22:05:23.172 | AlertService | onAlertFeatureUnsupported feature=HEART_RATE
2026-03-29 22:05:23.176 | AlertService | saveAlertSettings={"device_address":"D8:5C:08:30:00:1E","heart_rate":{"low_enabled":false,"low_threshold":50,"resting_enabled":false,"resting_threshold":150,"workout_enabled":false,"workout_threshold":175},"pending_sync":{"heart_rate":false,"relaxation_prompt":false,"sedentary_reminder":false,"sleep_reminder":false,"spo2":false},"pressure_mode":{"relaxation_prompt_enabled":false,"stress_monitoring_enabled":false},"sedentary_reminder":{"end_hour":18,"end_minute":0,"interval":60,"repeat_count":0,"start_hour":9,"start_minute":0,"status":false},"sleep_reminder":{"hour":0,"millisecond":0,"minute":0,"second":0,"status":false},"snapshots":{"heart_rate":{"continuous_heart_rate_mode":0,"frequency":0,"mode":0},"pressure_mode":{},"screenless_heart_rate_realtime":{},"screenless_spo2_monitoring":{},"sedentary_reminder":{}},"spo2":{"enabled":false,"threshold":75},"support":{"heart_rate":false,"heart_rate_workout":false,"high_stress_index":false,"relaxation_prompt":true,"sedentary_reminder":true,"sleep_reminder":true,"spo2":true,"wear_detection":true},"wear_detection_status":{"last_updated_at":0}}
2026-03-29 22:05:23.191 | ZhQuery | getHeartRateInterval api=RealTimeHeartRateConfig state=NOT_SUPPORT
2026-03-29 22:05:23.193 | AlertService | queryCallback type=AlertFeatureSupportObtained
2026-03-29 22:05:23.196 | AlertService | onAlertFeatureUnsupported feature=HEART_RATE
2026-03-29 22:05:23.199 | AlertService | saveAlertSettings={"device_address":"D8:5C:08:30:00:1E","heart_rate":{"low_enabled":false,"low_threshold":50,"resting_enabled":false,"resting_threshold":150,"workout_enabled":false,"workout_threshold":175},"pending_sync":{"heart_rate":false,"relaxation_prompt":false,"sedentary_reminder":false,"sleep_reminder":false,"spo2":false},"pressure_mode":{"relaxation_prompt_enabled":false,"stress_monitoring_enabled":false},"sedentary_reminder":{"end_hour":18,"end_minute":0,"interval":60,"repeat_count":0,"start_hour":9,"start_minute":0,"status":false},"sleep_reminder":{"hour":0,"millisecond":0,"minute":0,"second":0,"status":false},"snapshots":{"heart_rate":{"continuous_heart_rate_mode":0,"frequency":0,"mode":0},"pressure_mode":{},"screenless_heart_rate_realtime":{},"screenless_spo2_monitoring":{},"sedentary_reminder":{}},"spo2":{"enabled":false,"threshold":75},"support":{"heart_rate":false,"heart_rate_workout":false,"high_stress_index":false,"relaxation_prompt":true,"sedentary_reminder":true,"sleep_reminder":true,"spo2":true,"wear_detection":true},"wear_detection_status":{"last_updated_at":0}}
2026-03-29 22:05:23.203 | AlertVM | handleQueryCallback type=AlertFeatureSupportObtained
2026-03-29 22:05:23.205 | AlertVM | support feature=HEART_RATE supported=false
2026-03-29 22:05:23.207 | AlertVM | handleQueryCallback type=Default
2026-03-29 22:05:23.209 | AlertVM | handleQueryCallback type=AlertFeatureSupportObtained
2026-03-29 22:05:23.212 | AlertVM | support feature=HEART_RATE supported=false
2026-03-29 22:05:23.214 | AlertVM | handleQueryCallback type=Default
2026-03-29 22:05:23.561 | AlertService | queryCallback type=UpdateFirmwareLogStatus
2026-03-29 22:05:23.571 | AlertVM | handleQueryCallback type=UpdateFirmwareLogStatus
2026-03-29 22:05:23.573 | AlertVM | handleQueryCallback type=Default
2026-03-29 22:05:23.892 | ZhQuery | onSWSPO2Monitor={"isWarning":true,"warningValue":90}
2026-03-29 22:05:23.895 | AlertService | queryCallback type=Spo2AlertSettingsObtained
2026-03-29 22:05:23.897 | AlertService | saveAlertSettings={"device_address":"D8:5C:08:30:00:1E","heart_rate":{"low_enabled":false,"low_threshold":50,"resting_enabled":false,"resting_threshold":150,"workout_enabled":false,"workout_threshold":175},"pending_sync":{"heart_rate":false,"relaxation_prompt":false,"sedentary_reminder":false,"sleep_reminder":false,"spo2":false},"pressure_mode":{"relaxation_prompt_enabled":false,"stress_monitoring_enabled":false},"sedentary_reminder":{"end_hour":18,"end_minute":0,"interval":60,"repeat_count":0,"start_hour":9,"start_minute":0,"status":false},"sleep_reminder":{"hour":0,"millisecond":0,"minute":0,"second":0,"status":false},"snapshots":{"heart_rate":{"continuous_heart_rate_mode":0,"frequency":0,"mode":0},"pressure_mode":{},"screenless_heart_rate_realtime":{},"screenless_spo2_monitoring":{},"sedentary_reminder":{}},"spo2":{"enabled":true,"threshold":90},"support":{"heart_rate":false,"heart_rate_workout":false,"high_stress_index":false,"relaxation_prompt":true,"sedentary_reminder":true,"sleep_reminder":true,"spo2":true,"wear_detection":true},"wear_detection_status":{"last_updated_at":0}}
2026-03-29 22:05:23.907 | AlertService | queryCallback type=AlertFeatureSupportObtained
2026-03-29 22:05:23.909 | AlertService | saveAlertSettings={"device_address":"D8:5C:08:30:00:1E","heart_rate":{"low_enabled":false,"low_threshold":50,"resting_enabled":false,"resting_threshold":150,"workout_enabled":false,"workout_threshold":175},"pending_sync":{"heart_rate":false,"relaxation_prompt":false,"sedentary_reminder":false,"sleep_reminder":false,"spo2":false},"pressure_mode":{"relaxation_prompt_enabled":false,"stress_monitoring_enabled":false},"sedentary_reminder":{"end_hour":18,"end_minute":0,"interval":60,"repeat_count":0,"start_hour":9,"start_minute":0,"status":false},"sleep_reminder":{"hour":0,"millisecond":0,"minute":0,"second":0,"status":false},"snapshots":{"heart_rate":{"continuous_heart_rate_mode":0,"frequency":0,"mode":0},"pressure_mode":{},"screenless_heart_rate_realtime":{},"screenless_spo2_monitoring":{},"sedentary_reminder":{}},"spo2":{"enabled":true,"threshold":90},"support":{"heart_rate":false,"heart_rate_workout":false,"high_stress_index":false,"relaxation_prompt":true,"sedentary_reminder":true,"sleep_reminder":true,"spo2":true,"wear_detection":true},"wear_detection_status":{"last_updated_at":0}}
2026-03-29 22:05:23.915 | ZhQuery | getSpo2AlertSettings state=SUCCEED
2026-03-29 22:05:23.917 | ZhQuery | getSpo2AlertSettings state=SUCCEED
2026-03-29 22:05:23.919 | AlertVM | handleQueryCallback type=Spo2AlertSettingsObtained
2026-03-29 22:05:23.921 | AlertVM | spo2 query matchesStored=true pending=false phase=null
2026-03-29 22:05:23.923 | AlertVM | spo2 query value={"enabled":true,"threshold":90}
2026-03-29 22:05:23.925 | AlertVM | handleQueryCallback type=Default
2026-03-29 22:05:23.926 | AlertVM | handleQueryCallback type=AlertFeatureSupportObtained
2026-03-29 22:05:23.930 | AlertVM | support feature=SPO2 supported=true
2026-03-29 22:05:23.932 | AlertVM | handleQueryCallback type=Default
2026-03-29 22:05:24.243 | ZhQuery | getSpo2Settings api=ContinuousBloodOxygenSettings state=NOT_SUPPORT
2026-03-29 22:05:24.246 | AlertService | queryCallback type=AlertFeatureSupportObtained
2026-03-29 22:05:24.249 | AlertService | onAlertFeatureUnsupported feature=SPO2
2026-03-29 22:05:24.253 | AlertService | saveAlertSettings={"device_address":"D8:5C:08:30:00:1E","heart_rate":{"low_enabled":false,"low_threshold":50,"resting_enabled":false,"resting_threshold":150,"workout_enabled":false,"workout_threshold":175},"pending_sync":{"heart_rate":false,"relaxation_prompt":false,"sedentary_reminder":false,"sleep_reminder":false,"spo2":false},"pressure_mode":{"relaxation_prompt_enabled":false,"stress_monitoring_enabled":false},"sedentary_reminder":{"end_hour":18,"end_minute":0,"interval":60,"repeat_count":0,"start_hour":9,"start_minute":0,"status":false},"sleep_reminder":{"hour":0,"millisecond":0,"minute":0,"second":0,"status":false},"snapshots":{"heart_rate":{"continuous_heart_rate_mode":0,"frequency":0,"mode":0},"pressure_mode":{},"screenless_heart_rate_realtime":{},"screenless_spo2_monitoring":{},"sedentary_reminder":{}},"spo2":{"enabled":true,"threshold":90},"support":{"heart_rate":false,"heart_rate_workout":false,"high_stress_index":false,"relaxation_prompt":true,"sedentary_reminder":true,"sleep_reminder":true,"spo2":false,"wear_detection":true},"wear_detection_status":{"last_updated_at":0}}
2026-03-29 22:05:24.263 | ZhQuery | getSpo2Settings api=ContinuousBloodOxygenSettings state=NOT_SUPPORT
2026-03-29 22:05:24.265 | AlertService | queryCallback type=AlertFeatureSupportObtained
2026-03-29 22:05:24.269 | AlertService | onAlertFeatureUnsupported feature=SPO2
2026-03-29 22:05:24.272 | AlertService | saveAlertSettings={"device_address":"D8:5C:08:30:00:1E","heart_rate":{"low_enabled":false,"low_threshold":50,"resting_enabled":false,"resting_threshold":150,"workout_enabled":false,"workout_threshold":175},"pending_sync":{"heart_rate":false,"relaxation_prompt":false,"sedentary_reminder":false,"sleep_reminder":false,"spo2":false},"pressure_mode":{"relaxation_prompt_enabled":false,"stress_monitoring_enabled":false},"sedentary_reminder":{"end_hour":18,"end_minute":0,"interval":60,"repeat_count":0,"start_hour":9,"start_minute":0,"status":false},"sleep_reminder":{"hour":0,"millisecond":0,"minute":0,"second":0,"status":false},"snapshots":{"heart_rate":{"continuous_heart_rate_mode":0,"frequency":0,"mode":0},"pressure_mode":{},"screenless_heart_rate_realtime":{},"screenless_spo2_monitoring":{},"sedentary_reminder":{}},"spo2":{"enabled":true,"threshold":90},"support":{"heart_rate":false,"heart_rate_workout":false,"high_stress_index":false,"relaxation_prompt":true,"sedentary_reminder":true,"sleep_reminder":true,"spo2":false,"wear_detection":true},"wear_detection_status":{"last_updated_at":0}}
2026-03-29 22:05:24.274 | AlertVM | handleQueryCallback type=AlertFeatureSupportObtained
2026-03-29 22:05:24.276 | AlertVM | support feature=SPO2 supported=false
2026-03-29 22:05:24.279 | AlertVM | handleQueryCallback type=Default
2026-03-29 22:05:24.281 | AlertVM | handleQueryCallback type=AlertFeatureSupportObtained
2026-03-29 22:05:24.283 | AlertVM | support feature=SPO2 supported=false
2026-03-29 22:05:24.284 | AlertVM | handleQueryCallback type=Default
2026-03-29 22:05:24.570 | AlertService | queryCallback type=UpdateFirmwareLogStatus
2026-03-29 22:05:24.580 | AlertVM | handleQueryCallback type=UpdateFirmwareLogStatus
2026-03-29 22:05:24.583 | AlertVM | handleQueryCallback type=Default
2026-03-29 22:05:24.884 | ZhQuery | onSWBRMonitor={"isWarning":false,"warningValue":100}
2026-03-29 22:05:24.887 | AlertService | queryCallback type=PressureModeSettingsObtained
2026-03-29 22:05:24.899 | AlertService | saveAlertSettings={"device_address":"D8:5C:08:30:00:1E","heart_rate":{"low_enabled":false,"low_threshold":50,"resting_enabled":false,"resting_threshold":150,"workout_enabled":false,"workout_threshold":175},"pending_sync":{"heart_rate":false,"relaxation_prompt":false,"sedentary_reminder":false,"sleep_reminder":false,"spo2":false},"pressure_mode":{"relaxation_prompt_enabled":false,"stress_monitoring_enabled":false},"sedentary_reminder":{"end_hour":18,"end_minute":0,"interval":60,"repeat_count":0,"start_hour":9,"start_minute":0,"status":false},"sleep_reminder":{"hour":0,"millisecond":0,"minute":0,"second":0,"status":false},"snapshots":{"heart_rate":{"continuous_heart_rate_mode":0,"frequency":0,"mode":0},"pressure_mode":{"relaxation_warning_value":100},"screenless_heart_rate_realtime":{},"screenless_spo2_monitoring":{},"sedentary_reminder":{}},"spo2":{"enabled":true,"threshold":90},"support":{"heart_rate":false,"heart_rate_workout":false,"high_stress_index":false,"relaxation_prompt":true,"sedentary_reminder":true,"sleep_reminder":true,"spo2":false,"wear_detection":true},"wear_detection_status":{"last_updated_at":0}}
2026-03-29 22:05:24.911 | AlertService | queryCallback type=AlertFeatureSupportObtained
2026-03-29 22:05:24.915 | AlertService | saveAlertSettings={"device_address":"D8:5C:08:30:00:1E","heart_rate":{"low_enabled":false,"low_threshold":50,"resting_enabled":false,"resting_threshold":150,"workout_enabled":false,"workout_threshold":175},"pending_sync":{"heart_rate":false,"relaxation_prompt":false,"sedentary_reminder":false,"sleep_reminder":false,"spo2":false},"pressure_mode":{"relaxation_prompt_enabled":false,"stress_monitoring_enabled":false},"sedentary_reminder":{"end_hour":18,"end_minute":0,"interval":60,"repeat_count":0,"start_hour":9,"start_minute":0,"status":false},"sleep_reminder":{"hour":0,"millisecond":0,"minute":0,"second":0,"status":false},"snapshots":{"heart_rate":{"continuous_heart_rate_mode":0,"frequency":0,"mode":0},"pressure_mode":{"relaxation_warning_value":100},"screenless_heart_rate_realtime":{},"screenless_spo2_monitoring":{},"sedentary_reminder":{}},"spo2":{"enabled":true,"threshold":90},"support":{"heart_rate":false,"heart_rate_workout":false,"high_stress_index":false,"relaxation_prompt":true,"sedentary_reminder":true,"sleep_reminder":true,"spo2":false,"wear_detection":true},"wear_detection_status":{"last_updated_at":0}}
2026-03-29 22:05:24.921 | ZhQuery | getPressureModeSettings api=SWBRMonitor state=SUCCEED
2026-03-29 22:05:24.924 | ZhQuery | getPressureModeSettings api=SWBRMonitor state=SUCCEED
2026-03-29 22:05:24.926 | AlertVM | handleQueryCallback type=PressureModeSettingsObtained
2026-03-29 22:05:24.929 | AlertVM | pressure query matchesStored=true pending=false phase=null
2026-03-29 22:05:24.932 | AlertVM | pressure query value={"relaxation_prompt_enabled":false,"stress_monitoring_enabled":false}
2026-03-29 22:05:24.935 | AlertVM | handleQueryCallback type=Default
2026-03-29 22:05:24.937 | AlertVM | handleQueryCallback type=AlertFeatureSupportObtained
2026-03-29 22:05:24.939 | AlertVM | support feature=RELAXATION_PROMPT supported=true
2026-03-29 22:05:24.942 | AlertVM | handleQueryCallback type=Default
2026-03-29 22:05:25.186 | ZhQuery | getSleepReminder state=NOT_SUPPORT
2026-03-29 22:05:25.189 | AlertService | queryCallback type=AlertFeatureSupportObtained
2026-03-29 22:05:25.191 | AlertService | onAlertFeatureUnsupported feature=SLEEP_REMINDER
2026-03-29 22:05:25.194 | AlertService | saveAlertSettings={"device_address":"D8:5C:08:30:00:1E","heart_rate":{"low_enabled":false,"low_threshold":50,"resting_enabled":false,"resting_threshold":150,"workout_enabled":false,"workout_threshold":175},"pending_sync":{"heart_rate":false,"relaxation_prompt":false,"sedentary_reminder":false,"sleep_reminder":false,"spo2":false},"pressure_mode":{"relaxation_prompt_enabled":false,"stress_monitoring_enabled":false},"sedentary_reminder":{"end_hour":18,"end_minute":0,"interval":60,"repeat_count":0,"start_hour":9,"start_minute":0,"status":false},"sleep_reminder":{"hour":0,"millisecond":0,"minute":0,"second":0,"status":false},"snapshots":{"heart_rate":{"continuous_heart_rate_mode":0,"frequency":0,"mode":0},"pressure_mode":{"relaxation_warning_value":100},"screenless_heart_rate_realtime":{},"screenless_spo2_monitoring":{},"sedentary_reminder":{}},"spo2":{"enabled":true,"threshold":90},"support":{"heart_rate":false,"heart_rate_workout":false,"high_stress_index":false,"relaxation_prompt":true,"sedentary_reminder":true,"sleep_reminder":false,"spo2":false,"wear_detection":true},"wear_detection_status":{"last_updated_at":0}}
2026-03-29 22:05:25.204 | ZhQuery | getSleepReminder state=NOT_SUPPORT
2026-03-29 22:05:25.206 | AlertService | queryCallback type=AlertFeatureSupportObtained
2026-03-29 22:05:25.214 | AlertService | onAlertFeatureUnsupported feature=SLEEP_REMINDER
2026-03-29 22:05:25.216 | AlertService | saveAlertSettings={"device_address":"D8:5C:08:30:00:1E","heart_rate":{"low_enabled":false,"low_threshold":50,"resting_enabled":false,"resting_threshold":150,"workout_enabled":false,"workout_threshold":175},"pending_sync":{"heart_rate":false,"relaxation_prompt":false,"sedentary_reminder":false,"sleep_reminder":false,"spo2":false},"pressure_mode":{"relaxation_prompt_enabled":false,"stress_monitoring_enabled":false},"sedentary_reminder":{"end_hour":18,"end_minute":0,"interval":60,"repeat_count":0,"start_hour":9,"start_minute":0,"status":false},"sleep_reminder":{"hour":0,"millisecond":0,"minute":0,"second":0,"status":false},"snapshots":{"heart_rate":{"continuous_heart_rate_mode":0,"frequency":0,"mode":0},"pressure_mode":{"relaxation_warning_value":100},"screenless_heart_rate_realtime":{},"screenless_spo2_monitoring":{},"sedentary_reminder":{}},"spo2":{"enabled":true,"threshold":90},"support":{"heart_rate":false,"heart_rate_workout":false,"high_stress_index":false,"relaxation_prompt":true,"sedentary_reminder":true,"sleep_reminder":false,"spo2":false,"wear_detection":true},"wear_detection_status":{"last_updated_at":0}}
2026-03-29 22:05:25.218 | AlertVM | handleQueryCallback type=AlertFeatureSupportObtained
2026-03-29 22:05:25.221 | AlertVM | support feature=SLEEP_REMINDER supported=false
2026-03-29 22:05:25.224 | AlertVM | handleQueryCallback type=Default
2026-03-29 22:05:25.226 | AlertVM | handleQueryCallback type=AlertFeatureSupportObtained
2026-03-29 22:05:25.227 | AlertVM | support feature=SLEEP_REMINDER supported=false
2026-03-29 22:05:25.229 | AlertVM | handleQueryCallback type=Default
2026-03-29 22:05:25.503 | AlertService | queryCallback type=UpdateFirmwareLogStatus
2026-03-29 22:05:25.514 | AlertVM | handleQueryCallback type=UpdateFirmwareLogStatus
2026-03-29 22:05:25.516 | AlertVM | handleQueryCallback type=Default
2026-03-29 22:05:25.931 | ZhQuery | onSedentaryReminderResult={"drinkWater":0,"endNoonTime":{"hour":0,"millisecond":0,"minuter":0,"second":0},"endTime":{"hour":0,"millisecond":0,"minuter":0,"second":0},"frequency":0,"isOn":false,"noDisturbInLaunch":false,"startNoonTime":{"hour":0,"millisecond":0,"minuter":0,"second":0},"startTime":{"hour":0,"millisecond":0,"minuter":0,"second":0}}
2026-03-29 22:05:25.933 | AlertService | queryCallback type=SedentaryDataObtained
2026-03-29 22:05:25.934 | AlertService | queryCallback type=SedentaryReminderSettingsObtained
2026-03-29 22:05:25.937 | AlertService | saveAlertSettings={"device_address":"D8:5C:08:30:00:1E","heart_rate":{"low_enabled":false,"low_threshold":50,"resting_enabled":false,"resting_threshold":150,"workout_enabled":false,"workout_threshold":175},"pending_sync":{"heart_rate":false,"relaxation_prompt":false,"sedentary_reminder":false,"sleep_reminder":false,"spo2":false},"pressure_mode":{"relaxation_prompt_enabled":false,"stress_monitoring_enabled":false},"sedentary_reminder":{"end_hour":18,"end_minute":0,"interval":60,"repeat_count":0,"start_hour":9,"start_minute":0,"status":false},"sleep_reminder":{"hour":0,"millisecond":0,"minute":0,"second":0,"status":false},"snapshots":{"heart_rate":{"continuous_heart_rate_mode":0,"frequency":0,"mode":0},"pressure_mode":{"relaxation_warning_value":100},"screenless_heart_rate_realtime":{},"screenless_spo2_monitoring":{},"sedentary_reminder":{"no_disturb_in_launch":false}},"spo2":{"enabled":true,"threshold":90},"support":{"heart_rate":false,"heart_rate_workout":false,"high_stress_index":false,"relaxation_prompt":true,"sedentary_reminder":true,"sleep_reminder":false,"spo2":false,"wear_detection":true},"wear_detection_status":{"last_updated_at":0}}
2026-03-29 22:05:25.939 | AlertService | queryCallback type=AlertFeatureSupportObtained
2026-03-29 22:05:25.941 | AlertService | saveAlertSettings={"device_address":"D8:5C:08:30:00:1E","heart_rate":{"low_enabled":false,"low_threshold":50,"resting_enabled":false,"resting_threshold":150,"workout_enabled":false,"workout_threshold":175},"pending_sync":{"heart_rate":false,"relaxation_prompt":false,"sedentary_reminder":false,"sleep_reminder":false,"spo2":false},"pressure_mode":{"relaxation_prompt_enabled":false,"stress_monitoring_enabled":false},"sedentary_reminder":{"end_hour":18,"end_minute":0,"interval":60,"repeat_count":0,"start_hour":9,"start_minute":0,"status":false},"sleep_reminder":{"hour":0,"millisecond":0,"minute":0,"second":0,"status":false},"snapshots":{"heart_rate":{"continuous_heart_rate_mode":0,"frequency":0,"mode":0},"pressure_mode":{"relaxation_warning_value":100},"screenless_heart_rate_realtime":{},"screenless_spo2_monitoring":{},"sedentary_reminder":{"no_disturb_in_launch":false}},"spo2":{"enabled":true,"threshold":90},"support":{"heart_rate":false,"heart_rate_workout":false,"high_stress_index":false,"relaxation_prompt":true,"sedentary_reminder":true,"sleep_reminder":false,"spo2":false,"wear_detection":true},"wear_detection_status":{"last_updated_at":0}}
2026-03-29 22:05:25.945 | AlertVM | handleQueryCallback type=SedentaryDataObtained
2026-03-29 22:05:25.946 | AlertVM | handleQueryCallback type=Default
2026-03-29 22:05:25.947 | AlertVM | handleQueryCallback type=SedentaryReminderSettingsObtained
2026-03-29 22:05:25.949 | AlertVM | sedentary query matchesStored=true pending=false phase=null
2026-03-29 22:05:25.950 | AlertVM | sedentary query value={"end_hour":0,"end_minute":0,"interval":0,"repeat_count":0,"start_hour":0,"start_minute":0,"status":false}
2026-03-29 22:05:25.951 | AlertVM | handleQueryCallback type=Default
2026-03-29 22:05:25.953 | AlertVM | handleQueryCallback type=AlertFeatureSupportObtained
2026-03-29 22:05:25.954 | AlertVM | support feature=SEDENTARY_REMINDER supported=true
2026-03-29 22:05:25.955 | AlertVM | handleQueryCallback type=Default
2026-03-29 22:05:26.125 | ZhQuery | onSWHRMonitor={"heightWarningValue":220,"isHeightWarning":false,"isLowWarning":false,"lowWarningValue":45}
2026-03-29 22:05:26.127 | AlertService | queryCallback type=HeartRateAlertSettingsObtained
2026-03-29 22:05:26.128 | AlertService | saveAlertSettings={"device_address":"D8:5C:08:30:00:1E","heart_rate":{"low_enabled":false,"low_threshold":50,"resting_enabled":false,"resting_threshold":150,"workout_enabled":false,"workout_threshold":175},"pending_sync":{"heart_rate":false,"relaxation_prompt":false,"sedentary_reminder":false,"sleep_reminder":false,"spo2":false},"pressure_mode":{"relaxation_prompt_enabled":false,"stress_monitoring_enabled":false},"sedentary_reminder":{"end_hour":18,"end_minute":0,"interval":60,"repeat_count":0,"start_hour":9,"start_minute":0,"status":false},"sleep_reminder":{"hour":0,"millisecond":0,"minute":0,"second":0,"status":false},"snapshots":{"heart_rate":{"continuous_heart_rate_mode":0,"frequency":0,"mode":0},"pressure_mode":{"relaxation_warning_value":100},"screenless_heart_rate_realtime":{},"screenless_spo2_monitoring":{},"sedentary_reminder":{"no_disturb_in_launch":false}},"spo2":{"enabled":true,"threshold":90},"support":{"heart_rate":true,"heart_rate_workout":false,"high_stress_index":false,"relaxation_prompt":true,"sedentary_reminder":true,"sleep_reminder":false,"spo2":false,"wear_detection":true},"wear_detection_status":{"last_updated_at":0}}
2026-03-29 22:05:26.130 | AlertService | queryCallback type=AlertFeatureSupportObtained
2026-03-29 22:05:26.133 | AlertService | saveAlertSettings={"device_address":"D8:5C:08:30:00:1E","heart_rate":{"low_enabled":false,"low_threshold":50,"resting_enabled":false,"resting_threshold":150,"workout_enabled":false,"workout_threshold":175},"pending_sync":{"heart_rate":false,"relaxation_prompt":false,"sedentary_reminder":false,"sleep_reminder":false,"spo2":false},"pressure_mode":{"relaxation_prompt_enabled":false,"stress_monitoring_enabled":false},"sedentary_reminder":{"end_hour":18,"end_minute":0,"interval":60,"repeat_count":0,"start_hour":9,"start_minute":0,"status":false},"sleep_reminder":{"hour":0,"millisecond":0,"minute":0,"second":0,"status":false},"snapshots":{"heart_rate":{"continuous_heart_rate_mode":0,"frequency":0,"mode":0},"pressure_mode":{"relaxation_warning_value":100},"screenless_heart_rate_realtime":{},"screenless_spo2_monitoring":{},"sedentary_reminder":{"no_disturb_in_launch":false}},"spo2":{"enabled":true,"threshold":90},"support":{"heart_rate":true,"heart_rate_workout":false,"high_stress_index":false,"relaxation_prompt":true,"sedentary_reminder":true,"sleep_reminder":false,"spo2":false,"wear_detection":true},"wear_detection_status":{"last_updated_at":0}}
2026-03-29 22:05:26.139 | AlertVM | handleQueryCallback type=HeartRateAlertSettingsObtained
2026-03-29 22:05:26.141 | AlertVM | heartRate query matchesStored=true pending=false phase=null
2026-03-29 22:05:26.142 | AlertVM | heartRate query value={"low_enabled":false,"low_threshold":45,"resting_enabled":false,"resting_threshold":220,"workout_enabled":false,"workout_threshold":175}
2026-03-29 22:05:26.144 | AlertVM | handleQueryCallback type=Default
2026-03-29 22:05:26.148 | AlertVM | handleQueryCallback type=AlertFeatureSupportObtained
2026-03-29 22:05:26.149 | AlertVM | support feature=HEART_RATE supported=true
2026-03-29 22:05:26.150 | AlertVM | handleQueryCallback type=Default
2026-03-29 22:05:26.443 | AlertService | queryCallback type=UpdateFirmwareLogStatus
2026-03-29 22:05:26.458 | AlertVM | handleQueryCallback type=UpdateFirmwareLogStatus
2026-03-29 22:05:26.461 | AlertVM | handleQueryCallback type=Default
2026-03-29 22:05:27.079 | ZhQuery | onSWSPO2Monitor={"isWarning":true,"warningValue":90}
2026-03-29 22:05:27.082 | AlertService | queryCallback type=Spo2AlertSettingsObtained
2026-03-29 22:05:27.085 | AlertService | saveAlertSettings={"device_address":"D8:5C:08:30:00:1E","heart_rate":{"low_enabled":false,"low_threshold":50,"resting_enabled":false,"resting_threshold":150,"workout_enabled":false,"workout_threshold":175},"pending_sync":{"heart_rate":false,"relaxation_prompt":false,"sedentary_reminder":false,"sleep_reminder":false,"spo2":false},"pressure_mode":{"relaxation_prompt_enabled":false,"stress_monitoring_enabled":false},"sedentary_reminder":{"end_hour":18,"end_minute":0,"interval":60,"repeat_count":0,"start_hour":9,"start_minute":0,"status":false},"sleep_reminder":{"hour":0,"millisecond":0,"minute":0,"second":0,"status":false},"snapshots":{"heart_rate":{"continuous_heart_rate_mode":0,"frequency":0,"mode":0},"pressure_mode":{"relaxation_warning_value":100},"screenless_heart_rate_realtime":{},"screenless_spo2_monitoring":{},"sedentary_reminder":{"no_disturb_in_launch":false}},"spo2":{"enabled":true,"threshold":90},"support":{"heart_rate":true,"heart_rate_workout":false,"high_stress_index":false,"relaxation_prompt":true,"sedentary_reminder":true,"sleep_reminder":false,"spo2":true,"wear_detection":true},"wear_detection_status":{"last_updated_at":0}}
2026-03-29 22:05:27.093 | AlertService | queryCallback type=AlertFeatureSupportObtained
2026-03-29 22:05:27.119 | AlertService | saveAlertSettings={"device_address":"D8:5C:08:30:00:1E","heart_rate":{"low_enabled":false,"low_threshold":50,"resting_enabled":false,"resting_threshold":150,"workout_enabled":false,"workout_threshold":175},"pending_sync":{"heart_rate":false,"relaxation_prompt":false,"sedentary_reminder":false,"sleep_reminder":false,"spo2":false},"pressure_mode":{"relaxation_prompt_enabled":false,"stress_monitoring_enabled":false},"sedentary_reminder":{"end_hour":18,"end_minute":0,"interval":60,"repeat_count":0,"start_hour":9,"start_minute":0,"status":false},"sleep_reminder":{"hour":0,"millisecond":0,"minute":0,"second":0,"status":false},"snapshots":{"heart_rate":{"continuous_heart_rate_mode":0,"frequency":0,"mode":0},"pressure_mode":{"relaxation_warning_value":100},"screenless_heart_rate_realtime":{},"screenless_spo2_monitoring":{},"sedentary_reminder":{"no_disturb_in_launch":false}},"spo2":{"enabled":true,"threshold":90},"support":{"heart_rate":true,"heart_rate_workout":false,"high_stress_index":false,"relaxation_prompt":true,"sedentary_reminder":true,"sleep_reminder":false,"spo2":true,"wear_detection":true},"wear_detection_status":{"last_updated_at":0}}
2026-03-29 22:05:27.122 | AlertVM | handleQueryCallback type=Spo2AlertSettingsObtained
2026-03-29 22:05:27.124 | AlertVM | spo2 query matchesStored=true pending=false phase=null
2026-03-29 22:05:27.126 | AlertVM | spo2 query value={"enabled":true,"threshold":90}
2026-03-29 22:05:27.128 | AlertVM | handleQueryCallback type=Default
2026-03-29 22:05:27.131 | AlertVM | handleQueryCallback type=AlertFeatureSupportObtained
2026-03-29 22:05:27.132 | AlertVM | support feature=SPO2 supported=true
2026-03-29 22:05:27.134 | AlertVM | handleQueryCallback type=Default
2026-03-29 22:05:27.384 | AlertService | queryCallback type=UpdateFirmwareLogStatus
2026-03-29 22:05:27.391 | AlertVM | handleQueryCallback type=UpdateFirmwareLogStatus
2026-03-29 22:05:27.396 | AlertVM | handleQueryCallback type=Default
2026-03-29 22:05:28.023 | ZhQuery | onSWBRMonitor={"isWarning":false,"warningValue":100}
2026-03-29 22:05:28.024 | AlertService | queryCallback type=PressureModeSettingsObtained
2026-03-29 22:05:28.026 | AlertService | saveAlertSettings={"device_address":"D8:5C:08:30:00:1E","heart_rate":{"low_enabled":false,"low_threshold":50,"resting_enabled":false,"resting_threshold":150,"workout_enabled":false,"workout_threshold":175},"pending_sync":{"heart_rate":false,"relaxation_prompt":false,"sedentary_reminder":false,"sleep_reminder":false,"spo2":false},"pressure_mode":{"relaxation_prompt_enabled":false,"stress_monitoring_enabled":false},"sedentary_reminder":{"end_hour":18,"end_minute":0,"interval":60,"repeat_count":0,"start_hour":9,"start_minute":0,"status":false},"sleep_reminder":{"hour":0,"millisecond":0,"minute":0,"second":0,"status":false},"snapshots":{"heart_rate":{"continuous_heart_rate_mode":0,"frequency":0,"mode":0},"pressure_mode":{"relaxation_warning_value":100},"screenless_heart_rate_realtime":{},"screenless_spo2_monitoring":{},"sedentary_reminder":{"no_disturb_in_launch":false}},"spo2":{"enabled":true,"threshold":90},"support":{"heart_rate":true,"heart_rate_workout":false,"high_stress_index":false,"relaxation_prompt":true,"sedentary_reminder":true,"sleep_reminder":false,"spo2":true,"wear_detection":true},"wear_detection_status":{"last_updated_at":0}}
2026-03-29 22:05:28.034 | AlertService | queryCallback type=AlertFeatureSupportObtained
2026-03-29 22:05:28.036 | AlertService | saveAlertSettings={"device_address":"D8:5C:08:30:00:1E","heart_rate":{"low_enabled":false,"low_threshold":50,"resting_enabled":false,"resting_threshold":150,"workout_enabled":false,"workout_threshold":175},"pending_sync":{"heart_rate":false,"relaxation_prompt":false,"sedentary_reminder":false,"sleep_reminder":false,"spo2":false},"pressure_mode":{"relaxation_prompt_enabled":false,"stress_monitoring_enabled":false},"sedentary_reminder":{"end_hour":18,"end_minute":0,"interval":60,"repeat_count":0,"start_hour":9,"start_minute":0,"status":false},"sleep_reminder":{"hour":0,"millisecond":0,"minute":0,"second":0,"status":false},"snapshots":{"heart_rate":{"continuous_heart_rate_mode":0,"frequency":0,"mode":0},"pressure_mode":{"relaxation_warning_value":100},"screenless_heart_rate_realtime":{},"screenless_spo2_monitoring":{},"sedentary_reminder":{"no_disturb_in_launch":false}},"spo2":{"enabled":true,"threshold":90},"support":{"heart_rate":true,"heart_rate_workout":false,"high_stress_index":false,"relaxation_prompt":true,"sedentary_reminder":true,"sleep_reminder":false,"spo2":true,"wear_detection":true},"wear_detection_status":{"last_updated_at":0}}
2026-03-29 22:05:28.037 | AlertVM | handleQueryCallback type=PressureModeSettingsObtained
2026-03-29 22:05:28.039 | AlertVM | pressure query matchesStored=true pending=false phase=null
2026-03-29 22:05:28.040 | AlertVM | pressure query value={"relaxation_prompt_enabled":false,"stress_monitoring_enabled":false}
2026-03-29 22:05:28.044 | AlertVM | handleQueryCallback type=Default
2026-03-29 22:05:28.045 | AlertVM | handleQueryCallback type=AlertFeatureSupportObtained
2026-03-29 22:05:28.049 | AlertVM | support feature=RELAXATION_PROMPT supported=true
2026-03-29 22:05:28.051 | AlertVM | handleQueryCallback type=Default
2026-03-29 22:05:28.423 | AlertService | queryCallback type=UpdateFirmwareLogStatus
2026-03-29 22:05:28.434 | AlertVM | handleQueryCallback type=UpdateFirmwareLogStatus
2026-03-29 22:05:28.436 | AlertVM | handleQueryCallback type=Default
2026-03-29 22:05:29.024 | ZhQuery | onSedentaryReminderResult={"drinkWater":0,"endNoonTime":{"hour":0,"millisecond":0,"minuter":0,"second":0},"endTime":{"hour":0,"millisecond":0,"minuter":0,"second":0},"frequency":0,"isOn":false,"noDisturbInLaunch":false,"startNoonTime":{"hour":0,"millisecond":0,"minuter":0,"second":0},"startTime":{"hour":0,"millisecond":0,"minuter":0,"second":0}}
2026-03-29 22:05:29.028 | AlertService | queryCallback type=SedentaryDataObtained
2026-03-29 22:05:29.034 | AlertService | queryCallback type=SedentaryReminderSettingsObtained
2026-03-29 22:05:29.039 | AlertService | saveAlertSettings={"device_address":"D8:5C:08:30:00:1E","heart_rate":{"low_enabled":false,"low_threshold":50,"resting_enabled":false,"resting_threshold":150,"workout_enabled":false,"workout_threshold":175},"pending_sync":{"heart_rate":false,"relaxation_prompt":false,"sedentary_reminder":false,"sleep_reminder":false,"spo2":false},"pressure_mode":{"relaxation_prompt_enabled":false,"stress_monitoring_enabled":false},"sedentary_reminder":{"end_hour":18,"end_minute":0,"interval":60,"repeat_count":0,"start_hour":9,"start_minute":0,"status":false},"sleep_reminder":{"hour":0,"millisecond":0,"minute":0,"second":0,"status":false},"snapshots":{"heart_rate":{"continuous_heart_rate_mode":0,"frequency":0,"mode":0},"pressure_mode":{"relaxation_warning_value":100},"screenless_heart_rate_realtime":{},"screenless_spo2_monitoring":{},"sedentary_reminder":{"no_disturb_in_launch":false}},"spo2":{"enabled":true,"threshold":90},"support":{"heart_rate":true,"heart_rate_workout":false,"high_stress_index":false,"relaxation_prompt":true,"sedentary_reminder":true,"sleep_reminder":false,"spo2":true,"wear_detection":true},"wear_detection_status":{"last_updated_at":0}}
2026-03-29 22:05:29.043 | AlertService | queryCallback type=AlertFeatureSupportObtained
2026-03-29 22:05:29.045 | AlertService | saveAlertSettings={"device_address":"D8:5C:08:30:00:1E","heart_rate":{"low_enabled":false,"low_threshold":50,"resting_enabled":false,"resting_threshold":150,"workout_enabled":false,"workout_threshold":175},"pending_sync":{"heart_rate":false,"relaxation_prompt":false,"sedentary_reminder":false,"sleep_reminder":false,"spo2":false},"pressure_mode":{"relaxation_prompt_enabled":false,"stress_monitoring_enabled":false},"sedentary_reminder":{"end_hour":18,"end_minute":0,"interval":60,"repeat_count":0,"start_hour":9,"start_minute":0,"status":false},"sleep_reminder":{"hour":0,"millisecond":0,"minute":0,"second":0,"status":false},"snapshots":{"heart_rate":{"continuous_heart_rate_mode":0,"frequency":0,"mode":0},"pressure_mode":{"relaxation_warning_value":100},"screenless_heart_rate_realtime":{},"screenless_spo2_monitoring":{},"sedentary_reminder":{"no_disturb_in_launch":false}},"spo2":{"enabled":true,"threshold":90},"support":{"heart_rate":true,"heart_rate_workout":false,"high_stress_index":false,"relaxation_prompt":true,"sedentary_reminder":true,"sleep_reminder":false,"spo2":true,"wear_detection":true},"wear_detection_status":{"last_updated_at":0}}
2026-03-29 22:05:29.047 | AlertVM | handleQueryCallback type=SedentaryDataObtained
2026-03-29 22:05:29.049 | AlertVM | handleQueryCallback type=Default
2026-03-29 22:05:29.051 | AlertVM | handleQueryCallback type=SedentaryReminderSettingsObtained
2026-03-29 22:05:29.053 | AlertVM | sedentary query matchesStored=true pending=false phase=null
2026-03-29 22:05:29.055 | AlertVM | sedentary query value={"end_hour":0,"end_minute":0,"interval":0,"repeat_count":0,"start_hour":0,"start_minute":0,"status":false}
2026-03-29 22:05:29.056 | AlertVM | handleQueryCallback type=Default
2026-03-29 22:05:29.057 | AlertVM | handleQueryCallback type=AlertFeatureSupportObtained
2026-03-29 22:05:29.059 | AlertVM | support feature=SEDENTARY_REMINDER supported=true
2026-03-29 22:05:29.060 | AlertVM | handleQueryCallback type=Default
2026-03-29 22:05:29.376 | AlertService | queryCallback type=UpdateFirmwareLogStatus
2026-03-29 22:05:29.388 | AlertVM | handleQueryCallback type=UpdateFirmwareLogStatus
2026-03-29 22:05:29.391 | AlertVM | handleQueryCallback type=Default
2026-03-29 22:05:30.651 | AlertService | queryCallback type=UpdateFirmwareLogStatus
2026-03-29 22:05:30.660 | AlertVM | handleQueryCallback type=UpdateFirmwareLogStatus
2026-03-29 22:05:30.663 | AlertVM | handleQueryCallback type=Default
2026-03-29 22:05:31.399 | AlertService | queryCallback type=UpdateFirmwareLogStatus
2026-03-29 22:05:31.405 | AlertVM | handleQueryCallback type=UpdateFirmwareLogStatus
2026-03-29 22:05:31.406 | AlertVM | handleQueryCallback type=Default
2026-03-29 22:05:32.356 | AlertService | queryCallback type=UpdateFirmwareLogStatus
2026-03-29 22:05:32.365 | AlertVM | handleQueryCallback type=UpdateFirmwareLogStatus
2026-03-29 22:05:32.368 | AlertVM | handleQueryCallback type=Default
2026-03-29 22:05:33.381 | AlertService | queryCallback type=UpdateFirmwareLogStatus
2026-03-29 22:05:33.386 | AlertVM | handleQueryCallback type=UpdateFirmwareLogStatus
2026-03-29 22:05:33.387 | AlertVM | handleQueryCallback type=Default
2026-03-29 22:05:34.526 | AlertService | queryCallback type=UpdateFirmwareLogStatus
2026-03-29 22:05:34.535 | AlertVM | handleQueryCallback type=UpdateFirmwareLogStatus
2026-03-29 22:05:34.538 | AlertVM | handleQueryCallback type=Default
2026-03-29 22:05:35.361 | AlertService | queryCallback type=UpdateFirmwareLogStatus
2026-03-29 22:05:35.370 | AlertVM | handleQueryCallback type=UpdateFirmwareLogStatus
2026-03-29 22:05:35.372 | AlertVM | handleQueryCallback type=Default
2026-03-29 22:05:36.501 | AlertService | queryCallback type=UpdateFirmwareLogStatus
2026-03-29 22:05:36.516 | AlertVM | handleQueryCallback type=UpdateFirmwareLogStatus
2026-03-29 22:05:36.518 | AlertVM | handleQueryCallback type=Default
2026-03-29 22:05:37.408 | AlertService | queryCallback type=UpdateFirmwareLogStatus
2026-03-29 22:05:37.422 | AlertVM | handleQueryCallback type=UpdateFirmwareLogStatus
2026-03-29 22:05:37.424 | AlertVM | handleQueryCallback type=Default
2026-03-29 22:05:38.364 | AlertService | queryCallback type=UpdateFirmwareLogStatus
2026-03-29 22:05:38.368 | AlertVM | handleQueryCallback type=UpdateFirmwareLogStatus
2026-03-29 22:05:38.369 | AlertVM | handleQueryCallback type=Default
2026-03-29 22:05:39.330 | AlertService | queryCallback type=UpdateFirmwareLogStatus
2026-03-29 22:05:39.332 | AlertVM | handleQueryCallback type=UpdateFirmwareLogStatus
2026-03-29 22:05:39.334 | AlertVM | handleQueryCallback type=Default
2026-03-29 22:05:40.551 | AlertService | queryCallback type=UpdateFirmwareLogStatus
2026-03-29 22:05:40.563 | AlertVM | handleQueryCallback type=UpdateFirmwareLogStatus
2026-03-29 22:05:40.567 | AlertVM | handleQueryCallback type=Default
2026-03-29 22:05:42.188 | AlertService | queryCallback type=UpdateFirmwareLogStatus
2026-03-29 22:05:42.197 | AlertVM | handleQueryCallback type=UpdateFirmwareLogStatus
2026-03-29 22:05:42.201 | AlertVM | handleQueryCallback type=Default
2026-03-29 22:05:42.594 | AlertService | queryCallback type=UpdateFirmwareLogStatus
2026-03-29 22:05:42.601 | AlertVM | handleQueryCallback type=UpdateFirmwareLogStatus
2026-03-29 22:05:42.607 | AlertVM | handleQueryCallback type=Default
2026-03-29 22:05:43.124 | AlertService | queryCallback type=UpdateFirmwareLogStatus
2026-03-29 22:05:43.133 | AlertVM | handleQueryCallback type=UpdateFirmwareLogStatus
2026-03-29 22:05:43.136 | AlertVM | handleQueryCallback type=Default
2026-03-29 22:05:43.967 | AlertService | queryCallback type=UpdateFirmwareLogStatus
2026-03-29 22:05:43.976 | AlertVM | handleQueryCallback type=UpdateFirmwareLogStatus
2026-03-29 22:05:43.978 | AlertVM | handleQueryCallback type=Default
2026-03-29 22:05:45.015 | AlertService | queryCallback type=UpdateFirmwareLogStatus
2026-03-29 22:05:45.027 | AlertVM | handleQueryCallback type=UpdateFirmwareLogStatus
2026-03-29 22:05:45.030 | AlertVM | handleQueryCallback type=Default
2026-03-29 22:05:46.141 | AlertService | queryCallback type=UpdateFirmwareLogStatus
2026-03-29 22:05:46.148 | AlertVM | handleQueryCallback type=UpdateFirmwareLogStatus
2026-03-29 22:05:46.152 | AlertVM | handleQueryCallback type=Default
2026-03-29 22:05:47.005 | AlertService | queryCallback type=UpdateFirmwareLogStatus
2026-03-29 22:05:47.015 | AlertVM | handleQueryCallback type=UpdateFirmwareLogStatus
2026-03-29 22:05:47.017 | AlertVM | handleQueryCallback type=Default
2026-03-29 22:05:47.468 | AlertService | queryCallback type=BatteryDataObtained
2026-03-29 22:05:47.472 | AlertVM | handleQueryCallback type=BatteryDataObtained
2026-03-29 22:05:47.477 | AlertVM | handleQueryCallback type=Default
2026-03-29 22:05:47.981 | AlertService | queryCallback type=UpdateFirmwareLogStatus
2026-03-29 22:05:47.993 | AlertVM | handleQueryCallback type=UpdateFirmwareLogStatus
2026-03-29 22:05:47.996 | AlertVM | handleQueryCallback type=Default
2026-03-29 22:05:48.968 | AlertService | queryCallback type=UpdateFirmwareLogStatus
2026-03-29 22:05:48.988 | AlertVM | handleQueryCallback type=UpdateFirmwareLogStatus
2026-03-29 22:05:48.991 | AlertVM | handleQueryCallback type=Default
2026-03-29 22:05:49.961 | AlertService | queryCallback type=UpdateFirmwareLogStatus
2026-03-29 22:05:49.967 | AlertVM | handleQueryCallback type=UpdateFirmwareLogStatus
2026-03-29 22:05:49.969 | AlertVM | handleQueryCallback type=Default
2026-03-29 22:05:51.012 | AlertService | queryCallback type=UpdateFirmwareLogStatus
2026-03-29 22:05:51.021 | AlertVM | handleQueryCallback type=UpdateFirmwareLogStatus
2026-03-29 22:05:51.023 | AlertVM | handleQueryCallback type=Default
2026-03-29 22:05:52.049 | AlertService | queryCallback type=UpdateFirmwareLogStatus
2026-03-29 22:05:52.056 | AlertVM | handleQueryCallback type=UpdateFirmwareLogStatus
2026-03-29 22:05:52.059 | AlertVM | handleQueryCallback type=Default
2026-03-29 22:05:53.050 | AlertService | queryCallback type=UpdateFirmwareLogStatus
2026-03-29 22:05:53.060 | AlertVM | handleQueryCallback type=UpdateFirmwareLogStatus
2026-03-29 22:05:53.062 | AlertVM | handleQueryCallback type=Default
2026-03-29 22:05:54.113 | AlertService | queryCallback type=UpdateFirmwareLogStatus
2026-03-29 22:05:54.124 | AlertVM | handleQueryCallback type=UpdateFirmwareLogStatus
2026-03-29 22:05:54.127 | AlertVM | handleQueryCallback type=Default
2026-03-29 22:05:54.989 | AlertService | queryCallback type=UpdateFirmwareLogStatus
2026-03-29 22:05:54.996 | AlertVM | handleQueryCallback type=UpdateFirmwareLogStatus
2026-03-29 22:05:54.998 | AlertVM | handleQueryCallback type=Default
2026-03-29 22:05:56.233 | AlertService | queryCallback type=UpdateFirmwareLogStatus
2026-03-29 22:05:56.239 | AlertVM | handleQueryCallback type=UpdateFirmwareLogStatus
2026-03-29 22:05:56.241 | AlertVM | handleQueryCallback type=Default
2026-03-29 22:05:57.005 | AlertService | queryCallback type=UpdateFirmwareLogStatus
2026-03-29 22:05:57.009 | AlertVM | handleQueryCallback type=UpdateFirmwareLogStatus
2026-03-29 22:05:57.011 | AlertVM | handleQueryCallback type=Default
2026-03-29 22:05:57.985 | AlertService | queryCallback type=UpdateFirmwareLogStatus
2026-03-29 22:05:57.990 | AlertVM | handleQueryCallback type=UpdateFirmwareLogStatus
2026-03-29 22:05:57.992 | AlertVM | handleQueryCallback type=Default
2026-03-29 22:05:58.982 | AlertService | queryCallback type=UpdateFirmwareLogStatus
2026-03-29 22:05:58.996 | AlertVM | handleQueryCallback type=UpdateFirmwareLogStatus
2026-03-29 22:05:58.999 | AlertVM | handleQueryCallback type=Default
2026-03-29 22:06:00.001 | AlertService | queryCallback type=UpdateFirmwareLogStatus
2026-03-29 22:06:00.010 | AlertVM | handleQueryCallback type=UpdateFirmwareLogStatus
2026-03-29 22:06:00.012 | AlertVM | handleQueryCallback type=Default
2026-03-29 22:06:01.008 | AlertService | queryCallback type=UpdateFirmwareLogStatus
2026-03-29 22:06:01.015 | AlertVM | handleQueryCallback type=UpdateFirmwareLogStatus
2026-03-29 22:06:01.018 | AlertVM | handleQueryCallback type=Default
2026-03-29 22:06:01.951 | AlertService | queryCallback type=UpdateFirmwareLogStatus
2026-03-29 22:06:01.957 | AlertVM | handleQueryCallback type=UpdateFirmwareLogStatus
2026-03-29 22:06:01.958 | AlertVM | handleQueryCallback type=Default
2026-03-29 22:06:02.990 | AlertService | queryCallback type=UpdateFirmwareLogStatus
2026-03-29 22:06:02.994 | AlertVM | handleQueryCallback type=UpdateFirmwareLogStatus
2026-03-29 22:06:02.995 | AlertVM | handleQueryCallback type=Default
2026-03-29 22:06:03.983 | AlertService | queryCallback type=UpdateFirmwareLogStatus
2026-03-29 22:06:03.991 | AlertVM | handleQueryCallback type=UpdateFirmwareLogStatus
2026-03-29 22:06:03.993 | AlertVM | handleQueryCallback type=Default
2026-03-29 22:06:05.019 | AlertService | queryCallback type=UpdateFirmwareLogStatus
2026-03-29 22:06:05.024 | AlertVM | handleQueryCallback type=UpdateFirmwareLogStatus
2026-03-29 22:06:05.026 | AlertVM | handleQueryCallback type=Default
2026-03-29 22:06:05.478 | AlertVM | saveHeartRateSettings requested={"low_enabled":false,"low_threshold":50,"resting_enabled":true,"resting_threshold":50,"workout_enabled":false,"workout_threshold":175}
2026-03-29 22:06:05.483 | AlertVM | persistFeature feature=HEART_RATE connected=true
2026-03-29 22:06:05.487 | AlertVM | persistFeature state={"device_address":"D8:5C:08:30:00:1E","heart_rate":{"low_enabled":false,"low_threshold":50,"resting_enabled":true,"resting_threshold":50,"workout_enabled":false,"workout_threshold":175},"pending_sync":{"heart_rate":true,"relaxation_prompt":false,"sedentary_reminder":false,"sleep_reminder":false,"spo2":false},"pressure_mode":{"relaxation_prompt_enabled":false,"stress_monitoring_enabled":false},"sedentary_reminder":{"end_hour":18,"end_minute":0,"interval":60,"repeat_count":0,"start_hour":9,"start_minute":0,"status":false},"sleep_reminder":{"hour":0,"millisecond":0,"minute":0,"second":0,"status":false},"snapshots":{"heart_rate":{"continuous_heart_rate_mode":0,"frequency":0,"mode":0},"pressure_mode":{"relaxation_warning_value":100},"screenless_heart_rate_realtime":{},"screenless_spo2_monitoring":{},"sedentary_reminder":{"no_disturb_in_launch":false}},"spo2":{"enabled":true,"threshold":90},"support":{"heart_rate":true,"heart_rate_workout":false,"high_stress_index":false,"relaxation_prompt":true,"sedentary_reminder":true,"sleep_reminder":false,"spo2":true,"wear_detection":true},"wear_detection_status":{"last_updated_at":0}}
2026-03-29 22:06:05.503 | AlertVM | syncQueuedFeatures feature=HEART_RATE requiresSnapshot=true
2026-03-29 22:06:05.505 | AlertVM | sendQuery feature=HEART_RATE
2026-03-29 22:06:05.539 | ZhQuery | getHeartRateInterval dispatched api=RealTimeHeartRateConfig deviceType=luna_band
2026-03-29 22:06:05.809 | ZhQuery | getHeartRateInterval api=RealTimeHeartRateConfig state=NOT_SUPPORT
2026-03-29 22:06:05.811 | AlertService | queryCallback type=AlertFeatureSupportObtained
2026-03-29 22:06:05.813 | AlertService | onAlertFeatureUnsupported feature=HEART_RATE
2026-03-29 22:06:05.815 | AlertService | saveAlertSettings={"device_address":"D8:5C:08:30:00:1E","heart_rate":{"low_enabled":false,"low_threshold":50,"resting_enabled":true,"resting_threshold":50,"workout_enabled":false,"workout_threshold":175},"pending_sync":{"heart_rate":false,"relaxation_prompt":false,"sedentary_reminder":false,"sleep_reminder":false,"spo2":false},"pressure_mode":{"relaxation_prompt_enabled":false,"stress_monitoring_enabled":false},"sedentary_reminder":{"end_hour":18,"end_minute":0,"interval":60,"repeat_count":0,"start_hour":9,"start_minute":0,"status":false},"sleep_reminder":{"hour":0,"millisecond":0,"minute":0,"second":0,"status":false},"snapshots":{"heart_rate":{"continuous_heart_rate_mode":0,"frequency":0,"mode":0},"pressure_mode":{"relaxation_warning_value":100},"screenless_heart_rate_realtime":{},"screenless_spo2_monitoring":{},"sedentary_reminder":{"no_disturb_in_launch":false}},"spo2":{"enabled":true,"threshold":90},"support":{"heart_rate":false,"heart_rate_workout":false,"high_stress_index":false,"relaxation_prompt":true,"sedentary_reminder":true,"sleep_reminder":false,"spo2":true,"wear_detection":true},"wear_detection_status":{"last_updated_at":0}}
2026-03-29 22:06:05.817 | AlertVM | handleQueryCallback type=AlertFeatureSupportObtained
2026-03-29 22:06:05.819 | AlertVM | support feature=HEART_RATE supported=false
2026-03-29 22:06:05.823 | AlertVM | handleQueryCallback type=Default
2026-03-29 22:06:06.637 | AlertService | queryCallback type=UpdateFirmwareLogStatus
2026-03-29 22:06:06.652 | AlertVM | handleQueryCallback type=UpdateFirmwareLogStatus
2026-03-29 22:06:06.655 | AlertVM | handleQueryCallback type=Default
2026-03-29 22:06:07.004 | AlertService | queryCallback type=UpdateFirmwareLogStatus
2026-03-29 22:06:07.013 | AlertVM | handleQueryCallback type=UpdateFirmwareLogStatus
2026-03-29 22:06:07.015 | AlertVM | handleQueryCallback type=Default
2026-03-29 22:06:08.063 | AlertService | queryCallback type=UpdateFirmwareLogStatus
2026-03-29 22:06:08.076 | AlertVM | handleQueryCallback type=UpdateFirmwareLogStatus
2026-03-29 22:06:08.078 | AlertVM | handleQueryCallback type=Default
2026-03-29 22:06:09.290 | AlertService | queryCallback type=UpdateFirmwareLogStatus
2026-03-29 22:06:09.297 | AlertVM | handleQueryCallback type=UpdateFirmwareLogStatus
2026-03-29 22:06:09.299 | AlertVM | handleQueryCallback type=Default
2026-03-29 22:06:10.036 | AlertService | queryCallback type=UpdateFirmwareLogStatus
2026-03-29 22:06:10.045 | AlertVM | handleQueryCallback type=UpdateFirmwareLogStatus
2026-03-29 22:06:10.052 | AlertVM | handleQueryCallback type=Default
2026-03-29 22:06:11.062 | AlertService | queryCallback type=UpdateFirmwareLogStatus
2026-03-29 22:06:11.082 | AlertVM | handleQueryCallback type=UpdateFirmwareLogStatus
2026-03-29 22:06:11.085 | AlertVM | handleQueryCallback type=Default
2026-03-29 22:06:11.965 | AlertService | queryCallback type=UpdateFirmwareLogStatus
2026-03-29 22:06:11.966 | AlertVM | handleQueryCallback type=UpdateFirmwareLogStatus
2026-03-29 22:06:11.970 | AlertVM | handleQueryCallback type=Default
2026-03-29 22:06:12.946 | AlertService | queryCallback type=UpdateFirmwareLogStatus
2026-03-29 22:06:12.957 | AlertVM | handleQueryCallback type=UpdateFirmwareLogStatus
2026-03-29 22:06:12.958 | AlertVM | handleQueryCallback type=Default
2026-03-29 22:06:13.999 | AlertService | queryCallback type=UpdateFirmwareLogStatus
2026-03-29 22:06:14.009 | AlertVM | handleQueryCallback type=UpdateFirmwareLogStatus
2026-03-29 22:06:14.012 | AlertVM | handleQueryCallback type=Default
2026-03-29 22:06:15.114 | AlertService | queryCallback type=UpdateFirmwareLogStatus
2026-03-29 22:06:15.124 | AlertVM | handleQueryCallback type=UpdateFirmwareLogStatus
2026-03-29 22:06:15.127 | AlertVM | handleQueryCallback type=Default
2026-03-29 22:06:16.090 | AlertService | queryCallback type=UpdateFirmwareLogStatus
2026-03-29 22:06:16.100 | AlertVM | handleQueryCallback type=UpdateFirmwareLogStatus
2026-03-29 22:06:16.102 | AlertVM | handleQueryCallback type=Default
2026-03-29 22:06:16.953 | AlertService | queryCallback type=UpdateFirmwareLogStatus
2026-03-29 22:06:16.967 | AlertVM | handleQueryCallback type=UpdateFirmwareLogStatus
2026-03-29 22:06:16.970 | AlertVM | handleQueryCallback type=Default
2026-03-29 22:06:17.354 | AlertService | queryCallback type=BatteryDataObtained
2026-03-29 22:06:17.358 | AlertVM | handleQueryCallback type=BatteryDataObtained
2026-03-29 22:06:17.360 | AlertVM | handleQueryCallback type=Default
2026-03-29 22:06:17.933 | AlertService | queryCallback type=UpdateFirmwareLogStatus
2026-03-29 22:06:17.941 | AlertVM | handleQueryCallback type=UpdateFirmwareLogStatus
2026-03-29 22:06:17.942 | AlertVM | handleQueryCallback type=Default
2026-03-29 22:06:19.218 | AlertService | queryCallback type=UpdateFirmwareLogStatus
2026-03-29 22:06:20.262 | AlertUI | BlankTestFragment alert panel initialized
2026-03-29 22:06:20.265 | AlertVM | handleQueryCallback type=Default
2026-03-29 22:06:20.266 | AlertVM | onConnectedStateChanged state=ConnectSuccess
2026-03-29 22:06:20.268 | AlertVM | refreshFromBand dispatching alert queries
2026-03-29 22:06:20.274 | AlertVM | loadState={"device_address":"D8:5C:08:30:00:1E","heart_rate":{"low_enabled":false,"low_threshold":50,"resting_enabled":true,"resting_threshold":50,"workout_enabled":false,"workout_threshold":175},"pending_sync":{"heart_rate":false,"relaxation_prompt":false,"sedentary_reminder":false,"sleep_reminder":false,"spo2":false},"pressure_mode":{"relaxation_prompt_enabled":false,"stress_monitoring_enabled":false},"sedentary_reminder":{"end_hour":18,"end_minute":0,"interval":60,"repeat_count":0,"start_hour":9,"start_minute":0,"status":false},"sleep_reminder":{"hour":0,"millisecond":0,"minute":0,"second":0,"status":false},"snapshots":{"heart_rate":{"continuous_heart_rate_mode":0,"frequency":0,"mode":0},"pressure_mode":{"relaxation_warning_value":100},"screenless_heart_rate_realtime":{},"screenless_spo2_monitoring":{},"sedentary_reminder":{"no_disturb_in_launch":false}},"spo2":{"enabled":true,"threshold":90},"support":{"heart_rate":false,"heart_rate_workout":false,"high_stress_index":false,"relaxation_prompt":true,"sedentary_reminder":true,"sleep_reminder":false,"spo2":true,"wear_detection":true},"wear_detection_status":{"last_updated_at":0}}
2026-03-29 22:06:20.322 | AlertService | queryCallback type=UpdateFirmwareLogStatus
2026-03-29 22:06:20.337 | ZhQuery | getHeartRateAlertSettings dispatched api=SWHRMonitor deviceType=luna_band
2026-03-29 22:06:20.339 | ZhQuery | getHeartRateInterval dispatched api=RealTimeHeartRateConfig deviceType=luna_band
2026-03-29 22:06:20.357 | ZhQuery | getSpo2AlertSettings dispatched
2026-03-29 22:06:20.360 | ZhQuery | getSpo2Settings dispatched api=ContinuousBloodOxygenSettings deviceType=luna_band
2026-03-29 22:06:20.364 | ZhQuery | getPressureModeSettings dispatched api=SWBRMonitor deviceType=luna_band
2026-03-29 22:06:20.368 | ZhQuery | getSleepReminder dispatched
2026-03-29 22:06:20.370 | AlertVM | refreshFromBand dispatching alert queries
2026-03-29 22:06:20.381 | AlertVM | handleQueryCallback type=UpdateFirmwareLogStatus
2026-03-29 22:06:20.382 | AlertVM | handleQueryCallback type=Default
2026-03-29 22:06:20.384 | ZhQuery | getHeartRateAlertSettings dispatched api=SWHRMonitor deviceType=luna_band
2026-03-29 22:06:20.391 | ZhQuery | getHeartRateInterval dispatched api=RealTimeHeartRateConfig deviceType=luna_band
2026-03-29 22:06:20.394 | ZhQuery | getSpo2AlertSettings dispatched
2026-03-29 22:06:20.397 | ZhQuery | getSpo2Settings dispatched api=ContinuousBloodOxygenSettings deviceType=luna_band
2026-03-29 22:06:20.404 | ZhQuery | getPressureModeSettings dispatched api=SWBRMonitor deviceType=luna_band
2026-03-29 22:06:20.406 | ZhQuery | getSleepReminder dispatched
2026-03-29 22:06:21.095 | AlertService | queryCallback type=UpdateFirmwareLogStatus
2026-03-29 22:06:21.107 | AlertVM | handleQueryCallback type=UpdateFirmwareLogStatus
2026-03-29 22:06:21.109 | AlertVM | handleQueryCallback type=Default
2026-03-29 22:06:22.162 | AlertService | queryCallback type=UpdateFirmwareLogStatus
2026-03-29 22:06:22.166 | AlertVM | handleQueryCallback type=UpdateFirmwareLogStatus
2026-03-29 22:06:22.169 | AlertVM | handleQueryCallback type=Default
2026-03-29 22:06:22.867 | ZhQuery | onSWHRMonitor={"heightWarningValue":220,"isHeightWarning":false,"isLowWarning":false,"lowWarningValue":45}
2026-03-29 22:06:22.869 | AlertService | queryCallback type=HeartRateAlertSettingsObtained
2026-03-29 22:06:22.871 | AlertService | saveAlertSettings={"device_address":"D8:5C:08:30:00:1E","heart_rate":{"low_enabled":false,"low_threshold":50,"resting_enabled":false,"resting_threshold":50,"workout_enabled":false,"workout_threshold":175},"pending_sync":{"heart_rate":false,"relaxation_prompt":false,"sedentary_reminder":false,"sleep_reminder":false,"spo2":false},"pressure_mode":{"relaxation_prompt_enabled":false,"stress_monitoring_enabled":false},"sedentary_reminder":{"end_hour":18,"end_minute":0,"interval":60,"repeat_count":0,"start_hour":9,"start_minute":0,"status":false},"sleep_reminder":{"hour":0,"millisecond":0,"minute":0,"second":0,"status":false},"snapshots":{"heart_rate":{"continuous_heart_rate_mode":0,"frequency":0,"mode":0},"pressure_mode":{"relaxation_warning_value":100},"screenless_heart_rate_realtime":{},"screenless_spo2_monitoring":{},"sedentary_reminder":{"no_disturb_in_launch":false}},"spo2":{"enabled":true,"threshold":90},"support":{"heart_rate":true,"heart_rate_workout":false,"high_stress_index":false,"relaxation_prompt":true,"sedentary_reminder":true,"sleep_reminder":false,"spo2":true,"wear_detection":true},"wear_detection_status":{"last_updated_at":0}}
2026-03-29 22:06:22.875 | AlertService | queryCallback type=AlertFeatureSupportObtained
2026-03-29 22:06:22.878 | AlertService | saveAlertSettings={"device_address":"D8:5C:08:30:00:1E","heart_rate":{"low_enabled":false,"low_threshold":50,"resting_enabled":false,"resting_threshold":50,"workout_enabled":false,"workout_threshold":175},"pending_sync":{"heart_rate":false,"relaxation_prompt":false,"sedentary_reminder":false,"sleep_reminder":false,"spo2":false},"pressure_mode":{"relaxation_prompt_enabled":false,"stress_monitoring_enabled":false},"sedentary_reminder":{"end_hour":18,"end_minute":0,"interval":60,"repeat_count":0,"start_hour":9,"start_minute":0,"status":false},"sleep_reminder":{"hour":0,"millisecond":0,"minute":0,"second":0,"status":false},"snapshots":{"heart_rate":{"continuous_heart_rate_mode":0,"frequency":0,"mode":0},"pressure_mode":{"relaxation_warning_value":100},"screenless_heart_rate_realtime":{},"screenless_spo2_monitoring":{},"sedentary_reminder":{"no_disturb_in_launch":false}},"spo2":{"enabled":true,"threshold":90},"support":{"heart_rate":true,"heart_rate_workout":false,"high_stress_index":false,"relaxation_prompt":true,"sedentary_reminder":true,"sleep_reminder":false,"spo2":true,"wear_detection":true},"wear_detection_status":{"last_updated_at":0}}
2026-03-29 22:06:22.880 | ZhQuery | getHeartRateAlertSettings api=SWHRMonitor state=SUCCEED
2026-03-29 22:06:22.881 | ZhQuery | getHeartRateAlertSettings api=SWHRMonitor state=SUCCEED
2026-03-29 22:06:22.883 | AlertVM | handleQueryCallback type=HeartRateAlertSettingsObtained
2026-03-29 22:06:22.885 | AlertVM | heartRate query matchesStored=true pending=false phase=null
2026-03-29 22:06:22.886 | AlertVM | heartRate query value={"low_enabled":false,"low_threshold":45,"resting_enabled":false,"resting_threshold":220,"workout_enabled":false,"workout_threshold":175}
2026-03-29 22:06:22.888 | AlertVM | handleQueryCallback type=Default
2026-03-29 22:06:22.889 | AlertVM | handleQueryCallback type=AlertFeatureSupportObtained
2026-03-29 22:06:22.892 | AlertVM | support feature=HEART_RATE supported=true
2026-03-29 22:06:22.893 | AlertVM | handleQueryCallback type=Default
2026-03-29 22:06:23.500 | AlertService | queryCallback type=UpdateFirmwareLogStatus
2026-03-29 22:06:23.509 | AlertVM | handleQueryCallback type=UpdateFirmwareLogStatus
2026-03-29 22:06:23.511 | AlertVM | handleQueryCallback type=Default
2026-03-29 22:06:23.767 | ZhQuery | getHeartRateInterval api=RealTimeHeartRateConfig state=NOT_SUPPORT
2026-03-29 22:06:23.778 | AlertService | queryCallback type=AlertFeatureSupportObtained
2026-03-29 22:06:23.787 | AlertService | onAlertFeatureUnsupported feature=HEART_RATE
2026-03-29 22:06:23.788 | AlertService | saveAlertSettings={"device_address":"D8:5C:08:30:00:1E","heart_rate":{"low_enabled":false,"low_threshold":50,"resting_enabled":false,"resting_threshold":50,"workout_enabled":false,"workout_threshold":175},"pending_sync":{"heart_rate":false,"relaxation_prompt":false,"sedentary_reminder":false,"sleep_reminder":false,"spo2":false},"pressure_mode":{"relaxation_prompt_enabled":false,"stress_monitoring_enabled":false},"sedentary_reminder":{"end_hour":18,"end_minute":0,"interval":60,"repeat_count":0,"start_hour":9,"start_minute":0,"status":false},"sleep_reminder":{"hour":0,"millisecond":0,"minute":0,"second":0,"status":false},"snapshots":{"heart_rate":{"continuous_heart_rate_mode":0,"frequency":0,"mode":0},"pressure_mode":{"relaxation_warning_value":100},"screenless_heart_rate_realtime":{},"screenless_spo2_monitoring":{},"sedentary_reminder":{"no_disturb_in_launch":false}},"spo2":{"enabled":true,"threshold":90},"support":{"heart_rate":false,"heart_rate_workout":false,"high_stress_index":false,"relaxation_prompt":true,"sedentary_reminder":true,"sleep_reminder":false,"spo2":true,"wear_detection":true},"wear_detection_status":{"last_updated_at":0}}
2026-03-29 22:06:23.806 | ZhQuery | getHeartRateInterval api=RealTimeHeartRateConfig state=NOT_SUPPORT
2026-03-29 22:06:23.814 | AlertService | queryCallback type=AlertFeatureSupportObtained
2026-03-29 22:06:23.838 | AlertService | onAlertFeatureUnsupported feature=HEART_RATE
2026-03-29 22:06:23.840 | AlertService | saveAlertSettings={"device_address":"D8:5C:08:30:00:1E","heart_rate":{"low_enabled":false,"low_threshold":50,"resting_enabled":false,"resting_threshold":50,"workout_enabled":false,"workout_threshold":175},"pending_sync":{"heart_rate":false,"relaxation_prompt":false,"sedentary_reminder":false,"sleep_reminder":false,"spo2":false},"pressure_mode":{"relaxation_prompt_enabled":false,"stress_monitoring_enabled":false},"sedentary_reminder":{"end_hour":18,"end_minute":0,"interval":60,"repeat_count":0,"start_hour":9,"start_minute":0,"status":false},"sleep_reminder":{"hour":0,"millisecond":0,"minute":0,"second":0,"status":false},"snapshots":{"heart_rate":{"continuous_heart_rate_mode":0,"frequency":0,"mode":0},"pressure_mode":{"relaxation_warning_value":100},"screenless_heart_rate_realtime":{},"screenless_spo2_monitoring":{},"sedentary_reminder":{"no_disturb_in_launch":false}},"spo2":{"enabled":true,"threshold":90},"support":{"heart_rate":false,"heart_rate_workout":false,"high_stress_index":false,"relaxation_prompt":true,"sedentary_reminder":true,"sleep_reminder":false,"spo2":true,"wear_detection":true},"wear_detection_status":{"last_updated_at":0}}
2026-03-29 22:06:23.842 | AlertVM | handleQueryCallback type=AlertFeatureSupportObtained
2026-03-29 22:06:23.844 | AlertVM | support feature=HEART_RATE supported=false
2026-03-29 22:06:23.846 | AlertVM | handleQueryCallback type=Default
2026-03-29 22:06:23.847 | AlertVM | handleQueryCallback type=AlertFeatureSupportObtained
2026-03-29 22:06:23.855 | AlertVM | support feature=HEART_RATE supported=false
2026-03-29 22:06:23.857 | AlertVM | handleQueryCallback type=Default
2026-03-29 22:06:24.047 | AlertService | queryCallback type=UpdateFirmwareLogStatus
2026-03-29 22:06:24.050 | AlertVM | handleQueryCallback type=UpdateFirmwareLogStatus
2026-03-29 22:06:24.052 | AlertVM | handleQueryCallback type=Default
2026-03-29 22:06:24.305 | ZhQuery | onSWSPO2Monitor={"isWarning":true,"warningValue":90}
2026-03-29 22:06:24.307 | AlertService | queryCallback type=Spo2AlertSettingsObtained
2026-03-29 22:06:24.309 | AlertService | saveAlertSettings={"device_address":"D8:5C:08:30:00:1E","heart_rate":{"low_enabled":false,"low_threshold":50,"resting_enabled":false,"resting_threshold":50,"workout_enabled":false,"workout_threshold":175},"pending_sync":{"heart_rate":false,"relaxation_prompt":false,"sedentary_reminder":false,"sleep_reminder":false,"spo2":false},"pressure_mode":{"relaxation_prompt_enabled":false,"stress_monitoring_enabled":false},"sedentary_reminder":{"end_hour":18,"end_minute":0,"interval":60,"repeat_count":0,"start_hour":9,"start_minute":0,"status":false},"sleep_reminder":{"hour":0,"millisecond":0,"minute":0,"second":0,"status":false},"snapshots":{"heart_rate":{"continuous_heart_rate_mode":0,"frequency":0,"mode":0},"pressure_mode":{"relaxation_warning_value":100},"screenless_heart_rate_realtime":{},"screenless_spo2_monitoring":{},"sedentary_reminder":{"no_disturb_in_launch":false}},"spo2":{"enabled":true,"threshold":90},"support":{"heart_rate":false,"heart_rate_workout":false,"high_stress_index":false,"relaxation_prompt":true,"sedentary_reminder":true,"sleep_reminder":false,"spo2":true,"wear_detection":true},"wear_detection_status":{"last_updated_at":0}}
2026-03-29 22:06:24.311 | AlertService | queryCallback type=AlertFeatureSupportObtained
2026-03-29 22:06:24.312 | AlertService | saveAlertSettings={"device_address":"D8:5C:08:30:00:1E","heart_rate":{"low_enabled":false,"low_threshold":50,"resting_enabled":false,"resting_threshold":50,"workout_enabled":false,"workout_threshold":175},"pending_sync":{"heart_rate":false,"relaxation_prompt":false,"sedentary_reminder":false,"sleep_reminder":false,"spo2":false},"pressure_mode":{"relaxation_prompt_enabled":false,"stress_monitoring_enabled":false},"sedentary_reminder":{"end_hour":18,"end_minute":0,"interval":60,"repeat_count":0,"start_hour":9,"start_minute":0,"status":false},"sleep_reminder":{"hour":0,"millisecond":0,"minute":0,"second":0,"status":false},"snapshots":{"heart_rate":{"continuous_heart_rate_mode":0,"frequency":0,"mode":0},"pressure_mode":{"relaxation_warning_value":100},"screenless_heart_rate_realtime":{},"screenless_spo2_monitoring":{},"sedentary_reminder":{"no_disturb_in_launch":false}},"spo2":{"enabled":true,"threshold":90},"support":{"heart_rate":false,"heart_rate_workout":false,"high_stress_index":false,"relaxation_prompt":true,"sedentary_reminder":true,"sleep_reminder":false,"spo2":true,"wear_detection":true},"wear_detection_status":{"last_updated_at":0}}
2026-03-29 22:06:24.313 | ZhQuery | getSpo2AlertSettings state=SUCCEED
2026-03-29 22:06:24.315 | ZhQuery | getSpo2AlertSettings state=SUCCEED
2026-03-29 22:06:24.317 | AlertVM | handleQueryCallback type=Spo2AlertSettingsObtained
2026-03-29 22:06:24.319 | AlertVM | spo2 query matchesStored=true pending=false phase=null
2026-03-29 22:06:24.321 | AlertVM | spo2 query value={"enabled":true,"threshold":90}
2026-03-29 22:06:24.322 | AlertVM | handleQueryCallback type=Default
2026-03-29 22:06:24.323 | AlertVM | handleQueryCallback type=AlertFeatureSupportObtained
2026-03-29 22:06:24.325 | AlertVM | support feature=SPO2 supported=true
2026-03-29 22:06:24.326 | AlertVM | handleQueryCallback type=Default
2026-03-29 22:06:24.670 | ZhQuery | getSpo2Settings api=ContinuousBloodOxygenSettings state=NOT_SUPPORT
2026-03-29 22:06:24.672 | AlertService | queryCallback type=AlertFeatureSupportObtained
2026-03-29 22:06:24.675 | AlertService | onAlertFeatureUnsupported feature=SPO2
2026-03-29 22:06:24.680 | AlertService | saveAlertSettings={"device_address":"D8:5C:08:30:00:1E","heart_rate":{"low_enabled":false,"low_threshold":50,"resting_enabled":false,"resting_threshold":50,"workout_enabled":false,"workout_threshold":175},"pending_sync":{"heart_rate":false,"relaxation_prompt":false,"sedentary_reminder":false,"sleep_reminder":false,"spo2":false},"pressure_mode":{"relaxation_prompt_enabled":false,"stress_monitoring_enabled":false},"sedentary_reminder":{"end_hour":18,"end_minute":0,"interval":60,"repeat_count":0,"start_hour":9,"start_minute":0,"status":false},"sleep_reminder":{"hour":0,"millisecond":0,"minute":0,"second":0,"status":false},"snapshots":{"heart_rate":{"continuous_heart_rate_mode":0,"frequency":0,"mode":0},"pressure_mode":{"relaxation_warning_value":100},"screenless_heart_rate_realtime":{},"screenless_spo2_monitoring":{},"sedentary_reminder":{"no_disturb_in_launch":false}},"spo2":{"enabled":true,"threshold":90},"support":{"heart_rate":false,"heart_rate_workout":false,"high_stress_index":false,"relaxation_prompt":true,"sedentary_reminder":true,"sleep_reminder":false,"spo2":false,"wear_detection":true},"wear_detection_status":{"last_updated_at":0}}
2026-03-29 22:06:24.682 | ZhQuery | getSpo2Settings api=ContinuousBloodOxygenSettings state=NOT_SUPPORT
2026-03-29 22:06:24.684 | AlertService | queryCallback type=AlertFeatureSupportObtained
2026-03-29 22:06:24.686 | AlertService | onAlertFeatureUnsupported feature=SPO2
2026-03-29 22:06:24.691 | AlertService | saveAlertSettings={"device_address":"D8:5C:08:30:00:1E","heart_rate":{"low_enabled":false,"low_threshold":50,"resting_enabled":false,"resting_threshold":50,"workout_enabled":false,"workout_threshold":175},"pending_sync":{"heart_rate":false,"relaxation_prompt":false,"sedentary_reminder":false,"sleep_reminder":false,"spo2":false},"pressure_mode":{"relaxation_prompt_enabled":false,"stress_monitoring_enabled":false},"sedentary_reminder":{"end_hour":18,"end_minute":0,"interval":60,"repeat_count":0,"start_hour":9,"start_minute":0,"status":false},"sleep_reminder":{"hour":0,"millisecond":0,"minute":0,"second":0,"status":false},"snapshots":{"heart_rate":{"continuous_heart_rate_mode":0,"frequency":0,"mode":0},"pressure_mode":{"relaxation_warning_value":100},"screenless_heart_rate_realtime":{},"screenless_spo2_monitoring":{},"sedentary_reminder":{"no_disturb_in_launch":false}},"spo2":{"enabled":true,"threshold":90},"support":{"heart_rate":false,"heart_rate_workout":false,"high_stress_index":false,"relaxation_prompt":true,"sedentary_reminder":true,"sleep_reminder":false,"spo2":false,"wear_detection":true},"wear_detection_status":{"last_updated_at":0}}
2026-03-29 22:06:24.693 | AlertVM | handleQueryCallback type=AlertFeatureSupportObtained
2026-03-29 22:06:24.695 | AlertVM | support feature=SPO2 supported=false
2026-03-29 22:06:24.697 | AlertVM | handleQueryCallback type=Default
2026-03-29 22:06:24.700 | AlertVM | handleQueryCallback type=AlertFeatureSupportObtained
2026-03-29 22:06:24.702 | AlertVM | support feature=SPO2 supported=false
2026-03-29 22:06:24.703 | AlertVM | handleQueryCallback type=Default
2026-03-29 22:06:24.993 | AlertService | queryCallback type=UpdateFirmwareLogStatus
2026-03-29 22:06:24.997 | AlertVM | handleQueryCallback type=UpdateFirmwareLogStatus
2026-03-29 22:06:24.999 | AlertVM | handleQueryCallback type=Default
2026-03-29 22:06:25.159 | ZhQuery | onSWBRMonitor={"isWarning":false,"warningValue":100}
2026-03-29 22:06:25.160 | AlertService | queryCallback type=PressureModeSettingsObtained
2026-03-29 22:06:25.163 | AlertService | saveAlertSettings={"device_address":"D8:5C:08:30:00:1E","heart_rate":{"low_enabled":false,"low_threshold":50,"resting_enabled":false,"resting_threshold":50,"workout_enabled":false,"workout_threshold":175},"pending_sync":{"heart_rate":false,"relaxation_prompt":false,"sedentary_reminder":false,"sleep_reminder":false,"spo2":false},"pressure_mode":{"relaxation_prompt_enabled":false,"stress_monitoring_enabled":false},"sedentary_reminder":{"end_hour":18,"end_minute":0,"interval":60,"repeat_count":0,"start_hour":9,"start_minute":0,"status":false},"sleep_reminder":{"hour":0,"millisecond":0,"minute":0,"second":0,"status":false},"snapshots":{"heart_rate":{"continuous_heart_rate_mode":0,"frequency":0,"mode":0},"pressure_mode":{"relaxation_warning_value":100},"screenless_heart_rate_realtime":{},"screenless_spo2_monitoring":{},"sedentary_reminder":{"no_disturb_in_launch":false}},"spo2":{"enabled":true,"threshold":90},"support":{"heart_rate":false,"heart_rate_workout":false,"high_stress_index":false,"relaxation_prompt":true,"sedentary_reminder":true,"sleep_reminder":false,"spo2":false,"wear_detection":true},"wear_detection_status":{"last_updated_at":0}}
2026-03-29 22:06:25.165 | AlertService | queryCallback type=AlertFeatureSupportObtained
2026-03-29 22:06:25.172 | AlertService | saveAlertSettings={"device_address":"D8:5C:08:30:00:1E","heart_rate":{"low_enabled":false,"low_threshold":50,"resting_enabled":false,"resting_threshold":50,"workout_enabled":false,"workout_threshold":175},"pending_sync":{"heart_rate":false,"relaxation_prompt":false,"sedentary_reminder":false,"sleep_reminder":false,"spo2":false},"pressure_mode":{"relaxation_prompt_enabled":false,"stress_monitoring_enabled":false},"sedentary_reminder":{"end_hour":18,"end_minute":0,"interval":60,"repeat_count":0,"start_hour":9,"start_minute":0,"status":false},"sleep_reminder":{"hour":0,"millisecond":0,"minute":0,"second":0,"status":false},"snapshots":{"heart_rate":{"continuous_heart_rate_mode":0,"frequency":0,"mode":0},"pressure_mode":{"relaxation_warning_value":100},"screenless_heart_rate_realtime":{},"screenless_spo2_monitoring":{},"sedentary_reminder":{"no_disturb_in_launch":false}},"spo2":{"enabled":true,"threshold":90},"support":{"heart_rate":false,"heart_rate_workout":false,"high_stress_index":false,"relaxation_prompt":true,"sedentary_reminder":true,"sleep_reminder":false,"spo2":false,"wear_detection":true},"wear_detection_status":{"last_updated_at":0}}
2026-03-29 22:06:25.173 | ZhQuery | getPressureModeSettings api=SWBRMonitor state=SUCCEED
2026-03-29 22:06:25.178 | ZhQuery | getPressureModeSettings api=SWBRMonitor state=SUCCEED
2026-03-29 22:06:25.181 | AlertVM | handleQueryCallback type=PressureModeSettingsObtained
2026-03-29 22:06:25.186 | AlertVM | pressure query matchesStored=true pending=false phase=null
2026-03-29 22:06:25.187 | AlertVM | pressure query value={"relaxation_prompt_enabled":false,"stress_monitoring_enabled":false}
2026-03-29 22:06:25.188 | AlertVM | handleQueryCallback type=Default
2026-03-29 22:06:25.193 | AlertVM | handleQueryCallback type=AlertFeatureSupportObtained
2026-03-29 22:06:25.195 | AlertVM | support feature=RELAXATION_PROMPT supported=true
2026-03-29 22:06:25.200 | AlertVM | handleQueryCallback type=Default
2026-03-29 22:06:25.519 | ZhQuery | getSleepReminder state=NOT_SUPPORT
2026-03-29 22:06:25.521 | AlertService | queryCallback type=AlertFeatureSupportObtained
2026-03-29 22:06:25.522 | AlertService | onAlertFeatureUnsupported feature=SLEEP_REMINDER
2026-03-29 22:06:25.524 | AlertService | saveAlertSettings={"device_address":"D8:5C:08:30:00:1E","heart_rate":{"low_enabled":false,"low_threshold":50,"resting_enabled":false,"resting_threshold":50,"workout_enabled":false,"workout_threshold":175},"pending_sync":{"heart_rate":false,"relaxation_prompt":false,"sedentary_reminder":false,"sleep_reminder":false,"spo2":false},"pressure_mode":{"relaxation_prompt_enabled":false,"stress_monitoring_enabled":false},"sedentary_reminder":{"end_hour":18,"end_minute":0,"interval":60,"repeat_count":0,"start_hour":9,"start_minute":0,"status":false},"sleep_reminder":{"hour":0,"millisecond":0,"minute":0,"second":0,"status":false},"snapshots":{"heart_rate":{"continuous_heart_rate_mode":0,"frequency":0,"mode":0},"pressure_mode":{"relaxation_warning_value":100},"screenless_heart_rate_realtime":{},"screenless_spo2_monitoring":{},"sedentary_reminder":{"no_disturb_in_launch":false}},"spo2":{"enabled":true,"threshold":90},"support":{"heart_rate":false,"heart_rate_workout":false,"high_stress_index":false,"relaxation_prompt":true,"sedentary_reminder":true,"sleep_reminder":false,"spo2":false,"wear_detection":true},"wear_detection_status":{"last_updated_at":0}}
2026-03-29 22:06:25.525 | ZhQuery | getSleepReminder state=NOT_SUPPORT
2026-03-29 22:06:25.526 | AlertService | queryCallback type=AlertFeatureSupportObtained
2026-03-29 22:06:25.528 | AlertService | onAlertFeatureUnsupported feature=SLEEP_REMINDER
2026-03-29 22:06:25.532 | AlertService | saveAlertSettings={"device_address":"D8:5C:08:30:00:1E","heart_rate":{"low_enabled":false,"low_threshold":50,"resting_enabled":false,"resting_threshold":50,"workout_enabled":false,"workout_threshold":175},"pending_sync":{"heart_rate":false,"relaxation_prompt":false,"sedentary_reminder":false,"sleep_reminder":false,"spo2":false},"pressure_mode":{"relaxation_prompt_enabled":false,"stress_monitoring_enabled":false},"sedentary_reminder":{"end_hour":18,"end_minute":0,"interval":60,"repeat_count":0,"start_hour":9,"start_minute":0,"status":false},"sleep_reminder":{"hour":0,"millisecond":0,"minute":0,"second":0,"status":false},"snapshots":{"heart_rate":{"continuous_heart_rate_mode":0,"frequency":0,"mode":0},"pressure_mode":{"relaxation_warning_value":100},"screenless_heart_rate_realtime":{},"screenless_spo2_monitoring":{},"sedentary_reminder":{"no_disturb_in_launch":false}},"spo2":{"enabled":true,"threshold":90},"support":{"heart_rate":false,"heart_rate_workout":false,"high_stress_index":false,"relaxation_prompt":true,"sedentary_reminder":true,"sleep_reminder":false,"spo2":false,"wear_detection":true},"wear_detection_status":{"last_updated_at":0}}
2026-03-29 22:06:25.535 | AlertVM | handleQueryCallback type=AlertFeatureSupportObtained
2026-03-29 22:06:25.536 | AlertVM | support feature=SLEEP_REMINDER supported=false
2026-03-29 22:06:25.538 | AlertVM | handleQueryCallback type=Default
2026-03-29 22:06:25.541 | AlertVM | handleQueryCallback type=AlertFeatureSupportObtained
2026-03-29 22:06:25.543 | AlertVM | support feature=SLEEP_REMINDER supported=false
2026-03-29 22:06:25.548 | AlertVM | handleQueryCallback type=Default
2026-03-29 22:06:25.836 | ZhQuery | onSedentaryReminderResult={"drinkWater":0,"endNoonTime":{"hour":0,"millisecond":0,"minuter":0,"second":0},"endTime":{"hour":0,"millisecond":0,"minuter":0,"second":0},"frequency":0,"isOn":false,"noDisturbInLaunch":false,"startNoonTime":{"hour":0,"millisecond":0,"minuter":0,"second":0},"startTime":{"hour":0,"millisecond":0,"minuter":0,"second":0}}
2026-03-29 22:06:25.838 | AlertService | queryCallback type=SedentaryDataObtained
2026-03-29 22:06:25.840 | AlertService | queryCallback type=SedentaryReminderSettingsObtained
2026-03-29 22:06:25.843 | AlertService | saveAlertSettings={"device_address":"D8:5C:08:30:00:1E","heart_rate":{"low_enabled":false,"low_threshold":50,"resting_enabled":false,"resting_threshold":50,"workout_enabled":false,"workout_threshold":175},"pending_sync":{"heart_rate":false,"relaxation_prompt":false,"sedentary_reminder":false,"sleep_reminder":false,"spo2":false},"pressure_mode":{"relaxation_prompt_enabled":false,"stress_monitoring_enabled":false},"sedentary_reminder":{"end_hour":18,"end_minute":0,"interval":60,"repeat_count":0,"start_hour":9,"start_minute":0,"status":false},"sleep_reminder":{"hour":0,"millisecond":0,"minute":0,"second":0,"status":false},"snapshots":{"heart_rate":{"continuous_heart_rate_mode":0,"frequency":0,"mode":0},"pressure_mode":{"relaxation_warning_value":100},"screenless_heart_rate_realtime":{},"screenless_spo2_monitoring":{},"sedentary_reminder":{"no_disturb_in_launch":false}},"spo2":{"enabled":true,"threshold":90},"support":{"heart_rate":false,"heart_rate_workout":false,"high_stress_index":false,"relaxation_prompt":true,"sedentary_reminder":true,"sleep_reminder":false,"spo2":false,"wear_detection":true},"wear_detection_status":{"last_updated_at":0}}
2026-03-29 22:06:25.845 | AlertService | queryCallback type=AlertFeatureSupportObtained
2026-03-29 22:06:25.848 | AlertService | saveAlertSettings={"device_address":"D8:5C:08:30:00:1E","heart_rate":{"low_enabled":false,"low_threshold":50,"resting_enabled":false,"resting_threshold":50,"workout_enabled":false,"workout_threshold":175},"pending_sync":{"heart_rate":false,"relaxation_prompt":false,"sedentary_reminder":false,"sleep_reminder":false,"spo2":false},"pressure_mode":{"relaxation_prompt_enabled":false,"stress_monitoring_enabled":false},"sedentary_reminder":{"end_hour":18,"end_minute":0,"interval":60,"repeat_count":0,"start_hour":9,"start_minute":0,"status":false},"sleep_reminder":{"hour":0,"millisecond":0,"minute":0,"second":0,"status":false},"snapshots":{"heart_rate":{"continuous_heart_rate_mode":0,"frequency":0,"mode":0},"pressure_mode":{"relaxation_warning_value":100},"screenless_heart_rate_realtime":{},"screenless_spo2_monitoring":{},"sedentary_reminder":{"no_disturb_in_launch":false}},"spo2":{"enabled":true,"threshold":90},"support":{"heart_rate":false,"heart_rate_workout":false,"high_stress_index":false,"relaxation_prompt":true,"sedentary_reminder":true,"sleep_reminder":false,"spo2":false,"wear_detection":true},"wear_detection_status":{"last_updated_at":0}}
2026-03-29 22:06:25.850 | AlertVM | handleQueryCallback type=SedentaryDataObtained
2026-03-29 22:06:25.857 | AlertVM | handleQueryCallback type=Default
2026-03-29 22:06:25.858 | AlertVM | handleQueryCallback type=SedentaryReminderSettingsObtained
2026-03-29 22:06:25.859 | AlertVM | sedentary query matchesStored=true pending=false phase=null
2026-03-29 22:06:25.861 | AlertVM | sedentary query value={"end_hour":0,"end_minute":0,"interval":0,"repeat_count":0,"start_hour":0,"start_minute":0,"status":false}
2026-03-29 22:06:25.862 | AlertVM | handleQueryCallback type=Default
2026-03-29 22:06:25.863 | AlertVM | handleQueryCallback type=AlertFeatureSupportObtained
2026-03-29 22:06:25.866 | AlertVM | support feature=SEDENTARY_REMINDER supported=true
2026-03-29 22:06:25.872 | AlertVM | handleQueryCallback type=Default
2026-03-29 22:06:26.125 | AlertService | queryCallback type=UpdateFirmwareLogStatus
2026-03-29 22:06:26.131 | AlertVM | handleQueryCallback type=UpdateFirmwareLogStatus
2026-03-29 22:06:26.132 | AlertVM | handleQueryCallback type=Default
2026-03-29 22:06:26.384 | ZhQuery | onSWHRMonitor={"heightWarningValue":220,"isHeightWarning":false,"isLowWarning":false,"lowWarningValue":45}
2026-03-29 22:06:26.385 | AlertService | queryCallback type=HeartRateAlertSettingsObtained
2026-03-29 22:06:26.387 | AlertService | saveAlertSettings={"device_address":"D8:5C:08:30:00:1E","heart_rate":{"low_enabled":false,"low_threshold":50,"resting_enabled":false,"resting_threshold":50,"workout_enabled":false,"workout_threshold":175},"pending_sync":{"heart_rate":false,"relaxation_prompt":false,"sedentary_reminder":false,"sleep_reminder":false,"spo2":false},"pressure_mode":{"relaxation_prompt_enabled":false,"stress_monitoring_enabled":false},"sedentary_reminder":{"end_hour":18,"end_minute":0,"interval":60,"repeat_count":0,"start_hour":9,"start_minute":0,"status":false},"sleep_reminder":{"hour":0,"millisecond":0,"minute":0,"second":0,"status":false},"snapshots":{"heart_rate":{"continuous_heart_rate_mode":0,"frequency":0,"mode":0},"pressure_mode":{"relaxation_warning_value":100},"screenless_heart_rate_realtime":{},"screenless_spo2_monitoring":{},"sedentary_reminder":{"no_disturb_in_launch":false}},"spo2":{"enabled":true,"threshold":90},"support":{"heart_rate":true,"heart_rate_workout":false,"high_stress_index":false,"relaxation_prompt":true,"sedentary_reminder":true,"sleep_reminder":false,"spo2":false,"wear_detection":true},"wear_detection_status":{"last_updated_at":0}}
2026-03-29 22:06:26.388 | AlertService | queryCallback type=AlertFeatureSupportObtained
2026-03-29 22:06:26.390 | AlertService | saveAlertSettings={"device_address":"D8:5C:08:30:00:1E","heart_rate":{"low_enabled":false,"low_threshold":50,"resting_enabled":false,"resting_threshold":50,"workout_enabled":false,"workout_threshold":175},"pending_sync":{"heart_rate":false,"relaxation_prompt":false,"sedentary_reminder":false,"sleep_reminder":false,"spo2":false},"pressure_mode":{"relaxation_prompt_enabled":false,"stress_monitoring_enabled":false},"sedentary_reminder":{"end_hour":18,"end_minute":0,"interval":60,"repeat_count":0,"start_hour":9,"start_minute":0,"status":false},"sleep_reminder":{"hour":0,"millisecond":0,"minute":0,"second":0,"status":false},"snapshots":{"heart_rate":{"continuous_heart_rate_mode":0,"frequency":0,"mode":0},"pressure_mode":{"relaxation_warning_value":100},"screenless_heart_rate_realtime":{},"screenless_spo2_monitoring":{},"sedentary_reminder":{"no_disturb_in_launch":false}},"spo2":{"enabled":true,"threshold":90},"support":{"heart_rate":true,"heart_rate_workout":false,"high_stress_index":false,"relaxation_prompt":true,"sedentary_reminder":true,"sleep_reminder":false,"spo2":false,"wear_detection":true},"wear_detection_status":{"last_updated_at":0}}
2026-03-29 22:06:26.395 | AlertVM | handleQueryCallback type=HeartRateAlertSettingsObtained
2026-03-29 22:06:26.397 | AlertVM | heartRate query matchesStored=true pending=false phase=null
2026-03-29 22:06:26.403 | AlertVM | heartRate query value={"low_enabled":false,"low_threshold":45,"resting_enabled":false,"resting_threshold":220,"workout_enabled":false,"workout_threshold":175}
2026-03-29 22:06:26.404 | AlertVM | handleQueryCallback type=Default
2026-03-29 22:06:26.406 | AlertVM | handleQueryCallback type=AlertFeatureSupportObtained
2026-03-29 22:06:26.407 | AlertVM | support feature=HEART_RATE supported=true
2026-03-29 22:06:26.409 | AlertVM | handleQueryCallback type=Default
2026-03-29 22:06:27.009 | AlertService | queryCallback type=UpdateFirmwareLogStatus
2026-03-29 22:06:27.016 | AlertVM | handleQueryCallback type=UpdateFirmwareLogStatus
2026-03-29 22:06:27.019 | AlertVM | handleQueryCallback type=Default
2026-03-29 22:06:27.273 | ZhQuery | onSWSPO2Monitor={"isWarning":true,"warningValue":90}
2026-03-29 22:06:27.275 | AlertService | queryCallback type=Spo2AlertSettingsObtained
2026-03-29 22:06:27.287 | AlertService | saveAlertSettings={"device_address":"D8:5C:08:30:00:1E","heart_rate":{"low_enabled":false,"low_threshold":50,"resting_enabled":false,"resting_threshold":50,"workout_enabled":false,"workout_threshold":175},"pending_sync":{"heart_rate":false,"relaxation_prompt":false,"sedentary_reminder":false,"sleep_reminder":false,"spo2":false},"pressure_mode":{"relaxation_prompt_enabled":false,"stress_monitoring_enabled":false},"sedentary_reminder":{"end_hour":18,"end_minute":0,"interval":60,"repeat_count":0,"start_hour":9,"start_minute":0,"status":false},"sleep_reminder":{"hour":0,"millisecond":0,"minute":0,"second":0,"status":false},"snapshots":{"heart_rate":{"continuous_heart_rate_mode":0,"frequency":0,"mode":0},"pressure_mode":{"relaxation_warning_value":100},"screenless_heart_rate_realtime":{},"screenless_spo2_monitoring":{},"sedentary_reminder":{"no_disturb_in_launch":false}},"spo2":{"enabled":true,"threshold":90},"support":{"heart_rate":true,"heart_rate_workout":false,"high_stress_index":false,"relaxation_prompt":true,"sedentary_reminder":true,"sleep_reminder":false,"spo2":true,"wear_detection":true},"wear_detection_status":{"last_updated_at":0}}
2026-03-29 22:06:27.289 | AlertService | queryCallback type=AlertFeatureSupportObtained
2026-03-29 22:06:27.291 | AlertService | saveAlertSettings={"device_address":"D8:5C:08:30:00:1E","heart_rate":{"low_enabled":false,"low_threshold":50,"resting_enabled":false,"resting_threshold":50,"workout_enabled":false,"workout_threshold":175},"pending_sync":{"heart_rate":false,"relaxation_prompt":false,"sedentary_reminder":false,"sleep_reminder":false,"spo2":false},"pressure_mode":{"relaxation_prompt_enabled":false,"stress_monitoring_enabled":false},"sedentary_reminder":{"end_hour":18,"end_minute":0,"interval":60,"repeat_count":0,"start_hour":9,"start_minute":0,"status":false},"sleep_reminder":{"hour":0,"millisecond":0,"minute":0,"second":0,"status":false},"snapshots":{"heart_rate":{"continuous_heart_rate_mode":0,"frequency":0,"mode":0},"pressure_mode":{"relaxation_warning_value":100},"screenless_heart_rate_realtime":{},"screenless_spo2_monitoring":{},"sedentary_reminder":{"no_disturb_in_launch":false}},"spo2":{"enabled":true,"threshold":90},"support":{"heart_rate":true,"heart_rate_workout":false,"high_stress_index":false,"relaxation_prompt":true,"sedentary_reminder":true,"sleep_reminder":false,"spo2":true,"wear_detection":true},"wear_detection_status":{"last_updated_at":0}}
2026-03-29 22:06:27.297 | AlertVM | handleQueryCallback type=Spo2AlertSettingsObtained
2026-03-29 22:06:27.299 | AlertVM | spo2 query matchesStored=true pending=false phase=null
2026-03-29 22:06:27.300 | AlertVM | spo2 query value={"enabled":true,"threshold":90}
2026-03-29 22:06:27.301 | AlertVM | handleQueryCallback type=Default
2026-03-29 22:06:27.303 | AlertVM | handleQueryCallback type=AlertFeatureSupportObtained
2026-03-29 22:06:27.304 | AlertVM | support feature=SPO2 supported=true
2026-03-29 22:06:27.306 | AlertVM | handleQueryCallback type=Default
2026-03-29 22:06:27.511 | AlertService | queryCallback type=BatteryDataObtained
2026-03-29 22:06:27.516 | AlertVM | handleQueryCallback type=BatteryDataObtained
2026-03-29 22:06:27.517 | AlertVM | handleQueryCallback type=Default
2026-03-29 22:06:28.115 | AlertService | queryCallback type=UpdateFirmwareLogStatus
2026-03-29 22:06:28.127 | AlertVM | handleQueryCallback type=UpdateFirmwareLogStatus
2026-03-29 22:06:28.128 | AlertVM | handleQueryCallback type=Default
2026-03-29 22:06:28.487 | ZhQuery | onSWBRMonitor={"isWarning":false,"warningValue":100}
2026-03-29 22:06:28.488 | AlertService | queryCallback type=PressureModeSettingsObtained
2026-03-29 22:06:28.490 | AlertService | saveAlertSettings={"device_address":"D8:5C:08:30:00:1E","heart_rate":{"low_enabled":false,"low_threshold":50,"resting_enabled":false,"resting_threshold":50,"workout_enabled":false,"workout_threshold":175},"pending_sync":{"heart_rate":false,"relaxation_prompt":false,"sedentary_reminder":false,"sleep_reminder":false,"spo2":false},"pressure_mode":{"relaxation_prompt_enabled":false,"stress_monitoring_enabled":false},"sedentary_reminder":{"end_hour":18,"end_minute":0,"interval":60,"repeat_count":0,"start_hour":9,"start_minute":0,"status":false},"sleep_reminder":{"hour":0,"millisecond":0,"minute":0,"second":0,"status":false},"snapshots":{"heart_rate":{"continuous_heart_rate_mode":0,"frequency":0,"mode":0},"pressure_mode":{"relaxation_warning_value":100},"screenless_heart_rate_realtime":{},"screenless_spo2_monitoring":{},"sedentary_reminder":{"no_disturb_in_launch":false}},"spo2":{"enabled":true,"threshold":90},"support":{"heart_rate":true,"heart_rate_workout":false,"high_stress_index":false,"relaxation_prompt":true,"sedentary_reminder":true,"sleep_reminder":false,"spo2":true,"wear_detection":true},"wear_detection_status":{"last_updated_at":0}}
2026-03-29 22:06:28.494 | AlertService | queryCallback type=AlertFeatureSupportObtained
2026-03-29 22:06:28.501 | AlertService | saveAlertSettings={"device_address":"D8:5C:08:30:00:1E","heart_rate":{"low_enabled":false,"low_threshold":50,"resting_enabled":false,"resting_threshold":50,"workout_enabled":false,"workout_threshold":175},"pending_sync":{"heart_rate":false,"relaxation_prompt":false,"sedentary_reminder":false,"sleep_reminder":false,"spo2":false},"pressure_mode":{"relaxation_prompt_enabled":false,"stress_monitoring_enabled":false},"sedentary_reminder":{"end_hour":18,"end_minute":0,"interval":60,"repeat_count":0,"start_hour":9,"start_minute":0,"status":false},"sleep_reminder":{"hour":0,"millisecond":0,"minute":0,"second":0,"status":false},"snapshots":{"heart_rate":{"continuous_heart_rate_mode":0,"frequency":0,"mode":0},"pressure_mode":{"relaxation_warning_value":100},"screenless_heart_rate_realtime":{},"screenless_spo2_monitoring":{},"sedentary_reminder":{"no_disturb_in_launch":false}},"spo2":{"enabled":true,"threshold":90},"support":{"heart_rate":true,"heart_rate_workout":false,"high_stress_index":false,"relaxation_prompt":true,"sedentary_reminder":true,"sleep_reminder":false,"spo2":true,"wear_detection":true},"wear_detection_status":{"last_updated_at":0}}
2026-03-29 22:06:28.504 | AlertVM | handleQueryCallback type=PressureModeSettingsObtained
2026-03-29 22:06:28.507 | AlertVM | pressure query matchesStored=true pending=false phase=null
2026-03-29 22:06:28.509 | AlertVM | pressure query value={"relaxation_prompt_enabled":false,"stress_monitoring_enabled":false}
2026-03-29 22:06:28.510 | AlertVM | handleQueryCallback type=Default
2026-03-29 22:06:28.512 | AlertVM | handleQueryCallback type=AlertFeatureSupportObtained
2026-03-29 22:06:28.513 | AlertVM | support feature=RELAXATION_PROMPT supported=true
2026-03-29 22:06:28.514 | AlertVM | handleQueryCallback type=Default
2026-03-29 22:06:29.052 | AlertService | queryCallback type=UpdateFirmwareLogStatus
2026-03-29 22:06:29.060 | AlertVM | handleQueryCallback type=UpdateFirmwareLogStatus
2026-03-29 22:06:29.062 | AlertVM | handleQueryCallback type=Default
2026-03-29 22:06:29.353 | ZhQuery | onSedentaryReminderResult={"drinkWater":0,"endNoonTime":{"hour":0,"millisecond":0,"minuter":0,"second":0},"endTime":{"hour":0,"millisecond":0,"minuter":0,"second":0},"frequency":0,"isOn":false,"noDisturbInLaunch":false,"startNoonTime":{"hour":0,"millisecond":0,"minuter":0,"second":0},"startTime":{"hour":0,"millisecond":0,"minuter":0,"second":0}}
2026-03-29 22:06:29.354 | AlertService | queryCallback type=SedentaryDataObtained
2026-03-29 22:06:29.356 | AlertService | queryCallback type=SedentaryReminderSettingsObtained
2026-03-29 22:06:29.358 | AlertService | saveAlertSettings={"device_address":"D8:5C:08:30:00:1E","heart_rate":{"low_enabled":false,"low_threshold":50,"resting_enabled":false,"resting_threshold":50,"workout_enabled":false,"workout_threshold":175},"pending_sync":{"heart_rate":false,"relaxation_prompt":false,"sedentary_reminder":false,"sleep_reminder":false,"spo2":false},"pressure_mode":{"relaxation_prompt_enabled":false,"stress_monitoring_enabled":false},"sedentary_reminder":{"end_hour":18,"end_minute":0,"interval":60,"repeat_count":0,"start_hour":9,"start_minute":0,"status":false},"sleep_reminder":{"hour":0,"millisecond":0,"minute":0,"second":0,"status":false},"snapshots":{"heart_rate":{"continuous_heart_rate_mode":0,"frequency":0,"mode":0},"pressure_mode":{"relaxation_warning_value":100},"screenless_heart_rate_realtime":{},"screenless_spo2_monitoring":{},"sedentary_reminder":{"no_disturb_in_launch":false}},"spo2":{"enabled":true,"threshold":90},"support":{"heart_rate":true,"heart_rate_workout":false,"high_stress_index":false,"relaxation_prompt":true,"sedentary_reminder":true,"sleep_reminder":false,"spo2":true,"wear_detection":true},"wear_detection_status":{"last_updated_at":0}}
2026-03-29 22:06:29.363 | AlertService | queryCallback type=AlertFeatureSupportObtained
2026-03-29 22:06:29.365 | AlertService | saveAlertSettings={"device_address":"D8:5C:08:30:00:1E","heart_rate":{"low_enabled":false,"low_threshold":50,"resting_enabled":false,"resting_threshold":50,"workout_enabled":false,"workout_threshold":175},"pending_sync":{"heart_rate":false,"relaxation_prompt":false,"sedentary_reminder":false,"sleep_reminder":false,"spo2":false},"pressure_mode":{"relaxation_prompt_enabled":false,"stress_monitoring_enabled":false},"sedentary_reminder":{"end_hour":18,"end_minute":0,"interval":60,"repeat_count":0,"start_hour":9,"start_minute":0,"status":false},"sleep_reminder":{"hour":0,"millisecond":0,"minute":0,"second":0,"status":false},"snapshots":{"heart_rate":{"continuous_heart_rate_mode":0,"frequency":0,"mode":0},"pressure_mode":{"relaxation_warning_value":100},"screenless_heart_rate_realtime":{},"screenless_spo2_monitoring":{},"sedentary_reminder":{"no_disturb_in_launch":false}},"spo2":{"enabled":true,"threshold":90},"support":{"heart_rate":true,"heart_rate_workout":false,"high_stress_index":false,"relaxation_prompt":true,"sedentary_reminder":true,"sleep_reminder":false,"spo2":true,"wear_detection":true},"wear_detection_status":{"last_updated_at":0}}
2026-03-29 22:06:29.367 | AlertVM | handleQueryCallback type=SedentaryDataObtained
2026-03-29 22:06:29.368 | AlertVM | handleQueryCallback type=Default
2026-03-29 22:06:29.370 | AlertVM | handleQueryCallback type=SedentaryReminderSettingsObtained
2026-03-29 22:06:29.372 | AlertVM | sedentary query matchesStored=true pending=false phase=null
2026-03-29 22:06:29.374 | AlertVM | sedentary query value={"end_hour":0,"end_minute":0,"interval":0,"repeat_count":0,"start_hour":0,"start_minute":0,"status":false}
2026-03-29 22:06:29.376 | AlertVM | handleQueryCallback type=Default
2026-03-29 22:06:29.378 | AlertVM | handleQueryCallback type=AlertFeatureSupportObtained
2026-03-29 22:06:29.379 | AlertVM | support feature=SEDENTARY_REMINDER supported=true
2026-03-29 22:06:29.381 | AlertVM | handleQueryCallback type=Default
2026-03-29 22:06:30.022 | AlertService | queryCallback type=UpdateFirmwareLogStatus
2026-03-29 22:06:30.032 | AlertVM | handleQueryCallback type=UpdateFirmwareLogStatus
2026-03-29 22:06:30.034 | AlertVM | handleQueryCallback type=Default
2026-03-29 22:06:31.020 | AlertService | queryCallback type=UpdateFirmwareLogStatus
2026-03-29 22:06:31.026 | AlertVM | handleQueryCallback type=UpdateFirmwareLogStatus
2026-03-29 22:06:31.028 | AlertVM | handleQueryCallback type=Default
2026-03-29 22:06:31.974 | AlertService | queryCallback type=UpdateFirmwareLogStatus
2026-03-29 22:06:31.979 | AlertVM | handleQueryCallback type=UpdateFirmwareLogStatus
2026-03-29 22:06:31.981 | AlertVM | handleQueryCallback type=Default
2026-03-29 22:06:33.109 | AlertService | queryCallback type=UpdateFirmwareLogStatus
2026-03-29 22:06:33.117 | AlertVM | handleQueryCallback type=UpdateFirmwareLogStatus
2026-03-29 22:06:33.120 | AlertVM | handleQueryCallback type=Default
2026-03-29 22:06:33.956 | AlertService | queryCallback type=UpdateFirmwareLogStatus
2026-03-29 22:06:33.963 | AlertVM | handleQueryCallback type=UpdateFirmwareLogStatus
2026-03-29 22:06:33.965 | AlertVM | handleQueryCallback type=Default
2026-03-29 22:06:34.948 | AlertService | queryCallback type=UpdateFirmwareLogStatus
2026-03-29 22:06:34.953 | AlertVM | handleQueryCallback type=UpdateFirmwareLogStatus
2026-03-29 22:06:34.956 | AlertVM | handleQueryCallback type=Default
2026-03-29 22:06:35.764 | AlertVM | saveHeartRateSettings requested={"low_enabled":false,"low_threshold":50,"resting_enabled":true,"resting_threshold":50,"workout_enabled":false,"workout_threshold":175}
2026-03-29 22:06:35.765 | AlertVM | persistFeature feature=HEART_RATE connected=true
2026-03-29 22:06:35.767 | AlertVM | persistFeature state={"device_address":"D8:5C:08:30:00:1E","heart_rate":{"low_enabled":false,"low_threshold":50,"resting_enabled":true,"resting_threshold":50,"workout_enabled":false,"workout_threshold":175},"pending_sync":{"heart_rate":true,"relaxation_prompt":false,"sedentary_reminder":false,"sleep_reminder":false,"spo2":false},"pressure_mode":{"relaxation_prompt_enabled":false,"stress_monitoring_enabled":false},"sedentary_reminder":{"end_hour":18,"end_minute":0,"interval":60,"repeat_count":0,"start_hour":9,"start_minute":0,"status":false},"sleep_reminder":{"hour":0,"millisecond":0,"minute":0,"second":0,"status":false},"snapshots":{"heart_rate":{"continuous_heart_rate_mode":0,"frequency":0,"mode":0},"pressure_mode":{"relaxation_warning_value":100},"screenless_heart_rate_realtime":{},"screenless_spo2_monitoring":{},"sedentary_reminder":{"no_disturb_in_launch":false}},"spo2":{"enabled":true,"threshold":90},"support":{"heart_rate":true,"heart_rate_workout":false,"high_stress_index":false,"relaxation_prompt":true,"sedentary_reminder":true,"sleep_reminder":false,"spo2":true,"wear_detection":true},"wear_detection_status":{"last_updated_at":0}}
2026-03-29 22:06:35.772 | AlertVM | syncQueuedFeatures feature=HEART_RATE requiresSnapshot=true
2026-03-29 22:06:35.774 | AlertVM | sendQuery feature=HEART_RATE
2026-03-29 22:06:35.782 | ZhQuery | getHeartRateInterval dispatched api=RealTimeHeartRateConfig deviceType=luna_band
2026-03-29 22:06:36.112 | AlertService | queryCallback type=UpdateFirmwareLogStatus
2026-03-29 22:06:36.117 | AlertVM | handleQueryCallback type=UpdateFirmwareLogStatus
2026-03-29 22:06:36.119 | AlertVM | handleQueryCallback type=Default
2026-03-29 22:06:36.456 | ZhQuery | getHeartRateInterval api=RealTimeHeartRateConfig state=NOT_SUPPORT
2026-03-29 22:06:36.458 | AlertService | queryCallback type=AlertFeatureSupportObtained
2026-03-29 22:06:36.462 | AlertService | onAlertFeatureUnsupported feature=HEART_RATE
2026-03-29 22:06:36.464 | AlertService | saveAlertSettings={"device_address":"D8:5C:08:30:00:1E","heart_rate":{"low_enabled":false,"low_threshold":50,"resting_enabled":true,"resting_threshold":50,"workout_enabled":false,"workout_threshold":175},"pending_sync":{"heart_rate":false,"relaxation_prompt":false,"sedentary_reminder":false,"sleep_reminder":false,"spo2":false},"pressure_mode":{"relaxation_prompt_enabled":false,"stress_monitoring_enabled":false},"sedentary_reminder":{"end_hour":18,"end_minute":0,"interval":60,"repeat_count":0,"start_hour":9,"start_minute":0,"status":false},"sleep_reminder":{"hour":0,"millisecond":0,"minute":0,"second":0,"status":false},"snapshots":{"heart_rate":{"continuous_heart_rate_mode":0,"frequency":0,"mode":0},"pressure_mode":{"relaxation_warning_value":100},"screenless_heart_rate_realtime":{},"screenless_spo2_monitoring":{},"sedentary_reminder":{"no_disturb_in_launch":false}},"spo2":{"enabled":true,"threshold":90},"support":{"heart_rate":false,"heart_rate_workout":false,"high_stress_index":false,"relaxation_prompt":true,"sedentary_reminder":true,"sleep_reminder":false,"spo2":true,"wear_detection":true},"wear_detection_status":{"last_updated_at":0}}
2026-03-29 22:06:36.469 | AlertVM | handleQueryCallback type=AlertFeatureSupportObtained
2026-03-29 22:06:36.471 | AlertVM | support feature=HEART_RATE supported=false
2026-03-29 22:06:36.474 | AlertVM | handleQueryCallback type=Default
2026-03-29 22:06:37.262 | AlertService | queryCallback type=UpdateFirmwareLogStatus
2026-03-29 22:06:37.271 | AlertVM | handleQueryCallback type=UpdateFirmwareLogStatus
2026-03-29 22:06:37.274 | AlertVM | handleQueryCallback type=Default
2026-03-29 22:06:37.579 | AlertService | queryCallback type=BatteryDataObtained
2026-03-29 22:06:37.587 | AlertVM | handleQueryCallback type=BatteryDataObtained
2026-03-29 22:06:37.590 | AlertVM | handleQueryCallback type=Default
2026-03-29 22:06:38.231 | AlertService | queryCallback type=UpdateFirmwareLogStatus
2026-03-29 22:06:38.236 | AlertVM | handleQueryCallback type=UpdateFirmwareLogStatus
2026-03-29 22:06:38.239 | AlertVM | handleQueryCallback type=Default
2026-03-29 22:06:39.055 | AlertService | queryCallback type=UpdateFirmwareLogStatus
2026-03-29 22:06:39.058 | AlertVM | handleQueryCallback type=UpdateFirmwareLogStatus
2026-03-29 22:06:39.059 | AlertVM | handleQueryCallback type=Default
2026-03-29 22:06:40.299 | AlertService | queryCallback type=UpdateFirmwareLogStatus
2026-03-29 22:06:40.303 | AlertVM | handleQueryCallback type=UpdateFirmwareLogStatus
2026-03-29 22:06:40.305 | AlertVM | handleQueryCallback type=Default
2026-03-29 22:06:40.929 | AlertService | queryCallback type=UpdateFirmwareLogStatus
2026-03-29 22:06:40.932 | AlertVM | handleQueryCallback type=UpdateFirmwareLogStatus
2026-03-29 22:06:40.933 | AlertVM | handleQueryCallback type=Default
2026-03-29 22:06:41.499 | AlertVM | refreshWearDetectionStatus dispatched deviceType=luna_band
2026-03-29 22:06:41.501 | ZhQuery | getRingWearingStatus dispatched deviceType=luna_band
2026-03-29 22:06:42.093 | AlertVM | refreshWearDetectionStatus dispatched deviceType=luna_band
2026-03-29 22:06:42.095 | ZhQuery | getRingWearingStatus dispatched deviceType=luna_band
2026-03-29 22:06:42.230 | AlertService | queryCallback type=UpdateFirmwareLogStatus
2026-03-29 22:06:42.239 | AlertVM | handleQueryCallback type=UpdateFirmwareLogStatus
2026-03-29 22:06:42.240 | AlertVM | handleQueryCallback type=Default
2026-03-29 22:06:42.642 | AlertVM | refreshWearDetectionStatus dispatched deviceType=luna_band
2026-03-29 22:06:42.650 | ZhQuery | getRingWearingStatus dispatched deviceType=luna_band
2026-03-29 22:06:42.832 | AlertVM | refreshWearDetectionStatus dispatched deviceType=luna_band
2026-03-29 22:06:42.834 | ZhQuery | getRingWearingStatus dispatched deviceType=luna_band
2026-03-29 22:06:43.034 | AlertVM | refreshWearDetectionStatus dispatched deviceType=luna_band
2026-03-29 22:06:43.038 | ZhQuery | getRingWearingStatus dispatched deviceType=luna_band
2026-03-29 22:06:43.615 | AlertService | queryCallback type=UpdateFirmwareLogStatus
2026-03-29 22:06:43.618 | AlertVM | handleQueryCallback type=UpdateFirmwareLogStatus
2026-03-29 22:06:43.620 | AlertVM | handleQueryCallback type=Default
2026-03-29 22:06:43.641 | AlertVM | refreshWearDetectionStatus dispatched deviceType=luna_band
2026-03-29 22:06:43.644 | ZhQuery | getRingWearingStatus dispatched deviceType=luna_band
2026-03-29 22:06:43.818 | AlertVM | refreshWearDetectionStatus dispatched deviceType=luna_band
2026-03-29 22:06:43.820 | ZhQuery | getRingWearingStatus dispatched deviceType=luna_band
2026-03-29 22:06:43.990 | AlertVM | refreshWearDetectionStatus dispatched deviceType=luna_band
2026-03-29 22:06:43.992 | ZhQuery | getRingWearingStatus dispatched deviceType=luna_band
2026-03-29 22:06:44.067 | ZhQuery | onRingWearingStatus status=0
2026-03-29 22:06:44.068 | AlertService | queryCallback type=RingWearingStatusObtained
2026-03-29 22:06:44.070 | AlertService | saveAlertSettings={"device_address":"D8:5C:08:30:00:1E","heart_rate":{"low_enabled":false,"low_threshold":50,"resting_enabled":true,"resting_threshold":50,"workout_enabled":false,"workout_threshold":175},"pending_sync":{"heart_rate":false,"relaxation_prompt":false,"sedentary_reminder":false,"sleep_reminder":false,"spo2":false},"pressure_mode":{"relaxation_prompt_enabled":false,"stress_monitoring_enabled":false},"sedentary_reminder":{"end_hour":18,"end_minute":0,"interval":60,"repeat_count":0,"start_hour":9,"start_minute":0,"status":false},"sleep_reminder":{"hour":0,"millisecond":0,"minute":0,"second":0,"status":false},"snapshots":{"heart_rate":{"continuous_heart_rate_mode":0,"frequency":0,"mode":0},"pressure_mode":{"relaxation_warning_value":100},"screenless_heart_rate_realtime":{},"screenless_spo2_monitoring":{},"sedentary_reminder":{"no_disturb_in_launch":false}},"spo2":{"enabled":true,"threshold":90},"support":{"heart_rate":false,"heart_rate_workout":false,"high_stress_index":false,"relaxation_prompt":true,"sedentary_reminder":true,"sleep_reminder":false,"spo2":true,"wear_detection":true},"wear_detection_status":{"is_worn":false,"last_updated_at":1774802204065}}
2026-03-29 22:06:44.074 | AlertService | queryCallback type=AlertFeatureSupportObtained
2026-03-29 22:06:44.079 | AlertService | saveAlertSettings={"device_address":"D8:5C:08:30:00:1E","heart_rate":{"low_enabled":false,"low_threshold":50,"resting_enabled":true,"resting_threshold":50,"workout_enabled":false,"workout_threshold":175},"pending_sync":{"heart_rate":false,"relaxation_prompt":false,"sedentary_reminder":false,"sleep_reminder":false,"spo2":false},"pressure_mode":{"relaxation_prompt_enabled":false,"stress_monitoring_enabled":false},"sedentary_reminder":{"end_hour":18,"end_minute":0,"interval":60,"repeat_count":0,"start_hour":9,"start_minute":0,"status":false},"sleep_reminder":{"hour":0,"millisecond":0,"minute":0,"second":0,"status":false},"snapshots":{"heart_rate":{"continuous_heart_rate_mode":0,"frequency":0,"mode":0},"pressure_mode":{"relaxation_warning_value":100},"screenless_heart_rate_realtime":{},"screenless_spo2_monitoring":{},"sedentary_reminder":{"no_disturb_in_launch":false}},"spo2":{"enabled":true,"threshold":90},"support":{"heart_rate":false,"heart_rate_workout":false,"high_stress_index":false,"relaxation_prompt":true,"sedentary_reminder":true,"sleep_reminder":false,"spo2":true,"wear_detection":true},"wear_detection_status":{"is_worn":false,"last_updated_at":1774802204065}}
2026-03-29 22:06:44.081 | ZhQuery | getRingWearingStatus state=SUCCEED
2026-03-29 22:06:44.083 | ZhQuery | getRingWearingStatus state=SUCCEED
2026-03-29 22:06:44.084 | ZhQuery | getRingWearingStatus state=SUCCEED
2026-03-29 22:06:44.086 | ZhQuery | getRingWearingStatus state=SUCCEED
2026-03-29 22:06:44.087 | ZhQuery | getRingWearingStatus state=SUCCEED
2026-03-29 22:06:44.088 | ZhQuery | getRingWearingStatus state=SUCCEED
2026-03-29 22:06:44.090 | ZhQuery | getRingWearingStatus state=SUCCEED
2026-03-29 22:06:44.091 | ZhQuery | getRingWearingStatus state=SUCCEED
2026-03-29 22:06:44.097 | AlertVM | handleQueryCallback type=RingWearingStatusObtained
2026-03-29 22:06:44.099 | AlertVM | wearDetection query value={"is_worn":false,"last_updated_at":1774802204065}
2026-03-29 22:06:44.100 | AlertVM | handleQueryCallback type=Default
2026-03-29 22:06:44.101 | AlertVM | handleQueryCallback type=AlertFeatureSupportObtained
2026-03-29 22:06:44.102 | AlertVM | support feature=WEAR_DETECTION supported=true
2026-03-29 22:06:44.104 | AlertVM | handleQueryCallback type=Default
2026-03-29 22:06:44.150 | AlertVM | refreshWearDetectionStatus dispatched deviceType=luna_band
2026-03-29 22:06:44.152 | ZhQuery | getRingWearingStatus dispatched deviceType=luna_band
2026-03-29 22:06:44.351 | AlertService | queryCallback type=UpdateFirmwareLogStatus
2026-03-29 22:06:44.358 | AlertVM | handleQueryCallback type=UpdateFirmwareLogStatus
2026-03-29 22:06:44.360 | AlertVM | handleQueryCallback type=Default
2026-03-29 22:06:44.723 | ZhQuery | onRingWearingStatus status=0
2026-03-29 22:06:44.735 | AlertService | queryCallback type=RingWearingStatusObtained
2026-03-29 22:06:44.738 | AlertService | saveAlertSettings={"device_address":"D8:5C:08:30:00:1E","heart_rate":{"low_enabled":false,"low_threshold":50,"resting_enabled":true,"resting_threshold":50,"workout_enabled":false,"workout_threshold":175},"pending_sync":{"heart_rate":false,"relaxation_prompt":false,"sedentary_reminder":false,"sleep_reminder":false,"spo2":false},"pressure_mode":{"relaxation_prompt_enabled":false,"stress_monitoring_enabled":false},"sedentary_reminder":{"end_hour":18,"end_minute":0,"interval":60,"repeat_count":0,"start_hour":9,"start_minute":0,"status":false},"sleep_reminder":{"hour":0,"millisecond":0,"minute":0,"second":0,"status":false},"snapshots":{"heart_rate":{"continuous_heart_rate_mode":0,"frequency":0,"mode":0},"pressure_mode":{"relaxation_warning_value":100},"screenless_heart_rate_realtime":{},"screenless_spo2_monitoring":{},"sedentary_reminder":{"no_disturb_in_launch":false}},"spo2":{"enabled":true,"threshold":90},"support":{"heart_rate":false,"heart_rate_workout":false,"high_stress_index":false,"relaxation_prompt":true,"sedentary_reminder":true,"sleep_reminder":false,"spo2":true,"wear_detection":true},"wear_detection_status":{"is_worn":false,"last_updated_at":1774802204718}}
2026-03-29 22:06:44.743 | AlertService | queryCallback type=AlertFeatureSupportObtained
2026-03-29 22:06:44.745 | AlertService | saveAlertSettings={"device_address":"D8:5C:08:30:00:1E","heart_rate":{"low_enabled":false,"low_threshold":50,"resting_enabled":true,"resting_threshold":50,"workout_enabled":false,"workout_threshold":175},"pending_sync":{"heart_rate":false,"relaxation_prompt":false,"sedentary_reminder":false,"sleep_reminder":false,"spo2":false},"pressure_mode":{"relaxation_prompt_enabled":false,"stress_monitoring_enabled":false},"sedentary_reminder":{"end_hour":18,"end_minute":0,"interval":60,"repeat_count":0,"start_hour":9,"start_minute":0,"status":false},"sleep_reminder":{"hour":0,"millisecond":0,"minute":0,"second":0,"status":false},"snapshots":{"heart_rate":{"continuous_heart_rate_mode":0,"frequency":0,"mode":0},"pressure_mode":{"relaxation_warning_value":100},"screenless_heart_rate_realtime":{},"screenless_spo2_monitoring":{},"sedentary_reminder":{"no_disturb_in_launch":false}},"spo2":{"enabled":true,"threshold":90},"support":{"heart_rate":false,"heart_rate_workout":false,"high_stress_index":false,"relaxation_prompt":true,"sedentary_reminder":true,"sleep_reminder":false,"spo2":true,"wear_detection":true},"wear_detection_status":{"is_worn":false,"last_updated_at":1774802204718}}
2026-03-29 22:06:44.747 | ZhQuery | getRingWearingStatus state=SUCCEED
2026-03-29 22:06:44.749 | AlertVM | handleQueryCallback type=RingWearingStatusObtained
2026-03-29 22:06:44.750 | AlertVM | wearDetection query value={"is_worn":false,"last_updated_at":1774802204718}
2026-03-29 22:06:44.752 | AlertVM | handleQueryCallback type=Default
2026-03-29 22:06:44.754 | AlertVM | handleQueryCallback type=AlertFeatureSupportObtained
2026-03-29 22:06:44.755 | AlertVM | support feature=WEAR_DETECTION supported=true
2026-03-29 22:06:44.757 | AlertVM | handleQueryCallback type=Default
2026-03-29 22:06:45.217 | ZhQuery | onRingWearingStatus status=0
2026-03-29 22:06:45.224 | AlertService | queryCallback type=RingWearingStatusObtained
2026-03-29 22:06:45.229 | AlertService | saveAlertSettings={"device_address":"D8:5C:08:30:00:1E","heart_rate":{"low_enabled":false,"low_threshold":50,"resting_enabled":true,"resting_threshold":50,"workout_enabled":false,"workout_threshold":175},"pending_sync":{"heart_rate":false,"relaxation_prompt":false,"sedentary_reminder":false,"sleep_reminder":false,"spo2":false},"pressure_mode":{"relaxation_prompt_enabled":false,"stress_monitoring_enabled":false},"sedentary_reminder":{"end_hour":18,"end_minute":0,"interval":60,"repeat_count":0,"start_hour":9,"start_minute":0,"status":false},"sleep_reminder":{"hour":0,"millisecond":0,"minute":0,"second":0,"status":false},"snapshots":{"heart_rate":{"continuous_heart_rate_mode":0,"frequency":0,"mode":0},"pressure_mode":{"relaxation_warning_value":100},"screenless_heart_rate_realtime":{},"screenless_spo2_monitoring":{},"sedentary_reminder":{"no_disturb_in_launch":false}},"spo2":{"enabled":true,"threshold":90},"support":{"heart_rate":false,"heart_rate_workout":false,"high_stress_index":false,"relaxation_prompt":true,"sedentary_reminder":true,"sleep_reminder":false,"spo2":true,"wear_detection":true},"wear_detection_status":{"is_worn":false,"last_updated_at":1774802205213}}
2026-03-29 22:06:45.236 | AlertService | queryCallback type=AlertFeatureSupportObtained
2026-03-29 22:06:45.242 | AlertService | saveAlertSettings={"device_address":"D8:5C:08:30:00:1E","heart_rate":{"low_enabled":false,"low_threshold":50,"resting_enabled":true,"resting_threshold":50,"workout_enabled":false,"workout_threshold":175},"pending_sync":{"heart_rate":false,"relaxation_prompt":false,"sedentary_reminder":false,"sleep_reminder":false,"spo2":false},"pressure_mode":{"relaxation_prompt_enabled":false,"stress_monitoring_enabled":false},"sedentary_reminder":{"end_hour":18,"end_minute":0,"interval":60,"repeat_count":0,"start_hour":9,"start_minute":0,"status":false},"sleep_reminder":{"hour":0,"millisecond":0,"minute":0,"second":0,"status":false},"snapshots":{"heart_rate":{"continuous_heart_rate_mode":0,"frequency":0,"mode":0},"pressure_mode":{"relaxation_warning_value":100},"screenless_heart_rate_realtime":{},"screenless_spo2_monitoring":{},"sedentary_reminder":{"no_disturb_in_launch":false}},"spo2":{"enabled":true,"threshold":90},"support":{"heart_rate":false,"heart_rate_workout":false,"high_stress_index":false,"relaxation_prompt":true,"sedentary_reminder":true,"sleep_reminder":false,"spo2":true,"wear_detection":true},"wear_detection_status":{"is_worn":false,"last_updated_at":1774802205213}}
2026-03-29 22:06:45.244 | AlertVM | handleQueryCallback type=RingWearingStatusObtained
2026-03-29 22:06:45.247 | AlertVM | wearDetection query value={"is_worn":false,"last_updated_at":1774802205213}
2026-03-29 22:06:45.251 | AlertVM | handleQueryCallback type=Default
2026-03-29 22:06:45.253 | AlertVM | handleQueryCallback type=AlertFeatureSupportObtained
2026-03-29 22:06:45.258 | AlertVM | support feature=WEAR_DETECTION supported=true
2026-03-29 22:06:45.260 | AlertVM | handleQueryCallback type=Default
2026-03-29 22:06:45.401 | AlertVM | refreshWearDetectionStatus dispatched deviceType=luna_band
2026-03-29 22:06:45.402 | ZhQuery | getRingWearingStatus dispatched deviceType=luna_band
2026-03-29 22:06:45.787 | AlertService | queryCallback type=UpdateFirmwareLogStatus
2026-03-29 22:06:45.801 | AlertVM | handleQueryCallback type=UpdateFirmwareLogStatus
2026-03-29 22:06:45.803 | AlertVM | handleQueryCallback type=Default
2026-03-29 22:06:45.916 | AlertVM | refreshWearDetectionStatus dispatched deviceType=luna_band
2026-03-29 22:06:45.918 | ZhQuery | getRingWearingStatus dispatched deviceType=luna_band
2026-03-29 22:06:46.068 | AlertVM | refreshWearDetectionStatus dispatched deviceType=luna_band
2026-03-29 22:06:46.069 | ZhQuery | getRingWearingStatus dispatched deviceType=luna_band
2026-03-29 22:06:46.091 | ZhQuery | onRingWearingStatus status=0
2026-03-29 22:06:46.092 | AlertService | queryCallback type=RingWearingStatusObtained
2026-03-29 22:06:46.094 | AlertService | saveAlertSettings={"device_address":"D8:5C:08:30:00:1E","heart_rate":{"low_enabled":false,"low_threshold":50,"resting_enabled":true,"resting_threshold":50,"workout_enabled":false,"workout_threshold":175},"pending_sync":{"heart_rate":false,"relaxation_prompt":false,"sedentary_reminder":false,"sleep_reminder":false,"spo2":false},"pressure_mode":{"relaxation_prompt_enabled":false,"stress_monitoring_enabled":false},"sedentary_reminder":{"end_hour":18,"end_minute":0,"interval":60,"repeat_count":0,"start_hour":9,"start_minute":0,"status":false},"sleep_reminder":{"hour":0,"millisecond":0,"minute":0,"second":0,"status":false},"snapshots":{"heart_rate":{"continuous_heart_rate_mode":0,"frequency":0,"mode":0},"pressure_mode":{"relaxation_warning_value":100},"screenless_heart_rate_realtime":{},"screenless_spo2_monitoring":{},"sedentary_reminder":{"no_disturb_in_launch":false}},"spo2":{"enabled":true,"threshold":90},"support":{"heart_rate":false,"heart_rate_workout":false,"high_stress_index":false,"relaxation_prompt":true,"sedentary_reminder":true,"sleep_reminder":false,"spo2":true,"wear_detection":true},"wear_detection_status":{"is_worn":false,"last_updated_at":1774802206089}}
2026-03-29 22:06:46.101 | AlertService | queryCallback type=AlertFeatureSupportObtained
2026-03-29 22:06:46.103 | AlertService | saveAlertSettings={"device_address":"D8:5C:08:30:00:1E","heart_rate":{"low_enabled":false,"low_threshold":50,"resting_enabled":true,"resting_threshold":50,"workout_enabled":false,"workout_threshold":175},"pending_sync":{"heart_rate":false,"relaxation_prompt":false,"sedentary_reminder":false,"sleep_reminder":false,"spo2":false},"pressure_mode":{"relaxation_prompt_enabled":false,"stress_monitoring_enabled":false},"sedentary_reminder":{"end_hour":18,"end_minute":0,"interval":60,"repeat_count":0,"start_hour":9,"start_minute":0,"status":false},"sleep_reminder":{"hour":0,"millisecond":0,"minute":0,"second":0,"status":false},"snapshots":{"heart_rate":{"continuous_heart_rate_mode":0,"frequency":0,"mode":0},"pressure_mode":{"relaxation_warning_value":100},"screenless_heart_rate_realtime":{},"screenless_spo2_monitoring":{},"sedentary_reminder":{"no_disturb_in_launch":false}},"spo2":{"enabled":true,"threshold":90},"support":{"heart_rate":false,"heart_rate_workout":false,"high_stress_index":false,"relaxation_prompt":true,"sedentary_reminder":true,"sleep_reminder":false,"spo2":true,"wear_detection":true},"wear_detection_status":{"is_worn":false,"last_updated_at":1774802206089}}
2026-03-29 22:06:46.106 | ZhQuery | getRingWearingStatus state=SUCCEED
2026-03-29 22:06:46.108 | ZhQuery | getRingWearingStatus state=SUCCEED
2026-03-29 22:06:46.110 | ZhQuery | getRingWearingStatus state=SUCCEED
2026-03-29 22:06:46.112 | AlertVM | handleQueryCallback type=RingWearingStatusObtained
2026-03-29 22:06:46.113 | AlertVM | wearDetection query value={"is_worn":false,"last_updated_at":1774802206089}
2026-03-29 22:06:46.115 | AlertVM | handleQueryCallback type=Default
2026-03-29 22:06:46.116 | AlertVM | handleQueryCallback type=AlertFeatureSupportObtained
2026-03-29 22:06:46.118 | AlertVM | support feature=WEAR_DETECTION supported=true
2026-03-29 22:06:46.120 | AlertVM | handleQueryCallback type=Default
2026-03-29 22:06:46.206 | AlertVM | refreshWearDetectionStatus dispatched deviceType=luna_band
2026-03-29 22:06:46.208 | ZhQuery | getRingWearingStatus dispatched deviceType=luna_band
2026-03-29 22:06:46.318 | AlertVM | refreshWearDetectionStatus dispatched deviceType=luna_band
2026-03-29 22:06:46.328 | ZhQuery | getRingWearingStatus dispatched deviceType=luna_band
2026-03-29 22:06:46.422 | AlertService | queryCallback type=UpdateFirmwareLogStatus
2026-03-29 22:06:46.425 | AlertVM | handleQueryCallback type=UpdateFirmwareLogStatus
2026-03-29 22:06:46.427 | AlertVM | handleQueryCallback type=Default
2026-03-29 22:06:46.677 | ZhQuery | onRingWearingStatus status=0
2026-03-29 22:06:46.679 | AlertService | queryCallback type=RingWearingStatusObtained
2026-03-29 22:06:46.681 | AlertService | saveAlertSettings={"device_address":"D8:5C:08:30:00:1E","heart_rate":{"low_enabled":false,"low_threshold":50,"resting_enabled":true,"resting_threshold":50,"workout_enabled":false,"workout_threshold":175},"pending_sync":{"heart_rate":false,"relaxation_prompt":false,"sedentary_reminder":false,"sleep_reminder":false,"spo2":false},"pressure_mode":{"relaxation_prompt_enabled":false,"stress_monitoring_enabled":false},"sedentary_reminder":{"end_hour":18,"end_minute":0,"interval":60,"repeat_count":0,"start_hour":9,"start_minute":0,"status":false},"sleep_reminder":{"hour":0,"millisecond":0,"minute":0,"second":0,"status":false},"snapshots":{"heart_rate":{"continuous_heart_rate_mode":0,"frequency":0,"mode":0},"pressure_mode":{"relaxation_warning_value":100},"screenless_heart_rate_realtime":{},"screenless_spo2_monitoring":{},"sedentary_reminder":{"no_disturb_in_launch":false}},"spo2":{"enabled":true,"threshold":90},"support":{"heart_rate":false,"heart_rate_workout":false,"high_stress_index":false,"relaxation_prompt":true,"sedentary_reminder":true,"sleep_reminder":false,"spo2":true,"wear_detection":true},"wear_detection_status":{"is_worn":false,"last_updated_at":1774802206672}}
2026-03-29 22:06:46.688 | AlertService | queryCallback type=AlertFeatureSupportObtained
2026-03-29 22:06:46.690 | AlertService | saveAlertSettings={"device_address":"D8:5C:08:30:00:1E","heart_rate":{"low_enabled":false,"low_threshold":50,"resting_enabled":true,"resting_threshold":50,"workout_enabled":false,"workout_threshold":175},"pending_sync":{"heart_rate":false,"relaxation_prompt":false,"sedentary_reminder":false,"sleep_reminder":false,"spo2":false},"pressure_mode":{"relaxation_prompt_enabled":false,"stress_monitoring_enabled":false},"sedentary_reminder":{"end_hour":18,"end_minute":0,"interval":60,"repeat_count":0,"start_hour":9,"start_minute":0,"status":false},"sleep_reminder":{"hour":0,"millisecond":0,"minute":0,"second":0,"status":false},"snapshots":{"heart_rate":{"continuous_heart_rate_mode":0,"frequency":0,"mode":0},"pressure_mode":{"relaxation_warning_value":100},"screenless_heart_rate_realtime":{},"screenless_spo2_monitoring":{},"sedentary_reminder":{"no_disturb_in_launch":false}},"spo2":{"enabled":true,"threshold":90},"support":{"heart_rate":false,"heart_rate_workout":false,"high_stress_index":false,"relaxation_prompt":true,"sedentary_reminder":true,"sleep_reminder":false,"spo2":true,"wear_detection":true},"wear_detection_status":{"is_worn":false,"last_updated_at":1774802206672}}
2026-03-29 22:06:46.692 | ZhQuery | getRingWearingStatus state=SUCCEED
2026-03-29 22:06:46.693 | ZhQuery | getRingWearingStatus state=SUCCEED
2026-03-29 22:06:46.694 | AlertVM | handleQueryCallback type=RingWearingStatusObtained
2026-03-29 22:06:46.696 | AlertVM | wearDetection query value={"is_worn":false,"last_updated_at":1774802206672}
2026-03-29 22:06:46.697 | AlertVM | handleQueryCallback type=Default
2026-03-29 22:06:46.698 | AlertVM | handleQueryCallback type=AlertFeatureSupportObtained
2026-03-29 22:06:46.700 | AlertVM | support feature=WEAR_DETECTION supported=true
2026-03-29 22:06:46.701 | AlertVM | handleQueryCallback type=Default
2026-03-29 22:06:46.892 | AlertVM | refreshWearDetectionStatus dispatched deviceType=luna_band
2026-03-29 22:06:46.893 | ZhQuery | getRingWearingStatus dispatched deviceType=luna_band
2026-03-29 22:06:47.051 | AlertVM | refreshWearDetectionStatus dispatched deviceType=luna_band
2026-03-29 22:06:47.053 | ZhQuery | getRingWearingStatus dispatched deviceType=luna_band
2026-03-29 22:06:47.176 | AlertService | queryCallback type=UpdateFirmwareLogStatus
2026-03-29 22:06:47.185 | AlertVM | handleQueryCallback type=UpdateFirmwareLogStatus
2026-03-29 22:06:47.186 | AlertVM | handleQueryCallback type=Default
2026-03-29 22:06:48.123 | AlertService | queryCallback type=UpdateFirmwareLogStatus
2026-03-29 22:06:48.127 | AlertVM | handleQueryCallback type=UpdateFirmwareLogStatus
2026-03-29 22:06:48.128 | AlertVM | handleQueryCallback type=Default
2026-03-29 22:06:48.321 | AlertService | queryCallback type=BatteryDataObtained
2026-03-29 22:06:48.324 | AlertVM | handleQueryCallback type=BatteryDataObtained
2026-03-29 22:06:48.325 | AlertVM | handleQueryCallback type=Default
2026-03-29 22:06:48.572 | AlertService | queryCallback type=UpdateFirmwareLogStatus
2026-03-29 22:06:48.578 | AlertVM | handleQueryCallback type=UpdateFirmwareLogStatus
2026-03-29 22:06:48.579 | AlertVM | handleQueryCallback type=Default
2026-03-29 22:06:49.197 | ZhQuery | onRingWearingStatus status=0
2026-03-29 22:06:49.200 | AlertService | queryCallback type=RingWearingStatusObtained
2026-03-29 22:06:49.202 | AlertService | saveAlertSettings={"device_address":"D8:5C:08:30:00:1E","heart_rate":{"low_enabled":false,"low_threshold":50,"resting_enabled":true,"resting_threshold":50,"workout_enabled":false,"workout_threshold":175},"pending_sync":{"heart_rate":false,"relaxation_prompt":false,"sedentary_reminder":false,"sleep_reminder":false,"spo2":false},"pressure_mode":{"relaxation_prompt_enabled":false,"stress_monitoring_enabled":false},"sedentary_reminder":{"end_hour":18,"end_minute":0,"interval":60,"repeat_count":0,"start_hour":9,"start_minute":0,"status":false},"sleep_reminder":{"hour":0,"millisecond":0,"minute":0,"second":0,"status":false},"snapshots":{"heart_rate":{"continuous_heart_rate_mode":0,"frequency":0,"mode":0},"pressure_mode":{"relaxation_warning_value":100},"screenless_heart_rate_realtime":{},"screenless_spo2_monitoring":{},"sedentary_reminder":{"no_disturb_in_launch":false}},"spo2":{"enabled":true,"threshold":90},"support":{"heart_rate":false,"heart_rate_workout":false,"high_stress_index":false,"relaxation_prompt":true,"sedentary_reminder":true,"sleep_reminder":false,"spo2":true,"wear_detection":true},"wear_detection_status":{"is_worn":false,"last_updated_at":1774802209196}}
2026-03-29 22:06:49.206 | AlertService | queryCallback type=AlertFeatureSupportObtained
2026-03-29 22:06:49.207 | AlertService | saveAlertSettings={"device_address":"D8:5C:08:30:00:1E","heart_rate":{"low_enabled":false,"low_threshold":50,"resting_enabled":true,"resting_threshold":50,"workout_enabled":false,"workout_threshold":175},"pending_sync":{"heart_rate":false,"relaxation_prompt":false,"sedentary_reminder":false,"sleep_reminder":false,"spo2":false},"pressure_mode":{"relaxation_prompt_enabled":false,"stress_monitoring_enabled":false},"sedentary_reminder":{"end_hour":18,"end_minute":0,"interval":60,"repeat_count":0,"start_hour":9,"start_minute":0,"status":false},"sleep_reminder":{"hour":0,"millisecond":0,"minute":0,"second":0,"status":false},"snapshots":{"heart_rate":{"continuous_heart_rate_mode":0,"frequency":0,"mode":0},"pressure_mode":{"relaxation_warning_value":100},"screenless_heart_rate_realtime":{},"screenless_spo2_monitoring":{},"sedentary_reminder":{"no_disturb_in_launch":false}},"spo2":{"enabled":true,"threshold":90},"support":{"heart_rate":false,"heart_rate_workout":false,"high_stress_index":false,"relaxation_prompt":true,"sedentary_reminder":true,"sleep_reminder":false,"spo2":true,"wear_detection":true},"wear_detection_status":{"is_worn":false,"last_updated_at":1774802209196}}
2026-03-29 22:06:49.209 | ZhQuery | getRingWearingStatus state=SUCCEED
2026-03-29 22:06:49.212 | ZhQuery | getRingWearingStatus state=SUCCEED
2026-03-29 22:06:49.215 | AlertVM | handleQueryCallback type=RingWearingStatusObtained
2026-03-29 22:06:49.217 | AlertVM | wearDetection query value={"is_worn":false,"last_updated_at":1774802209196}
2026-03-29 22:06:49.218 | AlertVM | handleQueryCallback type=Default
2026-03-29 22:06:49.219 | AlertVM | handleQueryCallback type=AlertFeatureSupportObtained
2026-03-29 22:06:49.220 | AlertVM | support feature=WEAR_DETECTION supported=true
2026-03-29 22:06:49.224 | AlertVM | handleQueryCallback type=Default
2026-03-29 22:06:49.695 | AlertService | queryCallback type=UpdateFirmwareLogStatus
2026-03-29 22:06:49.709 | AlertVM | handleQueryCallback type=UpdateFirmwareLogStatus
2026-03-29 22:06:49.711 | AlertVM | handleQueryCallback type=Default
2026-03-29 22:06:49.955 | AlertVM | saveSpo2Settings requested={"enabled":true,"threshold":99}
2026-03-29 22:06:49.958 | AlertVM | persistFeature feature=SPO2 connected=true
2026-03-29 22:06:49.960 | AlertVM | persistFeature state={"device_address":"D8:5C:08:30:00:1E","heart_rate":{"low_enabled":false,"low_threshold":50,"resting_enabled":true,"resting_threshold":50,"workout_enabled":false,"workout_threshold":175},"pending_sync":{"heart_rate":false,"relaxation_prompt":false,"sedentary_reminder":false,"sleep_reminder":false,"spo2":true},"pressure_mode":{"relaxation_prompt_enabled":false,"stress_monitoring_enabled":false},"sedentary_reminder":{"end_hour":18,"end_minute":0,"interval":60,"repeat_count":0,"start_hour":9,"start_minute":0,"status":false},"sleep_reminder":{"hour":0,"millisecond":0,"minute":0,"second":0,"status":false},"snapshots":{"heart_rate":{"continuous_heart_rate_mode":0,"frequency":0,"mode":0},"pressure_mode":{"relaxation_warning_value":100},"screenless_heart_rate_realtime":{},"screenless_spo2_monitoring":{},"sedentary_reminder":{"no_disturb_in_launch":false}},"spo2":{"enabled":true,"threshold":99},"support":{"heart_rate":false,"heart_rate_workout":false,"high_stress_index":false,"relaxation_prompt":true,"sedentary_reminder":true,"sleep_reminder":false,"spo2":true,"wear_detection":true},"wear_detection_status":{"is_worn":false,"last_updated_at":1774802209196}}
2026-03-29 22:06:49.968 | AlertVM | syncQueuedFeatures feature=SPO2 requiresSnapshot=true
2026-03-29 22:06:49.970 | AlertVM | sendQuery feature=SPO2
2026-03-29 22:06:49.978 | ZhQuery | getSpo2Settings dispatched api=ContinuousBloodOxygenSettings deviceType=luna_band
2026-03-29 22:06:50.050 | ZhQuery | onRingWearingStatus status=0
2026-03-29 22:06:50.052 | AlertService | queryCallback type=RingWearingStatusObtained
2026-03-29 22:06:50.053 | AlertService | saveAlertSettings={"device_address":"D8:5C:08:30:00:1E","heart_rate":{"low_enabled":false,"low_threshold":50,"resting_enabled":true,"resting_threshold":50,"workout_enabled":false,"workout_threshold":175},"pending_sync":{"heart_rate":false,"relaxation_prompt":false,"sedentary_reminder":false,"sleep_reminder":false,"spo2":true},"pressure_mode":{"relaxation_prompt_enabled":false,"stress_monitoring_enabled":false},"sedentary_reminder":{"end_hour":18,"end_minute":0,"interval":60,"repeat_count":0,"start_hour":9,"start_minute":0,"status":false},"sleep_reminder":{"hour":0,"millisecond":0,"minute":0,"second":0,"status":false},"snapshots":{"heart_rate":{"continuous_heart_rate_mode":0,"frequency":0,"mode":0},"pressure_mode":{"relaxation_warning_value":100},"screenless_heart_rate_realtime":{},"screenless_spo2_monitoring":{},"sedentary_reminder":{"no_disturb_in_launch":false}},"spo2":{"enabled":true,"threshold":99},"support":{"heart_rate":false,"heart_rate_workout":false,"high_stress_index":false,"relaxation_prompt":true,"sedentary_reminder":true,"sleep_reminder":false,"spo2":true,"wear_detection":true},"wear_detection_status":{"is_worn":false,"last_updated_at":1774802210045}}
2026-03-29 22:06:50.055 | AlertService | queryCallback type=AlertFeatureSupportObtained
2026-03-29 22:06:50.056 | AlertService | saveAlertSettings={"device_address":"D8:5C:08:30:00:1E","heart_rate":{"low_enabled":false,"low_threshold":50,"resting_enabled":true,"resting_threshold":50,"workout_enabled":false,"workout_threshold":175},"pending_sync":{"heart_rate":false,"relaxation_prompt":false,"sedentary_reminder":false,"sleep_reminder":false,"spo2":true},"pressure_mode":{"relaxation_prompt_enabled":false,"stress_monitoring_enabled":false},"sedentary_reminder":{"end_hour":18,"end_minute":0,"interval":60,"repeat_count":0,"start_hour":9,"start_minute":0,"status":false},"sleep_reminder":{"hour":0,"millisecond":0,"minute":0,"second":0,"status":false},"snapshots":{"heart_rate":{"continuous_heart_rate_mode":0,"frequency":0,"mode":0},"pressure_mode":{"relaxation_warning_value":100},"screenless_heart_rate_realtime":{},"screenless_spo2_monitoring":{},"sedentary_reminder":{"no_disturb_in_launch":false}},"spo2":{"enabled":true,"threshold":99},"support":{"heart_rate":false,"heart_rate_workout":false,"high_stress_index":false,"relaxation_prompt":true,"sedentary_reminder":true,"sleep_reminder":false,"spo2":true,"wear_detection":true},"wear_detection_status":{"is_worn":false,"last_updated_at":1774802210045}}
2026-03-29 22:06:50.058 | AlertVM | handleQueryCallback type=RingWearingStatusObtained
2026-03-29 22:06:50.059 | AlertVM | wearDetection query value={"is_worn":false,"last_updated_at":1774802210045}
2026-03-29 22:06:50.063 | AlertVM | handleQueryCallback type=Default
2026-03-29 22:06:50.065 | AlertVM | handleQueryCallback type=AlertFeatureSupportObtained
2026-03-29 22:06:50.067 | AlertVM | support feature=WEAR_DETECTION supported=true
2026-03-29 22:06:50.068 | AlertVM | handleQueryCallback type=Default
2026-03-29 22:06:50.531 | AlertService | queryCallback type=UpdateFirmwareLogStatus
2026-03-29 22:06:50.540 | AlertVM | handleQueryCallback type=UpdateFirmwareLogStatus
2026-03-29 22:06:50.543 | AlertVM | handleQueryCallback type=Default
2026-03-29 22:06:50.826 | ZhQuery | onRingWearingStatus status=0
2026-03-29 22:06:50.831 | AlertService | queryCallback type=RingWearingStatusObtained
2026-03-29 22:06:50.836 | AlertService | saveAlertSettings={"device_address":"D8:5C:08:30:00:1E","heart_rate":{"low_enabled":false,"low_threshold":50,"resting_enabled":true,"resting_threshold":50,"workout_enabled":false,"workout_threshold":175},"pending_sync":{"heart_rate":false,"relaxation_prompt":false,"sedentary_reminder":false,"sleep_reminder":false,"spo2":true},"pressure_mode":{"relaxation_prompt_enabled":false,"stress_monitoring_enabled":false},"sedentary_reminder":{"end_hour":18,"end_minute":0,"interval":60,"repeat_count":0,"start_hour":9,"start_minute":0,"status":false},"sleep_reminder":{"hour":0,"millisecond":0,"minute":0,"second":0,"status":false},"snapshots":{"heart_rate":{"continuous_heart_rate_mode":0,"frequency":0,"mode":0},"pressure_mode":{"relaxation_warning_value":100},"screenless_heart_rate_realtime":{},"screenless_spo2_monitoring":{},"sedentary_reminder":{"no_disturb_in_launch":false}},"spo2":{"enabled":true,"threshold":99},"support":{"heart_rate":false,"heart_rate_workout":false,"high_stress_index":false,"relaxation_prompt":true,"sedentary_reminder":true,"sleep_reminder":false,"spo2":true,"wear_detection":true},"wear_detection_status":{"is_worn":false,"last_updated_at":1774802210823}}
2026-03-29 22:06:50.839 | AlertService | queryCallback type=AlertFeatureSupportObtained
2026-03-29 22:06:50.842 | AlertService | saveAlertSettings={"device_address":"D8:5C:08:30:00:1E","heart_rate":{"low_enabled":false,"low_threshold":50,"resting_enabled":true,"resting_threshold":50,"workout_enabled":false,"workout_threshold":175},"pending_sync":{"heart_rate":false,"relaxation_prompt":false,"sedentary_reminder":false,"sleep_reminder":false,"spo2":true},"pressure_mode":{"relaxation_prompt_enabled":false,"stress_monitoring_enabled":false},"sedentary_reminder":{"end_hour":18,"end_minute":0,"interval":60,"repeat_count":0,"start_hour":9,"start_minute":0,"status":false},"sleep_reminder":{"hour":0,"millisecond":0,"minute":0,"second":0,"status":false},"snapshots":{"heart_rate":{"continuous_heart_rate_mode":0,"frequency":0,"mode":0},"pressure_mode":{"relaxation_warning_value":100},"screenless_heart_rate_realtime":{},"screenless_spo2_monitoring":{},"sedentary_reminder":{"no_disturb_in_launch":false}},"spo2":{"enabled":true,"threshold":99},"support":{"heart_rate":false,"heart_rate_workout":false,"high_stress_index":false,"relaxation_prompt":true,"sedentary_reminder":true,"sleep_reminder":false,"spo2":true,"wear_detection":true},"wear_detection_status":{"is_worn":false,"last_updated_at":1774802210823}}
2026-03-29 22:06:50.845 | AlertVM | handleQueryCallback type=RingWearingStatusObtained
2026-03-29 22:06:50.847 | AlertVM | wearDetection query value={"is_worn":false,"last_updated_at":1774802210823}
2026-03-29 22:06:50.850 | AlertVM | handleQueryCallback type=Default
2026-03-29 22:06:50.852 | AlertVM | handleQueryCallback type=AlertFeatureSupportObtained
2026-03-29 22:06:50.855 | AlertVM | support feature=WEAR_DETECTION supported=true
2026-03-29 22:06:50.857 | AlertVM | handleQueryCallback type=Default
2026-03-29 22:06:51.180 | ZhQuery | onRingWearingStatus status=0
2026-03-29 22:06:51.183 | AlertService | queryCallback type=RingWearingStatusObtained
2026-03-29 22:06:51.188 | AlertService | saveAlertSettings={"device_address":"D8:5C:08:30:00:1E","heart_rate":{"low_enabled":false,"low_threshold":50,"resting_enabled":true,"resting_threshold":50,"workout_enabled":false,"workout_threshold":175},"pending_sync":{"heart_rate":false,"relaxation_prompt":false,"sedentary_reminder":false,"sleep_reminder":false,"spo2":true},"pressure_mode":{"relaxation_prompt_enabled":false,"stress_monitoring_enabled":false},"sedentary_reminder":{"end_hour":18,"end_minute":0,"interval":60,"repeat_count":0,"start_hour":9,"start_minute":0,"status":false},"sleep_reminder":{"hour":0,"millisecond":0,"minute":0,"second":0,"status":false},"snapshots":{"heart_rate":{"continuous_heart_rate_mode":0,"frequency":0,"mode":0},"pressure_mode":{"relaxation_warning_value":100},"screenless_heart_rate_realtime":{},"screenless_spo2_monitoring":{},"sedentary_reminder":{"no_disturb_in_launch":false}},"spo2":{"enabled":true,"threshold":99},"support":{"heart_rate":false,"heart_rate_workout":false,"high_stress_index":false,"relaxation_prompt":true,"sedentary_reminder":true,"sleep_reminder":false,"spo2":true,"wear_detection":true},"wear_detection_status":{"is_worn":false,"last_updated_at":1774802211177}}
2026-03-29 22:06:51.197 | AlertService | queryCallback type=AlertFeatureSupportObtained
2026-03-29 22:06:51.199 | AlertService | saveAlertSettings={"device_address":"D8:5C:08:30:00:1E","heart_rate":{"low_enabled":false,"low_threshold":50,"resting_enabled":true,"resting_threshold":50,"workout_enabled":false,"workout_threshold":175},"pending_sync":{"heart_rate":false,"relaxation_prompt":false,"sedentary_reminder":false,"sleep_reminder":false,"spo2":true},"pressure_mode":{"relaxation_prompt_enabled":false,"stress_monitoring_enabled":false},"sedentary_reminder":{"end_hour":18,"end_minute":0,"interval":60,"repeat_count":0,"start_hour":9,"start_minute":0,"status":false},"sleep_reminder":{"hour":0,"millisecond":0,"minute":0,"second":0,"status":false},"snapshots":{"heart_rate":{"continuous_heart_rate_mode":0,"frequency":0,"mode":0},"pressure_mode":{"relaxation_warning_value":100},"screenless_heart_rate_realtime":{},"screenless_spo2_monitoring":{},"sedentary_reminder":{"no_disturb_in_launch":false}},"spo2":{"enabled":true,"threshold":99},"support":{"heart_rate":false,"heart_rate_workout":false,"high_stress_index":false,"relaxation_prompt":true,"sedentary_reminder":true,"sleep_reminder":false,"spo2":true,"wear_detection":true},"wear_detection_status":{"is_worn":false,"last_updated_at":1774802211177}}
2026-03-29 22:06:51.201 | AlertVM | handleQueryCallback type=RingWearingStatusObtained
2026-03-29 22:06:51.207 | AlertVM | wearDetection query value={"is_worn":false,"last_updated_at":1774802211177}
2026-03-29 22:06:51.209 | AlertVM | handleQueryCallback type=Default
2026-03-29 22:06:51.215 | AlertVM | handleQueryCallback type=AlertFeatureSupportObtained
2026-03-29 22:06:51.218 | AlertVM | support feature=WEAR_DETECTION supported=true
2026-03-29 22:06:51.220 | AlertVM | handleQueryCallback type=Default
2026-03-29 22:06:51.472 | AlertService | queryCallback type=UpdateFirmwareLogStatus
2026-03-29 22:06:51.480 | AlertVM | handleQueryCallback type=UpdateFirmwareLogStatus
2026-03-29 22:06:51.482 | AlertVM | handleQueryCallback type=Default
2026-03-29 22:06:51.764 | ZhQuery | onRingWearingStatus status=0
2026-03-29 22:06:51.767 | AlertService | queryCallback type=RingWearingStatusObtained
2026-03-29 22:06:51.769 | AlertService | saveAlertSettings={"device_address":"D8:5C:08:30:00:1E","heart_rate":{"low_enabled":false,"low_threshold":50,"resting_enabled":true,"resting_threshold":50,"workout_enabled":false,"workout_threshold":175},"pending_sync":{"heart_rate":false,"relaxation_prompt":false,"sedentary_reminder":false,"sleep_reminder":false,"spo2":true},"pressure_mode":{"relaxation_prompt_enabled":false,"stress_monitoring_enabled":false},"sedentary_reminder":{"end_hour":18,"end_minute":0,"interval":60,"repeat_count":0,"start_hour":9,"start_minute":0,"status":false},"sleep_reminder":{"hour":0,"millisecond":0,"minute":0,"second":0,"status":false},"snapshots":{"heart_rate":{"continuous_heart_rate_mode":0,"frequency":0,"mode":0},"pressure_mode":{"relaxation_warning_value":100},"screenless_heart_rate_realtime":{},"screenless_spo2_monitoring":{},"sedentary_reminder":{"no_disturb_in_launch":false}},"spo2":{"enabled":true,"threshold":99},"support":{"heart_rate":false,"heart_rate_workout":false,"high_stress_index":false,"relaxation_prompt":true,"sedentary_reminder":true,"sleep_reminder":false,"spo2":true,"wear_detection":true},"wear_detection_status":{"is_worn":false,"last_updated_at":1774802211761}}
2026-03-29 22:06:51.772 | AlertService | queryCallback type=AlertFeatureSupportObtained
2026-03-29 22:06:51.774 | AlertService | saveAlertSettings={"device_address":"D8:5C:08:30:00:1E","heart_rate":{"low_enabled":false,"low_threshold":50,"resting_enabled":true,"resting_threshold":50,"workout_enabled":false,"workout_threshold":175},"pending_sync":{"heart_rate":false,"relaxation_prompt":false,"sedentary_reminder":false,"sleep_reminder":false,"spo2":true},"pressure_mode":{"relaxation_prompt_enabled":false,"stress_monitoring_enabled":false},"sedentary_reminder":{"end_hour":18,"end_minute":0,"interval":60,"repeat_count":0,"start_hour":9,"start_minute":0,"status":false},"sleep_reminder":{"hour":0,"millisecond":0,"minute":0,"second":0,"status":false},"snapshots":{"heart_rate":{"continuous_heart_rate_mode":0,"frequency":0,"mode":0},"pressure_mode":{"relaxation_warning_value":100},"screenless_heart_rate_realtime":{},"screenless_spo2_monitoring":{},"sedentary_reminder":{"no_disturb_in_launch":false}},"spo2":{"enabled":true,"threshold":99},"support":{"heart_rate":false,"heart_rate_workout":false,"high_stress_index":false,"relaxation_prompt":true,"sedentary_reminder":true,"sleep_reminder":false,"spo2":true,"wear_detection":true},"wear_detection_status":{"is_worn":false,"last_updated_at":1774802211761}}
2026-03-29 22:06:51.780 | AlertVM | handleQueryCallback type=RingWearingStatusObtained
2026-03-29 22:06:51.784 | AlertVM | wearDetection query value={"is_worn":false,"last_updated_at":1774802211761}
2026-03-29 22:06:51.788 | AlertVM | handleQueryCallback type=Default
2026-03-29 22:06:51.790 | AlertVM | handleQueryCallback type=AlertFeatureSupportObtained
2026-03-29 22:06:51.791 | AlertVM | support feature=WEAR_DETECTION supported=true
2026-03-29 22:06:51.792 | AlertVM | handleQueryCallback type=Default
2026-03-29 22:06:52.143 | ZhQuery | onRingWearingStatus status=0
2026-03-29 22:06:52.149 | AlertService | queryCallback type=RingWearingStatusObtained
2026-03-29 22:06:52.154 | AlertService | saveAlertSettings={"device_address":"D8:5C:08:30:00:1E","heart_rate":{"low_enabled":false,"low_threshold":50,"resting_enabled":true,"resting_threshold":50,"workout_enabled":false,"workout_threshold":175},"pending_sync":{"heart_rate":false,"relaxation_prompt":false,"sedentary_reminder":false,"sleep_reminder":false,"spo2":true},"pressure_mode":{"relaxation_prompt_enabled":false,"stress_monitoring_enabled":false},"sedentary_reminder":{"end_hour":18,"end_minute":0,"interval":60,"repeat_count":0,"start_hour":9,"start_minute":0,"status":false},"sleep_reminder":{"hour":0,"millisecond":0,"minute":0,"second":0,"status":false},"snapshots":{"heart_rate":{"continuous_heart_rate_mode":0,"frequency":0,"mode":0},"pressure_mode":{"relaxation_warning_value":100},"screenless_heart_rate_realtime":{},"screenless_spo2_monitoring":{},"sedentary_reminder":{"no_disturb_in_launch":false}},"spo2":{"enabled":true,"threshold":99},"support":{"heart_rate":false,"heart_rate_workout":false,"high_stress_index":false,"relaxation_prompt":true,"sedentary_reminder":true,"sleep_reminder":false,"spo2":true,"wear_detection":true},"wear_detection_status":{"is_worn":false,"last_updated_at":1774802212139}}
2026-03-29 22:06:52.169 | AlertService | queryCallback type=AlertFeatureSupportObtained
2026-03-29 22:06:52.171 | AlertService | saveAlertSettings={"device_address":"D8:5C:08:30:00:1E","heart_rate":{"low_enabled":false,"low_threshold":50,"resting_enabled":true,"resting_threshold":50,"workout_enabled":false,"workout_threshold":175},"pending_sync":{"heart_rate":false,"relaxation_prompt":false,"sedentary_reminder":false,"sleep_reminder":false,"spo2":true},"pressure_mode":{"relaxation_prompt_enabled":false,"stress_monitoring_enabled":false},"sedentary_reminder":{"end_hour":18,"end_minute":0,"interval":60,"repeat_count":0,"start_hour":9,"start_minute":0,"status":false},"sleep_reminder":{"hour":0,"millisecond":0,"minute":0,"second":0,"status":false},"snapshots":{"heart_rate":{"continuous_heart_rate_mode":0,"frequency":0,"mode":0},"pressure_mode":{"relaxation_warning_value":100},"screenless_heart_rate_realtime":{},"screenless_spo2_monitoring":{},"sedentary_reminder":{"no_disturb_in_launch":false}},"spo2":{"enabled":true,"threshold":99},"support":{"heart_rate":false,"heart_rate_workout":false,"high_stress_index":false,"relaxation_prompt":true,"sedentary_reminder":true,"sleep_reminder":false,"spo2":true,"wear_detection":true},"wear_detection_status":{"is_worn":false,"last_updated_at":1774802212139}}
2026-03-29 22:06:52.173 | AlertVM | handleQueryCallback type=RingWearingStatusObtained
2026-03-29 22:06:52.176 | AlertVM | wearDetection query value={"is_worn":false,"last_updated_at":1774802212139}
2026-03-29 22:06:52.178 | AlertVM | handleQueryCallback type=Default
2026-03-29 22:06:52.180 | AlertVM | handleQueryCallback type=AlertFeatureSupportObtained
2026-03-29 22:06:52.183 | AlertVM | support feature=WEAR_DETECTION supported=true
2026-03-29 22:06:52.186 | AlertVM | handleQueryCallback type=Default
2026-03-29 22:06:52.410 | AlertService | queryCallback type=UpdateFirmwareLogStatus
2026-03-29 22:06:52.418 | AlertVM | handleQueryCallback type=UpdateFirmwareLogStatus
2026-03-29 22:06:52.421 | AlertVM | handleQueryCallback type=Default
2026-03-29 22:06:52.688 | ZhQuery | onRingWearingStatus status=0
2026-03-29 22:06:52.696 | AlertService | queryCallback type=RingWearingStatusObtained
2026-03-29 22:06:52.704 | AlertService | saveAlertSettings={"device_address":"D8:5C:08:30:00:1E","heart_rate":{"low_enabled":false,"low_threshold":50,"resting_enabled":true,"resting_threshold":50,"workout_enabled":false,"workout_threshold":175},"pending_sync":{"heart_rate":false,"relaxation_prompt":false,"sedentary_reminder":false,"sleep_reminder":false,"spo2":true},"pressure_mode":{"relaxation_prompt_enabled":false,"stress_monitoring_enabled":false},"sedentary_reminder":{"end_hour":18,"end_minute":0,"interval":60,"repeat_count":0,"start_hour":9,"start_minute":0,"status":false},"sleep_reminder":{"hour":0,"millisecond":0,"minute":0,"second":0,"status":false},"snapshots":{"heart_rate":{"continuous_heart_rate_mode":0,"frequency":0,"mode":0},"pressure_mode":{"relaxation_warning_value":100},"screenless_heart_rate_realtime":{},"screenless_spo2_monitoring":{},"sedentary_reminder":{"no_disturb_in_launch":false}},"spo2":{"enabled":true,"threshold":99},"support":{"heart_rate":false,"heart_rate_workout":false,"high_stress_index":false,"relaxation_prompt":true,"sedentary_reminder":true,"sleep_reminder":false,"spo2":true,"wear_detection":true},"wear_detection_status":{"is_worn":false,"last_updated_at":1774802212680}}
2026-03-29 22:06:52.706 | AlertService | queryCallback type=AlertFeatureSupportObtained
2026-03-29 22:06:52.708 | AlertService | saveAlertSettings={"device_address":"D8:5C:08:30:00:1E","heart_rate":{"low_enabled":false,"low_threshold":50,"resting_enabled":true,"resting_threshold":50,"workout_enabled":false,"workout_threshold":175},"pending_sync":{"heart_rate":false,"relaxation_prompt":false,"sedentary_reminder":false,"sleep_reminder":false,"spo2":true},"pressure_mode":{"relaxation_prompt_enabled":false,"stress_monitoring_enabled":false},"sedentary_reminder":{"end_hour":18,"end_minute":0,"interval":60,"repeat_count":0,"start_hour":9,"start_minute":0,"status":false},"sleep_reminder":{"hour":0,"millisecond":0,"minute":0,"second":0,"status":false},"snapshots":{"heart_rate":{"continuous_heart_rate_mode":0,"frequency":0,"mode":0},"pressure_mode":{"relaxation_warning_value":100},"screenless_heart_rate_realtime":{},"screenless_spo2_monitoring":{},"sedentary_reminder":{"no_disturb_in_launch":false}},"spo2":{"enabled":true,"threshold":99},"support":{"heart_rate":false,"heart_rate_workout":false,"high_stress_index":false,"relaxation_prompt":true,"sedentary_reminder":true,"sleep_reminder":false,"spo2":true,"wear_detection":true},"wear_detection_status":{"is_worn":false,"last_updated_at":1774802212680}}
2026-03-29 22:06:52.711 | AlertVM | handleQueryCallback type=RingWearingStatusObtained
2026-03-29 22:06:52.713 | AlertVM | wearDetection query value={"is_worn":false,"last_updated_at":1774802212680}
2026-03-29 22:06:52.716 | AlertVM | handleQueryCallback type=Default
2026-03-29 22:06:52.718 | AlertVM | handleQueryCallback type=AlertFeatureSupportObtained
2026-03-29 22:06:52.720 | AlertVM | support feature=WEAR_DETECTION supported=true
2026-03-29 22:06:52.722 | AlertVM | handleQueryCallback type=Default
2026-03-29 22:06:52.985 | ZhQuery | onRingWearingStatus status=0
2026-03-29 22:06:52.988 | AlertService | queryCallback type=RingWearingStatusObtained
2026-03-29 22:06:52.991 | AlertService | saveAlertSettings={"device_address":"D8:5C:08:30:00:1E","heart_rate":{"low_enabled":false,"low_threshold":50,"resting_enabled":true,"resting_threshold":50,"workout_enabled":false,"workout_threshold":175},"pending_sync":{"heart_rate":false,"relaxation_prompt":false,"sedentary_reminder":false,"sleep_reminder":false,"spo2":true},"pressure_mode":{"relaxation_prompt_enabled":false,"stress_monitoring_enabled":false},"sedentary_reminder":{"end_hour":18,"end_minute":0,"interval":60,"repeat_count":0,"start_hour":9,"start_minute":0,"status":false},"sleep_reminder":{"hour":0,"millisecond":0,"minute":0,"second":0,"status":false},"snapshots":{"heart_rate":{"continuous_heart_rate_mode":0,"frequency":0,"mode":0},"pressure_mode":{"relaxation_warning_value":100},"screenless_heart_rate_realtime":{},"screenless_spo2_monitoring":{},"sedentary_reminder":{"no_disturb_in_launch":false}},"spo2":{"enabled":true,"threshold":99},"support":{"heart_rate":false,"heart_rate_workout":false,"high_stress_index":false,"relaxation_prompt":true,"sedentary_reminder":true,"sleep_reminder":false,"spo2":true,"wear_detection":true},"wear_detection_status":{"is_worn":false,"last_updated_at":1774802212983}}
2026-03-29 22:06:52.998 | AlertService | queryCallback type=AlertFeatureSupportObtained
2026-03-29 22:06:53.001 | AlertService | saveAlertSettings={"device_address":"D8:5C:08:30:00:1E","heart_rate":{"low_enabled":false,"low_threshold":50,"resting_enabled":true,"resting_threshold":50,"workout_enabled":false,"workout_threshold":175},"pending_sync":{"heart_rate":false,"relaxation_prompt":false,"sedentary_reminder":false,"sleep_reminder":false,"spo2":true},"pressure_mode":{"relaxation_prompt_enabled":false,"stress_monitoring_enabled":false},"sedentary_reminder":{"end_hour":18,"end_minute":0,"interval":60,"repeat_count":0,"start_hour":9,"start_minute":0,"status":false},"sleep_reminder":{"hour":0,"millisecond":0,"minute":0,"second":0,"status":false},"snapshots":{"heart_rate":{"continuous_heart_rate_mode":0,"frequency":0,"mode":0},"pressure_mode":{"relaxation_warning_value":100},"screenless_heart_rate_realtime":{},"screenless_spo2_monitoring":{},"sedentary_reminder":{"no_disturb_in_launch":false}},"spo2":{"enabled":true,"threshold":99},"support":{"heart_rate":false,"heart_rate_workout":false,"high_stress_index":false,"relaxation_prompt":true,"sedentary_reminder":true,"sleep_reminder":false,"spo2":true,"wear_detection":true},"wear_detection_status":{"is_worn":false,"last_updated_at":1774802212983}}
2026-03-29 22:06:53.004 | AlertVM | handleQueryCallback type=RingWearingStatusObtained
2026-03-29 22:06:53.006 | AlertVM | wearDetection query value={"is_worn":false,"last_updated_at":1774802212983}
2026-03-29 22:06:53.008 | AlertVM | handleQueryCallback type=Default
2026-03-29 22:06:53.012 | AlertVM | handleQueryCallback type=AlertFeatureSupportObtained
2026-03-29 22:06:53.014 | AlertVM | support feature=WEAR_DETECTION supported=true
2026-03-29 22:06:53.018 | AlertVM | handleQueryCallback type=Default
2026-03-29 22:06:53.341 | AlertService | queryCallback type=UpdateFirmwareLogStatus
2026-03-29 22:06:53.345 | AlertVM | handleQueryCallback type=UpdateFirmwareLogStatus
2026-03-29 22:06:53.349 | AlertVM | handleQueryCallback type=Default
2026-03-29 22:06:53.562 | ZhQuery | onRingWearingStatus status=0
2026-03-29 22:06:53.563 | AlertService | queryCallback type=RingWearingStatusObtained
2026-03-29 22:06:53.565 | AlertService | saveAlertSettings={"device_address":"D8:5C:08:30:00:1E","heart_rate":{"low_enabled":false,"low_threshold":50,"resting_enabled":true,"resting_threshold":50,"workout_enabled":false,"workout_threshold":175},"pending_sync":{"heart_rate":false,"relaxation_prompt":false,"sedentary_reminder":false,"sleep_reminder":false,"spo2":true},"pressure_mode":{"relaxation_prompt_enabled":false,"stress_monitoring_enabled":false},"sedentary_reminder":{"end_hour":18,"end_minute":0,"interval":60,"repeat_count":0,"start_hour":9,"start_minute":0,"status":false},"sleep_reminder":{"hour":0,"millisecond":0,"minute":0,"second":0,"status":false},"snapshots":{"heart_rate":{"continuous_heart_rate_mode":0,"frequency":0,"mode":0},"pressure_mode":{"relaxation_warning_value":100},"screenless_heart_rate_realtime":{},"screenless_spo2_monitoring":{},"sedentary_reminder":{"no_disturb_in_launch":false}},"spo2":{"enabled":true,"threshold":99},"support":{"heart_rate":false,"heart_rate_workout":false,"high_stress_index":false,"relaxation_prompt":true,"sedentary_reminder":true,"sleep_reminder":false,"spo2":true,"wear_detection":true},"wear_detection_status":{"is_worn":false,"last_updated_at":1774802213556}}
2026-03-29 22:06:53.567 | AlertService | queryCallback type=AlertFeatureSupportObtained
2026-03-29 22:06:53.569 | AlertService | saveAlertSettings={"device_address":"D8:5C:08:30:00:1E","heart_rate":{"low_enabled":false,"low_threshold":50,"resting_enabled":true,"resting_threshold":50,"workout_enabled":false,"workout_threshold":175},"pending_sync":{"heart_rate":false,"relaxation_prompt":false,"sedentary_reminder":false,"sleep_reminder":false,"spo2":true},"pressure_mode":{"relaxation_prompt_enabled":false,"stress_monitoring_enabled":false},"sedentary_reminder":{"end_hour":18,"end_minute":0,"interval":60,"repeat_count":0,"start_hour":9,"start_minute":0,"status":false},"sleep_reminder":{"hour":0,"millisecond":0,"minute":0,"second":0,"status":false},"snapshots":{"heart_rate":{"continuous_heart_rate_mode":0,"frequency":0,"mode":0},"pressure_mode":{"relaxation_warning_value":100},"screenless_heart_rate_realtime":{},"screenless_spo2_monitoring":{},"sedentary_reminder":{"no_disturb_in_launch":false}},"spo2":{"enabled":true,"threshold":99},"support":{"heart_rate":false,"heart_rate_workout":false,"high_stress_index":false,"relaxation_prompt":true,"sedentary_reminder":true,"sleep_reminder":false,"spo2":true,"wear_detection":true},"wear_detection_status":{"is_worn":false,"last_updated_at":1774802213556}}
2026-03-29 22:06:53.570 | AlertVM | handleQueryCallback type=RingWearingStatusObtained
2026-03-29 22:06:53.572 | AlertVM | wearDetection query value={"is_worn":false,"last_updated_at":1774802213556}
2026-03-29 22:06:53.573 | AlertVM | handleQueryCallback type=Default
2026-03-29 22:06:53.576 | AlertVM | handleQueryCallback type=AlertFeatureSupportObtained
2026-03-29 22:06:53.577 | AlertVM | support feature=WEAR_DETECTION supported=true
2026-03-29 22:06:53.578 | AlertVM | handleQueryCallback type=Default
2026-03-29 22:06:53.881 | ZhQuery | onRingWearingStatus status=0
2026-03-29 22:06:53.883 | AlertService | queryCallback type=RingWearingStatusObtained
2026-03-29 22:06:53.889 | AlertService | saveAlertSettings={"device_address":"D8:5C:08:30:00:1E","heart_rate":{"low_enabled":false,"low_threshold":50,"resting_enabled":true,"resting_threshold":50,"workout_enabled":false,"workout_threshold":175},"pending_sync":{"heart_rate":false,"relaxation_prompt":false,"sedentary_reminder":false,"sleep_reminder":false,"spo2":true},"pressure_mode":{"relaxation_prompt_enabled":false,"stress_monitoring_enabled":false},"sedentary_reminder":{"end_hour":18,"end_minute":0,"interval":60,"repeat_count":0,"start_hour":9,"start_minute":0,"status":false},"sleep_reminder":{"hour":0,"millisecond":0,"minute":0,"second":0,"status":false},"snapshots":{"heart_rate":{"continuous_heart_rate_mode":0,"frequency":0,"mode":0},"pressure_mode":{"relaxation_warning_value":100},"screenless_heart_rate_realtime":{},"screenless_spo2_monitoring":{},"sedentary_reminder":{"no_disturb_in_launch":false}},"spo2":{"enabled":true,"threshold":99},"support":{"heart_rate":false,"heart_rate_workout":false,"high_stress_index":false,"relaxation_prompt":true,"sedentary_reminder":true,"sleep_reminder":false,"spo2":true,"wear_detection":true},"wear_detection_status":{"is_worn":false,"last_updated_at":1774802213878}}
2026-03-29 22:06:53.894 | AlertService | queryCallback type=AlertFeatureSupportObtained
2026-03-29 22:06:53.896 | AlertService | saveAlertSettings={"device_address":"D8:5C:08:30:00:1E","heart_rate":{"low_enabled":false,"low_threshold":50,"resting_enabled":true,"resting_threshold":50,"workout_enabled":false,"workout_threshold":175},"pending_sync":{"heart_rate":false,"relaxation_prompt":false,"sedentary_reminder":false,"sleep_reminder":false,"spo2":true},"pressure_mode":{"relaxation_prompt_enabled":false,"stress_monitoring_enabled":false},"sedentary_reminder":{"end_hour":18,"end_minute":0,"interval":60,"repeat_count":0,"start_hour":9,"start_minute":0,"status":false},"sleep_reminder":{"hour":0,"millisecond":0,"minute":0,"second":0,"status":false},"snapshots":{"heart_rate":{"continuous_heart_rate_mode":0,"frequency":0,"mode":0},"pressure_mode":{"relaxation_warning_value":100},"screenless_heart_rate_realtime":{},"screenless_spo2_monitoring":{},"sedentary_reminder":{"no_disturb_in_launch":false}},"spo2":{"enabled":true,"threshold":99},"support":{"heart_rate":false,"heart_rate_workout":false,"high_stress_index":false,"relaxation_prompt":true,"sedentary_reminder":true,"sleep_reminder":false,"spo2":true,"wear_detection":true},"wear_detection_status":{"is_worn":false,"last_updated_at":1774802213878}}
2026-03-29 22:06:53.898 | AlertVM | handleQueryCallback type=RingWearingStatusObtained
2026-03-29 22:06:53.900 | AlertVM | wearDetection query value={"is_worn":false,"last_updated_at":1774802213878}
2026-03-29 22:06:53.902 | AlertVM | handleQueryCallback type=Default
2026-03-29 22:06:53.904 | AlertVM | handleQueryCallback type=AlertFeatureSupportObtained
2026-03-29 22:06:53.907 | AlertVM | support feature=WEAR_DETECTION supported=true
2026-03-29 22:06:53.908 | AlertVM | handleQueryCallback type=Default
2026-03-29 22:06:54.249 | ZhQuery | onRingWearingStatus status=0
2026-03-29 22:06:54.252 | AlertService | queryCallback type=RingWearingStatusObtained
2026-03-29 22:06:54.256 | AlertService | saveAlertSettings={"device_address":"D8:5C:08:30:00:1E","heart_rate":{"low_enabled":false,"low_threshold":50,"resting_enabled":true,"resting_threshold":50,"workout_enabled":false,"workout_threshold":175},"pending_sync":{"heart_rate":false,"relaxation_prompt":false,"sedentary_reminder":false,"sleep_reminder":false,"spo2":true},"pressure_mode":{"relaxation_prompt_enabled":false,"stress_monitoring_enabled":false},"sedentary_reminder":{"end_hour":18,"end_minute":0,"interval":60,"repeat_count":0,"start_hour":9,"start_minute":0,"status":false},"sleep_reminder":{"hour":0,"millisecond":0,"minute":0,"second":0,"status":false},"snapshots":{"heart_rate":{"continuous_heart_rate_mode":0,"frequency":0,"mode":0},"pressure_mode":{"relaxation_warning_value":100},"screenless_heart_rate_realtime":{},"screenless_spo2_monitoring":{},"sedentary_reminder":{"no_disturb_in_launch":false}},"spo2":{"enabled":true,"threshold":99},"support":{"heart_rate":false,"heart_rate_workout":false,"high_stress_index":false,"relaxation_prompt":true,"sedentary_reminder":true,"sleep_reminder":false,"spo2":true,"wear_detection":true},"wear_detection_status":{"is_worn":false,"last_updated_at":1774802214243}}
2026-03-29 22:06:54.260 | AlertService | queryCallback type=AlertFeatureSupportObtained
2026-03-29 22:06:54.262 | AlertService | saveAlertSettings={"device_address":"D8:5C:08:30:00:1E","heart_rate":{"low_enabled":false,"low_threshold":50,"resting_enabled":true,"resting_threshold":50,"workout_enabled":false,"workout_threshold":175},"pending_sync":{"heart_rate":false,"relaxation_prompt":false,"sedentary_reminder":false,"sleep_reminder":false,"spo2":true},"pressure_mode":{"relaxation_prompt_enabled":false,"stress_monitoring_enabled":false},"sedentary_reminder":{"end_hour":18,"end_minute":0,"interval":60,"repeat_count":0,"start_hour":9,"start_minute":0,"status":false},"sleep_reminder":{"hour":0,"millisecond":0,"minute":0,"second":0,"status":false},"snapshots":{"heart_rate":{"continuous_heart_rate_mode":0,"frequency":0,"mode":0},"pressure_mode":{"relaxation_warning_value":100},"screenless_heart_rate_realtime":{},"screenless_spo2_monitoring":{},"sedentary_reminder":{"no_disturb_in_launch":false}},"spo2":{"enabled":true,"threshold":99},"support":{"heart_rate":false,"heart_rate_workout":false,"high_stress_index":false,"relaxation_prompt":true,"sedentary_reminder":true,"sleep_reminder":false,"spo2":true,"wear_detection":true},"wear_detection_status":{"is_worn":false,"last_updated_at":1774802214243}}
2026-03-29 22:06:54.263 | AlertVM | handleQueryCallback type=RingWearingStatusObtained
2026-03-29 22:06:54.265 | AlertVM | wearDetection query value={"is_worn":false,"last_updated_at":1774802214243}
2026-03-29 22:06:54.267 | AlertVM | handleQueryCallback type=Default
2026-03-29 22:06:54.269 | AlertVM | handleQueryCallback type=AlertFeatureSupportObtained
2026-03-29 22:06:54.273 | AlertVM | support feature=WEAR_DETECTION supported=true
2026-03-29 22:06:54.275 | AlertVM | handleQueryCallback type=Default
2026-03-29 22:06:54.565 | AlertService | queryCallback type=UpdateFirmwareLogStatus
2026-03-29 22:06:54.578 | AlertVM | handleQueryCallback type=UpdateFirmwareLogStatus
2026-03-29 22:06:54.580 | AlertVM | handleQueryCallback type=Default
2026-03-29 22:06:54.837 | ZhQuery | getSpo2Settings api=ContinuousBloodOxygenSettings state=NOT_SUPPORT
2026-03-29 22:06:54.839 | AlertService | queryCallback type=AlertFeatureSupportObtained
2026-03-29 22:06:54.842 | AlertService | onAlertFeatureUnsupported feature=SPO2
2026-03-29 22:06:54.845 | AlertService | saveAlertSettings={"device_address":"D8:5C:08:30:00:1E","heart_rate":{"low_enabled":false,"low_threshold":50,"resting_enabled":true,"resting_threshold":50,"workout_enabled":false,"workout_threshold":175},"pending_sync":{"heart_rate":false,"relaxation_prompt":false,"sedentary_reminder":false,"sleep_reminder":false,"spo2":false},"pressure_mode":{"relaxation_prompt_enabled":false,"stress_monitoring_enabled":false},"sedentary_reminder":{"end_hour":18,"end_minute":0,"interval":60,"repeat_count":0,"start_hour":9,"start_minute":0,"status":false},"sleep_reminder":{"hour":0,"millisecond":0,"minute":0,"second":0,"status":false},"snapshots":{"heart_rate":{"continuous_heart_rate_mode":0,"frequency":0,"mode":0},"pressure_mode":{"relaxation_warning_value":100},"screenless_heart_rate_realtime":{},"screenless_spo2_monitoring":{},"sedentary_reminder":{"no_disturb_in_launch":false}},"spo2":{"enabled":true,"threshold":99},"support":{"heart_rate":false,"heart_rate_workout":false,"high_stress_index":false,"relaxation_prompt":true,"sedentary_reminder":true,"sleep_reminder":false,"spo2":false,"wear_detection":true},"wear_detection_status":{"is_worn":false,"last_updated_at":1774802214243}}
2026-03-29 22:06:54.848 | AlertVM | handleQueryCallback type=AlertFeatureSupportObtained
2026-03-29 22:06:54.851 | AlertVM | support feature=SPO2 supported=false
2026-03-29 22:06:54.853 | AlertVM | handleQueryCallback type=Default
2026-03-29 22:06:55.486 | AlertService | queryCallback type=UpdateFirmwareLogStatus
2026-03-29 22:06:55.493 | AlertVM | handleQueryCallback type=UpdateFirmwareLogStatus
2026-03-29 22:06:55.495 | AlertVM | handleQueryCallback type=Default
2026-03-29 22:06:56.329 | AlertService | queryCallback type=UpdateFirmwareLogStatus
2026-03-29 22:06:56.341 | AlertVM | handleQueryCallback type=UpdateFirmwareLogStatus
2026-03-29 22:06:56.343 | AlertVM | handleQueryCallback type=Default
2026-03-29 22:06:57.312 | AlertService | queryCallback type=UpdateFirmwareLogStatus
2026-03-29 22:06:57.324 | AlertVM | handleQueryCallback type=UpdateFirmwareLogStatus
2026-03-29 22:06:57.326 | AlertVM | handleQueryCallback type=Default
2026-03-29 22:06:57.504 | AlertService | queryCallback type=BatteryDataObtained
2026-03-29 22:06:57.508 | AlertVM | handleQueryCallback type=BatteryDataObtained
2026-03-29 22:06:57.510 | AlertVM | handleQueryCallback type=Default
2026-03-29 22:06:58.290 | AlertService | queryCallback type=UpdateFirmwareLogStatus
2026-03-29 22:06:58.294 | AlertVM | handleQueryCallback type=UpdateFirmwareLogStatus
2026-03-29 22:06:58.295 | AlertVM | handleQueryCallback type=Default
2026-03-29 22:06:59.373 | AlertService | queryCallback type=UpdateFirmwareLogStatus
2026-03-29 22:06:59.380 | AlertVM | handleQueryCallback type=UpdateFirmwareLogStatus
2026-03-29 22:06:59.382 | AlertVM | handleQueryCallback type=Default
2026-03-29 22:07:00.330 | AlertService | queryCallback type=UpdateFirmwareLogStatus
2026-03-29 22:07:00.340 | AlertVM | handleQueryCallback type=UpdateFirmwareLogStatus
2026-03-29 22:07:00.341 | AlertVM | handleQueryCallback type=Default
2026-03-29 22:07:01.305 | AlertService | queryCallback type=UpdateFirmwareLogStatus
2026-03-29 22:07:01.311 | AlertVM | handleQueryCallback type=UpdateFirmwareLogStatus
2026-03-29 22:07:01.312 | AlertVM | handleQueryCallback type=Default
2026-03-29 22:07:02.310 | AlertService | queryCallback type=UpdateFirmwareLogStatus
2026-03-29 22:07:02.319 | AlertVM | handleQueryCallback type=UpdateFirmwareLogStatus
2026-03-29 22:07:02.321 | AlertVM | handleQueryCallback type=Default
2026-03-29 22:07:03.336 | AlertService | queryCallback type=UpdateFirmwareLogStatus
2026-03-29 22:07:03.344 | AlertVM | handleQueryCallback type=UpdateFirmwareLogStatus
2026-03-29 22:07:03.346 | AlertVM | handleQueryCallback type=Default
2026-03-29 22:07:04.416 | AlertService | queryCallback type=UpdateFirmwareLogStatus
2026-03-29 22:07:04.423 | AlertVM | handleQueryCallback type=UpdateFirmwareLogStatus
2026-03-29 22:07:04.428 | AlertVM | handleQueryCallback type=Default
2026-03-29 22:07:05.362 | AlertService | queryCallback type=UpdateFirmwareLogStatus
2026-03-29 22:07:05.367 | AlertVM | handleQueryCallback type=UpdateFirmwareLogStatus
2026-03-29 22:07:05.369 | AlertVM | handleQueryCallback type=Default
2026-03-29 22:07:06.441 | AlertService | queryCallback type=UpdateFirmwareLogStatus
2026-03-29 22:07:06.446 | AlertVM | handleQueryCallback type=UpdateFirmwareLogStatus
2026-03-29 22:07:06.448 | AlertVM | handleQueryCallback type=Default
2026-03-29 22:07:07.381 | AlertService | queryCallback type=UpdateFirmwareLogStatus
2026-03-29 22:07:07.387 | AlertVM | handleQueryCallback type=UpdateFirmwareLogStatus
2026-03-29 22:07:07.388 | AlertVM | handleQueryCallback type=Default
2026-03-29 22:07:07.664 | AlertService | queryCallback type=BatteryDataObtained
2026-03-29 22:07:07.667 | AlertVM | handleQueryCallback type=BatteryDataObtained
2026-03-29 22:07:07.669 | AlertVM | handleQueryCallback type=Default
2026-03-29 22:07:08.295 | AlertService | queryCallback type=UpdateFirmwareLogStatus
2026-03-29 22:07:08.303 | AlertVM | handleQueryCallback type=UpdateFirmwareLogStatus
2026-03-29 22:07:08.305 | AlertVM | handleQueryCallback type=Default
2026-03-29 22:07:09.428 | AlertService | queryCallback type=UpdateFirmwareLogStatus
2026-03-29 22:07:09.430 | AlertVM | handleQueryCallback type=UpdateFirmwareLogStatus
2026-03-29 22:07:09.432 | AlertVM | handleQueryCallback type=Default
2026-03-29 22:07:10.593 | AlertService | queryCallback type=UpdateFirmwareLogStatus
2026-03-29 22:07:11.469 | AlertService | queryCallback type=UpdateFirmwareLogStatus
2026-03-29 22:07:11.658 | AlertUI | BlankTestFragment alert panel initialized
2026-03-29 22:07:11.664 | AlertVM | handleQueryCallback type=Default
2026-03-29 22:07:11.670 | AlertVM | onConnectedStateChanged state=ConnectSuccess
2026-03-29 22:07:11.671 | AlertVM | loadState={"device_address":"D8:5C:08:30:00:1E","heart_rate":{"low_enabled":false,"low_threshold":50,"resting_enabled":true,"resting_threshold":50,"workout_enabled":false,"workout_threshold":175},"pending_sync":{"heart_rate":false,"relaxation_prompt":false,"sedentary_reminder":false,"sleep_reminder":false,"spo2":false},"pressure_mode":{"relaxation_prompt_enabled":false,"stress_monitoring_enabled":false},"sedentary_reminder":{"end_hour":18,"end_minute":0,"interval":60,"repeat_count":0,"start_hour":9,"start_minute":0,"status":false},"sleep_reminder":{"hour":0,"millisecond":0,"minute":0,"second":0,"status":false},"snapshots":{"heart_rate":{"continuous_heart_rate_mode":0,"frequency":0,"mode":0},"pressure_mode":{"relaxation_warning_value":100},"screenless_heart_rate_realtime":{},"screenless_spo2_monitoring":{},"sedentary_reminder":{"no_disturb_in_launch":false}},"spo2":{"enabled":true,"threshold":99},"support":{"heart_rate":false,"heart_rate_workout":false,"high_stress_index":false,"relaxation_prompt":true,"sedentary_reminder":true,"sleep_reminder":false,"spo2":false,"wear_detection":true},"wear_detection_status":{"is_worn":false,"last_updated_at":1774802214243}}
2026-03-29 22:07:11.672 | AlertVM | refreshFromBand dispatching alert queries
2026-03-29 22:07:11.718 | ZhQuery | getHeartRateAlertSettings dispatched api=SWHRMonitor deviceType=luna_band
2026-03-29 22:07:11.724 | AlertVM | refreshFromBand dispatching alert queries
2026-03-29 22:07:11.729 | ZhQuery | getHeartRateInterval dispatched api=RealTimeHeartRateConfig deviceType=luna_band
2026-03-29 22:07:11.732 | ZhQuery | getSpo2AlertSettings dispatched
2026-03-29 22:07:11.735 | ZhQuery | getSpo2Settings dispatched api=ContinuousBloodOxygenSettings deviceType=luna_band
2026-03-29 22:07:11.736 | ZhQuery | getPressureModeSettings dispatched api=SWBRMonitor deviceType=luna_band
2026-03-29 22:07:11.738 | ZhQuery | getSleepReminder dispatched
2026-03-29 22:07:11.762 | ZhQuery | getHeartRateAlertSettings dispatched api=SWHRMonitor deviceType=luna_band
2026-03-29 22:07:11.768 | ZhQuery | getHeartRateInterval dispatched api=RealTimeHeartRateConfig deviceType=luna_band
2026-03-29 22:07:11.775 | ZhQuery | getSpo2AlertSettings dispatched
2026-03-29 22:07:11.779 | ZhQuery | getSpo2Settings dispatched api=ContinuousBloodOxygenSettings deviceType=luna_band
2026-03-29 22:07:11.781 | ZhQuery | getPressureModeSettings dispatched api=SWBRMonitor deviceType=luna_band
2026-03-29 22:07:11.784 | ZhQuery | getSleepReminder dispatched
2026-03-29 22:07:12.488 | AlertService | queryCallback type=UpdateFirmwareLogStatus
2026-03-29 22:07:12.494 | AlertVM | handleQueryCallback type=UpdateFirmwareLogStatus
2026-03-29 22:07:12.495 | AlertVM | handleQueryCallback type=Default
2026-03-29 22:07:13.607 | AlertService | queryCallback type=UpdateFirmwareLogStatus
2026-03-29 22:07:13.613 | AlertVM | handleQueryCallback type=UpdateFirmwareLogStatus
2026-03-29 22:07:13.616 | AlertVM | handleQueryCallback type=Default
2026-03-29 22:07:14.167 | ZhQuery | onSWHRMonitor={"heightWarningValue":220,"isHeightWarning":false,"isLowWarning":false,"lowWarningValue":45}
2026-03-29 22:07:14.169 | AlertService | queryCallback type=HeartRateAlertSettingsObtained
2026-03-29 22:07:14.171 | AlertService | saveAlertSettings={"device_address":"D8:5C:08:30:00:1E","heart_rate":{"low_enabled":false,"low_threshold":50,"resting_enabled":false,"resting_threshold":50,"workout_enabled":false,"workout_threshold":175},"pending_sync":{"heart_rate":false,"relaxation_prompt":false,"sedentary_reminder":false,"sleep_reminder":false,"spo2":false},"pressure_mode":{"relaxation_prompt_enabled":false,"stress_monitoring_enabled":false},"sedentary_reminder":{"end_hour":18,"end_minute":0,"interval":60,"repeat_count":0,"start_hour":9,"start_minute":0,"status":false},"sleep_reminder":{"hour":0,"millisecond":0,"minute":0,"second":0,"status":false},"snapshots":{"heart_rate":{"continuous_heart_rate_mode":0,"frequency":0,"mode":0},"pressure_mode":{"relaxation_warning_value":100},"screenless_heart_rate_realtime":{},"screenless_spo2_monitoring":{},"sedentary_reminder":{"no_disturb_in_launch":false}},"spo2":{"enabled":true,"threshold":99},"support":{"heart_rate":true,"heart_rate_workout":false,"high_stress_index":false,"relaxation_prompt":true,"sedentary_reminder":true,"sleep_reminder":false,"spo2":false,"wear_detection":true},"wear_detection_status":{"is_worn":false,"last_updated_at":1774802214243}}
2026-03-29 22:07:14.175 | AlertService | queryCallback type=AlertFeatureSupportObtained
2026-03-29 22:07:14.177 | AlertService | saveAlertSettings={"device_address":"D8:5C:08:30:00:1E","heart_rate":{"low_enabled":false,"low_threshold":50,"resting_enabled":false,"resting_threshold":50,"workout_enabled":false,"workout_threshold":175},"pending_sync":{"heart_rate":false,"relaxation_prompt":false,"sedentary_reminder":false,"sleep_reminder":false,"spo2":false},"pressure_mode":{"relaxation_prompt_enabled":false,"stress_monitoring_enabled":false},"sedentary_reminder":{"end_hour":18,"end_minute":0,"interval":60,"repeat_count":0,"start_hour":9,"start_minute":0,"status":false},"sleep_reminder":{"hour":0,"millisecond":0,"minute":0,"second":0,"status":false},"snapshots":{"heart_rate":{"continuous_heart_rate_mode":0,"frequency":0,"mode":0},"pressure_mode":{"relaxation_warning_value":100},"screenless_heart_rate_realtime":{},"screenless_spo2_monitoring":{},"sedentary_reminder":{"no_disturb_in_launch":false}},"spo2":{"enabled":true,"threshold":99},"support":{"heart_rate":true,"heart_rate_workout":false,"high_stress_index":false,"relaxation_prompt":true,"sedentary_reminder":true,"sleep_reminder":false,"spo2":false,"wear_detection":true},"wear_detection_status":{"is_worn":false,"last_updated_at":1774802214243}}
2026-03-29 22:07:14.185 | ZhQuery | getHeartRateAlertSettings api=SWHRMonitor state=SUCCEED
2026-03-29 22:07:14.187 | ZhQuery | getHeartRateAlertSettings api=SWHRMonitor state=SUCCEED
2026-03-29 22:07:14.188 | AlertVM | handleQueryCallback type=HeartRateAlertSettingsObtained
2026-03-29 22:07:14.189 | AlertVM | heartRate query matchesStored=true pending=false phase=null
2026-03-29 22:07:14.190 | AlertVM | heartRate query value={"low_enabled":false,"low_threshold":45,"resting_enabled":false,"resting_threshold":220,"workout_enabled":false,"workout_threshold":175}
2026-03-29 22:07:14.191 | AlertVM | handleQueryCallback type=Default
2026-03-29 22:07:14.192 | AlertVM | handleQueryCallback type=AlertFeatureSupportObtained
2026-03-29 22:07:14.193 | AlertVM | support feature=HEART_RATE supported=true
2026-03-29 22:07:14.194 | AlertVM | handleQueryCallback type=Default
2026-03-29 22:07:14.541 | AlertService | queryCallback type=UpdateFirmwareLogStatus
2026-03-29 22:07:14.549 | AlertVM | handleQueryCallback type=UpdateFirmwareLogStatus
2026-03-29 22:07:14.551 | AlertVM | handleQueryCallback type=Default
2026-03-29 22:07:14.956 | ZhQuery | getHeartRateInterval api=RealTimeHeartRateConfig state=NOT_SUPPORT
2026-03-29 22:07:14.958 | AlertService | queryCallback type=AlertFeatureSupportObtained
2026-03-29 22:07:14.960 | AlertService | onAlertFeatureUnsupported feature=HEART_RATE
2026-03-29 22:07:14.961 | AlertService | saveAlertSettings={"device_address":"D8:5C:08:30:00:1E","heart_rate":{"low_enabled":false,"low_threshold":50,"resting_enabled":false,"resting_threshold":50,"workout_enabled":false,"workout_threshold":175},"pending_sync":{"heart_rate":false,"relaxation_prompt":false,"sedentary_reminder":false,"sleep_reminder":false,"spo2":false},"pressure_mode":{"relaxation_prompt_enabled":false,"stress_monitoring_enabled":false},"sedentary_reminder":{"end_hour":18,"end_minute":0,"interval":60,"repeat_count":0,"start_hour":9,"start_minute":0,"status":false},"sleep_reminder":{"hour":0,"millisecond":0,"minute":0,"second":0,"status":false},"snapshots":{"heart_rate":{"continuous_heart_rate_mode":0,"frequency":0,"mode":0},"pressure_mode":{"relaxation_warning_value":100},"screenless_heart_rate_realtime":{},"screenless_spo2_monitoring":{},"sedentary_reminder":{"no_disturb_in_launch":false}},"spo2":{"enabled":true,"threshold":99},"support":{"heart_rate":false,"heart_rate_workout":false,"high_stress_index":false,"relaxation_prompt":true,"sedentary_reminder":true,"sleep_reminder":false,"spo2":false,"wear_detection":true},"wear_detection_status":{"is_worn":false,"last_updated_at":1774802214243}}
2026-03-29 22:07:14.964 | ZhQuery | getHeartRateInterval api=RealTimeHeartRateConfig state=NOT_SUPPORT
2026-03-29 22:07:14.965 | AlertService | queryCallback type=AlertFeatureSupportObtained
2026-03-29 22:07:14.967 | AlertService | onAlertFeatureUnsupported feature=HEART_RATE
2026-03-29 22:07:14.969 | AlertService | saveAlertSettings={"device_address":"D8:5C:08:30:00:1E","heart_rate":{"low_enabled":false,"low_threshold":50,"resting_enabled":false,"resting_threshold":50,"workout_enabled":false,"workout_threshold":175},"pending_sync":{"heart_rate":false,"relaxation_prompt":false,"sedentary_reminder":false,"sleep_reminder":false,"spo2":false},"pressure_mode":{"relaxation_prompt_enabled":false,"stress_monitoring_enabled":false},"sedentary_reminder":{"end_hour":18,"end_minute":0,"interval":60,"repeat_count":0,"start_hour":9,"start_minute":0,"status":false},"sleep_reminder":{"hour":0,"millisecond":0,"minute":0,"second":0,"status":false},"snapshots":{"heart_rate":{"continuous_heart_rate_mode":0,"frequency":0,"mode":0},"pressure_mode":{"relaxation_warning_value":100},"screenless_heart_rate_realtime":{},"screenless_spo2_monitoring":{},"sedentary_reminder":{"no_disturb_in_launch":false}},"spo2":{"enabled":true,"threshold":99},"support":{"heart_rate":false,"heart_rate_workout":false,"high_stress_index":false,"relaxation_prompt":true,"sedentary_reminder":true,"sleep_reminder":false,"spo2":false,"wear_detection":true},"wear_detection_status":{"is_worn":false,"last_updated_at":1774802214243}}
2026-03-29 22:07:14.970 | AlertVM | handleQueryCallback type=AlertFeatureSupportObtained
2026-03-29 22:07:14.972 | AlertVM | support feature=HEART_RATE supported=false
2026-03-29 22:07:14.973 | AlertVM | handleQueryCallback type=Default
2026-03-29 22:07:14.975 | AlertVM | handleQueryCallback type=AlertFeatureSupportObtained
2026-03-29 22:07:14.976 | AlertVM | support feature=HEART_RATE supported=false
2026-03-29 22:07:14.978 | AlertVM | handleQueryCallback type=Default
2026-03-29 22:07:15.362 | AlertService | queryCallback type=UpdateFirmwareLogStatus
2026-03-29 22:07:15.371 | AlertVM | handleQueryCallback type=UpdateFirmwareLogStatus
2026-03-29 22:07:15.372 | AlertVM | handleQueryCallback type=Default
2026-03-29 22:07:15.559 | ZhQuery | onSWSPO2Monitor={"isWarning":true,"warningValue":90}
2026-03-29 22:07:15.560 | AlertService | queryCallback type=Spo2AlertSettingsObtained
2026-03-29 22:07:15.562 | AlertService | saveAlertSettings={"device_address":"D8:5C:08:30:00:1E","heart_rate":{"low_enabled":false,"low_threshold":50,"resting_enabled":false,"resting_threshold":50,"workout_enabled":false,"workout_threshold":175},"pending_sync":{"heart_rate":false,"relaxation_prompt":false,"sedentary_reminder":false,"sleep_reminder":false,"spo2":false},"pressure_mode":{"relaxation_prompt_enabled":false,"stress_monitoring_enabled":false},"sedentary_reminder":{"end_hour":18,"end_minute":0,"interval":60,"repeat_count":0,"start_hour":9,"start_minute":0,"status":false},"sleep_reminder":{"hour":0,"millisecond":0,"minute":0,"second":0,"status":false},"snapshots":{"heart_rate":{"continuous_heart_rate_mode":0,"frequency":0,"mode":0},"pressure_mode":{"relaxation_warning_value":100},"screenless_heart_rate_realtime":{},"screenless_spo2_monitoring":{},"sedentary_reminder":{"no_disturb_in_launch":false}},"spo2":{"enabled":true,"threshold":90},"support":{"heart_rate":false,"heart_rate_workout":false,"high_stress_index":false,"relaxation_prompt":true,"sedentary_reminder":true,"sleep_reminder":false,"spo2":true,"wear_detection":true},"wear_detection_status":{"is_worn":false,"last_updated_at":1774802214243}}
2026-03-29 22:07:15.567 | AlertService | queryCallback type=AlertFeatureSupportObtained
2026-03-29 22:07:15.568 | AlertService | saveAlertSettings={"device_address":"D8:5C:08:30:00:1E","heart_rate":{"low_enabled":false,"low_threshold":50,"resting_enabled":false,"resting_threshold":50,"workout_enabled":false,"workout_threshold":175},"pending_sync":{"heart_rate":false,"relaxation_prompt":false,"sedentary_reminder":false,"sleep_reminder":false,"spo2":false},"pressure_mode":{"relaxation_prompt_enabled":false,"stress_monitoring_enabled":false},"sedentary_reminder":{"end_hour":18,"end_minute":0,"interval":60,"repeat_count":0,"start_hour":9,"start_minute":0,"status":false},"sleep_reminder":{"hour":0,"millisecond":0,"minute":0,"second":0,"status":false},"snapshots":{"heart_rate":{"continuous_heart_rate_mode":0,"frequency":0,"mode":0},"pressure_mode":{"relaxation_warning_value":100},"screenless_heart_rate_realtime":{},"screenless_spo2_monitoring":{},"sedentary_reminder":{"no_disturb_in_launch":false}},"spo2":{"enabled":true,"threshold":90},"support":{"heart_rate":false,"heart_rate_workout":false,"high_stress_index":false,"relaxation_prompt":true,"sedentary_reminder":true,"sleep_reminder":false,"spo2":true,"wear_detection":true},"wear_detection_status":{"is_worn":false,"last_updated_at":1774802214243}}
2026-03-29 22:07:15.570 | ZhQuery | getSpo2AlertSettings state=SUCCEED
2026-03-29 22:07:15.575 | ZhQuery | getSpo2AlertSettings state=SUCCEED
2026-03-29 22:07:15.577 | AlertVM | handleQueryCallback type=Spo2AlertSettingsObtained
2026-03-29 22:07:15.578 | AlertVM | spo2 query matchesStored=true pending=false phase=null
2026-03-29 22:07:15.579 | AlertVM | spo2 query value={"enabled":true,"threshold":90}
2026-03-29 22:07:15.580 | AlertVM | handleQueryCallback type=Default
2026-03-29 22:07:15.581 | AlertVM | handleQueryCallback type=AlertFeatureSupportObtained
2026-03-29 22:07:15.582 | AlertVM | support feature=SPO2 supported=true
2026-03-29 22:07:15.583 | AlertVM | handleQueryCallback type=Default
2026-03-29 22:07:15.831 | ZhQuery | getSpo2Settings api=ContinuousBloodOxygenSettings state=NOT_SUPPORT
2026-03-29 22:07:15.833 | AlertService | queryCallback type=AlertFeatureSupportObtained
2026-03-29 22:07:15.835 | AlertService | onAlertFeatureUnsupported feature=SPO2
2026-03-29 22:07:15.837 | AlertService | saveAlertSettings={"device_address":"D8:5C:08:30:00:1E","heart_rate":{"low_enabled":false,"low_threshold":50,"resting_enabled":false,"resting_threshold":50,"workout_enabled":false,"workout_threshold":175},"pending_sync":{"heart_rate":false,"relaxation_prompt":false,"sedentary_reminder":false,"sleep_reminder":false,"spo2":false},"pressure_mode":{"relaxation_prompt_enabled":false,"stress_monitoring_enabled":false},"sedentary_reminder":{"end_hour":18,"end_minute":0,"interval":60,"repeat_count":0,"start_hour":9,"start_minute":0,"status":false},"sleep_reminder":{"hour":0,"millisecond":0,"minute":0,"second":0,"status":false},"snapshots":{"heart_rate":{"continuous_heart_rate_mode":0,"frequency":0,"mode":0},"pressure_mode":{"relaxation_warning_value":100},"screenless_heart_rate_realtime":{},"screenless_spo2_monitoring":{},"sedentary_reminder":{"no_disturb_in_launch":false}},"spo2":{"enabled":true,"threshold":90},"support":{"heart_rate":false,"heart_rate_workout":false,"high_stress_index":false,"relaxation_prompt":true,"sedentary_reminder":true,"sleep_reminder":false,"spo2":false,"wear_detection":true},"wear_detection_status":{"is_worn":false,"last_updated_at":1774802214243}}
2026-03-29 22:07:15.842 | ZhQuery | getSpo2Settings api=ContinuousBloodOxygenSettings state=NOT_SUPPORT
2026-03-29 22:07:15.844 | AlertService | queryCallback type=AlertFeatureSupportObtained
2026-03-29 22:07:15.845 | AlertService | onAlertFeatureUnsupported feature=SPO2
2026-03-29 22:07:15.853 | AlertService | saveAlertSettings={"device_address":"D8:5C:08:30:00:1E","heart_rate":{"low_enabled":false,"low_threshold":50,"resting_enabled":false,"resting_threshold":50,"workout_enabled":false,"workout_threshold":175},"pending_sync":{"heart_rate":false,"relaxation_prompt":false,"sedentary_reminder":false,"sleep_reminder":false,"spo2":false},"pressure_mode":{"relaxation_prompt_enabled":false,"stress_monitoring_enabled":false},"sedentary_reminder":{"end_hour":18,"end_minute":0,"interval":60,"repeat_count":0,"start_hour":9,"start_minute":0,"status":false},"sleep_reminder":{"hour":0,"millisecond":0,"minute":0,"second":0,"status":false},"snapshots":{"heart_rate":{"continuous_heart_rate_mode":0,"frequency":0,"mode":0},"pressure_mode":{"relaxation_warning_value":100},"screenless_heart_rate_realtime":{},"screenless_spo2_monitoring":{},"sedentary_reminder":{"no_disturb_in_launch":false}},"spo2":{"enabled":true,"threshold":90},"support":{"heart_rate":false,"heart_rate_workout":false,"high_stress_index":false,"relaxation_prompt":true,"sedentary_reminder":true,"sleep_reminder":false,"spo2":false,"wear_detection":true},"wear_detection_status":{"is_worn":false,"last_updated_at":1774802214243}}
2026-03-29 22:07:15.855 | AlertVM | handleQueryCallback type=AlertFeatureSupportObtained
2026-03-29 22:07:15.857 | AlertVM | support feature=SPO2 supported=false
2026-03-29 22:07:15.858 | AlertVM | handleQueryCallback type=Default
2026-03-29 22:07:15.859 | AlertVM | handleQueryCallback type=AlertFeatureSupportObtained
2026-03-29 22:07:15.861 | AlertVM | support feature=SPO2 supported=false
2026-03-29 22:07:15.862 | AlertVM | handleQueryCallback type=Default
2026-03-29 22:07:16.152 | ZhQuery | onSWBRMonitor={"isWarning":false,"warningValue":100}
2026-03-29 22:07:16.154 | AlertService | queryCallback type=PressureModeSettingsObtained
2026-03-29 22:07:16.156 | AlertService | saveAlertSettings={"device_address":"D8:5C:08:30:00:1E","heart_rate":{"low_enabled":false,"low_threshold":50,"resting_enabled":false,"resting_threshold":50,"workout_enabled":false,"workout_threshold":175},"pending_sync":{"heart_rate":false,"relaxation_prompt":false,"sedentary_reminder":false,"sleep_reminder":false,"spo2":false},"pressure_mode":{"relaxation_prompt_enabled":false,"stress_monitoring_enabled":false},"sedentary_reminder":{"end_hour":18,"end_minute":0,"interval":60,"repeat_count":0,"start_hour":9,"start_minute":0,"status":false},"sleep_reminder":{"hour":0,"millisecond":0,"minute":0,"second":0,"status":false},"snapshots":{"heart_rate":{"continuous_heart_rate_mode":0,"frequency":0,"mode":0},"pressure_mode":{"relaxation_warning_value":100},"screenless_heart_rate_realtime":{},"screenless_spo2_monitoring":{},"sedentary_reminder":{"no_disturb_in_launch":false}},"spo2":{"enabled":true,"threshold":90},"support":{"heart_rate":false,"heart_rate_workout":false,"high_stress_index":false,"relaxation_prompt":true,"sedentary_reminder":true,"sleep_reminder":false,"spo2":false,"wear_detection":true},"wear_detection_status":{"is_worn":false,"last_updated_at":1774802214243}}
2026-03-29 22:07:16.158 | AlertService | queryCallback type=AlertFeatureSupportObtained
2026-03-29 22:07:16.161 | AlertService | saveAlertSettings={"device_address":"D8:5C:08:30:00:1E","heart_rate":{"low_enabled":false,"low_threshold":50,"resting_enabled":false,"resting_threshold":50,"workout_enabled":false,"workout_threshold":175},"pending_sync":{"heart_rate":false,"relaxation_prompt":false,"sedentary_reminder":false,"sleep_reminder":false,"spo2":false},"pressure_mode":{"relaxation_prompt_enabled":false,"stress_monitoring_enabled":false},"sedentary_reminder":{"end_hour":18,"end_minute":0,"interval":60,"repeat_count":0,"start_hour":9,"start_minute":0,"status":false},"sleep_reminder":{"hour":0,"millisecond":0,"minute":0,"second":0,"status":false},"snapshots":{"heart_rate":{"continuous_heart_rate_mode":0,"frequency":0,"mode":0},"pressure_mode":{"relaxation_warning_value":100},"screenless_heart_rate_realtime":{},"screenless_spo2_monitoring":{},"sedentary_reminder":{"no_disturb_in_launch":false}},"spo2":{"enabled":true,"threshold":90},"support":{"heart_rate":false,"heart_rate_workout":false,"high_stress_index":false,"relaxation_prompt":true,"sedentary_reminder":true,"sleep_reminder":false,"spo2":false,"wear_detection":true},"wear_detection_status":{"is_worn":false,"last_updated_at":1774802214243}}
2026-03-29 22:07:16.163 | ZhQuery | getPressureModeSettings api=SWBRMonitor state=SUCCEED
2026-03-29 22:07:16.165 | ZhQuery | getPressureModeSettings api=SWBRMonitor state=SUCCEED
2026-03-29 22:07:16.167 | AlertVM | handleQueryCallback type=PressureModeSettingsObtained
2026-03-29 22:07:16.169 | AlertVM | pressure query matchesStored=true pending=false phase=null
2026-03-29 22:07:16.171 | AlertVM | pressure query value={"relaxation_prompt_enabled":false,"stress_monitoring_enabled":false}
2026-03-29 22:07:16.175 | AlertVM | handleQueryCallback type=Default
2026-03-29 22:07:16.177 | AlertVM | handleQueryCallback type=AlertFeatureSupportObtained
2026-03-29 22:07:16.179 | AlertVM | support feature=RELAXATION_PROMPT supported=true
2026-03-29 22:07:16.180 | AlertVM | handleQueryCallback type=Default
2026-03-29 22:07:16.532 | AlertService | queryCallback type=UpdateFirmwareLogStatus
2026-03-29 22:07:16.544 | AlertVM | handleQueryCallback type=UpdateFirmwareLogStatus
2026-03-29 22:07:16.547 | AlertVM | handleQueryCallback type=Default
2026-03-29 22:07:16.789 | ZhQuery | getSleepReminder state=NOT_SUPPORT
2026-03-29 22:07:16.792 | AlertService | queryCallback type=AlertFeatureSupportObtained
2026-03-29 22:07:16.798 | AlertService | onAlertFeatureUnsupported feature=SLEEP_REMINDER
2026-03-29 22:07:16.800 | AlertService | saveAlertSettings={"device_address":"D8:5C:08:30:00:1E","heart_rate":{"low_enabled":false,"low_threshold":50,"resting_enabled":false,"resting_threshold":50,"workout_enabled":false,"workout_threshold":175},"pending_sync":{"heart_rate":false,"relaxation_prompt":false,"sedentary_reminder":false,"sleep_reminder":false,"spo2":false},"pressure_mode":{"relaxation_prompt_enabled":false,"stress_monitoring_enabled":false},"sedentary_reminder":{"end_hour":18,"end_minute":0,"interval":60,"repeat_count":0,"start_hour":9,"start_minute":0,"status":false},"sleep_reminder":{"hour":0,"millisecond":0,"minute":0,"second":0,"status":false},"snapshots":{"heart_rate":{"continuous_heart_rate_mode":0,"frequency":0,"mode":0},"pressure_mode":{"relaxation_warning_value":100},"screenless_heart_rate_realtime":{},"screenless_spo2_monitoring":{},"sedentary_reminder":{"no_disturb_in_launch":false}},"spo2":{"enabled":true,"threshold":90},"support":{"heart_rate":false,"heart_rate_workout":false,"high_stress_index":false,"relaxation_prompt":true,"sedentary_reminder":true,"sleep_reminder":false,"spo2":false,"wear_detection":true},"wear_detection_status":{"is_worn":false,"last_updated_at":1774802214243}}
2026-03-29 22:07:16.808 | ZhQuery | getSleepReminder state=NOT_SUPPORT
2026-03-29 22:07:16.810 | AlertService | queryCallback type=AlertFeatureSupportObtained
2026-03-29 22:07:16.812 | AlertService | onAlertFeatureUnsupported feature=SLEEP_REMINDER
2026-03-29 22:07:16.815 | AlertService | saveAlertSettings={"device_address":"D8:5C:08:30:00:1E","heart_rate":{"low_enabled":false,"low_threshold":50,"resting_enabled":false,"resting_threshold":50,"workout_enabled":false,"workout_threshold":175},"pending_sync":{"heart_rate":false,"relaxation_prompt":false,"sedentary_reminder":false,"sleep_reminder":false,"spo2":false},"pressure_mode":{"relaxation_prompt_enabled":false,"stress_monitoring_enabled":false},"sedentary_reminder":{"end_hour":18,"end_minute":0,"interval":60,"repeat_count":0,"start_hour":9,"start_minute":0,"status":false},"sleep_reminder":{"hour":0,"millisecond":0,"minute":0,"second":0,"status":false},"snapshots":{"heart_rate":{"continuous_heart_rate_mode":0,"frequency":0,"mode":0},"pressure_mode":{"relaxation_warning_value":100},"screenless_heart_rate_realtime":{},"screenless_spo2_monitoring":{},"sedentary_reminder":{"no_disturb_in_launch":false}},"spo2":{"enabled":true,"threshold":90},"support":{"heart_rate":false,"heart_rate_workout":false,"high_stress_index":false,"relaxation_prompt":true,"sedentary_reminder":true,"sleep_reminder":false,"spo2":false,"wear_detection":true},"wear_detection_status":{"is_worn":false,"last_updated_at":1774802214243}}
2026-03-29 22:07:16.817 | AlertVM | handleQueryCallback type=AlertFeatureSupportObtained
2026-03-29 22:07:16.818 | AlertVM | support feature=SLEEP_REMINDER supported=false
2026-03-29 22:07:16.820 | AlertVM | handleQueryCallback type=Default
2026-03-29 22:07:16.824 | AlertVM | handleQueryCallback type=AlertFeatureSupportObtained
2026-03-29 22:07:16.825 | AlertVM | support feature=SLEEP_REMINDER supported=false
2026-03-29 22:07:16.827 | AlertVM | handleQueryCallback type=Default
2026-03-29 22:07:17.154 | ZhQuery | onSedentaryReminderResult={"drinkWater":0,"endNoonTime":{"hour":0,"millisecond":0,"minuter":0,"second":0},"endTime":{"hour":0,"millisecond":0,"minuter":0,"second":0},"frequency":0,"isOn":false,"noDisturbInLaunch":false,"startNoonTime":{"hour":0,"millisecond":0,"minuter":0,"second":0},"startTime":{"hour":0,"millisecond":0,"minuter":0,"second":0}}
2026-03-29 22:07:17.156 | AlertService | queryCallback type=SedentaryDataObtained
2026-03-29 22:07:17.159 | AlertService | queryCallback type=SedentaryReminderSettingsObtained
2026-03-29 22:07:17.170 | AlertService | saveAlertSettings={"device_address":"D8:5C:08:30:00:1E","heart_rate":{"low_enabled":false,"low_threshold":50,"resting_enabled":false,"resting_threshold":50,"workout_enabled":false,"workout_threshold":175},"pending_sync":{"heart_rate":false,"relaxation_prompt":false,"sedentary_reminder":false,"sleep_reminder":false,"spo2":false},"pressure_mode":{"relaxation_prompt_enabled":false,"stress_monitoring_enabled":false},"sedentary_reminder":{"end_hour":18,"end_minute":0,"interval":60,"repeat_count":0,"start_hour":9,"start_minute":0,"status":false},"sleep_reminder":{"hour":0,"millisecond":0,"minute":0,"second":0,"status":false},"snapshots":{"heart_rate":{"continuous_heart_rate_mode":0,"frequency":0,"mode":0},"pressure_mode":{"relaxation_warning_value":100},"screenless_heart_rate_realtime":{},"screenless_spo2_monitoring":{},"sedentary_reminder":{"no_disturb_in_launch":false}},"spo2":{"enabled":true,"threshold":90},"support":{"heart_rate":false,"heart_rate_workout":false,"high_stress_index":false,"relaxation_prompt":true,"sedentary_reminder":true,"sleep_reminder":false,"spo2":false,"wear_detection":true},"wear_detection_status":{"is_worn":false,"last_updated_at":1774802214243}}
2026-03-29 22:07:17.173 | AlertService | queryCallback type=AlertFeatureSupportObtained
2026-03-29 22:07:17.176 | AlertService | saveAlertSettings={"device_address":"D8:5C:08:30:00:1E","heart_rate":{"low_enabled":false,"low_threshold":50,"resting_enabled":false,"resting_threshold":50,"workout_enabled":false,"workout_threshold":175},"pending_sync":{"heart_rate":false,"relaxation_prompt":false,"sedentary_reminder":false,"sleep_reminder":false,"spo2":false},"pressure_mode":{"relaxation_prompt_enabled":false,"stress_monitoring_enabled":false},"sedentary_reminder":{"end_hour":18,"end_minute":0,"interval":60,"repeat_count":0,"start_hour":9,"start_minute":0,"status":false},"sleep_reminder":{"hour":0,"millisecond":0,"minute":0,"second":0,"status":false},"snapshots":{"heart_rate":{"continuous_heart_rate_mode":0,"frequency":0,"mode":0},"pressure_mode":{"relaxation_warning_value":100},"screenless_heart_rate_realtime":{},"screenless_spo2_monitoring":{},"sedentary_reminder":{"no_disturb_in_launch":false}},"spo2":{"enabled":true,"threshold":90},"support":{"heart_rate":false,"heart_rate_workout":false,"high_stress_index":false,"relaxation_prompt":true,"sedentary_reminder":true,"sleep_reminder":false,"spo2":false,"wear_detection":true},"wear_detection_status":{"is_worn":false,"last_updated_at":1774802214243}}
2026-03-29 22:07:17.181 | AlertVM | handleQueryCallback type=SedentaryDataObtained
2026-03-29 22:07:17.183 | AlertVM | handleQueryCallback type=Default
2026-03-29 22:07:17.184 | AlertVM | handleQueryCallback type=SedentaryReminderSettingsObtained
2026-03-29 22:07:17.186 | AlertVM | sedentary query matchesStored=true pending=false phase=null
2026-03-29 22:07:17.187 | AlertVM | sedentary query value={"end_hour":0,"end_minute":0,"interval":0,"repeat_count":0,"start_hour":0,"start_minute":0,"status":false}
2026-03-29 22:07:17.188 | AlertVM | handleQueryCallback type=Default
2026-03-29 22:07:17.190 | AlertVM | handleQueryCallback type=AlertFeatureSupportObtained
2026-03-29 22:07:17.192 | AlertVM | support feature=SEDENTARY_REMINDER supported=true
2026-03-29 22:07:17.194 | AlertVM | handleQueryCallback type=Default
2026-03-29 22:07:17.427 | AlertService | queryCallback type=UpdateFirmwareLogStatus
2026-03-29 22:07:17.438 | AlertVM | handleQueryCallback type=UpdateFirmwareLogStatus
2026-03-29 22:07:17.440 | AlertVM | handleQueryCallback type=Default
2026-03-29 22:07:17.608 | AlertService | queryCallback type=BatteryDataObtained
2026-03-29 22:07:17.614 | AlertVM | handleQueryCallback type=BatteryDataObtained
2026-03-29 22:07:17.616 | AlertVM | handleQueryCallback type=Default
2026-03-29 22:07:17.856 | ZhQuery | onSWHRMonitor={"heightWarningValue":220,"isHeightWarning":false,"isLowWarning":false,"lowWarningValue":45}
2026-03-29 22:07:17.860 | AlertService | queryCallback type=HeartRateAlertSettingsObtained
2026-03-29 22:07:17.861 | AlertService | saveAlertSettings={"device_address":"D8:5C:08:30:00:1E","heart_rate":{"low_enabled":false,"low_threshold":50,"resting_enabled":false,"resting_threshold":50,"workout_enabled":false,"workout_threshold":175},"pending_sync":{"heart_rate":false,"relaxation_prompt":false,"sedentary_reminder":false,"sleep_reminder":false,"spo2":false},"pressure_mode":{"relaxation_prompt_enabled":false,"stress_monitoring_enabled":false},"sedentary_reminder":{"end_hour":18,"end_minute":0,"interval":60,"repeat_count":0,"start_hour":9,"start_minute":0,"status":false},"sleep_reminder":{"hour":0,"millisecond":0,"minute":0,"second":0,"status":false},"snapshots":{"heart_rate":{"continuous_heart_rate_mode":0,"frequency":0,"mode":0},"pressure_mode":{"relaxation_warning_value":100},"screenless_heart_rate_realtime":{},"screenless_spo2_monitoring":{},"sedentary_reminder":{"no_disturb_in_launch":false}},"spo2":{"enabled":true,"threshold":90},"support":{"heart_rate":true,"heart_rate_workout":false,"high_stress_index":false,"relaxation_prompt":true,"sedentary_reminder":true,"sleep_reminder":false,"spo2":false,"wear_detection":true},"wear_detection_status":{"is_worn":false,"last_updated_at":1774802214243}}
2026-03-29 22:07:17.868 | AlertService | queryCallback type=AlertFeatureSupportObtained
2026-03-29 22:07:17.869 | AlertService | saveAlertSettings={"device_address":"D8:5C:08:30:00:1E","heart_rate":{"low_enabled":false,"low_threshold":50,"resting_enabled":false,"resting_threshold":50,"workout_enabled":false,"workout_threshold":175},"pending_sync":{"heart_rate":false,"relaxation_prompt":false,"sedentary_reminder":false,"sleep_reminder":false,"spo2":false},"pressure_mode":{"relaxation_prompt_enabled":false,"stress_monitoring_enabled":false},"sedentary_reminder":{"end_hour":18,"end_minute":0,"interval":60,"repeat_count":0,"start_hour":9,"start_minute":0,"status":false},"sleep_reminder":{"hour":0,"millisecond":0,"minute":0,"second":0,"status":false},"snapshots":{"heart_rate":{"continuous_heart_rate_mode":0,"frequency":0,"mode":0},"pressure_mode":{"relaxation_warning_value":100},"screenless_heart_rate_realtime":{},"screenless_spo2_monitoring":{},"sedentary_reminder":{"no_disturb_in_launch":false}},"spo2":{"enabled":true,"threshold":90},"support":{"heart_rate":true,"heart_rate_workout":false,"high_stress_index":false,"relaxation_prompt":true,"sedentary_reminder":true,"sleep_reminder":false,"spo2":false,"wear_detection":true},"wear_detection_status":{"is_worn":false,"last_updated_at":1774802214243}}
2026-03-29 22:07:17.873 | AlertVM | handleQueryCallback type=HeartRateAlertSettingsObtained
2026-03-29 22:07:17.876 | AlertVM | heartRate query matchesStored=true pending=false phase=null
2026-03-29 22:07:17.883 | AlertVM | heartRate query value={"low_enabled":false,"low_threshold":45,"resting_enabled":false,"resting_threshold":220,"workout_enabled":false,"workout_threshold":175}
2026-03-29 22:07:17.884 | AlertVM | handleQueryCallback type=Default
2026-03-29 22:07:17.885 | AlertVM | handleQueryCallback type=AlertFeatureSupportObtained
2026-03-29 22:07:17.886 | AlertVM | support feature=HEART_RATE supported=true
2026-03-29 22:07:17.887 | AlertVM | handleQueryCallback type=Default
2026-03-29 22:07:18.520 | AlertService | queryCallback type=UpdateFirmwareLogStatus
2026-03-29 22:07:18.525 | AlertVM | handleQueryCallback type=UpdateFirmwareLogStatus
2026-03-29 22:07:18.526 | AlertVM | handleQueryCallback type=Default
2026-03-29 22:07:18.810 | ZhQuery | onSWSPO2Monitor={"isWarning":true,"warningValue":90}
2026-03-29 22:07:18.813 | AlertService | queryCallback type=Spo2AlertSettingsObtained
2026-03-29 22:07:18.816 | AlertService | saveAlertSettings={"device_address":"D8:5C:08:30:00:1E","heart_rate":{"low_enabled":false,"low_threshold":50,"resting_enabled":false,"resting_threshold":50,"workout_enabled":false,"workout_threshold":175},"pending_sync":{"heart_rate":false,"relaxation_prompt":false,"sedentary_reminder":false,"sleep_reminder":false,"spo2":false},"pressure_mode":{"relaxation_prompt_enabled":false,"stress_monitoring_enabled":false},"sedentary_reminder":{"end_hour":18,"end_minute":0,"interval":60,"repeat_count":0,"start_hour":9,"start_minute":0,"status":false},"sleep_reminder":{"hour":0,"millisecond":0,"minute":0,"second":0,"status":false},"snapshots":{"heart_rate":{"continuous_heart_rate_mode":0,"frequency":0,"mode":0},"pressure_mode":{"relaxation_warning_value":100},"screenless_heart_rate_realtime":{},"screenless_spo2_monitoring":{},"sedentary_reminder":{"no_disturb_in_launch":false}},"spo2":{"enabled":true,"threshold":90},"support":{"heart_rate":true,"heart_rate_workout":false,"high_stress_index":false,"relaxation_prompt":true,"sedentary_reminder":true,"sleep_reminder":false,"spo2":true,"wear_detection":true},"wear_detection_status":{"is_worn":false,"last_updated_at":1774802214243}}
2026-03-29 22:07:18.823 | AlertService | queryCallback type=AlertFeatureSupportObtained
2026-03-29 22:07:18.826 | AlertService | saveAlertSettings={"device_address":"D8:5C:08:30:00:1E","heart_rate":{"low_enabled":false,"low_threshold":50,"resting_enabled":false,"resting_threshold":50,"workout_enabled":false,"workout_threshold":175},"pending_sync":{"heart_rate":false,"relaxation_prompt":false,"sedentary_reminder":false,"sleep_reminder":false,"spo2":false},"pressure_mode":{"relaxation_prompt_enabled":false,"stress_monitoring_enabled":false},"sedentary_reminder":{"end_hour":18,"end_minute":0,"interval":60,"repeat_count":0,"start_hour":9,"start_minute":0,"status":false},"sleep_reminder":{"hour":0,"millisecond":0,"minute":0,"second":0,"status":false},"snapshots":{"heart_rate":{"continuous_heart_rate_mode":0,"frequency":0,"mode":0},"pressure_mode":{"relaxation_warning_value":100},"screenless_heart_rate_realtime":{},"screenless_spo2_monitoring":{},"sedentary_reminder":{"no_disturb_in_launch":false}},"spo2":{"enabled":true,"threshold":90},"support":{"heart_rate":true,"heart_rate_workout":false,"high_stress_index":false,"relaxation_prompt":true,"sedentary_reminder":true,"sleep_reminder":false,"spo2":true,"wear_detection":true},"wear_detection_status":{"is_worn":false,"last_updated_at":1774802214243}}
2026-03-29 22:07:18.833 | AlertVM | handleQueryCallback type=Spo2AlertSettingsObtained
2026-03-29 22:07:18.835 | AlertVM | spo2 query matchesStored=true pending=false phase=null
2026-03-29 22:07:18.839 | AlertVM | spo2 query value={"enabled":true,"threshold":90}
2026-03-29 22:07:18.841 | AlertVM | handleQueryCallback type=Default
2026-03-29 22:07:18.843 | AlertVM | handleQueryCallback type=AlertFeatureSupportObtained
2026-03-29 22:07:18.848 | AlertVM | support feature=SPO2 supported=true
2026-03-29 22:07:18.850 | AlertVM | handleQueryCallback type=Default
2026-03-29 22:07:19.402 | AlertService | queryCallback type=UpdateFirmwareLogStatus
2026-03-29 22:07:19.407 | AlertVM | handleQueryCallback type=UpdateFirmwareLogStatus
2026-03-29 22:07:19.409 | AlertVM | handleQueryCallback type=Default
2026-03-29 22:07:19.658 | ZhQuery | onSWBRMonitor={"isWarning":false,"warningValue":100}
2026-03-29 22:07:19.659 | AlertService | queryCallback type=PressureModeSettingsObtained
2026-03-29 22:07:19.662 | AlertService | saveAlertSettings={"device_address":"D8:5C:08:30:00:1E","heart_rate":{"low_enabled":false,"low_threshold":50,"resting_enabled":false,"resting_threshold":50,"workout_enabled":false,"workout_threshold":175},"pending_sync":{"heart_rate":false,"relaxation_prompt":false,"sedentary_reminder":false,"sleep_reminder":false,"spo2":false},"pressure_mode":{"relaxation_prompt_enabled":false,"stress_monitoring_enabled":false},"sedentary_reminder":{"end_hour":18,"end_minute":0,"interval":60,"repeat_count":0,"start_hour":9,"start_minute":0,"status":false},"sleep_reminder":{"hour":0,"millisecond":0,"minute":0,"second":0,"status":false},"snapshots":{"heart_rate":{"continuous_heart_rate_mode":0,"frequency":0,"mode":0},"pressure_mode":{"relaxation_warning_value":100},"screenless_heart_rate_realtime":{},"screenless_spo2_monitoring":{},"sedentary_reminder":{"no_disturb_in_launch":false}},"spo2":{"enabled":true,"threshold":90},"support":{"heart_rate":true,"heart_rate_workout":false,"high_stress_index":false,"relaxation_prompt":true,"sedentary_reminder":true,"sleep_reminder":false,"spo2":true,"wear_detection":true},"wear_detection_status":{"is_worn":false,"last_updated_at":1774802214243}}
2026-03-29 22:07:19.665 | AlertService | queryCallback type=AlertFeatureSupportObtained
2026-03-29 22:07:19.667 | AlertService | saveAlertSettings={"device_address":"D8:5C:08:30:00:1E","heart_rate":{"low_enabled":false,"low_threshold":50,"resting_enabled":false,"resting_threshold":50,"workout_enabled":false,"workout_threshold":175},"pending_sync":{"heart_rate":false,"relaxation_prompt":false,"sedentary_reminder":false,"sleep_reminder":false,"spo2":false},"pressure_mode":{"relaxation_prompt_enabled":false,"stress_monitoring_enabled":false},"sedentary_reminder":{"end_hour":18,"end_minute":0,"interval":60,"repeat_count":0,"start_hour":9,"start_minute":0,"status":false},"sleep_reminder":{"hour":0,"millisecond":0,"minute":0,"second":0,"status":false},"snapshots":{"heart_rate":{"continuous_heart_rate_mode":0,"frequency":0,"mode":0},"pressure_mode":{"relaxation_warning_value":100},"screenless_heart_rate_realtime":{},"screenless_spo2_monitoring":{},"sedentary_reminder":{"no_disturb_in_launch":false}},"spo2":{"enabled":true,"threshold":90},"support":{"heart_rate":true,"heart_rate_workout":false,"high_stress_index":false,"relaxation_prompt":true,"sedentary_reminder":true,"sleep_reminder":false,"spo2":true,"wear_detection":true},"wear_detection_status":{"is_worn":false,"last_updated_at":1774802214243}}
2026-03-29 22:07:19.669 | AlertVM | handleQueryCallback type=PressureModeSettingsObtained
2026-03-29 22:07:19.670 | AlertVM | pressure query matchesStored=true pending=false phase=null
2026-03-29 22:07:19.671 | AlertVM | pressure query value={"relaxation_prompt_enabled":false,"stress_monitoring_enabled":false}
2026-03-29 22:07:19.673 | AlertVM | handleQueryCallback type=Default
2026-03-29 22:07:19.674 | AlertVM | handleQueryCallback type=AlertFeatureSupportObtained
2026-03-29 22:07:19.676 | AlertVM | support feature=RELAXATION_PROMPT supported=true
2026-03-29 22:07:19.677 | AlertVM | handleQueryCallback type=Default
2026-03-29 22:07:20.090 | AlertVM | saveHeartRateSettings requested={"low_enabled":false,"low_threshold":50,"resting_enabled":false,"resting_threshold":50,"workout_enabled":false,"workout_threshold":175}
2026-03-29 22:07:20.092 | AlertVM | persistFeature feature=HEART_RATE connected=true
2026-03-29 22:07:20.094 | AlertVM | persistFeature state={"device_address":"D8:5C:08:30:00:1E","heart_rate":{"low_enabled":false,"low_threshold":50,"resting_enabled":false,"resting_threshold":50,"workout_enabled":false,"workout_threshold":175},"pending_sync":{"heart_rate":true,"relaxation_prompt":false,"sedentary_reminder":false,"sleep_reminder":false,"spo2":false},"pressure_mode":{"relaxation_prompt_enabled":false,"stress_monitoring_enabled":false},"sedentary_reminder":{"end_hour":18,"end_minute":0,"interval":60,"repeat_count":0,"start_hour":9,"start_minute":0,"status":false},"sleep_reminder":{"hour":0,"millisecond":0,"minute":0,"second":0,"status":false},"snapshots":{"heart_rate":{"continuous_heart_rate_mode":0,"frequency":0,"mode":0},"pressure_mode":{"relaxation_warning_value":100},"screenless_heart_rate_realtime":{},"screenless_spo2_monitoring":{},"sedentary_reminder":{"no_disturb_in_launch":false}},"spo2":{"enabled":true,"threshold":90},"support":{"heart_rate":true,"heart_rate_workout":false,"high_stress_index":false,"relaxation_prompt":true,"sedentary_reminder":true,"sleep_reminder":false,"spo2":true,"wear_detection":true},"wear_detection_status":{"is_worn":false,"last_updated_at":1774802214243}}
2026-03-29 22:07:20.100 | AlertVM | syncQueuedFeatures feature=HEART_RATE requiresSnapshot=true
2026-03-29 22:07:20.102 | AlertVM | sendQuery feature=HEART_RATE
2026-03-29 22:07:20.106 | ZhQuery | getHeartRateInterval dispatched api=RealTimeHeartRateConfig deviceType=luna_band
2026-03-29 22:07:20.247 | AlertVM | saveHeartRateSettings requested={"low_enabled":false,"low_threshold":50,"resting_enabled":false,"resting_threshold":50,"workout_enabled":false,"workout_threshold":175}
2026-03-29 22:07:20.249 | AlertVM | persistFeature feature=HEART_RATE connected=true
2026-03-29 22:07:20.251 | AlertVM | persistFeature state={"device_address":"D8:5C:08:30:00:1E","heart_rate":{"low_enabled":false,"low_threshold":50,"resting_enabled":false,"resting_threshold":50,"workout_enabled":false,"workout_threshold":175},"pending_sync":{"heart_rate":true,"relaxation_prompt":false,"sedentary_reminder":false,"sleep_reminder":false,"spo2":false},"pressure_mode":{"relaxation_prompt_enabled":false,"stress_monitoring_enabled":false},"sedentary_reminder":{"end_hour":18,"end_minute":0,"interval":60,"repeat_count":0,"start_hour":9,"start_minute":0,"status":false},"sleep_reminder":{"hour":0,"millisecond":0,"minute":0,"second":0,"status":false},"snapshots":{"heart_rate":{"continuous_heart_rate_mode":0,"frequency":0,"mode":0},"pressure_mode":{"relaxation_warning_value":100},"screenless_heart_rate_realtime":{},"screenless_spo2_monitoring":{},"sedentary_reminder":{"no_disturb_in_launch":false}},"spo2":{"enabled":true,"threshold":90},"support":{"heart_rate":true,"heart_rate_workout":false,"high_stress_index":false,"relaxation_prompt":true,"sedentary_reminder":true,"sleep_reminder":false,"spo2":true,"wear_detection":true},"wear_detection_status":{"is_worn":false,"last_updated_at":1774802214243}}
2026-03-29 22:07:20.252 | AlertVM | syncQueuedFeatures skipped activePhase=SNAPSHOT_QUERY feature=HEART_RATE
2026-03-29 22:07:20.388 | AlertService | queryCallback type=UpdateFirmwareLogStatus
2026-03-29 22:07:20.395 | AlertVM | saveHeartRateSettings requested={"low_enabled":false,"low_threshold":50,"resting_enabled":false,"resting_threshold":50,"workout_enabled":false,"workout_threshold":175}
2026-03-29 22:07:20.398 | AlertVM | persistFeature feature=HEART_RATE connected=true
2026-03-29 22:07:20.399 | AlertVM | persistFeature state={"device_address":"D8:5C:08:30:00:1E","heart_rate":{"low_enabled":false,"low_threshold":50,"resting_enabled":false,"resting_threshold":50,"workout_enabled":false,"workout_threshold":175},"pending_sync":{"heart_rate":true,"relaxation_prompt":false,"sedentary_reminder":false,"sleep_reminder":false,"spo2":false},"pressure_mode":{"relaxation_prompt_enabled":false,"stress_monitoring_enabled":false},"sedentary_reminder":{"end_hour":18,"end_minute":0,"interval":60,"repeat_count":0,"start_hour":9,"start_minute":0,"status":false},"sleep_reminder":{"hour":0,"millisecond":0,"minute":0,"second":0,"status":false},"snapshots":{"heart_rate":{"continuous_heart_rate_mode":0,"frequency":0,"mode":0},"pressure_mode":{"relaxation_warning_value":100},"screenless_heart_rate_realtime":{},"screenless_spo2_monitoring":{},"sedentary_reminder":{"no_disturb_in_launch":false}},"spo2":{"enabled":true,"threshold":90},"support":{"heart_rate":true,"heart_rate_workout":false,"high_stress_index":false,"relaxation_prompt":true,"sedentary_reminder":true,"sleep_reminder":false,"spo2":true,"wear_detection":true},"wear_detection_status":{"is_worn":false,"last_updated_at":1774802214243}}
2026-03-29 22:07:20.400 | AlertVM | syncQueuedFeatures skipped activePhase=SNAPSHOT_QUERY feature=HEART_RATE
2026-03-29 22:07:20.402 | AlertVM | handleQueryCallback type=UpdateFirmwareLogStatus
2026-03-29 22:07:20.403 | AlertVM | handleQueryCallback type=Default
2026-03-29 22:07:20.538 | AlertVM | saveHeartRateSettings requested={"low_enabled":false,"low_threshold":50,"resting_enabled":false,"resting_threshold":50,"workout_enabled":false,"workout_threshold":175}
2026-03-29 22:07:20.539 | AlertVM | persistFeature feature=HEART_RATE connected=true
2026-03-29 22:07:20.541 | AlertVM | persistFeature state={"device_address":"D8:5C:08:30:00:1E","heart_rate":{"low_enabled":false,"low_threshold":50,"resting_enabled":false,"resting_threshold":50,"workout_enabled":false,"workout_threshold":175},"pending_sync":{"heart_rate":true,"relaxation_prompt":false,"sedentary_reminder":false,"sleep_reminder":false,"spo2":false},"pressure_mode":{"relaxation_prompt_enabled":false,"stress_monitoring_enabled":false},"sedentary_reminder":{"end_hour":18,"end_minute":0,"interval":60,"repeat_count":0,"start_hour":9,"start_minute":0,"status":false},"sleep_reminder":{"hour":0,"millisecond":0,"minute":0,"second":0,"status":false},"snapshots":{"heart_rate":{"continuous_heart_rate_mode":0,"frequency":0,"mode":0},"pressure_mode":{"relaxation_warning_value":100},"screenless_heart_rate_realtime":{},"screenless_spo2_monitoring":{},"sedentary_reminder":{"no_disturb_in_launch":false}},"spo2":{"enabled":true,"threshold":90},"support":{"heart_rate":true,"heart_rate_workout":false,"high_stress_index":false,"relaxation_prompt":true,"sedentary_reminder":true,"sleep_reminder":false,"spo2":true,"wear_detection":true},"wear_detection_status":{"is_worn":false,"last_updated_at":1774802214243}}
2026-03-29 22:07:20.542 | AlertVM | syncQueuedFeatures skipped activePhase=SNAPSHOT_QUERY feature=HEART_RATE
2026-03-29 22:07:20.559 | ZhQuery | onSedentaryReminderResult={"drinkWater":0,"endNoonTime":{"hour":0,"millisecond":0,"minuter":0,"second":0},"endTime":{"hour":0,"millisecond":0,"minuter":0,"second":0},"frequency":0,"isOn":false,"noDisturbInLaunch":false,"startNoonTime":{"hour":0,"millisecond":0,"minuter":0,"second":0},"startTime":{"hour":0,"millisecond":0,"minuter":0,"second":0}}
2026-03-29 22:07:20.560 | AlertService | queryCallback type=SedentaryDataObtained
2026-03-29 22:07:20.562 | AlertService | queryCallback type=SedentaryReminderSettingsObtained
2026-03-29 22:07:20.564 | AlertService | saveAlertSettings={"device_address":"D8:5C:08:30:00:1E","heart_rate":{"low_enabled":false,"low_threshold":50,"resting_enabled":false,"resting_threshold":50,"workout_enabled":false,"workout_threshold":175},"pending_sync":{"heart_rate":true,"relaxation_prompt":false,"sedentary_reminder":false,"sleep_reminder":false,"spo2":false},"pressure_mode":{"relaxation_prompt_enabled":false,"stress_monitoring_enabled":false},"sedentary_reminder":{"end_hour":18,"end_minute":0,"interval":60,"repeat_count":0,"start_hour":9,"start_minute":0,"status":false},"sleep_reminder":{"hour":0,"millisecond":0,"minute":0,"second":0,"status":false},"snapshots":{"heart_rate":{"continuous_heart_rate_mode":0,"frequency":0,"mode":0},"pressure_mode":{"relaxation_warning_value":100},"screenless_heart_rate_realtime":{},"screenless_spo2_monitoring":{},"sedentary_reminder":{"no_disturb_in_launch":false}},"spo2":{"enabled":true,"threshold":90},"support":{"heart_rate":true,"heart_rate_workout":false,"high_stress_index":false,"relaxation_prompt":true,"sedentary_reminder":true,"sleep_reminder":false,"spo2":true,"wear_detection":true},"wear_detection_status":{"is_worn":false,"last_updated_at":1774802214243}}
2026-03-29 22:07:20.565 | AlertService | queryCallback type=AlertFeatureSupportObtained
2026-03-29 22:07:20.572 | AlertService | saveAlertSettings={"device_address":"D8:5C:08:30:00:1E","heart_rate":{"low_enabled":false,"low_threshold":50,"resting_enabled":false,"resting_threshold":50,"workout_enabled":false,"workout_threshold":175},"pending_sync":{"heart_rate":true,"relaxation_prompt":false,"sedentary_reminder":false,"sleep_reminder":false,"spo2":false},"pressure_mode":{"relaxation_prompt_enabled":false,"stress_monitoring_enabled":false},"sedentary_reminder":{"end_hour":18,"end_minute":0,"interval":60,"repeat_count":0,"start_hour":9,"start_minute":0,"status":false},"sleep_reminder":{"hour":0,"millisecond":0,"minute":0,"second":0,"status":false},"snapshots":{"heart_rate":{"continuous_heart_rate_mode":0,"frequency":0,"mode":0},"pressure_mode":{"relaxation_warning_value":100},"screenless_heart_rate_realtime":{},"screenless_spo2_monitoring":{},"sedentary_reminder":{"no_disturb_in_launch":false}},"spo2":{"enabled":true,"threshold":90},"support":{"heart_rate":true,"heart_rate_workout":false,"high_stress_index":false,"relaxation_prompt":true,"sedentary_reminder":true,"sleep_reminder":false,"spo2":true,"wear_detection":true},"wear_detection_status":{"is_worn":false,"last_updated_at":1774802214243}}
2026-03-29 22:07:20.576 | AlertVM | handleQueryCallback type=SedentaryDataObtained
2026-03-29 22:07:20.578 | AlertVM | handleQueryCallback type=Default
2026-03-29 22:07:20.579 | AlertVM | handleQueryCallback type=SedentaryReminderSettingsObtained
2026-03-29 22:07:20.581 | AlertVM | sedentary query matchesStored=true pending=false phase=null
2026-03-29 22:07:20.582 | AlertVM | sedentary query value={"end_hour":0,"end_minute":0,"interval":0,"repeat_count":0,"start_hour":0,"start_minute":0,"status":false}
2026-03-29 22:07:20.584 | AlertVM | handleQueryCallback type=Default
2026-03-29 22:07:20.585 | AlertVM | handleQueryCallback type=AlertFeatureSupportObtained
2026-03-29 22:07:20.586 | AlertVM | support feature=SEDENTARY_REMINDER supported=true
2026-03-29 22:07:20.587 | AlertVM | handleQueryCallback type=Default
2026-03-29 22:07:21.336 | AlertService | queryCallback type=UpdateFirmwareLogStatus
2026-03-29 22:07:21.352 | AlertVM | handleQueryCallback type=UpdateFirmwareLogStatus
2026-03-29 22:07:21.355 | AlertVM | handleQueryCallback type=Default
2026-03-29 22:07:21.508 | AlertVM | saveHeartRateSettings requested={"low_enabled":false,"low_threshold":50,"resting_enabled":true,"resting_threshold":50,"workout_enabled":false,"workout_threshold":175}
2026-03-29 22:07:21.510 | AlertVM | persistFeature feature=HEART_RATE connected=true
2026-03-29 22:07:21.511 | AlertVM | persistFeature state={"device_address":"D8:5C:08:30:00:1E","heart_rate":{"low_enabled":false,"low_threshold":50,"resting_enabled":true,"resting_threshold":50,"workout_enabled":false,"workout_threshold":175},"pending_sync":{"heart_rate":true,"relaxation_prompt":false,"sedentary_reminder":false,"sleep_reminder":false,"spo2":false},"pressure_mode":{"relaxation_prompt_enabled":false,"stress_monitoring_enabled":false},"sedentary_reminder":{"end_hour":18,"end_minute":0,"interval":60,"repeat_count":0,"start_hour":9,"start_minute":0,"status":false},"sleep_reminder":{"hour":0,"millisecond":0,"minute":0,"second":0,"status":false},"snapshots":{"heart_rate":{"continuous_heart_rate_mode":0,"frequency":0,"mode":0},"pressure_mode":{"relaxation_warning_value":100},"screenless_heart_rate_realtime":{},"screenless_spo2_monitoring":{},"sedentary_reminder":{"no_disturb_in_launch":false}},"spo2":{"enabled":true,"threshold":90},"support":{"heart_rate":true,"heart_rate_workout":false,"high_stress_index":false,"relaxation_prompt":true,"sedentary_reminder":true,"sleep_reminder":false,"spo2":true,"wear_detection":true},"wear_detection_status":{"is_worn":false,"last_updated_at":1774802214243}}
2026-03-29 22:07:21.516 | AlertVM | syncQueuedFeatures skipped activePhase=SNAPSHOT_QUERY feature=HEART_RATE
2026-03-29 22:07:21.539 | ZhQuery | getHeartRateInterval api=RealTimeHeartRateConfig state=NOT_SUPPORT
2026-03-29 22:07:21.541 | AlertService | queryCallback type=AlertFeatureSupportObtained
2026-03-29 22:07:21.542 | AlertService | onAlertFeatureUnsupported feature=HEART_RATE
2026-03-29 22:07:21.544 | AlertService | saveAlertSettings={"device_address":"D8:5C:08:30:00:1E","heart_rate":{"low_enabled":false,"low_threshold":50,"resting_enabled":true,"resting_threshold":50,"workout_enabled":false,"workout_threshold":175},"pending_sync":{"heart_rate":false,"relaxation_prompt":false,"sedentary_reminder":false,"sleep_reminder":false,"spo2":false},"pressure_mode":{"relaxation_prompt_enabled":false,"stress_monitoring_enabled":false},"sedentary_reminder":{"end_hour":18,"end_minute":0,"interval":60,"repeat_count":0,"start_hour":9,"start_minute":0,"status":false},"sleep_reminder":{"hour":0,"millisecond":0,"minute":0,"second":0,"status":false},"snapshots":{"heart_rate":{"continuous_heart_rate_mode":0,"frequency":0,"mode":0},"pressure_mode":{"relaxation_warning_value":100},"screenless_heart_rate_realtime":{},"screenless_spo2_monitoring":{},"sedentary_reminder":{"no_disturb_in_launch":false}},"spo2":{"enabled":true,"threshold":90},"support":{"heart_rate":false,"heart_rate_workout":false,"high_stress_index":false,"relaxation_prompt":true,"sedentary_reminder":true,"sleep_reminder":false,"spo2":true,"wear_detection":true},"wear_detection_status":{"is_worn":false,"last_updated_at":1774802214243}}
2026-03-29 22:07:21.546 | AlertVM | handleQueryCallback type=AlertFeatureSupportObtained
2026-03-29 22:07:21.548 | AlertVM | support feature=HEART_RATE supported=false
2026-03-29 22:07:21.550 | AlertVM | handleQueryCallback type=Default
2026-03-29 22:07:22.518 | AlertService | queryCallback type=UpdateFirmwareLogStatus
2026-03-29 22:07:22.525 | AlertVM | handleQueryCallback type=UpdateFirmwareLogStatus
2026-03-29 22:07:22.528 | AlertVM | handleQueryCallback type=Default
2026-03-29 22:07:23.687 | AlertService | queryCallback type=UpdateFirmwareLogStatus
2026-03-29 22:07:23.700 | AlertVM | handleQueryCallback type=UpdateFirmwareLogStatus
2026-03-29 22:07:23.703 | AlertVM | handleQueryCallback type=Default
2026-03-29 22:07:23.736 | AlertUI | exportAlertLogs requested
2026-03-29 22:07:24.352 | AlertService | queryCallback type=UpdateFirmwareLogStatus
2026-03-29 22:07:24.366 | AlertVM | handleQueryCallback type=UpdateFirmwareLogStatus
2026-03-29 22:07:24.369 | AlertVM | handleQueryCallback type=Default
2026-03-29 22:07:25.530 | AlertService | queryCallback type=UpdateFirmwareLogStatus
2026-03-29 22:07:25.552 | AlertVM | handleQueryCallback type=UpdateFirmwareLogStatus
2026-03-29 22:07:25.556 | AlertVM | handleQueryCallback type=Default
2026-03-29 22:07:26.450 | AlertService | queryCallback type=UpdateFirmwareLogStatus
2026-03-29 22:07:26.469 | AlertVM | handleQueryCallback type=UpdateFirmwareLogStatus
2026-03-29 22:07:26.472 | AlertVM | handleQueryCallback type=Default
2026-03-29 22:07:27.644 | AlertService | queryCallback type=UpdateFirmwareLogStatus
2026-03-29 22:07:27.858 | AlertService | queryCallback type=BatteryDataObtained
2026-03-29 22:07:28.948 | AlertService | queryCallback type=UpdateFirmwareLogStatus
2026-03-29 22:07:29.436 | AlertService | queryCallback type=UpdateFirmwareLogStatus
2026-03-29 22:07:30.379 | AlertService | queryCallback type=UpdateFirmwareLogStatus
