2026-03-29 15:33:31.269 | AlertService | resetAlertSyncState
2026-03-29 15:33:31.277 | AlertService | syncPendingAlertSettings skipped disconnected
2026-03-29 15:33:31.588 | AlertService | queryCallback type=FirmwareVersionObtained
2026-03-29 15:33:31.593 | AlertService | queryCallback type=BatteryDataObtained
2026-03-29 15:33:31.888 | AlertService | queryCallback type=FirmwareVersionObtained
2026-03-29 15:33:31.891 | AlertService | queryCallback type=BatteryDataObtained
2026-03-29 15:33:32.199 | AlertService | queryCallback type=FirmwareVersionObtained
2026-03-29 15:33:32.201 | AlertService | queryCallback type=BatteryDataObtained
2026-03-29 15:33:33.403 | AlertService | queryCallback type=FirmwareVersionObtained
2026-03-29 15:33:33.406 | AlertService | queryCallback type=BatteryDataObtained
2026-03-29 15:33:35.333 | AlertService | updateCallback type=DeviceTimeSynced
2026-03-29 15:33:36.297 | AlertService | updateCallback type=UserInfoUpdated
2026-03-29 15:33:37.301 | AlertService | updateCallback type=DeviceUnitsUpdated
2026-03-29 15:33:40.184 | AlertService | updateCallback type=DeviceTimeSynced
2026-03-29 15:33:40.519 | AlertService | queryCallback type=BatteryDataObtained
2026-03-29 15:33:41.690 | AlertService | queryCallback type=BatteryDataObtained
2026-03-29 15:33:42.617 | AlertService | queryCallback type=FirmwareVersionObtained
2026-03-29 15:33:42.619 | AlertService | queryCallback type=BatteryDataObtained
2026-03-29 15:33:48.483 | AlertService | queryCallback type=BatteryDataObtained
2026-03-29 15:33:52.446 | AlertService | queryCallback type=UpdateFirmwareLogStatus
2026-03-29 15:33:54.558 | AlertService | queryCallback type=UpdateFirmwareLogStatus
2026-03-29 15:33:55.561 | AlertService | queryCallback type=UpdateFirmwareLogStatus
2026-03-29 15:33:56.529 | AlertService | queryCallback type=UpdateFirmwareLogStatus
2026-03-29 15:33:57.494 | AlertService | queryCallback type=UpdateFirmwareLogStatus
2026-03-29 15:33:58.482 | AlertService | queryCallback type=UpdateFirmwareLogStatus
2026-03-29 15:33:59.521 | AlertService | queryCallback type=UpdateFirmwareLogStatus
2026-03-29 15:34:00.525 | AlertService | queryCallback type=UpdateFirmwareLogStatus
2026-03-29 15:34:01.514 | AlertService | queryCallback type=UpdateFirmwareLogStatus
2026-03-29 15:34:02.547 | AlertService | queryCallback type=UpdateFirmwareLogStatus
2026-03-29 15:34:03.563 | AlertService | queryCallback type=UpdateFirmwareLogStatus
2026-03-29 15:34:04.509 | AlertService | queryCallback type=UpdateFirmwareLogStatus
2026-03-29 15:34:05.497 | AlertService | queryCallback type=UpdateFirmwareLogStatus
2026-03-29 15:34:06.525 | AlertService | queryCallback type=UpdateFirmwareLogStatus
2026-03-29 15:34:07.561 | AlertService | queryCallback type=UpdateFirmwareLogStatus
2026-03-29 15:34:08.551 | AlertService | queryCallback type=UpdateFirmwareLogStatus
2026-03-29 15:34:09.574 | AlertService | queryCallback type=UpdateFirmwareLogStatus
2026-03-29 15:34:10.276 | AlertUI | BlankTestFragment alert panel initialized
2026-03-29 15:34:10.289 | AlertVM | handleQueryCallback type=Default
2026-03-29 15:34:10.292 | AlertVM | handleUpdateCallback type=DeviceTimeSynced
2026-03-29 15:34:10.295 | AlertVM | onConnectedStateChanged state=ConnectSuccess
2026-03-29 15:34:10.297 | AlertVM | refreshFromBand dispatching alert queries
2026-03-29 15:34:10.302 | AlertVM | loadState={"device_address":"D8:5C:08:30:00:1E","heart_rate":{"low_enabled":false,"low_threshold":50,"resting_enabled":false,"resting_threshold":150,"workout_enabled":false,"workout_threshold":175},"pending_sync":{"heart_rate":false,"relaxation_prompt":false,"sedentary_reminder":false,"sleep_reminder":false,"spo2":false},"pressure_mode":{"relaxation_prompt_enabled":false,"stress_monitoring_enabled":false},"sedentary_reminder":{"end_hour":18,"end_minute":0,"interval":60,"repeat_count":0,"start_hour":9,"start_minute":0,"status":false},"sleep_reminder":{"hour":0,"millisecond":0,"minute":0,"second":0,"status":false},"snapshots":{"heart_rate":{},"sedentary_reminder":{}},"spo2":{"enabled":false,"threshold":75},"support":{"heart_rate":true,"high_stress_index":false,"relaxation_prompt":true,"sedentary_reminder":true,"sleep_reminder":true,"spo2":true,"wear_detection":false}}
2026-03-29 15:34:10.372 | ZhQuery | getHeartRateAlertSettings dispatched
2026-03-29 15:34:10.373 | ZhQuery | getSpo2AlertSettings dispatched
2026-03-29 15:34:10.388 | ZhQuery | getPressureModeSettings dispatched
2026-03-29 15:34:10.392 | ZhQuery | getSleepReminder dispatched
2026-03-29 15:34:10.401 | AlertVM | refreshFromBand dispatching alert queries
2026-03-29 15:34:10.403 | ZhQuery | getHeartRateAlertSettings dispatched
2026-03-29 15:34:10.408 | ZhQuery | getSpo2AlertSettings dispatched
2026-03-29 15:34:10.411 | ZhQuery | getPressureModeSettings dispatched
2026-03-29 15:34:10.417 | ZhQuery | getSleepReminder dispatched
2026-03-29 15:34:10.427 | AlertService | queryCallback type=BatteryDataObtained
2026-03-29 15:34:10.430 | AlertVM | handleQueryCallback type=BatteryDataObtained
2026-03-29 15:34:10.433 | AlertVM | handleQueryCallback type=Default
2026-03-29 15:34:10.718 | AlertService | queryCallback type=UpdateFirmwareLogStatus
2026-03-29 15:34:10.727 | AlertVM | handleQueryCallback type=UpdateFirmwareLogStatus
2026-03-29 15:34:10.730 | AlertVM | handleQueryCallback type=Default
2026-03-29 15:34:11.106 | ZhQuery | onHeartRateMonitorResult={"continuousHeartRateMode":0,"frequency":5,"isSportWarning":false,"isWarning":false,"lowWarningValue":0,"mode":0,"sportWarningValue":0,"warningValue":220}
2026-03-29 15:34:11.107 | AlertService | queryCallback type=HeartRateAlertDataObtained
2026-03-29 15:34:11.108 | AlertService | queryCallback type=HeartRateAlertSettingsObtained
2026-03-29 15:34:11.110 | AlertService | saveAlertSettings={"device_address":"D8:5C:08:30:00:1E","heart_rate":{"low_enabled":false,"low_threshold":0,"resting_enabled":false,"resting_threshold":220,"workout_enabled":false,"workout_threshold":0},"pending_sync":{"heart_rate":false,"relaxation_prompt":false,"sedentary_reminder":false,"sleep_reminder":false,"spo2":false},"pressure_mode":{"relaxation_prompt_enabled":false,"stress_monitoring_enabled":false},"sedentary_reminder":{"end_hour":18,"end_minute":0,"interval":60,"repeat_count":0,"start_hour":9,"start_minute":0,"status":false},"sleep_reminder":{"hour":0,"millisecond":0,"minute":0,"second":0,"status":false},"snapshots":{"heart_rate":{"continuous_heart_rate_mode":0,"frequency":5,"mode":0},"sedentary_reminder":{}},"spo2":{"enabled":false,"threshold":75},"support":{"heart_rate":true,"high_stress_index":false,"relaxation_prompt":true,"sedentary_reminder":true,"sleep_reminder":true,"spo2":true,"wear_detection":false}}
2026-03-29 15:34:11.113 | AlertService | onAlertQueryCompleted feature=HEART_RATE phase=null matchesStored=false
2026-03-29 15:34:11.115 | AlertService | queryCallback type=AlertFeatureSupportObtained
2026-03-29 15:34:11.116 | AlertService | saveAlertSettings={"device_address":"D8:5C:08:30:00:1E","heart_rate":{"low_enabled":false,"low_threshold":0,"resting_enabled":false,"resting_threshold":220,"workout_enabled":false,"workout_threshold":0},"pending_sync":{"heart_rate":false,"relaxation_prompt":false,"sedentary_reminder":false,"sleep_reminder":false,"spo2":false},"pressure_mode":{"relaxation_prompt_enabled":false,"stress_monitoring_enabled":false},"sedentary_reminder":{"end_hour":18,"end_minute":0,"interval":60,"repeat_count":0,"start_hour":9,"start_minute":0,"status":false},"sleep_reminder":{"hour":0,"millisecond":0,"minute":0,"second":0,"status":false},"snapshots":{"heart_rate":{"continuous_heart_rate_mode":0,"frequency":5,"mode":0},"sedentary_reminder":{}},"spo2":{"enabled":false,"threshold":75},"support":{"heart_rate":true,"high_stress_index":false,"relaxation_prompt":true,"sedentary_reminder":true,"sleep_reminder":true,"spo2":true,"wear_detection":false}}
2026-03-29 15:34:11.119 | ZhQuery | getHeartRateAlertSettings state=SUCCEED
2026-03-29 15:34:11.123 | ZhQuery | getHeartRateAlertSettings state=SUCCEED
2026-03-29 15:34:11.125 | AlertVM | handleQueryCallback type=HeartRateAlertDataObtained
2026-03-29 15:34:11.126 | AlertVM | handleQueryCallback type=Default
2026-03-29 15:34:11.127 | AlertVM | handleQueryCallback type=HeartRateAlertSettingsObtained
2026-03-29 15:34:11.128 | AlertVM | heartRate query matchesStored=true
2026-03-29 15:34:11.130 | AlertVM | heartRate query value={"low_enabled":false,"low_threshold":0,"resting_enabled":false,"resting_threshold":220,"workout_enabled":false,"workout_threshold":0}
2026-03-29 15:34:11.131 | AlertVM | handleQueryCallback type=Default
2026-03-29 15:34:11.133 | AlertVM | handleQueryCallback type=AlertFeatureSupportObtained
2026-03-29 15:34:11.134 | AlertVM | support feature=HEART_RATE supported=true
2026-03-29 15:34:11.136 | AlertVM | handleQueryCallback type=Default
2026-03-29 15:34:11.294 | ZhQuery | onSWSPO2Monitor={"isWarning":true,"warningValue":90}
2026-03-29 15:34:11.296 | AlertService | queryCallback type=Spo2AlertSettingsObtained
2026-03-29 15:34:11.297 | AlertService | saveAlertSettings={"device_address":"D8:5C:08:30:00:1E","heart_rate":{"low_enabled":false,"low_threshold":0,"resting_enabled":false,"resting_threshold":220,"workout_enabled":false,"workout_threshold":0},"pending_sync":{"heart_rate":false,"relaxation_prompt":false,"sedentary_reminder":false,"sleep_reminder":false,"spo2":false},"pressure_mode":{"relaxation_prompt_enabled":false,"stress_monitoring_enabled":false},"sedentary_reminder":{"end_hour":18,"end_minute":0,"interval":60,"repeat_count":0,"start_hour":9,"start_minute":0,"status":false},"sleep_reminder":{"hour":0,"millisecond":0,"minute":0,"second":0,"status":false},"snapshots":{"heart_rate":{"continuous_heart_rate_mode":0,"frequency":5,"mode":0},"sedentary_reminder":{}},"spo2":{"enabled":true,"threshold":90},"support":{"heart_rate":true,"high_stress_index":false,"relaxation_prompt":true,"sedentary_reminder":true,"sleep_reminder":true,"spo2":true,"wear_detection":false}}
2026-03-29 15:34:11.302 | AlertService | onAlertQueryCompleted feature=SPO2 phase=null matchesStored=false
2026-03-29 15:34:11.306 | AlertService | queryCallback type=AlertFeatureSupportObtained
2026-03-29 15:34:11.309 | AlertService | saveAlertSettings={"device_address":"D8:5C:08:30:00:1E","heart_rate":{"low_enabled":false,"low_threshold":0,"resting_enabled":false,"resting_threshold":220,"workout_enabled":false,"workout_threshold":0},"pending_sync":{"heart_rate":false,"relaxation_prompt":false,"sedentary_reminder":false,"sleep_reminder":false,"spo2":false},"pressure_mode":{"relaxation_prompt_enabled":false,"stress_monitoring_enabled":false},"sedentary_reminder":{"end_hour":18,"end_minute":0,"interval":60,"repeat_count":0,"start_hour":9,"start_minute":0,"status":false},"sleep_reminder":{"hour":0,"millisecond":0,"minute":0,"second":0,"status":false},"snapshots":{"heart_rate":{"continuous_heart_rate_mode":0,"frequency":5,"mode":0},"sedentary_reminder":{}},"spo2":{"enabled":true,"threshold":90},"support":{"heart_rate":true,"high_stress_index":false,"relaxation_prompt":true,"sedentary_reminder":true,"sleep_reminder":true,"spo2":true,"wear_detection":false}}
2026-03-29 15:34:11.311 | ZhQuery | getSpo2AlertSettings state=SUCCEED
2026-03-29 15:34:11.313 | ZhQuery | getSpo2AlertSettings state=SUCCEED
2026-03-29 15:34:11.314 | AlertVM | handleQueryCallback type=Spo2AlertSettingsObtained
2026-03-29 15:34:11.318 | AlertVM | spo2 query matchesStored=true
2026-03-29 15:34:11.319 | AlertVM | spo2 query value={"enabled":true,"threshold":90}
2026-03-29 15:34:11.321 | AlertVM | handleQueryCallback type=Default
2026-03-29 15:34:11.322 | AlertVM | handleQueryCallback type=AlertFeatureSupportObtained
2026-03-29 15:34:11.324 | AlertVM | support feature=SPO2 supported=true
2026-03-29 15:34:11.325 | AlertVM | handleQueryCallback type=Default
2026-03-29 15:34:11.759 | AlertService | queryCallback type=UpdateFirmwareLogStatus
2026-03-29 15:34:11.770 | AlertVM | handleQueryCallback type=UpdateFirmwareLogStatus
2026-03-29 15:34:11.772 | AlertVM | handleQueryCallback type=Default
2026-03-29 15:34:12.010 | ZhQuery | getPressureModeSettings state=NOT_SUPPORT
2026-03-29 15:34:12.012 | AlertService | queryCallback type=AlertFeatureSupportObtained
2026-03-29 15:34:12.014 | AlertService | onAlertFeatureUnsupported feature=RELAXATION_PROMPT
2026-03-29 15:34:12.018 | AlertService | saveAlertSettings={"device_address":"D8:5C:08:30:00:1E","heart_rate":{"low_enabled":false,"low_threshold":0,"resting_enabled":false,"resting_threshold":220,"workout_enabled":false,"workout_threshold":0},"pending_sync":{"heart_rate":false,"relaxation_prompt":false,"sedentary_reminder":false,"sleep_reminder":false,"spo2":false},"pressure_mode":{"relaxation_prompt_enabled":false,"stress_monitoring_enabled":false},"sedentary_reminder":{"end_hour":18,"end_minute":0,"interval":60,"repeat_count":0,"start_hour":9,"start_minute":0,"status":false},"sleep_reminder":{"hour":0,"millisecond":0,"minute":0,"second":0,"status":false},"snapshots":{"heart_rate":{"continuous_heart_rate_mode":0,"frequency":5,"mode":0},"sedentary_reminder":{}},"spo2":{"enabled":true,"threshold":90},"support":{"heart_rate":true,"high_stress_index":false,"relaxation_prompt":false,"sedentary_reminder":true,"sleep_reminder":true,"spo2":true,"wear_detection":false}}
2026-03-29 15:34:12.020 | ZhQuery | getPressureModeSettings state=NOT_SUPPORT
2026-03-29 15:34:12.025 | AlertService | queryCallback type=AlertFeatureSupportObtained
2026-03-29 15:34:12.026 | AlertService | onAlertFeatureUnsupported feature=RELAXATION_PROMPT
2026-03-29 15:34:12.028 | AlertService | saveAlertSettings={"device_address":"D8:5C:08:30:00:1E","heart_rate":{"low_enabled":false,"low_threshold":0,"resting_enabled":false,"resting_threshold":220,"workout_enabled":false,"workout_threshold":0},"pending_sync":{"heart_rate":false,"relaxation_prompt":false,"sedentary_reminder":false,"sleep_reminder":false,"spo2":false},"pressure_mode":{"relaxation_prompt_enabled":false,"stress_monitoring_enabled":false},"sedentary_reminder":{"end_hour":18,"end_minute":0,"interval":60,"repeat_count":0,"start_hour":9,"start_minute":0,"status":false},"sleep_reminder":{"hour":0,"millisecond":0,"minute":0,"second":0,"status":false},"snapshots":{"heart_rate":{"continuous_heart_rate_mode":0,"frequency":5,"mode":0},"sedentary_reminder":{}},"spo2":{"enabled":true,"threshold":90},"support":{"heart_rate":true,"high_stress_index":false,"relaxation_prompt":false,"sedentary_reminder":true,"sleep_reminder":true,"spo2":true,"wear_detection":false}}
2026-03-29 15:34:12.031 | AlertVM | handleQueryCallback type=AlertFeatureSupportObtained
2026-03-29 15:34:12.034 | AlertVM | support feature=RELAXATION_PROMPT supported=false
2026-03-29 15:34:12.036 | AlertVM | handleQueryCallback type=Default
2026-03-29 15:34:12.037 | AlertVM | handleQueryCallback type=AlertFeatureSupportObtained
2026-03-29 15:34:12.039 | AlertVM | support feature=RELAXATION_PROMPT supported=false
2026-03-29 15:34:12.040 | AlertVM | handleQueryCallback type=Default
2026-03-29 15:34:12.330 | ZhQuery | getSleepReminder state=NOT_SUPPORT
2026-03-29 15:34:12.332 | AlertService | queryCallback type=AlertFeatureSupportObtained
2026-03-29 15:34:12.335 | AlertService | onAlertFeatureUnsupported feature=SLEEP_REMINDER
2026-03-29 15:34:12.338 | AlertService | saveAlertSettings={"device_address":"D8:5C:08:30:00:1E","heart_rate":{"low_enabled":false,"low_threshold":0,"resting_enabled":false,"resting_threshold":220,"workout_enabled":false,"workout_threshold":0},"pending_sync":{"heart_rate":false,"relaxation_prompt":false,"sedentary_reminder":false,"sleep_reminder":false,"spo2":false},"pressure_mode":{"relaxation_prompt_enabled":false,"stress_monitoring_enabled":false},"sedentary_reminder":{"end_hour":18,"end_minute":0,"interval":60,"repeat_count":0,"start_hour":9,"start_minute":0,"status":false},"sleep_reminder":{"hour":0,"millisecond":0,"minute":0,"second":0,"status":false},"snapshots":{"heart_rate":{"continuous_heart_rate_mode":0,"frequency":5,"mode":0},"sedentary_reminder":{}},"spo2":{"enabled":true,"threshold":90},"support":{"heart_rate":true,"high_stress_index":false,"relaxation_prompt":false,"sedentary_reminder":true,"sleep_reminder":false,"spo2":true,"wear_detection":false}}
2026-03-29 15:34:12.341 | ZhQuery | getSleepReminder state=NOT_SUPPORT
2026-03-29 15:34:12.343 | AlertService | queryCallback type=AlertFeatureSupportObtained
2026-03-29 15:34:12.346 | AlertService | onAlertFeatureUnsupported feature=SLEEP_REMINDER
2026-03-29 15:34:12.348 | AlertService | saveAlertSettings={"device_address":"D8:5C:08:30:00:1E","heart_rate":{"low_enabled":false,"low_threshold":0,"resting_enabled":false,"resting_threshold":220,"workout_enabled":false,"workout_threshold":0},"pending_sync":{"heart_rate":false,"relaxation_prompt":false,"sedentary_reminder":false,"sleep_reminder":false,"spo2":false},"pressure_mode":{"relaxation_prompt_enabled":false,"stress_monitoring_enabled":false},"sedentary_reminder":{"end_hour":18,"end_minute":0,"interval":60,"repeat_count":0,"start_hour":9,"start_minute":0,"status":false},"sleep_reminder":{"hour":0,"millisecond":0,"minute":0,"second":0,"status":false},"snapshots":{"heart_rate":{"continuous_heart_rate_mode":0,"frequency":5,"mode":0},"sedentary_reminder":{}},"spo2":{"enabled":true,"threshold":90},"support":{"heart_rate":true,"high_stress_index":false,"relaxation_prompt":false,"sedentary_reminder":true,"sleep_reminder":false,"spo2":true,"wear_detection":false}}
2026-03-29 15:34:12.351 | AlertVM | handleQueryCallback type=AlertFeatureSupportObtained
2026-03-29 15:34:12.353 | AlertVM | support feature=SLEEP_REMINDER supported=false
2026-03-29 15:34:12.355 | AlertVM | handleQueryCallback type=Default
2026-03-29 15:34:12.356 | AlertVM | handleQueryCallback type=AlertFeatureSupportObtained
2026-03-29 15:34:12.357 | AlertVM | support feature=SLEEP_REMINDER supported=false
2026-03-29 15:34:12.360 | AlertVM | handleQueryCallback type=Default
2026-03-29 15:34:12.636 | AlertService | queryCallback type=UpdateFirmwareLogStatus
2026-03-29 15:34:12.646 | AlertVM | handleQueryCallback type=UpdateFirmwareLogStatus
2026-03-29 15:34:12.647 | AlertVM | handleQueryCallback type=Default
2026-03-29 15:34:12.911 | ZhQuery | onSedentaryReminderResult={"drinkWater":0,"endNoonTime":{"hour":0,"millisecond":0,"minuter":0,"second":0},"endTime":{"hour":0,"millisecond":0,"minuter":0,"second":0},"frequency":0,"isOn":false,"noDisturbInLaunch":false,"startNoonTime":{"hour":0,"millisecond":0,"minuter":0,"second":0},"startTime":{"hour":0,"millisecond":0,"minuter":0,"second":0}}
2026-03-29 15:34:12.913 | AlertService | queryCallback type=SedentaryDataObtained
2026-03-29 15:34:12.918 | AlertService | queryCallback type=SedentaryReminderSettingsObtained
2026-03-29 15:34:12.921 | AlertService | saveAlertSettings={"device_address":"D8:5C:08:30:00:1E","heart_rate":{"low_enabled":false,"low_threshold":0,"resting_enabled":false,"resting_threshold":220,"workout_enabled":false,"workout_threshold":0},"pending_sync":{"heart_rate":false,"relaxation_prompt":false,"sedentary_reminder":false,"sleep_reminder":false,"spo2":false},"pressure_mode":{"relaxation_prompt_enabled":false,"stress_monitoring_enabled":false},"sedentary_reminder":{"end_hour":0,"end_minute":0,"interval":0,"repeat_count":0,"start_hour":0,"start_minute":0,"status":false},"sleep_reminder":{"hour":0,"millisecond":0,"minute":0,"second":0,"status":false},"snapshots":{"heart_rate":{"continuous_heart_rate_mode":0,"frequency":5,"mode":0},"sedentary_reminder":{"end_noon_hour":0,"end_noon_minute":0,"no_disturb_in_launch":false,"start_noon_hour":0,"start_noon_minute":0}},"spo2":{"enabled":true,"threshold":90},"support":{"heart_rate":true,"high_stress_index":false,"relaxation_prompt":false,"sedentary_reminder":true,"sleep_reminder":false,"spo2":true,"wear_detection":false}}
2026-03-29 15:34:12.922 | AlertService | onAlertQueryCompleted feature=SEDENTARY_REMINDER phase=null matchesStored=false
2026-03-29 15:34:12.925 | AlertService | queryCallback type=AlertFeatureSupportObtained
2026-03-29 15:34:12.932 | AlertService | saveAlertSettings={"device_address":"D8:5C:08:30:00:1E","heart_rate":{"low_enabled":false,"low_threshold":0,"resting_enabled":false,"resting_threshold":220,"workout_enabled":false,"workout_threshold":0},"pending_sync":{"heart_rate":false,"relaxation_prompt":false,"sedentary_reminder":false,"sleep_reminder":false,"spo2":false},"pressure_mode":{"relaxation_prompt_enabled":false,"stress_monitoring_enabled":false},"sedentary_reminder":{"end_hour":0,"end_minute":0,"interval":0,"repeat_count":0,"start_hour":0,"start_minute":0,"status":false},"sleep_reminder":{"hour":0,"millisecond":0,"minute":0,"second":0,"status":false},"snapshots":{"heart_rate":{"continuous_heart_rate_mode":0,"frequency":5,"mode":0},"sedentary_reminder":{"end_noon_hour":0,"end_noon_minute":0,"no_disturb_in_launch":false,"start_noon_hour":0,"start_noon_minute":0}},"spo2":{"enabled":true,"threshold":90},"support":{"heart_rate":true,"high_stress_index":false,"relaxation_prompt":false,"sedentary_reminder":true,"sleep_reminder":false,"spo2":true,"wear_detection":false}}
2026-03-29 15:34:12.934 | AlertVM | handleQueryCallback type=SedentaryDataObtained
2026-03-29 15:34:12.941 | AlertVM | handleQueryCallback type=Default
2026-03-29 15:34:12.944 | AlertVM | handleQueryCallback type=SedentaryReminderSettingsObtained
2026-03-29 15:34:12.945 | AlertVM | sedentary query matchesStored=true
2026-03-29 15:34:12.953 | AlertVM | sedentary query value={"end_hour":0,"end_minute":0,"interval":0,"repeat_count":0,"start_hour":0,"start_minute":0,"status":false}
2026-03-29 15:34:12.958 | AlertVM | handleQueryCallback type=Default
2026-03-29 15:34:12.963 | AlertVM | handleQueryCallback type=AlertFeatureSupportObtained
2026-03-29 15:34:12.966 | AlertVM | support feature=SEDENTARY_REMINDER supported=true
2026-03-29 15:34:12.968 | AlertVM | handleQueryCallback type=Default
2026-03-29 15:34:13.435 | ZhQuery | onHeartRateMonitorResult={"continuousHeartRateMode":0,"frequency":5,"isSportWarning":false,"isWarning":false,"lowWarningValue":0,"mode":0,"sportWarningValue":0,"warningValue":220}
2026-03-29 15:34:13.437 | AlertService | queryCallback type=HeartRateAlertDataObtained
2026-03-29 15:34:13.440 | AlertService | queryCallback type=HeartRateAlertSettingsObtained
2026-03-29 15:34:13.441 | AlertService | saveAlertSettings={"device_address":"D8:5C:08:30:00:1E","heart_rate":{"low_enabled":false,"low_threshold":0,"resting_enabled":false,"resting_threshold":220,"workout_enabled":false,"workout_threshold":0},"pending_sync":{"heart_rate":false,"relaxation_prompt":false,"sedentary_reminder":false,"sleep_reminder":false,"spo2":false},"pressure_mode":{"relaxation_prompt_enabled":false,"stress_monitoring_enabled":false},"sedentary_reminder":{"end_hour":0,"end_minute":0,"interval":0,"repeat_count":0,"start_hour":0,"start_minute":0,"status":false},"sleep_reminder":{"hour":0,"millisecond":0,"minute":0,"second":0,"status":false},"snapshots":{"heart_rate":{"continuous_heart_rate_mode":0,"frequency":5,"mode":0},"sedentary_reminder":{"end_noon_hour":0,"end_noon_minute":0,"no_disturb_in_launch":false,"start_noon_hour":0,"start_noon_minute":0}},"spo2":{"enabled":true,"threshold":90},"support":{"heart_rate":true,"high_stress_index":false,"relaxation_prompt":false,"sedentary_reminder":true,"sleep_reminder":false,"spo2":true,"wear_detection":false}}
2026-03-29 15:34:13.442 | AlertService | onAlertQueryCompleted feature=HEART_RATE phase=null matchesStored=true
2026-03-29 15:34:13.444 | AlertService | queryCallback type=AlertFeatureSupportObtained
2026-03-29 15:34:13.445 | AlertService | saveAlertSettings={"device_address":"D8:5C:08:30:00:1E","heart_rate":{"low_enabled":false,"low_threshold":0,"resting_enabled":false,"resting_threshold":220,"workout_enabled":false,"workout_threshold":0},"pending_sync":{"heart_rate":false,"relaxation_prompt":false,"sedentary_reminder":false,"sleep_reminder":false,"spo2":false},"pressure_mode":{"relaxation_prompt_enabled":false,"stress_monitoring_enabled":false},"sedentary_reminder":{"end_hour":0,"end_minute":0,"interval":0,"repeat_count":0,"start_hour":0,"start_minute":0,"status":false},"sleep_reminder":{"hour":0,"millisecond":0,"minute":0,"second":0,"status":false},"snapshots":{"heart_rate":{"continuous_heart_rate_mode":0,"frequency":5,"mode":0},"sedentary_reminder":{"end_noon_hour":0,"end_noon_minute":0,"no_disturb_in_launch":false,"start_noon_hour":0,"start_noon_minute":0}},"spo2":{"enabled":true,"threshold":90},"support":{"heart_rate":true,"high_stress_index":false,"relaxation_prompt":false,"sedentary_reminder":true,"sleep_reminder":false,"spo2":true,"wear_detection":false}}
2026-03-29 15:34:14.012 | AlertService | queryCallback type=UpdateFirmwareLogStatus
2026-03-29 15:34:14.065 | ZhQuery | onSWSPO2Monitor={"isWarning":true,"warningValue":90}
2026-03-29 15:34:14.069 | AlertService | queryCallback type=Spo2AlertSettingsObtained
2026-03-29 15:34:14.078 | AlertService | saveAlertSettings={"device_address":"D8:5C:08:30:00:1E","heart_rate":{"low_enabled":false,"low_threshold":0,"resting_enabled":false,"resting_threshold":220,"workout_enabled":false,"workout_threshold":0},"pending_sync":{"heart_rate":false,"relaxation_prompt":false,"sedentary_reminder":false,"sleep_reminder":false,"spo2":false},"pressure_mode":{"relaxation_prompt_enabled":false,"stress_monitoring_enabled":false},"sedentary_reminder":{"end_hour":0,"end_minute":0,"interval":0,"repeat_count":0,"start_hour":0,"start_minute":0,"status":false},"sleep_reminder":{"hour":0,"millisecond":0,"minute":0,"second":0,"status":false},"snapshots":{"heart_rate":{"continuous_heart_rate_mode":0,"frequency":5,"mode":0},"sedentary_reminder":{"end_noon_hour":0,"end_noon_minute":0,"no_disturb_in_launch":false,"start_noon_hour":0,"start_noon_minute":0}},"spo2":{"enabled":true,"threshold":90},"support":{"heart_rate":true,"high_stress_index":false,"relaxation_prompt":false,"sedentary_reminder":true,"sleep_reminder":false,"spo2":true,"wear_detection":false}}
2026-03-29 15:34:14.080 | AlertService | onAlertQueryCompleted feature=SPO2 phase=null matchesStored=true
2026-03-29 15:34:14.081 | AlertService | queryCallback type=AlertFeatureSupportObtained
2026-03-29 15:34:14.083 | AlertService | saveAlertSettings={"device_address":"D8:5C:08:30:00:1E","heart_rate":{"low_enabled":false,"low_threshold":0,"resting_enabled":false,"resting_threshold":220,"workout_enabled":false,"workout_threshold":0},"pending_sync":{"heart_rate":false,"relaxation_prompt":false,"sedentary_reminder":false,"sleep_reminder":false,"spo2":false},"pressure_mode":{"relaxation_prompt_enabled":false,"stress_monitoring_enabled":false},"sedentary_reminder":{"end_hour":0,"end_minute":0,"interval":0,"repeat_count":0,"start_hour":0,"start_minute":0,"status":false},"sleep_reminder":{"hour":0,"millisecond":0,"minute":0,"second":0,"status":false},"snapshots":{"heart_rate":{"continuous_heart_rate_mode":0,"frequency":5,"mode":0},"sedentary_reminder":{"end_noon_hour":0,"end_noon_minute":0,"no_disturb_in_launch":false,"start_noon_hour":0,"start_noon_minute":0}},"spo2":{"enabled":true,"threshold":90},"support":{"heart_rate":true,"high_stress_index":false,"relaxation_prompt":false,"sedentary_reminder":true,"sleep_reminder":false,"spo2":true,"wear_detection":false}}
2026-03-29 15:34:14.753 | AlertService | queryCallback type=UpdateFirmwareLogStatus
2026-03-29 15:34:15.027 | ZhQuery | onSedentaryReminderResult={"drinkWater":0,"endNoonTime":{"hour":0,"millisecond":0,"minuter":0,"second":0},"endTime":{"hour":0,"millisecond":0,"minuter":0,"second":0},"frequency":0,"isOn":false,"noDisturbInLaunch":false,"startNoonTime":{"hour":0,"millisecond":0,"minuter":0,"second":0},"startTime":{"hour":0,"millisecond":0,"minuter":0,"second":0}}
2026-03-29 15:34:15.029 | AlertService | queryCallback type=SedentaryDataObtained
2026-03-29 15:34:15.030 | AlertService | queryCallback type=SedentaryReminderSettingsObtained
2026-03-29 15:34:15.032 | AlertService | saveAlertSettings={"device_address":"D8:5C:08:30:00:1E","heart_rate":{"low_enabled":false,"low_threshold":0,"resting_enabled":false,"resting_threshold":220,"workout_enabled":false,"workout_threshold":0},"pending_sync":{"heart_rate":false,"relaxation_prompt":false,"sedentary_reminder":false,"sleep_reminder":false,"spo2":false},"pressure_mode":{"relaxation_prompt_enabled":false,"stress_monitoring_enabled":false},"sedentary_reminder":{"end_hour":0,"end_minute":0,"interval":0,"repeat_count":0,"start_hour":0,"start_minute":0,"status":false},"sleep_reminder":{"hour":0,"millisecond":0,"minute":0,"second":0,"status":false},"snapshots":{"heart_rate":{"continuous_heart_rate_mode":0,"frequency":5,"mode":0},"sedentary_reminder":{"end_noon_hour":0,"end_noon_minute":0,"no_disturb_in_launch":false,"start_noon_hour":0,"start_noon_minute":0}},"spo2":{"enabled":true,"threshold":90},"support":{"heart_rate":true,"high_stress_index":false,"relaxation_prompt":false,"sedentary_reminder":true,"sleep_reminder":false,"spo2":true,"wear_detection":false}}
2026-03-29 15:34:15.034 | AlertService | onAlertQueryCompleted feature=SEDENTARY_REMINDER phase=null matchesStored=true
2026-03-29 15:34:15.036 | AlertService | queryCallback type=AlertFeatureSupportObtained
2026-03-29 15:34:15.037 | AlertService | saveAlertSettings={"device_address":"D8:5C:08:30:00:1E","heart_rate":{"low_enabled":false,"low_threshold":0,"resting_enabled":false,"resting_threshold":220,"workout_enabled":false,"workout_threshold":0},"pending_sync":{"heart_rate":false,"relaxation_prompt":false,"sedentary_reminder":false,"sleep_reminder":false,"spo2":false},"pressure_mode":{"relaxation_prompt_enabled":false,"stress_monitoring_enabled":false},"sedentary_reminder":{"end_hour":0,"end_minute":0,"interval":0,"repeat_count":0,"start_hour":0,"start_minute":0,"status":false},"sleep_reminder":{"hour":0,"millisecond":0,"minute":0,"second":0,"status":false},"snapshots":{"heart_rate":{"continuous_heart_rate_mode":0,"frequency":5,"mode":0},"sedentary_reminder":{"end_noon_hour":0,"end_noon_minute":0,"no_disturb_in_launch":false,"start_noon_hour":0,"start_noon_minute":0}},"spo2":{"enabled":true,"threshold":90},"support":{"heart_rate":true,"high_stress_index":false,"relaxation_prompt":false,"sedentary_reminder":true,"sleep_reminder":false,"spo2":true,"wear_detection":false}}
2026-03-29 15:34:15.557 | AlertService | queryCallback type=UpdateFirmwareLogStatus
2026-03-29 15:34:16.555 | AlertService | queryCallback type=UpdateFirmwareLogStatus
2026-03-29 15:34:17.541 | AlertService | queryCallback type=UpdateFirmwareLogStatus
2026-03-29 15:34:18.504 | AlertUI | BlankTestFragment alert panel initialized
2026-03-29 15:34:18.506 | AlertVM | handleQueryCallback type=Default
2026-03-29 15:34:18.508 | AlertVM | onConnectedStateChanged state=ConnectSuccess
2026-03-29 15:34:18.509 | AlertVM | refreshFromBand dispatching alert queries
2026-03-29 15:34:18.514 | AlertVM | loadState={"device_address":"D8:5C:08:30:00:1E","heart_rate":{"low_enabled":false,"low_threshold":0,"resting_enabled":false,"resting_threshold":220,"workout_enabled":false,"workout_threshold":0},"pending_sync":{"heart_rate":false,"relaxation_prompt":false,"sedentary_reminder":false,"sleep_reminder":false,"spo2":false},"pressure_mode":{"relaxation_prompt_enabled":false,"stress_monitoring_enabled":false},"sedentary_reminder":{"end_hour":0,"end_minute":0,"interval":0,"repeat_count":0,"start_hour":0,"start_minute":0,"status":false},"sleep_reminder":{"hour":0,"millisecond":0,"minute":0,"second":0,"status":false},"snapshots":{"heart_rate":{"continuous_heart_rate_mode":0,"frequency":5,"mode":0},"sedentary_reminder":{"end_noon_hour":0,"end_noon_minute":0,"no_disturb_in_launch":false,"start_noon_hour":0,"start_noon_minute":0}},"spo2":{"enabled":true,"threshold":90},"support":{"heart_rate":true,"high_stress_index":false,"relaxation_prompt":false,"sedentary_reminder":true,"sleep_reminder":false,"spo2":true,"wear_detection":false}}
2026-03-29 15:34:18.566 | ZhQuery | getHeartRateAlertSettings dispatched
2026-03-29 15:34:18.569 | ZhQuery | getSpo2AlertSettings dispatched
2026-03-29 15:34:18.573 | ZhQuery | getPressureModeSettings dispatched
2026-03-29 15:34:18.578 | ZhQuery | getSleepReminder dispatched
2026-03-29 15:34:18.583 | AlertVM | refreshFromBand dispatching alert queries
2026-03-29 15:34:18.593 | AlertService | queryCallback type=UpdateFirmwareLogStatus
2026-03-29 15:34:18.606 | ZhQuery | getHeartRateAlertSettings dispatched
2026-03-29 15:34:18.608 | ZhQuery | getSpo2AlertSettings dispatched
2026-03-29 15:34:18.610 | ZhQuery | getPressureModeSettings dispatched
2026-03-29 15:34:18.614 | ZhQuery | getSleepReminder dispatched
2026-03-29 15:34:18.622 | AlertVM | handleQueryCallback type=UpdateFirmwareLogStatus
2026-03-29 15:34:18.624 | AlertVM | handleQueryCallback type=Default
2026-03-29 15:34:18.868 | ZhQuery | onHeartRateMonitorResult={"continuousHeartRateMode":0,"frequency":5,"isSportWarning":false,"isWarning":false,"lowWarningValue":0,"mode":0,"sportWarningValue":0,"warningValue":220}
2026-03-29 15:34:18.871 | AlertService | queryCallback type=HeartRateAlertDataObtained
2026-03-29 15:34:18.874 | AlertService | queryCallback type=HeartRateAlertSettingsObtained
2026-03-29 15:34:18.878 | AlertService | saveAlertSettings={"device_address":"D8:5C:08:30:00:1E","heart_rate":{"low_enabled":false,"low_threshold":0,"resting_enabled":false,"resting_threshold":220,"workout_enabled":false,"workout_threshold":0},"pending_sync":{"heart_rate":false,"relaxation_prompt":false,"sedentary_reminder":false,"sleep_reminder":false,"spo2":false},"pressure_mode":{"relaxation_prompt_enabled":false,"stress_monitoring_enabled":false},"sedentary_reminder":{"end_hour":0,"end_minute":0,"interval":0,"repeat_count":0,"start_hour":0,"start_minute":0,"status":false},"sleep_reminder":{"hour":0,"millisecond":0,"minute":0,"second":0,"status":false},"snapshots":{"heart_rate":{"continuous_heart_rate_mode":0,"frequency":5,"mode":0},"sedentary_reminder":{"end_noon_hour":0,"end_noon_minute":0,"no_disturb_in_launch":false,"start_noon_hour":0,"start_noon_minute":0}},"spo2":{"enabled":true,"threshold":90},"support":{"heart_rate":true,"high_stress_index":false,"relaxation_prompt":false,"sedentary_reminder":true,"sleep_reminder":false,"spo2":true,"wear_detection":false}}
2026-03-29 15:34:18.884 | AlertService | onAlertQueryCompleted feature=HEART_RATE phase=null matchesStored=true
2026-03-29 15:34:18.886 | AlertService | queryCallback type=AlertFeatureSupportObtained
2026-03-29 15:34:18.888 | AlertService | saveAlertSettings={"device_address":"D8:5C:08:30:00:1E","heart_rate":{"low_enabled":false,"low_threshold":0,"resting_enabled":false,"resting_threshold":220,"workout_enabled":false,"workout_threshold":0},"pending_sync":{"heart_rate":false,"relaxation_prompt":false,"sedentary_reminder":false,"sleep_reminder":false,"spo2":false},"pressure_mode":{"relaxation_prompt_enabled":false,"stress_monitoring_enabled":false},"sedentary_reminder":{"end_hour":0,"end_minute":0,"interval":0,"repeat_count":0,"start_hour":0,"start_minute":0,"status":false},"sleep_reminder":{"hour":0,"millisecond":0,"minute":0,"second":0,"status":false},"snapshots":{"heart_rate":{"continuous_heart_rate_mode":0,"frequency":5,"mode":0},"sedentary_reminder":{"end_noon_hour":0,"end_noon_minute":0,"no_disturb_in_launch":false,"start_noon_hour":0,"start_noon_minute":0}},"spo2":{"enabled":true,"threshold":90},"support":{"heart_rate":true,"high_stress_index":false,"relaxation_prompt":false,"sedentary_reminder":true,"sleep_reminder":false,"spo2":true,"wear_detection":false}}
2026-03-29 15:34:18.891 | ZhQuery | getHeartRateAlertSettings state=SUCCEED
2026-03-29 15:34:18.893 | ZhQuery | getHeartRateAlertSettings state=SUCCEED
2026-03-29 15:34:18.895 | AlertVM | handleQueryCallback type=HeartRateAlertDataObtained
2026-03-29 15:34:18.897 | AlertVM | handleQueryCallback type=Default
2026-03-29 15:34:18.899 | AlertVM | handleQueryCallback type=HeartRateAlertSettingsObtained
2026-03-29 15:34:18.901 | AlertVM | heartRate query matchesStored=true
2026-03-29 15:34:18.903 | AlertVM | heartRate query value={"low_enabled":false,"low_threshold":0,"resting_enabled":false,"resting_threshold":220,"workout_enabled":false,"workout_threshold":0}
2026-03-29 15:34:18.906 | AlertVM | handleQueryCallback type=Default
2026-03-29 15:34:18.907 | AlertVM | handleQueryCallback type=AlertFeatureSupportObtained
2026-03-29 15:34:18.910 | AlertVM | support feature=HEART_RATE supported=true
2026-03-29 15:34:18.912 | AlertVM | handleQueryCallback type=Default
2026-03-29 15:34:19.184 | ZhQuery | onSWSPO2Monitor={"isWarning":true,"warningValue":90}
2026-03-29 15:34:19.188 | AlertService | queryCallback type=Spo2AlertSettingsObtained
2026-03-29 15:34:19.191 | AlertService | saveAlertSettings={"device_address":"D8:5C:08:30:00:1E","heart_rate":{"low_enabled":false,"low_threshold":0,"resting_enabled":false,"resting_threshold":220,"workout_enabled":false,"workout_threshold":0},"pending_sync":{"heart_rate":false,"relaxation_prompt":false,"sedentary_reminder":false,"sleep_reminder":false,"spo2":false},"pressure_mode":{"relaxation_prompt_enabled":false,"stress_monitoring_enabled":false},"sedentary_reminder":{"end_hour":0,"end_minute":0,"interval":0,"repeat_count":0,"start_hour":0,"start_minute":0,"status":false},"sleep_reminder":{"hour":0,"millisecond":0,"minute":0,"second":0,"status":false},"snapshots":{"heart_rate":{"continuous_heart_rate_mode":0,"frequency":5,"mode":0},"sedentary_reminder":{"end_noon_hour":0,"end_noon_minute":0,"no_disturb_in_launch":false,"start_noon_hour":0,"start_noon_minute":0}},"spo2":{"enabled":true,"threshold":90},"support":{"heart_rate":true,"high_stress_index":false,"relaxation_prompt":false,"sedentary_reminder":true,"sleep_reminder":false,"spo2":true,"wear_detection":false}}
2026-03-29 15:34:19.193 | AlertService | onAlertQueryCompleted feature=SPO2 phase=null matchesStored=true
2026-03-29 15:34:19.196 | AlertService | queryCallback type=AlertFeatureSupportObtained
2026-03-29 15:34:19.198 | AlertService | saveAlertSettings={"device_address":"D8:5C:08:30:00:1E","heart_rate":{"low_enabled":false,"low_threshold":0,"resting_enabled":false,"resting_threshold":220,"workout_enabled":false,"workout_threshold":0},"pending_sync":{"heart_rate":false,"relaxation_prompt":false,"sedentary_reminder":false,"sleep_reminder":false,"spo2":false},"pressure_mode":{"relaxation_prompt_enabled":false,"stress_monitoring_enabled":false},"sedentary_reminder":{"end_hour":0,"end_minute":0,"interval":0,"repeat_count":0,"start_hour":0,"start_minute":0,"status":false},"sleep_reminder":{"hour":0,"millisecond":0,"minute":0,"second":0,"status":false},"snapshots":{"heart_rate":{"continuous_heart_rate_mode":0,"frequency":5,"mode":0},"sedentary_reminder":{"end_noon_hour":0,"end_noon_minute":0,"no_disturb_in_launch":false,"start_noon_hour":0,"start_noon_minute":0}},"spo2":{"enabled":true,"threshold":90},"support":{"heart_rate":true,"high_stress_index":false,"relaxation_prompt":false,"sedentary_reminder":true,"sleep_reminder":false,"spo2":true,"wear_detection":false}}
2026-03-29 15:34:19.200 | ZhQuery | getSpo2AlertSettings state=SUCCEED
2026-03-29 15:34:19.208 | ZhQuery | getSpo2AlertSettings state=SUCCEED
2026-03-29 15:34:19.217 | AlertVM | handleQueryCallback type=Spo2AlertSettingsObtained
2026-03-29 15:34:19.219 | AlertVM | spo2 query matchesStored=true
2026-03-29 15:34:19.222 | AlertVM | spo2 query value={"enabled":true,"threshold":90}
2026-03-29 15:34:19.224 | AlertVM | handleQueryCallback type=Default
2026-03-29 15:34:19.226 | AlertVM | handleQueryCallback type=AlertFeatureSupportObtained
2026-03-29 15:34:19.228 | AlertVM | support feature=SPO2 supported=true
2026-03-29 15:34:19.229 | AlertVM | handleQueryCallback type=Default
2026-03-29 15:34:19.540 | AlertService | queryCallback type=UpdateFirmwareLogStatus
2026-03-29 15:34:19.547 | AlertVM | handleQueryCallback type=UpdateFirmwareLogStatus
2026-03-29 15:34:19.549 | AlertVM | handleQueryCallback type=Default
2026-03-29 15:34:19.711 | ZhQuery | getPressureModeSettings state=NOT_SUPPORT
2026-03-29 15:34:19.714 | AlertService | queryCallback type=AlertFeatureSupportObtained
2026-03-29 15:34:19.721 | AlertService | onAlertFeatureUnsupported feature=RELAXATION_PROMPT
2026-03-29 15:34:19.723 | AlertService | saveAlertSettings={"device_address":"D8:5C:08:30:00:1E","heart_rate":{"low_enabled":false,"low_threshold":0,"resting_enabled":false,"resting_threshold":220,"workout_enabled":false,"workout_threshold":0},"pending_sync":{"heart_rate":false,"relaxation_prompt":false,"sedentary_reminder":false,"sleep_reminder":false,"spo2":false},"pressure_mode":{"relaxation_prompt_enabled":false,"stress_monitoring_enabled":false},"sedentary_reminder":{"end_hour":0,"end_minute":0,"interval":0,"repeat_count":0,"start_hour":0,"start_minute":0,"status":false},"sleep_reminder":{"hour":0,"millisecond":0,"minute":0,"second":0,"status":false},"snapshots":{"heart_rate":{"continuous_heart_rate_mode":0,"frequency":5,"mode":0},"sedentary_reminder":{"end_noon_hour":0,"end_noon_minute":0,"no_disturb_in_launch":false,"start_noon_hour":0,"start_noon_minute":0}},"spo2":{"enabled":true,"threshold":90},"support":{"heart_rate":true,"high_stress_index":false,"relaxation_prompt":false,"sedentary_reminder":true,"sleep_reminder":false,"spo2":true,"wear_detection":false}}
2026-03-29 15:34:19.725 | ZhQuery | getPressureModeSettings state=NOT_SUPPORT
2026-03-29 15:34:19.726 | AlertService | queryCallback type=AlertFeatureSupportObtained
2026-03-29 15:34:19.727 | AlertService | onAlertFeatureUnsupported feature=RELAXATION_PROMPT
2026-03-29 15:34:19.729 | AlertService | saveAlertSettings={"device_address":"D8:5C:08:30:00:1E","heart_rate":{"low_enabled":false,"low_threshold":0,"resting_enabled":false,"resting_threshold":220,"workout_enabled":false,"workout_threshold":0},"pending_sync":{"heart_rate":false,"relaxation_prompt":false,"sedentary_reminder":false,"sleep_reminder":false,"spo2":false},"pressure_mode":{"relaxation_prompt_enabled":false,"stress_monitoring_enabled":false},"sedentary_reminder":{"end_hour":0,"end_minute":0,"interval":0,"repeat_count":0,"start_hour":0,"start_minute":0,"status":false},"sleep_reminder":{"hour":0,"millisecond":0,"minute":0,"second":0,"status":false},"snapshots":{"heart_rate":{"continuous_heart_rate_mode":0,"frequency":5,"mode":0},"sedentary_reminder":{"end_noon_hour":0,"end_noon_minute":0,"no_disturb_in_launch":false,"start_noon_hour":0,"start_noon_minute":0}},"spo2":{"enabled":true,"threshold":90},"support":{"heart_rate":true,"high_stress_index":false,"relaxation_prompt":false,"sedentary_reminder":true,"sleep_reminder":false,"spo2":true,"wear_detection":false}}
2026-03-29 15:34:19.731 | AlertVM | handleQueryCallback type=AlertFeatureSupportObtained
2026-03-29 15:34:19.732 | AlertVM | support feature=RELAXATION_PROMPT supported=false
2026-03-29 15:34:19.734 | AlertVM | handleQueryCallback type=Default
2026-03-29 15:34:19.735 | AlertVM | handleQueryCallback type=AlertFeatureSupportObtained
2026-03-29 15:34:19.737 | AlertVM | support feature=RELAXATION_PROMPT supported=false
2026-03-29 15:34:19.740 | AlertVM | handleQueryCallback type=Default
2026-03-29 15:34:19.969 | ZhQuery | getSleepReminder state=NOT_SUPPORT
2026-03-29 15:34:19.971 | AlertService | queryCallback type=AlertFeatureSupportObtained
2026-03-29 15:34:19.973 | AlertService | onAlertFeatureUnsupported feature=SLEEP_REMINDER
2026-03-29 15:34:19.977 | AlertService | saveAlertSettings={"device_address":"D8:5C:08:30:00:1E","heart_rate":{"low_enabled":false,"low_threshold":0,"resting_enabled":false,"resting_threshold":220,"workout_enabled":false,"workout_threshold":0},"pending_sync":{"heart_rate":false,"relaxation_prompt":false,"sedentary_reminder":false,"sleep_reminder":false,"spo2":false},"pressure_mode":{"relaxation_prompt_enabled":false,"stress_monitoring_enabled":false},"sedentary_reminder":{"end_hour":0,"end_minute":0,"interval":0,"repeat_count":0,"start_hour":0,"start_minute":0,"status":false},"sleep_reminder":{"hour":0,"millisecond":0,"minute":0,"second":0,"status":false},"snapshots":{"heart_rate":{"continuous_heart_rate_mode":0,"frequency":5,"mode":0},"sedentary_reminder":{"end_noon_hour":0,"end_noon_minute":0,"no_disturb_in_launch":false,"start_noon_hour":0,"start_noon_minute":0}},"spo2":{"enabled":true,"threshold":90},"support":{"heart_rate":true,"high_stress_index":false,"relaxation_prompt":false,"sedentary_reminder":true,"sleep_reminder":false,"spo2":true,"wear_detection":false}}
2026-03-29 15:34:19.982 | ZhQuery | getSleepReminder state=NOT_SUPPORT
2026-03-29 15:34:19.984 | AlertService | queryCallback type=AlertFeatureSupportObtained
2026-03-29 15:34:19.986 | AlertService | onAlertFeatureUnsupported feature=SLEEP_REMINDER
2026-03-29 15:34:19.987 | AlertService | saveAlertSettings={"device_address":"D8:5C:08:30:00:1E","heart_rate":{"low_enabled":false,"low_threshold":0,"resting_enabled":false,"resting_threshold":220,"workout_enabled":false,"workout_threshold":0},"pending_sync":{"heart_rate":false,"relaxation_prompt":false,"sedentary_reminder":false,"sleep_reminder":false,"spo2":false},"pressure_mode":{"relaxation_prompt_enabled":false,"stress_monitoring_enabled":false},"sedentary_reminder":{"end_hour":0,"end_minute":0,"interval":0,"repeat_count":0,"start_hour":0,"start_minute":0,"status":false},"sleep_reminder":{"hour":0,"millisecond":0,"minute":0,"second":0,"status":false},"snapshots":{"heart_rate":{"continuous_heart_rate_mode":0,"frequency":5,"mode":0},"sedentary_reminder":{"end_noon_hour":0,"end_noon_minute":0,"no_disturb_in_launch":false,"start_noon_hour":0,"start_noon_minute":0}},"spo2":{"enabled":true,"threshold":90},"support":{"heart_rate":true,"high_stress_index":false,"relaxation_prompt":false,"sedentary_reminder":true,"sleep_reminder":false,"spo2":true,"wear_detection":false}}
2026-03-29 15:34:19.989 | AlertVM | handleQueryCallback type=AlertFeatureSupportObtained
2026-03-29 15:34:19.991 | AlertVM | support feature=SLEEP_REMINDER supported=false
2026-03-29 15:34:19.993 | AlertVM | handleQueryCallback type=Default
2026-03-29 15:34:19.995 | AlertVM | handleQueryCallback type=AlertFeatureSupportObtained
2026-03-29 15:34:19.996 | AlertVM | support feature=SLEEP_REMINDER supported=false
2026-03-29 15:34:19.998 | AlertVM | handleQueryCallback type=Default
2026-03-29 15:34:20.336 | ZhQuery | onSedentaryReminderResult={"drinkWater":0,"endNoonTime":{"hour":0,"millisecond":0,"minuter":0,"second":0},"endTime":{"hour":0,"millisecond":0,"minuter":0,"second":0},"frequency":0,"isOn":false,"noDisturbInLaunch":false,"startNoonTime":{"hour":0,"millisecond":0,"minuter":0,"second":0},"startTime":{"hour":0,"millisecond":0,"minuter":0,"second":0}}
2026-03-29 15:34:20.337 | AlertService | queryCallback type=SedentaryDataObtained
2026-03-29 15:34:20.339 | AlertService | queryCallback type=SedentaryReminderSettingsObtained
2026-03-29 15:34:20.341 | AlertService | saveAlertSettings={"device_address":"D8:5C:08:30:00:1E","heart_rate":{"low_enabled":false,"low_threshold":0,"resting_enabled":false,"resting_threshold":220,"workout_enabled":false,"workout_threshold":0},"pending_sync":{"heart_rate":false,"relaxation_prompt":false,"sedentary_reminder":false,"sleep_reminder":false,"spo2":false},"pressure_mode":{"relaxation_prompt_enabled":false,"stress_monitoring_enabled":false},"sedentary_reminder":{"end_hour":0,"end_minute":0,"interval":0,"repeat_count":0,"start_hour":0,"start_minute":0,"status":false},"sleep_reminder":{"hour":0,"millisecond":0,"minute":0,"second":0,"status":false},"snapshots":{"heart_rate":{"continuous_heart_rate_mode":0,"frequency":5,"mode":0},"sedentary_reminder":{"end_noon_hour":0,"end_noon_minute":0,"no_disturb_in_launch":false,"start_noon_hour":0,"start_noon_minute":0}},"spo2":{"enabled":true,"threshold":90},"support":{"heart_rate":true,"high_stress_index":false,"relaxation_prompt":false,"sedentary_reminder":true,"sleep_reminder":false,"spo2":true,"wear_detection":false}}
2026-03-29 15:34:20.342 | AlertService | onAlertQueryCompleted feature=SEDENTARY_REMINDER phase=null matchesStored=true
2026-03-29 15:34:20.344 | AlertService | queryCallback type=AlertFeatureSupportObtained
2026-03-29 15:34:20.345 | AlertService | saveAlertSettings={"device_address":"D8:5C:08:30:00:1E","heart_rate":{"low_enabled":false,"low_threshold":0,"resting_enabled":false,"resting_threshold":220,"workout_enabled":false,"workout_threshold":0},"pending_sync":{"heart_rate":false,"relaxation_prompt":false,"sedentary_reminder":false,"sleep_reminder":false,"spo2":false},"pressure_mode":{"relaxation_prompt_enabled":false,"stress_monitoring_enabled":false},"sedentary_reminder":{"end_hour":0,"end_minute":0,"interval":0,"repeat_count":0,"start_hour":0,"start_minute":0,"status":false},"sleep_reminder":{"hour":0,"millisecond":0,"minute":0,"second":0,"status":false},"snapshots":{"heart_rate":{"continuous_heart_rate_mode":0,"frequency":5,"mode":0},"sedentary_reminder":{"end_noon_hour":0,"end_noon_minute":0,"no_disturb_in_launch":false,"start_noon_hour":0,"start_noon_minute":0}},"spo2":{"enabled":true,"threshold":90},"support":{"heart_rate":true,"high_stress_index":false,"relaxation_prompt":false,"sedentary_reminder":true,"sleep_reminder":false,"spo2":true,"wear_detection":false}}
2026-03-29 15:34:20.347 | AlertVM | handleQueryCallback type=SedentaryDataObtained
2026-03-29 15:34:20.349 | AlertVM | handleQueryCallback type=Default
2026-03-29 15:34:20.350 | AlertVM | handleQueryCallback type=SedentaryReminderSettingsObtained
2026-03-29 15:34:20.351 | AlertVM | sedentary query matchesStored=true
2026-03-29 15:34:20.352 | AlertVM | sedentary query value={"end_hour":0,"end_minute":0,"interval":0,"repeat_count":0,"start_hour":0,"start_minute":0,"status":false}
2026-03-29 15:34:20.354 | AlertVM | handleQueryCallback type=Default
2026-03-29 15:34:20.355 | AlertVM | handleQueryCallback type=AlertFeatureSupportObtained
2026-03-29 15:34:20.357 | AlertVM | support feature=SEDENTARY_REMINDER supported=true
2026-03-29 15:34:20.358 | AlertVM | handleQueryCallback type=Default
2026-03-29 15:34:20.666 | AlertService | queryCallback type=UpdateFirmwareLogStatus
2026-03-29 15:34:20.670 | AlertVM | handleQueryCallback type=UpdateFirmwareLogStatus
2026-03-29 15:34:20.672 | AlertVM | handleQueryCallback type=Default
2026-03-29 15:34:20.915 | ZhQuery | onHeartRateMonitorResult={"continuousHeartRateMode":0,"frequency":5,"isSportWarning":false,"isWarning":false,"lowWarningValue":0,"mode":0,"sportWarningValue":0,"warningValue":220}
2026-03-29 15:34:20.917 | AlertService | queryCallback type=HeartRateAlertDataObtained
2026-03-29 15:34:20.919 | AlertService | queryCallback type=HeartRateAlertSettingsObtained
2026-03-29 15:34:20.921 | AlertService | saveAlertSettings={"device_address":"D8:5C:08:30:00:1E","heart_rate":{"low_enabled":false,"low_threshold":0,"resting_enabled":false,"resting_threshold":220,"workout_enabled":false,"workout_threshold":0},"pending_sync":{"heart_rate":false,"relaxation_prompt":false,"sedentary_reminder":false,"sleep_reminder":false,"spo2":false},"pressure_mode":{"relaxation_prompt_enabled":false,"stress_monitoring_enabled":false},"sedentary_reminder":{"end_hour":0,"end_minute":0,"interval":0,"repeat_count":0,"start_hour":0,"start_minute":0,"status":false},"sleep_reminder":{"hour":0,"millisecond":0,"minute":0,"second":0,"status":false},"snapshots":{"heart_rate":{"continuous_heart_rate_mode":0,"frequency":5,"mode":0},"sedentary_reminder":{"end_noon_hour":0,"end_noon_minute":0,"no_disturb_in_launch":false,"start_noon_hour":0,"start_noon_minute":0}},"spo2":{"enabled":true,"threshold":90},"support":{"heart_rate":true,"high_stress_index":false,"relaxation_prompt":false,"sedentary_reminder":true,"sleep_reminder":false,"spo2":true,"wear_detection":false}}
2026-03-29 15:34:20.924 | AlertService | onAlertQueryCompleted feature=HEART_RATE phase=null matchesStored=true
2026-03-29 15:34:20.926 | AlertService | queryCallback type=AlertFeatureSupportObtained
2026-03-29 15:34:20.929 | AlertService | saveAlertSettings={"device_address":"D8:5C:08:30:00:1E","heart_rate":{"low_enabled":false,"low_threshold":0,"resting_enabled":false,"resting_threshold":220,"workout_enabled":false,"workout_threshold":0},"pending_sync":{"heart_rate":false,"relaxation_prompt":false,"sedentary_reminder":false,"sleep_reminder":false,"spo2":false},"pressure_mode":{"relaxation_prompt_enabled":false,"stress_monitoring_enabled":false},"sedentary_reminder":{"end_hour":0,"end_minute":0,"interval":0,"repeat_count":0,"start_hour":0,"start_minute":0,"status":false},"sleep_reminder":{"hour":0,"millisecond":0,"minute":0,"second":0,"status":false},"snapshots":{"heart_rate":{"continuous_heart_rate_mode":0,"frequency":5,"mode":0},"sedentary_reminder":{"end_noon_hour":0,"end_noon_minute":0,"no_disturb_in_launch":false,"start_noon_hour":0,"start_noon_minute":0}},"spo2":{"enabled":true,"threshold":90},"support":{"heart_rate":true,"high_stress_index":false,"relaxation_prompt":false,"sedentary_reminder":true,"sleep_reminder":false,"spo2":true,"wear_detection":false}}
2026-03-29 15:34:20.930 | AlertVM | handleQueryCallback type=HeartRateAlertDataObtained
2026-03-29 15:34:20.933 | AlertVM | handleQueryCallback type=Default
2026-03-29 15:34:20.935 | AlertVM | handleQueryCallback type=HeartRateAlertSettingsObtained
2026-03-29 15:34:20.936 | AlertVM | heartRate query matchesStored=true
2026-03-29 15:34:20.938 | AlertVM | heartRate query value={"low_enabled":false,"low_threshold":0,"resting_enabled":false,"resting_threshold":220,"workout_enabled":false,"workout_threshold":0}
2026-03-29 15:34:20.939 | AlertVM | handleQueryCallback type=Default
2026-03-29 15:34:20.941 | AlertVM | handleQueryCallback type=AlertFeatureSupportObtained
2026-03-29 15:34:20.942 | AlertVM | support feature=HEART_RATE supported=true
2026-03-29 15:34:20.945 | AlertVM | handleQueryCallback type=Default
2026-03-29 15:34:21.241 | ZhQuery | onSWSPO2Monitor={"isWarning":true,"warningValue":90}
2026-03-29 15:34:21.243 | AlertService | queryCallback type=Spo2AlertSettingsObtained
2026-03-29 15:34:21.246 | AlertService | saveAlertSettings={"device_address":"D8:5C:08:30:00:1E","heart_rate":{"low_enabled":false,"low_threshold":0,"resting_enabled":false,"resting_threshold":220,"workout_enabled":false,"workout_threshold":0},"pending_sync":{"heart_rate":false,"relaxation_prompt":false,"sedentary_reminder":false,"sleep_reminder":false,"spo2":false},"pressure_mode":{"relaxation_prompt_enabled":false,"stress_monitoring_enabled":false},"sedentary_reminder":{"end_hour":0,"end_minute":0,"interval":0,"repeat_count":0,"start_hour":0,"start_minute":0,"status":false},"sleep_reminder":{"hour":0,"millisecond":0,"minute":0,"second":0,"status":false},"snapshots":{"heart_rate":{"continuous_heart_rate_mode":0,"frequency":5,"mode":0},"sedentary_reminder":{"end_noon_hour":0,"end_noon_minute":0,"no_disturb_in_launch":false,"start_noon_hour":0,"start_noon_minute":0}},"spo2":{"enabled":true,"threshold":90},"support":{"heart_rate":true,"high_stress_index":false,"relaxation_prompt":false,"sedentary_reminder":true,"sleep_reminder":false,"spo2":true,"wear_detection":false}}
2026-03-29 15:34:21.247 | AlertService | onAlertQueryCompleted feature=SPO2 phase=null matchesStored=true
2026-03-29 15:34:21.248 | AlertService | queryCallback type=AlertFeatureSupportObtained
2026-03-29 15:34:21.253 | AlertService | saveAlertSettings={"device_address":"D8:5C:08:30:00:1E","heart_rate":{"low_enabled":false,"low_threshold":0,"resting_enabled":false,"resting_threshold":220,"workout_enabled":false,"workout_threshold":0},"pending_sync":{"heart_rate":false,"relaxation_prompt":false,"sedentary_reminder":false,"sleep_reminder":false,"spo2":false},"pressure_mode":{"relaxation_prompt_enabled":false,"stress_monitoring_enabled":false},"sedentary_reminder":{"end_hour":0,"end_minute":0,"interval":0,"repeat_count":0,"start_hour":0,"start_minute":0,"status":false},"sleep_reminder":{"hour":0,"millisecond":0,"minute":0,"second":0,"status":false},"snapshots":{"heart_rate":{"continuous_heart_rate_mode":0,"frequency":5,"mode":0},"sedentary_reminder":{"end_noon_hour":0,"end_noon_minute":0,"no_disturb_in_launch":false,"start_noon_hour":0,"start_noon_minute":0}},"spo2":{"enabled":true,"threshold":90},"support":{"heart_rate":true,"high_stress_index":false,"relaxation_prompt":false,"sedentary_reminder":true,"sleep_reminder":false,"spo2":true,"wear_detection":false}}
2026-03-29 15:34:21.259 | AlertVM | handleQueryCallback type=Spo2AlertSettingsObtained
2026-03-29 15:34:21.262 | AlertVM | spo2 query matchesStored=true
2026-03-29 15:34:21.263 | AlertVM | spo2 query value={"enabled":true,"threshold":90}
2026-03-29 15:34:21.264 | AlertVM | handleQueryCallback type=Default
2026-03-29 15:34:21.266 | AlertVM | handleQueryCallback type=AlertFeatureSupportObtained
2026-03-29 15:34:21.267 | AlertVM | support feature=SPO2 supported=true
2026-03-29 15:34:21.268 | AlertVM | handleQueryCallback type=Default
2026-03-29 15:34:21.550 | AlertService | queryCallback type=UpdateFirmwareLogStatus
2026-03-29 15:34:21.558 | AlertVM | handleQueryCallback type=UpdateFirmwareLogStatus
2026-03-29 15:34:21.559 | AlertVM | handleQueryCallback type=Default
2026-03-29 15:34:22.550 | AlertService | queryCallback type=UpdateFirmwareLogStatus
2026-03-29 15:34:22.555 | AlertVM | handleQueryCallback type=UpdateFirmwareLogStatus
2026-03-29 15:34:22.557 | AlertVM | handleQueryCallback type=Default
2026-03-29 15:34:22.771 | ZhQuery | onSedentaryReminderResult={"drinkWater":0,"endNoonTime":{"hour":0,"millisecond":0,"minuter":0,"second":0},"endTime":{"hour":0,"millisecond":0,"minuter":0,"second":0},"frequency":0,"isOn":false,"noDisturbInLaunch":false,"startNoonTime":{"hour":0,"millisecond":0,"minuter":0,"second":0},"startTime":{"hour":0,"millisecond":0,"minuter":0,"second":0}}
2026-03-29 15:34:22.773 | AlertService | queryCallback type=SedentaryDataObtained
2026-03-29 15:34:22.776 | AlertService | queryCallback type=SedentaryReminderSettingsObtained
2026-03-29 15:34:22.781 | AlertService | saveAlertSettings={"device_address":"D8:5C:08:30:00:1E","heart_rate":{"low_enabled":false,"low_threshold":0,"resting_enabled":false,"resting_threshold":220,"workout_enabled":false,"workout_threshold":0},"pending_sync":{"heart_rate":false,"relaxation_prompt":false,"sedentary_reminder":false,"sleep_reminder":false,"spo2":false},"pressure_mode":{"relaxation_prompt_enabled":false,"stress_monitoring_enabled":false},"sedentary_reminder":{"end_hour":0,"end_minute":0,"interval":0,"repeat_count":0,"start_hour":0,"start_minute":0,"status":false},"sleep_reminder":{"hour":0,"millisecond":0,"minute":0,"second":0,"status":false},"snapshots":{"heart_rate":{"continuous_heart_rate_mode":0,"frequency":5,"mode":0},"sedentary_reminder":{"end_noon_hour":0,"end_noon_minute":0,"no_disturb_in_launch":false,"start_noon_hour":0,"start_noon_minute":0}},"spo2":{"enabled":true,"threshold":90},"support":{"heart_rate":true,"high_stress_index":false,"relaxation_prompt":false,"sedentary_reminder":true,"sleep_reminder":false,"spo2":true,"wear_detection":false}}
2026-03-29 15:34:22.782 | AlertService | onAlertQueryCompleted feature=SEDENTARY_REMINDER phase=null matchesStored=true
2026-03-29 15:34:22.783 | AlertService | queryCallback type=AlertFeatureSupportObtained
2026-03-29 15:34:22.785 | AlertService | saveAlertSettings={"device_address":"D8:5C:08:30:00:1E","heart_rate":{"low_enabled":false,"low_threshold":0,"resting_enabled":false,"resting_threshold":220,"workout_enabled":false,"workout_threshold":0},"pending_sync":{"heart_rate":false,"relaxation_prompt":false,"sedentary_reminder":false,"sleep_reminder":false,"spo2":false},"pressure_mode":{"relaxation_prompt_enabled":false,"stress_monitoring_enabled":false},"sedentary_reminder":{"end_hour":0,"end_minute":0,"interval":0,"repeat_count":0,"start_hour":0,"start_minute":0,"status":false},"sleep_reminder":{"hour":0,"millisecond":0,"minute":0,"second":0,"status":false},"snapshots":{"heart_rate":{"continuous_heart_rate_mode":0,"frequency":5,"mode":0},"sedentary_reminder":{"end_noon_hour":0,"end_noon_minute":0,"no_disturb_in_launch":false,"start_noon_hour":0,"start_noon_minute":0}},"spo2":{"enabled":true,"threshold":90},"support":{"heart_rate":true,"high_stress_index":false,"relaxation_prompt":false,"sedentary_reminder":true,"sleep_reminder":false,"spo2":true,"wear_detection":false}}
2026-03-29 15:34:22.786 | AlertVM | handleQueryCallback type=SedentaryDataObtained
2026-03-29 15:34:22.787 | AlertVM | handleQueryCallback type=Default
2026-03-29 15:34:22.788 | AlertVM | handleQueryCallback type=SedentaryReminderSettingsObtained
2026-03-29 15:34:22.790 | AlertVM | sedentary query matchesStored=true
2026-03-29 15:34:22.793 | AlertVM | sedentary query value={"end_hour":0,"end_minute":0,"interval":0,"repeat_count":0,"start_hour":0,"start_minute":0,"status":false}
2026-03-29 15:34:22.794 | AlertVM | handleQueryCallback type=Default
2026-03-29 15:34:22.796 | AlertVM | handleQueryCallback type=AlertFeatureSupportObtained
2026-03-29 15:34:22.797 | AlertVM | support feature=SEDENTARY_REMINDER supported=true
2026-03-29 15:34:22.798 | AlertVM | handleQueryCallback type=Default
2026-03-29 15:34:23.753 | AlertService | queryCallback type=UpdateFirmwareLogStatus
2026-03-29 15:34:24.629 | AlertService | queryCallback type=UpdateFirmwareLogStatus
2026-03-29 15:34:25.605 | AlertService | queryCallback type=UpdateFirmwareLogStatus
2026-03-29 15:34:26.546 | AlertService | queryCallback type=UpdateFirmwareLogStatus
2026-03-29 15:34:27.682 | AlertUI | BlankTestFragment alert panel initialized
2026-03-29 15:34:27.686 | AlertVM | handleQueryCallback type=Default
2026-03-29 15:34:27.691 | AlertVM | onConnectedStateChanged state=ConnectSuccess
2026-03-29 15:34:27.695 | AlertVM | refreshFromBand dispatching alert queries
2026-03-29 15:34:27.700 | AlertVM | loadState={"device_address":"D8:5C:08:30:00:1E","heart_rate":{"low_enabled":false,"low_threshold":0,"resting_enabled":false,"resting_threshold":220,"workout_enabled":false,"workout_threshold":0},"pending_sync":{"heart_rate":false,"relaxation_prompt":false,"sedentary_reminder":false,"sleep_reminder":false,"spo2":false},"pressure_mode":{"relaxation_prompt_enabled":false,"stress_monitoring_enabled":false},"sedentary_reminder":{"end_hour":0,"end_minute":0,"interval":0,"repeat_count":0,"start_hour":0,"start_minute":0,"status":false},"sleep_reminder":{"hour":0,"millisecond":0,"minute":0,"second":0,"status":false},"snapshots":{"heart_rate":{"continuous_heart_rate_mode":0,"frequency":5,"mode":0},"sedentary_reminder":{"end_noon_hour":0,"end_noon_minute":0,"no_disturb_in_launch":false,"start_noon_hour":0,"start_noon_minute":0}},"spo2":{"enabled":true,"threshold":90},"support":{"heart_rate":true,"high_stress_index":false,"relaxation_prompt":false,"sedentary_reminder":true,"sleep_reminder":false,"spo2":true,"wear_detection":false}}
2026-03-29 15:34:27.760 | ZhQuery | getHeartRateAlertSettings dispatched
2026-03-29 15:34:27.774 | ZhQuery | getSpo2AlertSettings dispatched
2026-03-29 15:34:27.778 | ZhQuery | getPressureModeSettings dispatched
2026-03-29 15:34:27.783 | ZhQuery | getSleepReminder dispatched
2026-03-29 15:34:27.785 | AlertVM | refreshFromBand dispatching alert queries
2026-03-29 15:34:27.791 | AlertService | queryCallback type=UpdateFirmwareLogStatus
2026-03-29 15:34:27.800 | ZhQuery | getHeartRateAlertSettings dispatched
2026-03-29 15:34:27.806 | ZhQuery | getSpo2AlertSettings dispatched
2026-03-29 15:34:27.813 | ZhQuery | getPressureModeSettings dispatched
2026-03-29 15:34:27.826 | ZhQuery | getSleepReminder dispatched
2026-03-29 15:34:27.827 | AlertVM | handleQueryCallback type=UpdateFirmwareLogStatus
2026-03-29 15:34:27.828 | AlertVM | handleQueryCallback type=Default
2026-03-29 15:34:28.055 | ZhQuery | onHeartRateMonitorResult={"continuousHeartRateMode":0,"frequency":5,"isSportWarning":false,"isWarning":false,"lowWarningValue":0,"mode":0,"sportWarningValue":0,"warningValue":220}
2026-03-29 15:34:28.058 | AlertService | queryCallback type=HeartRateAlertDataObtained
2026-03-29 15:34:28.060 | AlertService | queryCallback type=HeartRateAlertSettingsObtained
2026-03-29 15:34:28.073 | AlertService | saveAlertSettings={"device_address":"D8:5C:08:30:00:1E","heart_rate":{"low_enabled":false,"low_threshold":0,"resting_enabled":false,"resting_threshold":220,"workout_enabled":false,"workout_threshold":0},"pending_sync":{"heart_rate":false,"relaxation_prompt":false,"sedentary_reminder":false,"sleep_reminder":false,"spo2":false},"pressure_mode":{"relaxation_prompt_enabled":false,"stress_monitoring_enabled":false},"sedentary_reminder":{"end_hour":0,"end_minute":0,"interval":0,"repeat_count":0,"start_hour":0,"start_minute":0,"status":false},"sleep_reminder":{"hour":0,"millisecond":0,"minute":0,"second":0,"status":false},"snapshots":{"heart_rate":{"continuous_heart_rate_mode":0,"frequency":5,"mode":0},"sedentary_reminder":{"end_noon_hour":0,"end_noon_minute":0,"no_disturb_in_launch":false,"start_noon_hour":0,"start_noon_minute":0}},"spo2":{"enabled":true,"threshold":90},"support":{"heart_rate":true,"high_stress_index":false,"relaxation_prompt":false,"sedentary_reminder":true,"sleep_reminder":false,"spo2":true,"wear_detection":false}}
2026-03-29 15:34:28.076 | AlertService | onAlertQueryCompleted feature=HEART_RATE phase=null matchesStored=true
2026-03-29 15:34:28.079 | AlertService | queryCallback type=AlertFeatureSupportObtained
2026-03-29 15:34:28.081 | AlertService | saveAlertSettings={"device_address":"D8:5C:08:30:00:1E","heart_rate":{"low_enabled":false,"low_threshold":0,"resting_enabled":false,"resting_threshold":220,"workout_enabled":false,"workout_threshold":0},"pending_sync":{"heart_rate":false,"relaxation_prompt":false,"sedentary_reminder":false,"sleep_reminder":false,"spo2":false},"pressure_mode":{"relaxation_prompt_enabled":false,"stress_monitoring_enabled":false},"sedentary_reminder":{"end_hour":0,"end_minute":0,"interval":0,"repeat_count":0,"start_hour":0,"start_minute":0,"status":false},"sleep_reminder":{"hour":0,"millisecond":0,"minute":0,"second":0,"status":false},"snapshots":{"heart_rate":{"continuous_heart_rate_mode":0,"frequency":5,"mode":0},"sedentary_reminder":{"end_noon_hour":0,"end_noon_minute":0,"no_disturb_in_launch":false,"start_noon_hour":0,"start_noon_minute":0}},"spo2":{"enabled":true,"threshold":90},"support":{"heart_rate":true,"high_stress_index":false,"relaxation_prompt":false,"sedentary_reminder":true,"sleep_reminder":false,"spo2":true,"wear_detection":false}}
2026-03-29 15:34:28.084 | ZhQuery | getHeartRateAlertSettings state=SUCCEED
2026-03-29 15:34:28.088 | ZhQuery | getHeartRateAlertSettings state=SUCCEED
2026-03-29 15:34:28.091 | AlertVM | handleQueryCallback type=HeartRateAlertDataObtained
2026-03-29 15:34:28.093 | AlertVM | handleQueryCallback type=Default
2026-03-29 15:34:28.095 | AlertVM | handleQueryCallback type=HeartRateAlertSettingsObtained
2026-03-29 15:34:28.097 | AlertVM | heartRate query matchesStored=true
2026-03-29 15:34:28.099 | AlertVM | heartRate query value={"low_enabled":false,"low_threshold":0,"resting_enabled":false,"resting_threshold":220,"workout_enabled":false,"workout_threshold":0}
2026-03-29 15:34:28.101 | AlertVM | handleQueryCallback type=Default
2026-03-29 15:34:28.103 | AlertVM | handleQueryCallback type=AlertFeatureSupportObtained
2026-03-29 15:34:28.105 | AlertVM | support feature=HEART_RATE supported=true
2026-03-29 15:34:28.107 | AlertVM | handleQueryCallback type=Default
2026-03-29 15:34:28.365 | ZhQuery | onSWSPO2Monitor={"isWarning":true,"warningValue":90}
2026-03-29 15:34:28.368 | AlertService | queryCallback type=Spo2AlertSettingsObtained
2026-03-29 15:34:28.371 | AlertService | saveAlertSettings={"device_address":"D8:5C:08:30:00:1E","heart_rate":{"low_enabled":false,"low_threshold":0,"resting_enabled":false,"resting_threshold":220,"workout_enabled":false,"workout_threshold":0},"pending_sync":{"heart_rate":false,"relaxation_prompt":false,"sedentary_reminder":false,"sleep_reminder":false,"spo2":false},"pressure_mode":{"relaxation_prompt_enabled":false,"stress_monitoring_enabled":false},"sedentary_reminder":{"end_hour":0,"end_minute":0,"interval":0,"repeat_count":0,"start_hour":0,"start_minute":0,"status":false},"sleep_reminder":{"hour":0,"millisecond":0,"minute":0,"second":0,"status":false},"snapshots":{"heart_rate":{"continuous_heart_rate_mode":0,"frequency":5,"mode":0},"sedentary_reminder":{"end_noon_hour":0,"end_noon_minute":0,"no_disturb_in_launch":false,"start_noon_hour":0,"start_noon_minute":0}},"spo2":{"enabled":true,"threshold":90},"support":{"heart_rate":true,"high_stress_index":false,"relaxation_prompt":false,"sedentary_reminder":true,"sleep_reminder":false,"spo2":true,"wear_detection":false}}
2026-03-29 15:34:28.376 | AlertService | onAlertQueryCompleted feature=SPO2 phase=null matchesStored=true
2026-03-29 15:34:28.379 | AlertService | queryCallback type=AlertFeatureSupportObtained
2026-03-29 15:34:28.381 | AlertService | saveAlertSettings={"device_address":"D8:5C:08:30:00:1E","heart_rate":{"low_enabled":false,"low_threshold":0,"resting_enabled":false,"resting_threshold":220,"workout_enabled":false,"workout_threshold":0},"pending_sync":{"heart_rate":false,"relaxation_prompt":false,"sedentary_reminder":false,"sleep_reminder":false,"spo2":false},"pressure_mode":{"relaxation_prompt_enabled":false,"stress_monitoring_enabled":false},"sedentary_reminder":{"end_hour":0,"end_minute":0,"interval":0,"repeat_count":0,"start_hour":0,"start_minute":0,"status":false},"sleep_reminder":{"hour":0,"millisecond":0,"minute":0,"second":0,"status":false},"snapshots":{"heart_rate":{"continuous_heart_rate_mode":0,"frequency":5,"mode":0},"sedentary_reminder":{"end_noon_hour":0,"end_noon_minute":0,"no_disturb_in_launch":false,"start_noon_hour":0,"start_noon_minute":0}},"spo2":{"enabled":true,"threshold":90},"support":{"heart_rate":true,"high_stress_index":false,"relaxation_prompt":false,"sedentary_reminder":true,"sleep_reminder":false,"spo2":true,"wear_detection":false}}
2026-03-29 15:34:28.390 | ZhQuery | getSpo2AlertSettings state=SUCCEED
2026-03-29 15:34:28.392 | ZhQuery | getSpo2AlertSettings state=SUCCEED
2026-03-29 15:34:28.394 | AlertVM | handleQueryCallback type=Spo2AlertSettingsObtained
2026-03-29 15:34:28.396 | AlertVM | spo2 query matchesStored=true
2026-03-29 15:34:28.397 | AlertVM | spo2 query value={"enabled":true,"threshold":90}
2026-03-29 15:34:28.399 | AlertVM | handleQueryCallback type=Default
2026-03-29 15:34:28.400 | AlertVM | handleQueryCallback type=AlertFeatureSupportObtained
2026-03-29 15:34:28.402 | AlertVM | support feature=SPO2 supported=true
2026-03-29 15:34:28.403 | AlertVM | handleQueryCallback type=Default
2026-03-29 15:34:28.663 | AlertService | queryCallback type=UpdateFirmwareLogStatus
2026-03-29 15:34:28.670 | AlertVM | handleQueryCallback type=UpdateFirmwareLogStatus
2026-03-29 15:34:28.672 | AlertVM | handleQueryCallback type=Default
2026-03-29 15:34:28.933 | ZhQuery | getPressureModeSettings state=NOT_SUPPORT
2026-03-29 15:34:28.935 | AlertService | queryCallback type=AlertFeatureSupportObtained
2026-03-29 15:34:28.936 | AlertService | onAlertFeatureUnsupported feature=RELAXATION_PROMPT
2026-03-29 15:34:28.939 | AlertService | saveAlertSettings={"device_address":"D8:5C:08:30:00:1E","heart_rate":{"low_enabled":false,"low_threshold":0,"resting_enabled":false,"resting_threshold":220,"workout_enabled":false,"workout_threshold":0},"pending_sync":{"heart_rate":false,"relaxation_prompt":false,"sedentary_reminder":false,"sleep_reminder":false,"spo2":false},"pressure_mode":{"relaxation_prompt_enabled":false,"stress_monitoring_enabled":false},"sedentary_reminder":{"end_hour":0,"end_minute":0,"interval":0,"repeat_count":0,"start_hour":0,"start_minute":0,"status":false},"sleep_reminder":{"hour":0,"millisecond":0,"minute":0,"second":0,"status":false},"snapshots":{"heart_rate":{"continuous_heart_rate_mode":0,"frequency":5,"mode":0},"sedentary_reminder":{"end_noon_hour":0,"end_noon_minute":0,"no_disturb_in_launch":false,"start_noon_hour":0,"start_noon_minute":0}},"spo2":{"enabled":true,"threshold":90},"support":{"heart_rate":true,"high_stress_index":false,"relaxation_prompt":false,"sedentary_reminder":true,"sleep_reminder":false,"spo2":true,"wear_detection":false}}
2026-03-29 15:34:28.942 | ZhQuery | getPressureModeSettings state=NOT_SUPPORT
2026-03-29 15:34:28.943 | AlertService | queryCallback type=AlertFeatureSupportObtained
2026-03-29 15:34:28.945 | AlertService | onAlertFeatureUnsupported feature=RELAXATION_PROMPT
2026-03-29 15:34:28.949 | AlertService | saveAlertSettings={"device_address":"D8:5C:08:30:00:1E","heart_rate":{"low_enabled":false,"low_threshold":0,"resting_enabled":false,"resting_threshold":220,"workout_enabled":false,"workout_threshold":0},"pending_sync":{"heart_rate":false,"relaxation_prompt":false,"sedentary_reminder":false,"sleep_reminder":false,"spo2":false},"pressure_mode":{"relaxation_prompt_enabled":false,"stress_monitoring_enabled":false},"sedentary_reminder":{"end_hour":0,"end_minute":0,"interval":0,"repeat_count":0,"start_hour":0,"start_minute":0,"status":false},"sleep_reminder":{"hour":0,"millisecond":0,"minute":0,"second":0,"status":false},"snapshots":{"heart_rate":{"continuous_heart_rate_mode":0,"frequency":5,"mode":0},"sedentary_reminder":{"end_noon_hour":0,"end_noon_minute":0,"no_disturb_in_launch":false,"start_noon_hour":0,"start_noon_minute":0}},"spo2":{"enabled":true,"threshold":90},"support":{"heart_rate":true,"high_stress_index":false,"relaxation_prompt":false,"sedentary_reminder":true,"sleep_reminder":false,"spo2":true,"wear_detection":false}}
2026-03-29 15:34:28.951 | AlertVM | handleQueryCallback type=AlertFeatureSupportObtained
2026-03-29 15:34:28.953 | AlertVM | support feature=RELAXATION_PROMPT supported=false
2026-03-29 15:34:28.954 | AlertVM | handleQueryCallback type=Default
2026-03-29 15:34:28.956 | AlertVM | handleQueryCallback type=AlertFeatureSupportObtained
2026-03-29 15:34:28.957 | AlertVM | support feature=RELAXATION_PROMPT supported=false
2026-03-29 15:34:28.959 | AlertVM | handleQueryCallback type=Default
2026-03-29 15:34:29.204 | ZhQuery | getSleepReminder state=NOT_SUPPORT
2026-03-29 15:34:29.206 | AlertService | queryCallback type=AlertFeatureSupportObtained
2026-03-29 15:34:29.207 | AlertService | onAlertFeatureUnsupported feature=SLEEP_REMINDER
2026-03-29 15:34:29.209 | AlertService | saveAlertSettings={"device_address":"D8:5C:08:30:00:1E","heart_rate":{"low_enabled":false,"low_threshold":0,"resting_enabled":false,"resting_threshold":220,"workout_enabled":false,"workout_threshold":0},"pending_sync":{"heart_rate":false,"relaxation_prompt":false,"sedentary_reminder":false,"sleep_reminder":false,"spo2":false},"pressure_mode":{"relaxation_prompt_enabled":false,"stress_monitoring_enabled":false},"sedentary_reminder":{"end_hour":0,"end_minute":0,"interval":0,"repeat_count":0,"start_hour":0,"start_minute":0,"status":false},"sleep_reminder":{"hour":0,"millisecond":0,"minute":0,"second":0,"status":false},"snapshots":{"heart_rate":{"continuous_heart_rate_mode":0,"frequency":5,"mode":0},"sedentary_reminder":{"end_noon_hour":0,"end_noon_minute":0,"no_disturb_in_launch":false,"start_noon_hour":0,"start_noon_minute":0}},"spo2":{"enabled":true,"threshold":90},"support":{"heart_rate":true,"high_stress_index":false,"relaxation_prompt":false,"sedentary_reminder":true,"sleep_reminder":false,"spo2":true,"wear_detection":false}}
2026-03-29 15:34:29.212 | ZhQuery | getSleepReminder state=NOT_SUPPORT
2026-03-29 15:34:29.214 | AlertService | queryCallback type=AlertFeatureSupportObtained
2026-03-29 15:34:29.215 | AlertService | onAlertFeatureUnsupported feature=SLEEP_REMINDER
2026-03-29 15:34:29.217 | AlertService | saveAlertSettings={"device_address":"D8:5C:08:30:00:1E","heart_rate":{"low_enabled":false,"low_threshold":0,"resting_enabled":false,"resting_threshold":220,"workout_enabled":false,"workout_threshold":0},"pending_sync":{"heart_rate":false,"relaxation_prompt":false,"sedentary_reminder":false,"sleep_reminder":false,"spo2":false},"pressure_mode":{"relaxation_prompt_enabled":false,"stress_monitoring_enabled":false},"sedentary_reminder":{"end_hour":0,"end_minute":0,"interval":0,"repeat_count":0,"start_hour":0,"start_minute":0,"status":false},"sleep_reminder":{"hour":0,"millisecond":0,"minute":0,"second":0,"status":false},"snapshots":{"heart_rate":{"continuous_heart_rate_mode":0,"frequency":5,"mode":0},"sedentary_reminder":{"end_noon_hour":0,"end_noon_minute":0,"no_disturb_in_launch":false,"start_noon_hour":0,"start_noon_minute":0}},"spo2":{"enabled":true,"threshold":90},"support":{"heart_rate":true,"high_stress_index":false,"relaxation_prompt":false,"sedentary_reminder":true,"sleep_reminder":false,"spo2":true,"wear_detection":false}}
2026-03-29 15:34:29.218 | AlertVM | handleQueryCallback type=AlertFeatureSupportObtained
2026-03-29 15:34:29.220 | AlertVM | support feature=SLEEP_REMINDER supported=false
2026-03-29 15:34:29.221 | AlertVM | handleQueryCallback type=Default
2026-03-29 15:34:29.226 | AlertVM | handleQueryCallback type=AlertFeatureSupportObtained
2026-03-29 15:34:29.227 | AlertVM | support feature=SLEEP_REMINDER supported=false
2026-03-29 15:34:29.229 | AlertVM | handleQueryCallback type=Default
2026-03-29 15:34:29.605 | AlertService | queryCallback type=UpdateFirmwareLogStatus
2026-03-29 15:34:29.614 | AlertVM | handleQueryCallback type=UpdateFirmwareLogStatus
2026-03-29 15:34:29.616 | AlertVM | handleQueryCallback type=Default
2026-03-29 15:34:29.784 | ZhQuery | onSedentaryReminderResult={"drinkWater":0,"endNoonTime":{"hour":0,"millisecond":0,"minuter":0,"second":0},"endTime":{"hour":0,"millisecond":0,"minuter":0,"second":0},"frequency":0,"isOn":false,"noDisturbInLaunch":false,"startNoonTime":{"hour":0,"millisecond":0,"minuter":0,"second":0},"startTime":{"hour":0,"millisecond":0,"minuter":0,"second":0}}
2026-03-29 15:34:29.786 | AlertService | queryCallback type=SedentaryDataObtained
2026-03-29 15:34:29.787 | AlertService | queryCallback type=SedentaryReminderSettingsObtained
2026-03-29 15:34:29.792 | AlertService | saveAlertSettings={"device_address":"D8:5C:08:30:00:1E","heart_rate":{"low_enabled":false,"low_threshold":0,"resting_enabled":false,"resting_threshold":220,"workout_enabled":false,"workout_threshold":0},"pending_sync":{"heart_rate":false,"relaxation_prompt":false,"sedentary_reminder":false,"sleep_reminder":false,"spo2":false},"pressure_mode":{"relaxation_prompt_enabled":false,"stress_monitoring_enabled":false},"sedentary_reminder":{"end_hour":0,"end_minute":0,"interval":0,"repeat_count":0,"start_hour":0,"start_minute":0,"status":false},"sleep_reminder":{"hour":0,"millisecond":0,"minute":0,"second":0,"status":false},"snapshots":{"heart_rate":{"continuous_heart_rate_mode":0,"frequency":5,"mode":0},"sedentary_reminder":{"end_noon_hour":0,"end_noon_minute":0,"no_disturb_in_launch":false,"start_noon_hour":0,"start_noon_minute":0}},"spo2":{"enabled":true,"threshold":90},"support":{"heart_rate":true,"high_stress_index":false,"relaxation_prompt":false,"sedentary_reminder":true,"sleep_reminder":false,"spo2":true,"wear_detection":false}}
2026-03-29 15:34:29.795 | AlertService | onAlertQueryCompleted feature=SEDENTARY_REMINDER phase=null matchesStored=true
2026-03-29 15:34:29.797 | AlertService | queryCallback type=AlertFeatureSupportObtained
2026-03-29 15:34:29.800 | AlertService | saveAlertSettings={"device_address":"D8:5C:08:30:00:1E","heart_rate":{"low_enabled":false,"low_threshold":0,"resting_enabled":false,"resting_threshold":220,"workout_enabled":false,"workout_threshold":0},"pending_sync":{"heart_rate":false,"relaxation_prompt":false,"sedentary_reminder":false,"sleep_reminder":false,"spo2":false},"pressure_mode":{"relaxation_prompt_enabled":false,"stress_monitoring_enabled":false},"sedentary_reminder":{"end_hour":0,"end_minute":0,"interval":0,"repeat_count":0,"start_hour":0,"start_minute":0,"status":false},"sleep_reminder":{"hour":0,"millisecond":0,"minute":0,"second":0,"status":false},"snapshots":{"heart_rate":{"continuous_heart_rate_mode":0,"frequency":5,"mode":0},"sedentary_reminder":{"end_noon_hour":0,"end_noon_minute":0,"no_disturb_in_launch":false,"start_noon_hour":0,"start_noon_minute":0}},"spo2":{"enabled":true,"threshold":90},"support":{"heart_rate":true,"high_stress_index":false,"relaxation_prompt":false,"sedentary_reminder":true,"sleep_reminder":false,"spo2":true,"wear_detection":false}}
2026-03-29 15:34:29.803 | AlertVM | handleQueryCallback type=SedentaryDataObtained
2026-03-29 15:34:29.804 | AlertVM | handleQueryCallback type=Default
2026-03-29 15:34:29.806 | AlertVM | handleQueryCallback type=SedentaryReminderSettingsObtained
2026-03-29 15:34:29.808 | AlertVM | sedentary query matchesStored=true
2026-03-29 15:34:29.809 | AlertVM | sedentary query value={"end_hour":0,"end_minute":0,"interval":0,"repeat_count":0,"start_hour":0,"start_minute":0,"status":false}
2026-03-29 15:34:29.811 | AlertVM | handleQueryCallback type=Default
2026-03-29 15:34:29.813 | AlertVM | handleQueryCallback type=AlertFeatureSupportObtained
2026-03-29 15:34:29.814 | AlertVM | support feature=SEDENTARY_REMINDER supported=true
2026-03-29 15:34:29.815 | AlertVM | handleQueryCallback type=Default
2026-03-29 15:34:30.055 | ZhQuery | onHeartRateMonitorResult={"continuousHeartRateMode":0,"frequency":5,"isSportWarning":false,"isWarning":false,"lowWarningValue":0,"mode":0,"sportWarningValue":0,"warningValue":220}
2026-03-29 15:34:30.057 | AlertService | queryCallback type=HeartRateAlertDataObtained
2026-03-29 15:34:30.059 | AlertService | queryCallback type=HeartRateAlertSettingsObtained
2026-03-29 15:34:30.061 | AlertService | saveAlertSettings={"device_address":"D8:5C:08:30:00:1E","heart_rate":{"low_enabled":false,"low_threshold":0,"resting_enabled":false,"resting_threshold":220,"workout_enabled":false,"workout_threshold":0},"pending_sync":{"heart_rate":false,"relaxation_prompt":false,"sedentary_reminder":false,"sleep_reminder":false,"spo2":false},"pressure_mode":{"relaxation_prompt_enabled":false,"stress_monitoring_enabled":false},"sedentary_reminder":{"end_hour":0,"end_minute":0,"interval":0,"repeat_count":0,"start_hour":0,"start_minute":0,"status":false},"sleep_reminder":{"hour":0,"millisecond":0,"minute":0,"second":0,"status":false},"snapshots":{"heart_rate":{"continuous_heart_rate_mode":0,"frequency":5,"mode":0},"sedentary_reminder":{"end_noon_hour":0,"end_noon_minute":0,"no_disturb_in_launch":false,"start_noon_hour":0,"start_noon_minute":0}},"spo2":{"enabled":true,"threshold":90},"support":{"heart_rate":true,"high_stress_index":false,"relaxation_prompt":false,"sedentary_reminder":true,"sleep_reminder":false,"spo2":true,"wear_detection":false}}
2026-03-29 15:34:30.062 | AlertService | onAlertQueryCompleted feature=HEART_RATE phase=null matchesStored=true
2026-03-29 15:34:30.065 | AlertService | queryCallback type=AlertFeatureSupportObtained
2026-03-29 15:34:30.070 | AlertService | saveAlertSettings={"device_address":"D8:5C:08:30:00:1E","heart_rate":{"low_enabled":false,"low_threshold":0,"resting_enabled":false,"resting_threshold":220,"workout_enabled":false,"workout_threshold":0},"pending_sync":{"heart_rate":false,"relaxation_prompt":false,"sedentary_reminder":false,"sleep_reminder":false,"spo2":false},"pressure_mode":{"relaxation_prompt_enabled":false,"stress_monitoring_enabled":false},"sedentary_reminder":{"end_hour":0,"end_minute":0,"interval":0,"repeat_count":0,"start_hour":0,"start_minute":0,"status":false},"sleep_reminder":{"hour":0,"millisecond":0,"minute":0,"second":0,"status":false},"snapshots":{"heart_rate":{"continuous_heart_rate_mode":0,"frequency":5,"mode":0},"sedentary_reminder":{"end_noon_hour":0,"end_noon_minute":0,"no_disturb_in_launch":false,"start_noon_hour":0,"start_noon_minute":0}},"spo2":{"enabled":true,"threshold":90},"support":{"heart_rate":true,"high_stress_index":false,"relaxation_prompt":false,"sedentary_reminder":true,"sleep_reminder":false,"spo2":true,"wear_detection":false}}
2026-03-29 15:34:30.072 | AlertVM | handleQueryCallback type=HeartRateAlertDataObtained
2026-03-29 15:34:30.073 | AlertVM | handleQueryCallback type=Default
2026-03-29 15:34:30.075 | AlertVM | handleQueryCallback type=HeartRateAlertSettingsObtained
2026-03-29 15:34:30.077 | AlertVM | heartRate query matchesStored=true
2026-03-29 15:34:30.078 | AlertVM | heartRate query value={"low_enabled":false,"low_threshold":0,"resting_enabled":false,"resting_threshold":220,"workout_enabled":false,"workout_threshold":0}
2026-03-29 15:34:30.081 | AlertVM | handleQueryCallback type=Default
2026-03-29 15:34:30.082 | AlertVM | handleQueryCallback type=AlertFeatureSupportObtained
2026-03-29 15:34:30.083 | AlertVM | support feature=HEART_RATE supported=true
2026-03-29 15:34:30.085 | AlertVM | handleQueryCallback type=Default
2026-03-29 15:34:30.373 | ZhQuery | onSWSPO2Monitor={"isWarning":true,"warningValue":90}
2026-03-29 15:34:30.374 | AlertService | queryCallback type=Spo2AlertSettingsObtained
2026-03-29 15:34:30.376 | AlertService | saveAlertSettings={"device_address":"D8:5C:08:30:00:1E","heart_rate":{"low_enabled":false,"low_threshold":0,"resting_enabled":false,"resting_threshold":220,"workout_enabled":false,"workout_threshold":0},"pending_sync":{"heart_rate":false,"relaxation_prompt":false,"sedentary_reminder":false,"sleep_reminder":false,"spo2":false},"pressure_mode":{"relaxation_prompt_enabled":false,"stress_monitoring_enabled":false},"sedentary_reminder":{"end_hour":0,"end_minute":0,"interval":0,"repeat_count":0,"start_hour":0,"start_minute":0,"status":false},"sleep_reminder":{"hour":0,"millisecond":0,"minute":0,"second":0,"status":false},"snapshots":{"heart_rate":{"continuous_heart_rate_mode":0,"frequency":5,"mode":0},"sedentary_reminder":{"end_noon_hour":0,"end_noon_minute":0,"no_disturb_in_launch":false,"start_noon_hour":0,"start_noon_minute":0}},"spo2":{"enabled":true,"threshold":90},"support":{"heart_rate":true,"high_stress_index":false,"relaxation_prompt":false,"sedentary_reminder":true,"sleep_reminder":false,"spo2":true,"wear_detection":false}}
2026-03-29 15:34:30.378 | AlertService | onAlertQueryCompleted feature=SPO2 phase=null matchesStored=true
2026-03-29 15:34:30.381 | AlertService | queryCallback type=AlertFeatureSupportObtained
2026-03-29 15:34:30.383 | AlertService | saveAlertSettings={"device_address":"D8:5C:08:30:00:1E","heart_rate":{"low_enabled":false,"low_threshold":0,"resting_enabled":false,"resting_threshold":220,"workout_enabled":false,"workout_threshold":0},"pending_sync":{"heart_rate":false,"relaxation_prompt":false,"sedentary_reminder":false,"sleep_reminder":false,"spo2":false},"pressure_mode":{"relaxation_prompt_enabled":false,"stress_monitoring_enabled":false},"sedentary_reminder":{"end_hour":0,"end_minute":0,"interval":0,"repeat_count":0,"start_hour":0,"start_minute":0,"status":false},"sleep_reminder":{"hour":0,"millisecond":0,"minute":0,"second":0,"status":false},"snapshots":{"heart_rate":{"continuous_heart_rate_mode":0,"frequency":5,"mode":0},"sedentary_reminder":{"end_noon_hour":0,"end_noon_minute":0,"no_disturb_in_launch":false,"start_noon_hour":0,"start_noon_minute":0}},"spo2":{"enabled":true,"threshold":90},"support":{"heart_rate":true,"high_stress_index":false,"relaxation_prompt":false,"sedentary_reminder":true,"sleep_reminder":false,"spo2":true,"wear_detection":false}}
2026-03-29 15:34:30.386 | AlertVM | handleQueryCallback type=Spo2AlertSettingsObtained
2026-03-29 15:34:30.387 | AlertVM | spo2 query matchesStored=true
2026-03-29 15:34:30.388 | AlertVM | spo2 query value={"enabled":true,"threshold":90}
2026-03-29 15:34:30.390 | AlertVM | handleQueryCallback type=Default
2026-03-29 15:34:30.391 | AlertVM | handleQueryCallback type=AlertFeatureSupportObtained
2026-03-29 15:34:30.393 | AlertVM | support feature=SPO2 supported=true
2026-03-29 15:34:30.394 | AlertVM | handleQueryCallback type=Default
2026-03-29 15:34:30.688 | AlertService | queryCallback type=UpdateFirmwareLogStatus
2026-03-29 15:34:30.693 | AlertVM | handleQueryCallback type=UpdateFirmwareLogStatus
2026-03-29 15:34:30.695 | AlertVM | handleQueryCallback type=Default
2026-03-29 15:34:31.574 | AlertService | queryCallback type=UpdateFirmwareLogStatus
2026-03-29 15:34:31.581 | AlertVM | handleQueryCallback type=UpdateFirmwareLogStatus
2026-03-29 15:34:31.583 | AlertVM | handleQueryCallback type=Default
2026-03-29 15:34:31.863 | ZhQuery | onSedentaryReminderResult={"drinkWater":0,"endNoonTime":{"hour":0,"millisecond":0,"minuter":0,"second":0},"endTime":{"hour":0,"millisecond":0,"minuter":0,"second":0},"frequency":0,"isOn":false,"noDisturbInLaunch":false,"startNoonTime":{"hour":0,"millisecond":0,"minuter":0,"second":0},"startTime":{"hour":0,"millisecond":0,"minuter":0,"second":0}}
2026-03-29 15:34:31.866 | AlertService | queryCallback type=SedentaryDataObtained
2026-03-29 15:34:31.868 | AlertService | queryCallback type=SedentaryReminderSettingsObtained
2026-03-29 15:34:31.875 | AlertService | saveAlertSettings={"device_address":"D8:5C:08:30:00:1E","heart_rate":{"low_enabled":false,"low_threshold":0,"resting_enabled":false,"resting_threshold":220,"workout_enabled":false,"workout_threshold":0},"pending_sync":{"heart_rate":false,"relaxation_prompt":false,"sedentary_reminder":false,"sleep_reminder":false,"spo2":false},"pressure_mode":{"relaxation_prompt_enabled":false,"stress_monitoring_enabled":false},"sedentary_reminder":{"end_hour":0,"end_minute":0,"interval":0,"repeat_count":0,"start_hour":0,"start_minute":0,"status":false},"sleep_reminder":{"hour":0,"millisecond":0,"minute":0,"second":0,"status":false},"snapshots":{"heart_rate":{"continuous_heart_rate_mode":0,"frequency":5,"mode":0},"sedentary_reminder":{"end_noon_hour":0,"end_noon_minute":0,"no_disturb_in_launch":false,"start_noon_hour":0,"start_noon_minute":0}},"spo2":{"enabled":true,"threshold":90},"support":{"heart_rate":true,"high_stress_index":false,"relaxation_prompt":false,"sedentary_reminder":true,"sleep_reminder":false,"spo2":true,"wear_detection":false}}
2026-03-29 15:34:31.876 | AlertService | onAlertQueryCompleted feature=SEDENTARY_REMINDER phase=null matchesStored=true
2026-03-29 15:34:31.878 | AlertService | queryCallback type=AlertFeatureSupportObtained
2026-03-29 15:34:31.879 | AlertService | saveAlertSettings={"device_address":"D8:5C:08:30:00:1E","heart_rate":{"low_enabled":false,"low_threshold":0,"resting_enabled":false,"resting_threshold":220,"workout_enabled":false,"workout_threshold":0},"pending_sync":{"heart_rate":false,"relaxation_prompt":false,"sedentary_reminder":false,"sleep_reminder":false,"spo2":false},"pressure_mode":{"relaxation_prompt_enabled":false,"stress_monitoring_enabled":false},"sedentary_reminder":{"end_hour":0,"end_minute":0,"interval":0,"repeat_count":0,"start_hour":0,"start_minute":0,"status":false},"sleep_reminder":{"hour":0,"millisecond":0,"minute":0,"second":0,"status":false},"snapshots":{"heart_rate":{"continuous_heart_rate_mode":0,"frequency":5,"mode":0},"sedentary_reminder":{"end_noon_hour":0,"end_noon_minute":0,"no_disturb_in_launch":false,"start_noon_hour":0,"start_noon_minute":0}},"spo2":{"enabled":true,"threshold":90},"support":{"heart_rate":true,"high_stress_index":false,"relaxation_prompt":false,"sedentary_reminder":true,"sleep_reminder":false,"spo2":true,"wear_detection":false}}
2026-03-29 15:34:31.883 | AlertVM | handleQueryCallback type=SedentaryDataObtained
2026-03-29 15:34:31.885 | AlertVM | handleQueryCallback type=Default
2026-03-29 15:34:31.886 | AlertVM | handleQueryCallback type=SedentaryReminderSettingsObtained
2026-03-29 15:34:31.887 | AlertVM | sedentary query matchesStored=true
2026-03-29 15:34:31.889 | AlertVM | sedentary query value={"end_hour":0,"end_minute":0,"interval":0,"repeat_count":0,"start_hour":0,"start_minute":0,"status":false}
2026-03-29 15:34:31.890 | AlertVM | handleQueryCallback type=Default
2026-03-29 15:34:31.891 | AlertVM | handleQueryCallback type=AlertFeatureSupportObtained
2026-03-29 15:34:31.892 | AlertVM | support feature=SEDENTARY_REMINDER supported=true
2026-03-29 15:34:31.893 | AlertVM | handleQueryCallback type=Default
2026-03-29 15:34:32.633 | AlertService | queryCallback type=UpdateFirmwareLogStatus
2026-03-29 15:34:32.642 | AlertVM | handleQueryCallback type=UpdateFirmwareLogStatus
2026-03-29 15:34:32.645 | AlertVM | handleQueryCallback type=Default
2026-03-29 15:34:33.585 | AlertService | queryCallback type=UpdateFirmwareLogStatus
2026-03-29 15:34:33.603 | AlertVM | handleQueryCallback type=UpdateFirmwareLogStatus
2026-03-29 15:34:33.607 | AlertVM | handleQueryCallback type=Default
2026-03-29 15:34:34.563 | AlertService | queryCallback type=UpdateFirmwareLogStatus
2026-03-29 15:34:34.576 | AlertVM | handleQueryCallback type=UpdateFirmwareLogStatus
2026-03-29 15:34:34.579 | AlertVM | handleQueryCallback type=Default
2026-03-29 15:34:35.558 | AlertService | queryCallback type=UpdateFirmwareLogStatus
2026-03-29 15:34:35.560 | AlertVM | handleQueryCallback type=UpdateFirmwareLogStatus
2026-03-29 15:34:35.563 | AlertVM | handleQueryCallback type=Default
2026-03-29 15:34:36.142 | AlertVM | saveHeartRateSettings requested={"low_enabled":false,"low_threshold":0,"resting_enabled":true,"resting_threshold":70,"workout_enabled":false,"workout_threshold":0}
2026-03-29 15:34:36.147 | AlertVM | persistFeature feature=HEART_RATE connected=true
2026-03-29 15:34:36.151 | AlertVM | persistFeature state={"device_address":"D8:5C:08:30:00:1E","heart_rate":{"low_enabled":false,"low_threshold":0,"resting_enabled":true,"resting_threshold":70,"workout_enabled":false,"workout_threshold":0},"pending_sync":{"heart_rate":true,"relaxation_prompt":false,"sedentary_reminder":false,"sleep_reminder":false,"spo2":false},"pressure_mode":{"relaxation_prompt_enabled":false,"stress_monitoring_enabled":false},"sedentary_reminder":{"end_hour":0,"end_minute":0,"interval":0,"repeat_count":0,"start_hour":0,"start_minute":0,"status":false},"sleep_reminder":{"hour":0,"millisecond":0,"minute":0,"second":0,"status":false},"snapshots":{"heart_rate":{"continuous_heart_rate_mode":0,"frequency":5,"mode":0},"sedentary_reminder":{"end_noon_hour":0,"end_noon_minute":0,"no_disturb_in_launch":false,"start_noon_hour":0,"start_noon_minute":0}},"spo2":{"enabled":true,"threshold":90},"support":{"heart_rate":true,"high_stress_index":false,"relaxation_prompt":false,"sedentary_reminder":true,"sleep_reminder":false,"spo2":true,"wear_detection":false}}
2026-03-29 15:34:36.156 | AlertVM | syncQueuedFeatures feature=HEART_RATE requiresSnapshot=false
2026-03-29 15:34:36.158 | AlertVM | sendUpdate feature=HEART_RATE
2026-03-29 15:34:36.161 | AlertVM | sendUpdate state={"device_address":"D8:5C:08:30:00:1E","heart_rate":{"low_enabled":false,"low_threshold":0,"resting_enabled":true,"resting_threshold":70,"workout_enabled":false,"workout_threshold":0},"pending_sync":{"heart_rate":true,"relaxation_prompt":false,"sedentary_reminder":false,"sleep_reminder":false,"spo2":false},"pressure_mode":{"relaxation_prompt_enabled":false,"stress_monitoring_enabled":false},"sedentary_reminder":{"end_hour":0,"end_minute":0,"interval":0,"repeat_count":0,"start_hour":0,"start_minute":0,"status":false},"sleep_reminder":{"hour":0,"millisecond":0,"minute":0,"second":0,"status":false},"snapshots":{"heart_rate":{"continuous_heart_rate_mode":0,"frequency":5,"mode":0},"sedentary_reminder":{"end_noon_hour":0,"end_noon_minute":0,"no_disturb_in_launch":false,"start_noon_hour":0,"start_noon_minute":0}},"spo2":{"enabled":true,"threshold":90},"support":{"heart_rate":true,"high_stress_index":false,"relaxation_prompt":false,"sedentary_reminder":true,"sleep_reminder":false,"spo2":true,"wear_detection":false}}
2026-03-29 15:34:36.197 | ZhUpdate | setHeartRateAlertSettings={"low_enabled":false,"low_threshold":0,"resting_enabled":true,"resting_threshold":70,"workout_enabled":false,"workout_threshold":0}
2026-03-29 15:34:36.203 | ZhUpdate | setHeartRateAlertSettings bean={"continuousHeartRateMode":0,"frequency":5,"isSportWarning":false,"isWarning":true,"lowWarningValue":0,"mode":0,"sportWarningValue":0,"warningValue":70}
2026-03-29 15:34:36.534 | AlertService | queryCallback type=UpdateFirmwareLogStatus
2026-03-29 15:34:36.544 | AlertVM | handleQueryCallback type=UpdateFirmwareLogStatus
2026-03-29 15:34:36.545 | AlertVM | handleQueryCallback type=Default
2026-03-29 15:34:36.735 | ZhUpdate | setHeartRateAlertSettings state=SUCCEED
2026-03-29 15:34:36.737 | AlertService | updateCallback type=HeartRateAlertUpdated
2026-03-29 15:34:36.743 | AlertService | updateCallback type=HeartRateAlertSettingsUpdated
2026-03-29 15:34:36.747 | AlertService | onAlertUpdateCompleted feature=HEART_RATE success=true
2026-03-29 15:34:36.750 | AlertService | updateCallback type=HeartRateMeasureIntervalSet
2026-03-29 15:34:36.753 | AlertVM | handleUpdateCallback type=HeartRateAlertUpdated
2026-03-29 15:34:36.756 | AlertVM | handleUpdateCallback type=HeartRateAlertSettingsUpdated
2026-03-29 15:34:36.759 | AlertVM | heartRate update success=true
2026-03-29 15:34:36.761 | AlertVM | handleScreenUpdateCompletion feature=HEART_RATE success=true
2026-03-29 15:34:36.764 | AlertVM | sendQuery feature=HEART_RATE
2026-03-29 15:34:36.766 | AlertVM | handleUpdateCallback type=HeartRateMeasureIntervalSet
2026-03-29 15:34:36.767 | ZhQuery | getHeartRateAlertSettings dispatched
2026-03-29 15:34:37.040 | ZhQuery | onHeartRateMonitorResult={"continuousHeartRateMode":0,"frequency":5,"isSportWarning":false,"isWarning":false,"lowWarningValue":0,"mode":0,"sportWarningValue":0,"warningValue":220}
2026-03-29 15:34:37.043 | AlertService | queryCallback type=HeartRateAlertDataObtained
2026-03-29 15:34:37.045 | AlertService | queryCallback type=HeartRateAlertSettingsObtained
2026-03-29 15:34:37.050 | AlertService | saveAlertSettings={"device_address":"D8:5C:08:30:00:1E","heart_rate":{"low_enabled":false,"low_threshold":0,"resting_enabled":false,"resting_threshold":220,"workout_enabled":false,"workout_threshold":0},"pending_sync":{"heart_rate":true,"relaxation_prompt":false,"sedentary_reminder":false,"sleep_reminder":false,"spo2":false},"pressure_mode":{"relaxation_prompt_enabled":false,"stress_monitoring_enabled":false},"sedentary_reminder":{"end_hour":0,"end_minute":0,"interval":0,"repeat_count":0,"start_hour":0,"start_minute":0,"status":false},"sleep_reminder":{"hour":0,"millisecond":0,"minute":0,"second":0,"status":false},"snapshots":{"heart_rate":{"continuous_heart_rate_mode":0,"frequency":5,"mode":0},"sedentary_reminder":{"end_noon_hour":0,"end_noon_minute":0,"no_disturb_in_launch":false,"start_noon_hour":0,"start_noon_minute":0}},"spo2":{"enabled":true,"threshold":90},"support":{"heart_rate":true,"high_stress_index":false,"relaxation_prompt":false,"sedentary_reminder":true,"sleep_reminder":false,"spo2":true,"wear_detection":false}}
2026-03-29 15:34:37.055 | AlertService | onAlertQueryCompleted feature=HEART_RATE phase=null matchesStored=false
2026-03-29 15:34:37.057 | AlertService | syncPendingAlertSettings feature=HEART_RATE requiresSnapshot=false
2026-03-29 15:34:37.059 | AlertService | sendAlertUpdate feature=HEART_RATE
2026-03-29 15:34:37.061 | AlertService | sendAlertUpdate settings={"device_address":"D8:5C:08:30:00:1E","heart_rate":{"low_enabled":false,"low_threshold":0,"resting_enabled":false,"resting_threshold":220,"workout_enabled":false,"workout_threshold":0},"pending_sync":{"heart_rate":true,"relaxation_prompt":false,"sedentary_reminder":false,"sleep_reminder":false,"spo2":false},"pressure_mode":{"relaxation_prompt_enabled":false,"stress_monitoring_enabled":false},"sedentary_reminder":{"end_hour":0,"end_minute":0,"interval":0,"repeat_count":0,"start_hour":0,"start_minute":0,"status":false},"sleep_reminder":{"hour":0,"millisecond":0,"minute":0,"second":0,"status":false},"snapshots":{"heart_rate":{"continuous_heart_rate_mode":0,"frequency":5,"mode":0},"sedentary_reminder":{"end_noon_hour":0,"end_noon_minute":0,"no_disturb_in_launch":false,"start_noon_hour":0,"start_noon_minute":0}},"spo2":{"enabled":true,"threshold":90},"support":{"heart_rate":true,"high_stress_index":false,"relaxation_prompt":false,"sedentary_reminder":true,"sleep_reminder":false,"spo2":true,"wear_detection":false}}
2026-03-29 15:34:37.065 | AlertService | queryCallback type=AlertFeatureSupportObtained
2026-03-29 15:34:37.090 | AlertService | saveAlertSettings={"device_address":"D8:5C:08:30:00:1E","heart_rate":{"low_enabled":false,"low_threshold":0,"resting_enabled":false,"resting_threshold":220,"workout_enabled":false,"workout_threshold":0},"pending_sync":{"heart_rate":true,"relaxation_prompt":false,"sedentary_reminder":false,"sleep_reminder":false,"spo2":false},"pressure_mode":{"relaxation_prompt_enabled":false,"stress_monitoring_enabled":false},"sedentary_reminder":{"end_hour":0,"end_minute":0,"interval":0,"repeat_count":0,"start_hour":0,"start_minute":0,"status":false},"sleep_reminder":{"hour":0,"millisecond":0,"minute":0,"second":0,"status":false},"snapshots":{"heart_rate":{"continuous_heart_rate_mode":0,"frequency":5,"mode":0},"sedentary_reminder":{"end_noon_hour":0,"end_noon_minute":0,"no_disturb_in_launch":false,"start_noon_hour":0,"start_noon_minute":0}},"spo2":{"enabled":true,"threshold":90},"support":{"heart_rate":true,"high_stress_index":false,"relaxation_prompt":false,"sedentary_reminder":true,"sleep_reminder":false,"spo2":true,"wear_detection":false}}
2026-03-29 15:34:37.095 | ZhQuery | getHeartRateAlertSettings state=SUCCEED
2026-03-29 15:34:37.097 | AlertVM | handleQueryCallback type=HeartRateAlertDataObtained
2026-03-29 15:34:37.098 | AlertVM | handleQueryCallback type=Default
2026-03-29 15:34:37.099 | ZhUpdate | setHeartRateAlertSettings={"low_enabled":false,"low_threshold":0,"resting_enabled":false,"resting_threshold":220,"workout_enabled":false,"workout_threshold":0}
2026-03-29 15:34:37.100 | ZhUpdate | setHeartRateAlertSettings bean={"continuousHeartRateMode":0,"frequency":5,"isSportWarning":false,"isWarning":false,"lowWarningValue":0,"mode":0,"sportWarningValue":0,"warningValue":220}
2026-03-29 15:34:37.102 | AlertVM | handleQueryCallback type=HeartRateAlertSettingsObtained
2026-03-29 15:34:37.103 | AlertVM | heartRate query matchesStored=true
2026-03-29 15:34:37.104 | AlertVM | heartRate query value={"low_enabled":false,"low_threshold":0,"resting_enabled":false,"resting_threshold":220,"workout_enabled":false,"workout_threshold":0}
2026-03-29 15:34:37.105 | AlertVM | handleScreenQueryCompletion feature=HEART_RATE phase=VERIFY_QUERY matchesStored=true
2026-03-29 15:34:37.107 | AlertVM | handleQueryCallback type=Default
2026-03-29 15:34:37.108 | AlertVM | handleQueryCallback type=AlertFeatureSupportObtained
2026-03-29 15:34:37.109 | AlertVM | support feature=HEART_RATE supported=true
2026-03-29 15:34:37.111 | AlertVM | handleQueryCallback type=Default
2026-03-29 15:34:37.353 | ZhUpdate | setHeartRateAlertSettings state=SUCCEED
2026-03-29 15:34:37.356 | AlertService | updateCallback type=HeartRateAlertUpdated
2026-03-29 15:34:37.365 | AlertService | updateCallback type=HeartRateAlertSettingsUpdated
2026-03-29 15:34:37.372 | AlertService | onAlertUpdateCompleted feature=HEART_RATE success=true
2026-03-29 15:34:37.374 | AlertService | sendAlertQuery feature=HEART_RATE
2026-03-29 15:34:37.376 | AlertService | updateCallback type=HeartRateMeasureIntervalSet
2026-03-29 15:34:37.378 | AlertVM | handleUpdateCallback type=HeartRateAlertUpdated
2026-03-29 15:34:37.381 | ZhQuery | getHeartRateAlertSettings dispatched
2026-03-29 15:34:37.383 | AlertVM | handleUpdateCallback type=HeartRateAlertSettingsUpdated
2026-03-29 15:34:37.385 | AlertVM | heartRate update success=true
2026-03-29 15:34:37.387 | AlertVM | handleUpdateCallback type=HeartRateMeasureIntervalSet
2026-03-29 15:34:37.678 | AlertService | queryCallback type=UpdateFirmwareLogStatus
2026-03-29 15:34:37.686 | AlertVM | handleQueryCallback type=UpdateFirmwareLogStatus
2026-03-29 15:34:37.689 | AlertVM | handleQueryCallback type=Default
2026-03-29 15:34:37.964 | ZhQuery | onHeartRateMonitorResult={"continuousHeartRateMode":0,"frequency":5,"isSportWarning":false,"isWarning":false,"lowWarningValue":0,"mode":0,"sportWarningValue":0,"warningValue":220}
2026-03-29 15:34:37.965 | AlertService | queryCallback type=HeartRateAlertDataObtained
2026-03-29 15:34:37.967 | AlertService | queryCallback type=HeartRateAlertSettingsObtained
2026-03-29 15:34:37.969 | AlertService | saveAlertSettings={"device_address":"D8:5C:08:30:00:1E","heart_rate":{"low_enabled":false,"low_threshold":0,"resting_enabled":false,"resting_threshold":220,"workout_enabled":false,"workout_threshold":0},"pending_sync":{"heart_rate":false,"relaxation_prompt":false,"sedentary_reminder":false,"sleep_reminder":false,"spo2":false},"pressure_mode":{"relaxation_prompt_enabled":false,"stress_monitoring_enabled":false},"sedentary_reminder":{"end_hour":0,"end_minute":0,"interval":0,"repeat_count":0,"start_hour":0,"start_minute":0,"status":false},"sleep_reminder":{"hour":0,"millisecond":0,"minute":0,"second":0,"status":false},"snapshots":{"heart_rate":{"continuous_heart_rate_mode":0,"frequency":5,"mode":0},"sedentary_reminder":{"end_noon_hour":0,"end_noon_minute":0,"no_disturb_in_launch":false,"start_noon_hour":0,"start_noon_minute":0}},"spo2":{"enabled":true,"threshold":90},"support":{"heart_rate":true,"high_stress_index":false,"relaxation_prompt":false,"sedentary_reminder":true,"sleep_reminder":false,"spo2":true,"wear_detection":false}}
2026-03-29 15:34:37.971 | AlertService | onAlertQueryCompleted feature=HEART_RATE phase=VERIFY_QUERY matchesStored=true
2026-03-29 15:34:37.972 | AlertService | saveAlertSettings={"device_address":"D8:5C:08:30:00:1E","heart_rate":{"low_enabled":false,"low_threshold":0,"resting_enabled":false,"resting_threshold":220,"workout_enabled":false,"workout_threshold":0},"pending_sync":{"heart_rate":false,"relaxation_prompt":false,"sedentary_reminder":false,"sleep_reminder":false,"spo2":false},"pressure_mode":{"relaxation_prompt_enabled":false,"stress_monitoring_enabled":false},"sedentary_reminder":{"end_hour":0,"end_minute":0,"interval":0,"repeat_count":0,"start_hour":0,"start_minute":0,"status":false},"sleep_reminder":{"hour":0,"millisecond":0,"minute":0,"second":0,"status":false},"snapshots":{"heart_rate":{"continuous_heart_rate_mode":0,"frequency":5,"mode":0},"sedentary_reminder":{"end_noon_hour":0,"end_noon_minute":0,"no_disturb_in_launch":false,"start_noon_hour":0,"start_noon_minute":0}},"spo2":{"enabled":true,"threshold":90},"support":{"heart_rate":true,"high_stress_index":false,"relaxation_prompt":false,"sedentary_reminder":true,"sleep_reminder":false,"spo2":true,"wear_detection":false}}
2026-03-29 15:34:37.974 | AlertService | queryCallback type=AlertFeatureSupportObtained
2026-03-29 15:34:37.976 | AlertService | saveAlertSettings={"device_address":"D8:5C:08:30:00:1E","heart_rate":{"low_enabled":false,"low_threshold":0,"resting_enabled":false,"resting_threshold":220,"workout_enabled":false,"workout_threshold":0},"pending_sync":{"heart_rate":false,"relaxation_prompt":false,"sedentary_reminder":false,"sleep_reminder":false,"spo2":false},"pressure_mode":{"relaxation_prompt_enabled":false,"stress_monitoring_enabled":false},"sedentary_reminder":{"end_hour":0,"end_minute":0,"interval":0,"repeat_count":0,"start_hour":0,"start_minute":0,"status":false},"sleep_reminder":{"hour":0,"millisecond":0,"minute":0,"second":0,"status":false},"snapshots":{"heart_rate":{"continuous_heart_rate_mode":0,"frequency":5,"mode":0},"sedentary_reminder":{"end_noon_hour":0,"end_noon_minute":0,"no_disturb_in_launch":false,"start_noon_hour":0,"start_noon_minute":0}},"spo2":{"enabled":true,"threshold":90},"support":{"heart_rate":true,"high_stress_index":false,"relaxation_prompt":false,"sedentary_reminder":true,"sleep_reminder":false,"spo2":true,"wear_detection":false}}
2026-03-29 15:34:37.977 | ZhQuery | getHeartRateAlertSettings state=SUCCEED
2026-03-29 15:34:37.979 | AlertVM | handleQueryCallback type=HeartRateAlertDataObtained
2026-03-29 15:34:37.981 | AlertVM | handleQueryCallback type=Default
2026-03-29 15:34:37.983 | AlertVM | handleQueryCallback type=HeartRateAlertSettingsObtained
2026-03-29 15:34:37.985 | AlertVM | heartRate query matchesStored=true
2026-03-29 15:34:37.987 | AlertVM | heartRate query value={"low_enabled":false,"low_threshold":0,"resting_enabled":false,"resting_threshold":220,"workout_enabled":false,"workout_threshold":0}
2026-03-29 15:34:37.989 | AlertVM | handleQueryCallback type=Default
2026-03-29 15:34:37.991 | AlertVM | handleQueryCallback type=AlertFeatureSupportObtained
2026-03-29 15:34:37.992 | AlertVM | support feature=HEART_RATE supported=true
2026-03-29 15:34:37.994 | AlertVM | handleQueryCallback type=Default
2026-03-29 15:34:38.567 | AlertService | queryCallback type=UpdateFirmwareLogStatus
2026-03-29 15:34:38.577 | AlertVM | handleQueryCallback type=UpdateFirmwareLogStatus
2026-03-29 15:34:38.580 | AlertVM | handleQueryCallback type=Default
2026-03-29 15:34:38.819 | AlertVM | saveHeartRateSettings requested={"low_enabled":false,"low_threshold":0,"resting_enabled":false,"resting_threshold":70,"workout_enabled":false,"workout_threshold":0}
2026-03-29 15:34:38.821 | AlertVM | persistFeature feature=HEART_RATE connected=true
2026-03-29 15:34:38.823 | AlertVM | persistFeature state={"device_address":"D8:5C:08:30:00:1E","heart_rate":{"low_enabled":false,"low_threshold":0,"resting_enabled":false,"resting_threshold":70,"workout_enabled":false,"workout_threshold":0},"pending_sync":{"heart_rate":true,"relaxation_prompt":false,"sedentary_reminder":false,"sleep_reminder":false,"spo2":false},"pressure_mode":{"relaxation_prompt_enabled":false,"stress_monitoring_enabled":false},"sedentary_reminder":{"end_hour":0,"end_minute":0,"interval":0,"repeat_count":0,"start_hour":0,"start_minute":0,"status":false},"sleep_reminder":{"hour":0,"millisecond":0,"minute":0,"second":0,"status":false},"snapshots":{"heart_rate":{"continuous_heart_rate_mode":0,"frequency":5,"mode":0},"sedentary_reminder":{"end_noon_hour":0,"end_noon_minute":0,"no_disturb_in_launch":false,"start_noon_hour":0,"start_noon_minute":0}},"spo2":{"enabled":true,"threshold":90},"support":{"heart_rate":true,"high_stress_index":false,"relaxation_prompt":false,"sedentary_reminder":true,"sleep_reminder":false,"spo2":true,"wear_detection":false}}
2026-03-29 15:34:38.836 | AlertVM | syncQueuedFeatures feature=HEART_RATE requiresSnapshot=false
2026-03-29 15:34:38.838 | AlertVM | sendUpdate feature=HEART_RATE
2026-03-29 15:34:38.845 | AlertVM | sendUpdate state={"device_address":"D8:5C:08:30:00:1E","heart_rate":{"low_enabled":false,"low_threshold":0,"resting_enabled":false,"resting_threshold":70,"workout_enabled":false,"workout_threshold":0},"pending_sync":{"heart_rate":true,"relaxation_prompt":false,"sedentary_reminder":false,"sleep_reminder":false,"spo2":false},"pressure_mode":{"relaxation_prompt_enabled":false,"stress_monitoring_enabled":false},"sedentary_reminder":{"end_hour":0,"end_minute":0,"interval":0,"repeat_count":0,"start_hour":0,"start_minute":0,"status":false},"sleep_reminder":{"hour":0,"millisecond":0,"minute":0,"second":0,"status":false},"snapshots":{"heart_rate":{"continuous_heart_rate_mode":0,"frequency":5,"mode":0},"sedentary_reminder":{"end_noon_hour":0,"end_noon_minute":0,"no_disturb_in_launch":false,"start_noon_hour":0,"start_noon_minute":0}},"spo2":{"enabled":true,"threshold":90},"support":{"heart_rate":true,"high_stress_index":false,"relaxation_prompt":false,"sedentary_reminder":true,"sleep_reminder":false,"spo2":true,"wear_detection":false}}
2026-03-29 15:34:38.849 | ZhUpdate | setHeartRateAlertSettings={"low_enabled":false,"low_threshold":0,"resting_enabled":false,"resting_threshold":70,"workout_enabled":false,"workout_threshold":0}
2026-03-29 15:34:38.853 | ZhUpdate | setHeartRateAlertSettings bean={"continuousHeartRateMode":0,"frequency":5,"isSportWarning":false,"isWarning":false,"lowWarningValue":0,"mode":0,"sportWarningValue":0,"warningValue":70}
2026-03-29 15:34:39.145 | ZhUpdate | setHeartRateAlertSettings state=SUCCEED
2026-03-29 15:34:39.147 | AlertService | updateCallback type=HeartRateAlertUpdated
2026-03-29 15:34:39.151 | AlertService | updateCallback type=HeartRateAlertSettingsUpdated
2026-03-29 15:34:39.158 | AlertService | onAlertUpdateCompleted feature=HEART_RATE success=true
2026-03-29 15:34:39.160 | AlertService | updateCallback type=HeartRateMeasureIntervalSet
2026-03-29 15:34:39.161 | AlertVM | handleUpdateCallback type=HeartRateAlertUpdated
2026-03-29 15:34:39.163 | AlertVM | handleUpdateCallback type=HeartRateAlertSettingsUpdated
2026-03-29 15:34:39.165 | AlertVM | heartRate update success=true
2026-03-29 15:34:39.168 | AlertVM | handleScreenUpdateCompletion feature=HEART_RATE success=true
2026-03-29 15:34:39.169 | AlertVM | sendQuery feature=HEART_RATE
2026-03-29 15:34:39.171 | AlertVM | handleUpdateCallback type=HeartRateMeasureIntervalSet
2026-03-29 15:34:39.172 | ZhQuery | getHeartRateAlertSettings dispatched
2026-03-29 15:34:39.561 | AlertService | queryCallback type=UpdateFirmwareLogStatus
2026-03-29 15:34:39.576 | AlertVM | handleQueryCallback type=UpdateFirmwareLogStatus
2026-03-29 15:34:39.579 | AlertVM | handleQueryCallback type=Default
2026-03-29 15:34:39.796 | ZhQuery | onHeartRateMonitorResult={"continuousHeartRateMode":0,"frequency":5,"isSportWarning":false,"isWarning":false,"lowWarningValue":0,"mode":0,"sportWarningValue":0,"warningValue":220}
2026-03-29 15:34:39.800 | AlertService | queryCallback type=HeartRateAlertDataObtained
2026-03-29 15:34:39.802 | AlertService | queryCallback type=HeartRateAlertSettingsObtained
2026-03-29 15:34:39.804 | AlertService | saveAlertSettings={"device_address":"D8:5C:08:30:00:1E","heart_rate":{"low_enabled":false,"low_threshold":0,"resting_enabled":false,"resting_threshold":220,"workout_enabled":false,"workout_threshold":0},"pending_sync":{"heart_rate":true,"relaxation_prompt":false,"sedentary_reminder":false,"sleep_reminder":false,"spo2":false},"pressure_mode":{"relaxation_prompt_enabled":false,"stress_monitoring_enabled":false},"sedentary_reminder":{"end_hour":0,"end_minute":0,"interval":0,"repeat_count":0,"start_hour":0,"start_minute":0,"status":false},"sleep_reminder":{"hour":0,"millisecond":0,"minute":0,"second":0,"status":false},"snapshots":{"heart_rate":{"continuous_heart_rate_mode":0,"frequency":5,"mode":0},"sedentary_reminder":{"end_noon_hour":0,"end_noon_minute":0,"no_disturb_in_launch":false,"start_noon_hour":0,"start_noon_minute":0}},"spo2":{"enabled":true,"threshold":90},"support":{"heart_rate":true,"high_stress_index":false,"relaxation_prompt":false,"sedentary_reminder":true,"sleep_reminder":false,"spo2":true,"wear_detection":false}}
2026-03-29 15:34:39.806 | AlertService | onAlertQueryCompleted feature=HEART_RATE phase=null matchesStored=false
2026-03-29 15:34:39.810 | AlertService | syncPendingAlertSettings feature=HEART_RATE requiresSnapshot=false
2026-03-29 15:34:39.812 | AlertService | sendAlertUpdate feature=HEART_RATE
2026-03-29 15:34:39.813 | AlertService | sendAlertUpdate settings={"device_address":"D8:5C:08:30:00:1E","heart_rate":{"low_enabled":false,"low_threshold":0,"resting_enabled":false,"resting_threshold":220,"workout_enabled":false,"workout_threshold":0},"pending_sync":{"heart_rate":true,"relaxation_prompt":false,"sedentary_reminder":false,"sleep_reminder":false,"spo2":false},"pressure_mode":{"relaxation_prompt_enabled":false,"stress_monitoring_enabled":false},"sedentary_reminder":{"end_hour":0,"end_minute":0,"interval":0,"repeat_count":0,"start_hour":0,"start_minute":0,"status":false},"sleep_reminder":{"hour":0,"millisecond":0,"minute":0,"second":0,"status":false},"snapshots":{"heart_rate":{"continuous_heart_rate_mode":0,"frequency":5,"mode":0},"sedentary_reminder":{"end_noon_hour":0,"end_noon_minute":0,"no_disturb_in_launch":false,"start_noon_hour":0,"start_noon_minute":0}},"spo2":{"enabled":true,"threshold":90},"support":{"heart_rate":true,"high_stress_index":false,"relaxation_prompt":false,"sedentary_reminder":true,"sleep_reminder":false,"spo2":true,"wear_detection":false}}
2026-03-29 15:34:39.817 | AlertService | queryCallback type=AlertFeatureSupportObtained
2026-03-29 15:34:39.819 | AlertService | saveAlertSettings={"device_address":"D8:5C:08:30:00:1E","heart_rate":{"low_enabled":false,"low_threshold":0,"resting_enabled":false,"resting_threshold":220,"workout_enabled":false,"workout_threshold":0},"pending_sync":{"heart_rate":true,"relaxation_prompt":false,"sedentary_reminder":false,"sleep_reminder":false,"spo2":false},"pressure_mode":{"relaxation_prompt_enabled":false,"stress_monitoring_enabled":false},"sedentary_reminder":{"end_hour":0,"end_minute":0,"interval":0,"repeat_count":0,"start_hour":0,"start_minute":0,"status":false},"sleep_reminder":{"hour":0,"millisecond":0,"minute":0,"second":0,"status":false},"snapshots":{"heart_rate":{"continuous_heart_rate_mode":0,"frequency":5,"mode":0},"sedentary_reminder":{"end_noon_hour":0,"end_noon_minute":0,"no_disturb_in_launch":false,"start_noon_hour":0,"start_noon_minute":0}},"spo2":{"enabled":true,"threshold":90},"support":{"heart_rate":true,"high_stress_index":false,"relaxation_prompt":false,"sedentary_reminder":true,"sleep_reminder":false,"spo2":true,"wear_detection":false}}
2026-03-29 15:34:39.830 | AlertVM | handleQueryCallback type=HeartRateAlertDataObtained
2026-03-29 15:34:39.833 | AlertVM | handleQueryCallback type=Default
2026-03-29 15:34:39.834 | ZhQuery | getHeartRateAlertSettings state=SUCCEED
2026-03-29 15:34:39.836 | ZhUpdate | setHeartRateAlertSettings={"low_enabled":false,"low_threshold":0,"resting_enabled":false,"resting_threshold":220,"workout_enabled":false,"workout_threshold":0}
2026-03-29 15:34:39.837 | ZhUpdate | setHeartRateAlertSettings bean={"continuousHeartRateMode":0,"frequency":5,"isSportWarning":false,"isWarning":false,"lowWarningValue":0,"mode":0,"sportWarningValue":0,"warningValue":220}
2026-03-29 15:34:39.840 | AlertVM | handleQueryCallback type=HeartRateAlertSettingsObtained
2026-03-29 15:34:39.841 | AlertVM | heartRate query matchesStored=true
2026-03-29 15:34:39.843 | AlertVM | heartRate query value={"low_enabled":false,"low_threshold":0,"resting_enabled":false,"resting_threshold":220,"workout_enabled":false,"workout_threshold":0}
2026-03-29 15:34:39.844 | AlertVM | handleScreenQueryCompletion feature=HEART_RATE phase=VERIFY_QUERY matchesStored=true
2026-03-29 15:34:39.845 | AlertVM | handleQueryCallback type=Default
2026-03-29 15:34:39.846 | AlertVM | handleQueryCallback type=AlertFeatureSupportObtained
2026-03-29 15:34:39.849 | AlertVM | support feature=HEART_RATE supported=true
2026-03-29 15:34:39.850 | AlertVM | handleQueryCallback type=Default
2026-03-29 15:34:40.130 | ZhUpdate | setHeartRateAlertSettings state=SUCCEED
2026-03-29 15:34:40.132 | AlertService | updateCallback type=HeartRateAlertUpdated
2026-03-29 15:34:40.134 | AlertService | updateCallback type=HeartRateAlertSettingsUpdated
2026-03-29 15:34:40.141 | AlertService | onAlertUpdateCompleted feature=HEART_RATE success=true
2026-03-29 15:34:40.143 | AlertService | sendAlertQuery feature=HEART_RATE
2026-03-29 15:34:40.144 | AlertService | updateCallback type=HeartRateMeasureIntervalSet
2026-03-29 15:34:40.146 | AlertVM | handleUpdateCallback type=HeartRateAlertUpdated
2026-03-29 15:34:40.147 | ZhQuery | getHeartRateAlertSettings dispatched
2026-03-29 15:34:40.152 | AlertVM | handleUpdateCallback type=HeartRateAlertSettingsUpdated
2026-03-29 15:34:40.155 | AlertVM | heartRate update success=true
2026-03-29 15:34:40.156 | AlertVM | handleUpdateCallback type=HeartRateMeasureIntervalSet
2026-03-29 15:34:40.692 | AlertService | queryCallback type=UpdateFirmwareLogStatus
2026-03-29 15:34:40.699 | AlertVM | handleQueryCallback type=UpdateFirmwareLogStatus
2026-03-29 15:34:40.704 | AlertVM | handleQueryCallback type=Default
2026-03-29 15:34:40.860 | ZhQuery | onHeartRateMonitorResult={"continuousHeartRateMode":0,"frequency":5,"isSportWarning":false,"isWarning":false,"lowWarningValue":0,"mode":0,"sportWarningValue":0,"warningValue":220}
2026-03-29 15:34:40.862 | AlertService | queryCallback type=HeartRateAlertDataObtained
2026-03-29 15:34:40.869 | AlertService | queryCallback type=HeartRateAlertSettingsObtained
2026-03-29 15:34:40.871 | AlertService | saveAlertSettings={"device_address":"D8:5C:08:30:00:1E","heart_rate":{"low_enabled":false,"low_threshold":0,"resting_enabled":false,"resting_threshold":220,"workout_enabled":false,"workout_threshold":0},"pending_sync":{"heart_rate":false,"relaxation_prompt":false,"sedentary_reminder":false,"sleep_reminder":false,"spo2":false},"pressure_mode":{"relaxation_prompt_enabled":false,"stress_monitoring_enabled":false},"sedentary_reminder":{"end_hour":0,"end_minute":0,"interval":0,"repeat_count":0,"start_hour":0,"start_minute":0,"status":false},"sleep_reminder":{"hour":0,"millisecond":0,"minute":0,"second":0,"status":false},"snapshots":{"heart_rate":{"continuous_heart_rate_mode":0,"frequency":5,"mode":0},"sedentary_reminder":{"end_noon_hour":0,"end_noon_minute":0,"no_disturb_in_launch":false,"start_noon_hour":0,"start_noon_minute":0}},"spo2":{"enabled":true,"threshold":90},"support":{"heart_rate":true,"high_stress_index":false,"relaxation_prompt":false,"sedentary_reminder":true,"sleep_reminder":false,"spo2":true,"wear_detection":false}}
2026-03-29 15:34:40.873 | AlertService | onAlertQueryCompleted feature=HEART_RATE phase=VERIFY_QUERY matchesStored=true
2026-03-29 15:34:40.874 | AlertService | saveAlertSettings={"device_address":"D8:5C:08:30:00:1E","heart_rate":{"low_enabled":false,"low_threshold":0,"resting_enabled":false,"resting_threshold":220,"workout_enabled":false,"workout_threshold":0},"pending_sync":{"heart_rate":false,"relaxation_prompt":false,"sedentary_reminder":false,"sleep_reminder":false,"spo2":false},"pressure_mode":{"relaxation_prompt_enabled":false,"stress_monitoring_enabled":false},"sedentary_reminder":{"end_hour":0,"end_minute":0,"interval":0,"repeat_count":0,"start_hour":0,"start_minute":0,"status":false},"sleep_reminder":{"hour":0,"millisecond":0,"minute":0,"second":0,"status":false},"snapshots":{"heart_rate":{"continuous_heart_rate_mode":0,"frequency":5,"mode":0},"sedentary_reminder":{"end_noon_hour":0,"end_noon_minute":0,"no_disturb_in_launch":false,"start_noon_hour":0,"start_noon_minute":0}},"spo2":{"enabled":true,"threshold":90},"support":{"heart_rate":true,"high_stress_index":false,"relaxation_prompt":false,"sedentary_reminder":true,"sleep_reminder":false,"spo2":true,"wear_detection":false}}
2026-03-29 15:34:40.877 | AlertService | queryCallback type=AlertFeatureSupportObtained
2026-03-29 15:34:40.879 | AlertService | saveAlertSettings={"device_address":"D8:5C:08:30:00:1E","heart_rate":{"low_enabled":false,"low_threshold":0,"resting_enabled":false,"resting_threshold":220,"workout_enabled":false,"workout_threshold":0},"pending_sync":{"heart_rate":false,"relaxation_prompt":false,"sedentary_reminder":false,"sleep_reminder":false,"spo2":false},"pressure_mode":{"relaxation_prompt_enabled":false,"stress_monitoring_enabled":false},"sedentary_reminder":{"end_hour":0,"end_minute":0,"interval":0,"repeat_count":0,"start_hour":0,"start_minute":0,"status":false},"sleep_reminder":{"hour":0,"millisecond":0,"minute":0,"second":0,"status":false},"snapshots":{"heart_rate":{"continuous_heart_rate_mode":0,"frequency":5,"mode":0},"sedentary_reminder":{"end_noon_hour":0,"end_noon_minute":0,"no_disturb_in_launch":false,"start_noon_hour":0,"start_noon_minute":0}},"spo2":{"enabled":true,"threshold":90},"support":{"heart_rate":true,"high_stress_index":false,"relaxation_prompt":false,"sedentary_reminder":true,"sleep_reminder":false,"spo2":true,"wear_detection":false}}
2026-03-29 15:34:40.880 | ZhQuery | getHeartRateAlertSettings state=SUCCEED
2026-03-29 15:34:40.881 | AlertVM | handleQueryCallback type=HeartRateAlertDataObtained
2026-03-29 15:34:40.883 | AlertVM | handleQueryCallback type=Default
2026-03-29 15:34:40.884 | AlertVM | handleQueryCallback type=HeartRateAlertSettingsObtained
2026-03-29 15:34:40.885 | AlertVM | heartRate query matchesStored=true
2026-03-29 15:34:40.887 | AlertVM | heartRate query value={"low_enabled":false,"low_threshold":0,"resting_enabled":false,"resting_threshold":220,"workout_enabled":false,"workout_threshold":0}
2026-03-29 15:34:40.888 | AlertVM | handleQueryCallback type=Default
2026-03-29 15:34:40.889 | AlertVM | handleQueryCallback type=AlertFeatureSupportObtained
2026-03-29 15:34:40.891 | AlertVM | support feature=HEART_RATE supported=true
2026-03-29 15:34:40.892 | AlertVM | handleQueryCallback type=Default
2026-03-29 15:34:41.531 | AlertService | queryCallback type=UpdateFirmwareLogStatus
2026-03-29 15:34:41.544 | AlertVM | handleQueryCallback type=UpdateFirmwareLogStatus
2026-03-29 15:34:41.546 | AlertVM | handleQueryCallback type=Default
2026-03-29 15:34:42.053 | AlertVM | saveHeartRateSettings requested={"low_enabled":false,"low_threshold":0,"resting_enabled":false,"resting_threshold":70,"workout_enabled":false,"workout_threshold":0}
2026-03-29 15:34:42.056 | AlertVM | persistFeature feature=HEART_RATE connected=true
2026-03-29 15:34:42.059 | AlertVM | persistFeature state={"device_address":"D8:5C:08:30:00:1E","heart_rate":{"low_enabled":false,"low_threshold":0,"resting_enabled":false,"resting_threshold":70,"workout_enabled":false,"workout_threshold":0},"pending_sync":{"heart_rate":true,"relaxation_prompt":false,"sedentary_reminder":false,"sleep_reminder":false,"spo2":false},"pressure_mode":{"relaxation_prompt_enabled":false,"stress_monitoring_enabled":false},"sedentary_reminder":{"end_hour":0,"end_minute":0,"interval":0,"repeat_count":0,"start_hour":0,"start_minute":0,"status":false},"sleep_reminder":{"hour":0,"millisecond":0,"minute":0,"second":0,"status":false},"snapshots":{"heart_rate":{"continuous_heart_rate_mode":0,"frequency":5,"mode":0},"sedentary_reminder":{"end_noon_hour":0,"end_noon_minute":0,"no_disturb_in_launch":false,"start_noon_hour":0,"start_noon_minute":0}},"spo2":{"enabled":true,"threshold":90},"support":{"heart_rate":true,"high_stress_index":false,"relaxation_prompt":false,"sedentary_reminder":true,"sleep_reminder":false,"spo2":true,"wear_detection":false}}
2026-03-29 15:34:42.071 | AlertVM | syncQueuedFeatures feature=HEART_RATE requiresSnapshot=false
2026-03-29 15:34:42.073 | AlertVM | sendUpdate feature=HEART_RATE
2026-03-29 15:34:42.075 | AlertVM | sendUpdate state={"device_address":"D8:5C:08:30:00:1E","heart_rate":{"low_enabled":false,"low_threshold":0,"resting_enabled":false,"resting_threshold":70,"workout_enabled":false,"workout_threshold":0},"pending_sync":{"heart_rate":true,"relaxation_prompt":false,"sedentary_reminder":false,"sleep_reminder":false,"spo2":false},"pressure_mode":{"relaxation_prompt_enabled":false,"stress_monitoring_enabled":false},"sedentary_reminder":{"end_hour":0,"end_minute":0,"interval":0,"repeat_count":0,"start_hour":0,"start_minute":0,"status":false},"sleep_reminder":{"hour":0,"millisecond":0,"minute":0,"second":0,"status":false},"snapshots":{"heart_rate":{"continuous_heart_rate_mode":0,"frequency":5,"mode":0},"sedentary_reminder":{"end_noon_hour":0,"end_noon_minute":0,"no_disturb_in_launch":false,"start_noon_hour":0,"start_noon_minute":0}},"spo2":{"enabled":true,"threshold":90},"support":{"heart_rate":true,"high_stress_index":false,"relaxation_prompt":false,"sedentary_reminder":true,"sleep_reminder":false,"spo2":true,"wear_detection":false}}
2026-03-29 15:34:42.099 | ZhUpdate | setHeartRateAlertSettings={"low_enabled":false,"low_threshold":0,"resting_enabled":false,"resting_threshold":70,"workout_enabled":false,"workout_threshold":0}
2026-03-29 15:34:42.102 | ZhUpdate | setHeartRateAlertSettings bean={"continuousHeartRateMode":0,"frequency":5,"isSportWarning":false,"isWarning":false,"lowWarningValue":0,"mode":0,"sportWarningValue":0,"warningValue":70}
2026-03-29 15:34:42.434 | ZhUpdate | setHeartRateAlertSettings state=SUCCEED
2026-03-29 15:34:42.437 | AlertService | updateCallback type=HeartRateAlertUpdated
2026-03-29 15:34:42.439 | AlertService | updateCallback type=HeartRateAlertSettingsUpdated
2026-03-29 15:34:42.443 | AlertService | onAlertUpdateCompleted feature=HEART_RATE success=true
2026-03-29 15:34:42.447 | AlertService | updateCallback type=HeartRateMeasureIntervalSet
2026-03-29 15:34:42.450 | AlertVM | handleUpdateCallback type=HeartRateAlertUpdated
2026-03-29 15:34:42.451 | AlertVM | handleUpdateCallback type=HeartRateAlertSettingsUpdated
2026-03-29 15:34:42.453 | AlertVM | heartRate update success=true
2026-03-29 15:34:42.454 | AlertVM | handleScreenUpdateCompletion feature=HEART_RATE success=true
2026-03-29 15:34:42.456 | AlertVM | sendQuery feature=HEART_RATE
2026-03-29 15:34:42.457 | AlertVM | handleUpdateCallback type=HeartRateMeasureIntervalSet
2026-03-29 15:34:42.459 | ZhQuery | getHeartRateAlertSettings dispatched
2026-03-29 15:34:42.746 | AlertService | queryCallback type=UpdateFirmwareLogStatus
2026-03-29 15:34:42.751 | AlertVM | handleQueryCallback type=UpdateFirmwareLogStatus
2026-03-29 15:34:42.753 | AlertVM | handleQueryCallback type=Default
2026-03-29 15:34:43.020 | ZhQuery | onHeartRateMonitorResult={"continuousHeartRateMode":0,"frequency":5,"isSportWarning":false,"isWarning":false,"lowWarningValue":0,"mode":0,"sportWarningValue":0,"warningValue":220}
2026-03-29 15:34:43.022 | AlertService | queryCallback type=HeartRateAlertDataObtained
2026-03-29 15:34:43.024 | AlertService | queryCallback type=HeartRateAlertSettingsObtained
2026-03-29 15:34:43.034 | AlertService | saveAlertSettings={"device_address":"D8:5C:08:30:00:1E","heart_rate":{"low_enabled":false,"low_threshold":0,"resting_enabled":false,"resting_threshold":220,"workout_enabled":false,"workout_threshold":0},"pending_sync":{"heart_rate":true,"relaxation_prompt":false,"sedentary_reminder":false,"sleep_reminder":false,"spo2":false},"pressure_mode":{"relaxation_prompt_enabled":false,"stress_monitoring_enabled":false},"sedentary_reminder":{"end_hour":0,"end_minute":0,"interval":0,"repeat_count":0,"start_hour":0,"start_minute":0,"status":false},"sleep_reminder":{"hour":0,"millisecond":0,"minute":0,"second":0,"status":false},"snapshots":{"heart_rate":{"continuous_heart_rate_mode":0,"frequency":5,"mode":0},"sedentary_reminder":{"end_noon_hour":0,"end_noon_minute":0,"no_disturb_in_launch":false,"start_noon_hour":0,"start_noon_minute":0}},"spo2":{"enabled":true,"threshold":90},"support":{"heart_rate":true,"high_stress_index":false,"relaxation_prompt":false,"sedentary_reminder":true,"sleep_reminder":false,"spo2":true,"wear_detection":false}}
2026-03-29 15:34:43.039 | AlertService | onAlertQueryCompleted feature=HEART_RATE phase=null matchesStored=false
2026-03-29 15:34:43.043 | AlertService | syncPendingAlertSettings feature=HEART_RATE requiresSnapshot=false
2026-03-29 15:34:43.045 | AlertService | sendAlertUpdate feature=HEART_RATE
2026-03-29 15:34:43.049 | AlertService | sendAlertUpdate settings={"device_address":"D8:5C:08:30:00:1E","heart_rate":{"low_enabled":false,"low_threshold":0,"resting_enabled":false,"resting_threshold":220,"workout_enabled":false,"workout_threshold":0},"pending_sync":{"heart_rate":true,"relaxation_prompt":false,"sedentary_reminder":false,"sleep_reminder":false,"spo2":false},"pressure_mode":{"relaxation_prompt_enabled":false,"stress_monitoring_enabled":false},"sedentary_reminder":{"end_hour":0,"end_minute":0,"interval":0,"repeat_count":0,"start_hour":0,"start_minute":0,"status":false},"sleep_reminder":{"hour":0,"millisecond":0,"minute":0,"second":0,"status":false},"snapshots":{"heart_rate":{"continuous_heart_rate_mode":0,"frequency":5,"mode":0},"sedentary_reminder":{"end_noon_hour":0,"end_noon_minute":0,"no_disturb_in_launch":false,"start_noon_hour":0,"start_noon_minute":0}},"spo2":{"enabled":true,"threshold":90},"support":{"heart_rate":true,"high_stress_index":false,"relaxation_prompt":false,"sedentary_reminder":true,"sleep_reminder":false,"spo2":true,"wear_detection":false}}
2026-03-29 15:34:43.050 | AlertService | queryCallback type=AlertFeatureSupportObtained
2026-03-29 15:34:43.051 | AlertService | saveAlertSettings={"device_address":"D8:5C:08:30:00:1E","heart_rate":{"low_enabled":false,"low_threshold":0,"resting_enabled":false,"resting_threshold":220,"workout_enabled":false,"workout_threshold":0},"pending_sync":{"heart_rate":true,"relaxation_prompt":false,"sedentary_reminder":false,"sleep_reminder":false,"spo2":false},"pressure_mode":{"relaxation_prompt_enabled":false,"stress_monitoring_enabled":false},"sedentary_reminder":{"end_hour":0,"end_minute":0,"interval":0,"repeat_count":0,"start_hour":0,"start_minute":0,"status":false},"sleep_reminder":{"hour":0,"millisecond":0,"minute":0,"second":0,"status":false},"snapshots":{"heart_rate":{"continuous_heart_rate_mode":0,"frequency":5,"mode":0},"sedentary_reminder":{"end_noon_hour":0,"end_noon_minute":0,"no_disturb_in_launch":false,"start_noon_hour":0,"start_noon_minute":0}},"spo2":{"enabled":true,"threshold":90},"support":{"heart_rate":true,"high_stress_index":false,"relaxation_prompt":false,"sedentary_reminder":true,"sleep_reminder":false,"spo2":true,"wear_detection":false}}
2026-03-29 15:34:43.053 | ZhQuery | getHeartRateAlertSettings state=SUCCEED
2026-03-29 15:34:43.054 | AlertVM | handleQueryCallback type=HeartRateAlertDataObtained
2026-03-29 15:34:43.055 | AlertVM | handleQueryCallback type=Default
2026-03-29 15:34:43.057 | ZhUpdate | setHeartRateAlertSettings={"low_enabled":false,"low_threshold":0,"resting_enabled":false,"resting_threshold":220,"workout_enabled":false,"workout_threshold":0}
2026-03-29 15:34:43.059 | ZhUpdate | setHeartRateAlertSettings bean={"continuousHeartRateMode":0,"frequency":5,"isSportWarning":false,"isWarning":false,"lowWarningValue":0,"mode":0,"sportWarningValue":0,"warningValue":220}
2026-03-29 15:34:43.060 | AlertVM | handleQueryCallback type=HeartRateAlertSettingsObtained
2026-03-29 15:34:43.062 | AlertVM | heartRate query matchesStored=true
2026-03-29 15:34:43.063 | AlertVM | heartRate query value={"low_enabled":false,"low_threshold":0,"resting_enabled":false,"resting_threshold":220,"workout_enabled":false,"workout_threshold":0}
2026-03-29 15:34:43.064 | AlertVM | handleScreenQueryCompletion feature=HEART_RATE phase=VERIFY_QUERY matchesStored=true
2026-03-29 15:34:43.065 | AlertVM | handleQueryCallback type=Default
2026-03-29 15:34:43.067 | AlertVM | handleQueryCallback type=AlertFeatureSupportObtained
2026-03-29 15:34:43.068 | AlertVM | support feature=HEART_RATE supported=true
2026-03-29 15:34:43.069 | AlertVM | handleQueryCallback type=Default
2026-03-29 15:34:43.375 | ZhUpdate | setHeartRateAlertSettings state=SUCCEED
2026-03-29 15:34:43.382 | AlertService | updateCallback type=HeartRateAlertUpdated
2026-03-29 15:34:43.384 | AlertService | updateCallback type=HeartRateAlertSettingsUpdated
2026-03-29 15:34:43.387 | AlertService | onAlertUpdateCompleted feature=HEART_RATE success=true
2026-03-29 15:34:43.388 | AlertService | sendAlertQuery feature=HEART_RATE
2026-03-29 15:34:43.390 | AlertService | updateCallback type=HeartRateMeasureIntervalSet
2026-03-29 15:34:43.391 | AlertVM | handleUpdateCallback type=HeartRateAlertUpdated
2026-03-29 15:34:43.396 | ZhQuery | getHeartRateAlertSettings dispatched
2026-03-29 15:34:43.398 | AlertVM | handleUpdateCallback type=HeartRateAlertSettingsUpdated
2026-03-29 15:34:43.399 | AlertVM | heartRate update success=true
2026-03-29 15:34:43.400 | AlertVM | handleUpdateCallback type=HeartRateMeasureIntervalSet
2026-03-29 15:34:43.700 | AlertService | queryCallback type=UpdateFirmwareLogStatus
2026-03-29 15:34:43.702 | AlertVM | handleQueryCallback type=UpdateFirmwareLogStatus
2026-03-29 15:34:43.703 | AlertVM | handleQueryCallback type=Default
2026-03-29 15:34:43.960 | ZhQuery | onHeartRateMonitorResult={"continuousHeartRateMode":0,"frequency":5,"isSportWarning":false,"isWarning":false,"lowWarningValue":0,"mode":0,"sportWarningValue":0,"warningValue":220}
2026-03-29 15:34:43.962 | AlertService | queryCallback type=HeartRateAlertDataObtained
2026-03-29 15:34:43.964 | AlertService | queryCallback type=HeartRateAlertSettingsObtained
2026-03-29 15:34:43.965 | AlertService | saveAlertSettings={"device_address":"D8:5C:08:30:00:1E","heart_rate":{"low_enabled":false,"low_threshold":0,"resting_enabled":false,"resting_threshold":220,"workout_enabled":false,"workout_threshold":0},"pending_sync":{"heart_rate":false,"relaxation_prompt":false,"sedentary_reminder":false,"sleep_reminder":false,"spo2":false},"pressure_mode":{"relaxation_prompt_enabled":false,"stress_monitoring_enabled":false},"sedentary_reminder":{"end_hour":0,"end_minute":0,"interval":0,"repeat_count":0,"start_hour":0,"start_minute":0,"status":false},"sleep_reminder":{"hour":0,"millisecond":0,"minute":0,"second":0,"status":false},"snapshots":{"heart_rate":{"continuous_heart_rate_mode":0,"frequency":5,"mode":0},"sedentary_reminder":{"end_noon_hour":0,"end_noon_minute":0,"no_disturb_in_launch":false,"start_noon_hour":0,"start_noon_minute":0}},"spo2":{"enabled":true,"threshold":90},"support":{"heart_rate":true,"high_stress_index":false,"relaxation_prompt":false,"sedentary_reminder":true,"sleep_reminder":false,"spo2":true,"wear_detection":false}}
2026-03-29 15:34:43.967 | AlertService | onAlertQueryCompleted feature=HEART_RATE phase=VERIFY_QUERY matchesStored=true
2026-03-29 15:34:43.968 | AlertService | saveAlertSettings={"device_address":"D8:5C:08:30:00:1E","heart_rate":{"low_enabled":false,"low_threshold":0,"resting_enabled":false,"resting_threshold":220,"workout_enabled":false,"workout_threshold":0},"pending_sync":{"heart_rate":false,"relaxation_prompt":false,"sedentary_reminder":false,"sleep_reminder":false,"spo2":false},"pressure_mode":{"relaxation_prompt_enabled":false,"stress_monitoring_enabled":false},"sedentary_reminder":{"end_hour":0,"end_minute":0,"interval":0,"repeat_count":0,"start_hour":0,"start_minute":0,"status":false},"sleep_reminder":{"hour":0,"millisecond":0,"minute":0,"second":0,"status":false},"snapshots":{"heart_rate":{"continuous_heart_rate_mode":0,"frequency":5,"mode":0},"sedentary_reminder":{"end_noon_hour":0,"end_noon_minute":0,"no_disturb_in_launch":false,"start_noon_hour":0,"start_noon_minute":0}},"spo2":{"enabled":true,"threshold":90},"support":{"heart_rate":true,"high_stress_index":false,"relaxation_prompt":false,"sedentary_reminder":true,"sleep_reminder":false,"spo2":true,"wear_detection":false}}
2026-03-29 15:34:43.970 | AlertService | queryCallback type=AlertFeatureSupportObtained
2026-03-29 15:34:43.971 | AlertService | saveAlertSettings={"device_address":"D8:5C:08:30:00:1E","heart_rate":{"low_enabled":false,"low_threshold":0,"resting_enabled":false,"resting_threshold":220,"workout_enabled":false,"workout_threshold":0},"pending_sync":{"heart_rate":false,"relaxation_prompt":false,"sedentary_reminder":false,"sleep_reminder":false,"spo2":false},"pressure_mode":{"relaxation_prompt_enabled":false,"stress_monitoring_enabled":false},"sedentary_reminder":{"end_hour":0,"end_minute":0,"interval":0,"repeat_count":0,"start_hour":0,"start_minute":0,"status":false},"sleep_reminder":{"hour":0,"millisecond":0,"minute":0,"second":0,"status":false},"snapshots":{"heart_rate":{"continuous_heart_rate_mode":0,"frequency":5,"mode":0},"sedentary_reminder":{"end_noon_hour":0,"end_noon_minute":0,"no_disturb_in_launch":false,"start_noon_hour":0,"start_noon_minute":0}},"spo2":{"enabled":true,"threshold":90},"support":{"heart_rate":true,"high_stress_index":false,"relaxation_prompt":false,"sedentary_reminder":true,"sleep_reminder":false,"spo2":true,"wear_detection":false}}
2026-03-29 15:34:43.976 | ZhQuery | getHeartRateAlertSettings state=SUCCEED
2026-03-29 15:34:43.979 | AlertVM | handleQueryCallback type=HeartRateAlertDataObtained
2026-03-29 15:34:43.981 | AlertVM | handleQueryCallback type=Default
2026-03-29 15:34:43.982 | AlertVM | handleQueryCallback type=HeartRateAlertSettingsObtained
2026-03-29 15:34:43.984 | AlertVM | heartRate query matchesStored=true
2026-03-29 15:34:43.985 | AlertVM | heartRate query value={"low_enabled":false,"low_threshold":0,"resting_enabled":false,"resting_threshold":220,"workout_enabled":false,"workout_threshold":0}
2026-03-29 15:34:43.986 | AlertVM | handleQueryCallback type=Default
2026-03-29 15:34:43.987 | AlertVM | handleQueryCallback type=AlertFeatureSupportObtained
2026-03-29 15:34:43.988 | AlertVM | support feature=HEART_RATE supported=true
2026-03-29 15:34:43.989 | AlertVM | handleQueryCallback type=Default
2026-03-29 15:34:44.562 | AlertService | queryCallback type=UpdateFirmwareLogStatus
2026-03-29 15:34:44.576 | AlertVM | handleQueryCallback type=UpdateFirmwareLogStatus
2026-03-29 15:34:44.579 | AlertVM | handleQueryCallback type=Default
2026-03-29 15:34:44.704 | AlertVM | saveSpo2Settings requested={"enabled":true,"threshold":100}
2026-03-29 15:34:44.705 | AlertVM | persistFeature feature=SPO2 connected=true
2026-03-29 15:34:44.707 | AlertVM | persistFeature state={"device_address":"D8:5C:08:30:00:1E","heart_rate":{"low_enabled":false,"low_threshold":0,"resting_enabled":false,"resting_threshold":220,"workout_enabled":false,"workout_threshold":0},"pending_sync":{"heart_rate":false,"relaxation_prompt":false,"sedentary_reminder":false,"sleep_reminder":false,"spo2":true},"pressure_mode":{"relaxation_prompt_enabled":false,"stress_monitoring_enabled":false},"sedentary_reminder":{"end_hour":0,"end_minute":0,"interval":0,"repeat_count":0,"start_hour":0,"start_minute":0,"status":false},"sleep_reminder":{"hour":0,"millisecond":0,"minute":0,"second":0,"status":false},"snapshots":{"heart_rate":{"continuous_heart_rate_mode":0,"frequency":5,"mode":0},"sedentary_reminder":{"end_noon_hour":0,"end_noon_minute":0,"no_disturb_in_launch":false,"start_noon_hour":0,"start_noon_minute":0}},"spo2":{"enabled":true,"threshold":100},"support":{"heart_rate":true,"high_stress_index":false,"relaxation_prompt":false,"sedentary_reminder":true,"sleep_reminder":false,"spo2":true,"wear_detection":false}}
2026-03-29 15:34:44.709 | AlertVM | syncQueuedFeatures feature=SPO2 requiresSnapshot=false
2026-03-29 15:34:44.711 | AlertVM | sendUpdate feature=SPO2
2026-03-29 15:34:44.716 | AlertVM | sendUpdate state={"device_address":"D8:5C:08:30:00:1E","heart_rate":{"low_enabled":false,"low_threshold":0,"resting_enabled":false,"resting_threshold":220,"workout_enabled":false,"workout_threshold":0},"pending_sync":{"heart_rate":false,"relaxation_prompt":false,"sedentary_reminder":false,"sleep_reminder":false,"spo2":true},"pressure_mode":{"relaxation_prompt_enabled":false,"stress_monitoring_enabled":false},"sedentary_reminder":{"end_hour":0,"end_minute":0,"interval":0,"repeat_count":0,"start_hour":0,"start_minute":0,"status":false},"sleep_reminder":{"hour":0,"millisecond":0,"minute":0,"second":0,"status":false},"snapshots":{"heart_rate":{"continuous_heart_rate_mode":0,"frequency":5,"mode":0},"sedentary_reminder":{"end_noon_hour":0,"end_noon_minute":0,"no_disturb_in_launch":false,"start_noon_hour":0,"start_noon_minute":0}},"spo2":{"enabled":true,"threshold":100},"support":{"heart_rate":true,"high_stress_index":false,"relaxation_prompt":false,"sedentary_reminder":true,"sleep_reminder":false,"spo2":true,"wear_detection":false}}
2026-03-29 15:34:44.720 | ZhUpdate | setSpo2AlertSettings={"enabled":true,"threshold":100}
2026-03-29 15:34:44.994 | ZhUpdate | setSpo2AlertSettings state=SUCCEED
2026-03-29 15:34:44.995 | AlertService | updateCallback type=Spo2AlertSettingsUpdated
2026-03-29 15:34:45.003 | AlertService | onAlertUpdateCompleted feature=SPO2 success=true
2026-03-29 15:34:45.006 | AlertService | updateCallback type=Spo2SettingsUpdated
2026-03-29 15:34:45.007 | AlertVM | handleUpdateCallback type=Spo2AlertSettingsUpdated
2026-03-29 15:34:45.009 | AlertVM | spo2 update success=true
2026-03-29 15:34:45.010 | AlertVM | handleScreenUpdateCompletion feature=SPO2 success=true
2026-03-29 15:34:45.012 | AlertVM | sendQuery feature=SPO2
2026-03-29 15:34:45.014 | AlertVM | handleUpdateCallback type=Spo2SettingsUpdated
2026-03-29 15:34:45.016 | ZhQuery | getSpo2AlertSettings dispatched
2026-03-29 15:34:45.339 | ZhQuery | onSWSPO2Monitor={"isWarning":true,"warningValue":100}
2026-03-29 15:34:45.343 | AlertService | queryCallback type=Spo2AlertSettingsObtained
2026-03-29 15:34:45.347 | AlertService | saveAlertSettings={"device_address":"D8:5C:08:30:00:1E","heart_rate":{"low_enabled":false,"low_threshold":0,"resting_enabled":false,"resting_threshold":220,"workout_enabled":false,"workout_threshold":0},"pending_sync":{"heart_rate":false,"relaxation_prompt":false,"sedentary_reminder":false,"sleep_reminder":false,"spo2":true},"pressure_mode":{"relaxation_prompt_enabled":false,"stress_monitoring_enabled":false},"sedentary_reminder":{"end_hour":0,"end_minute":0,"interval":0,"repeat_count":0,"start_hour":0,"start_minute":0,"status":false},"sleep_reminder":{"hour":0,"millisecond":0,"minute":0,"second":0,"status":false},"snapshots":{"heart_rate":{"continuous_heart_rate_mode":0,"frequency":5,"mode":0},"sedentary_reminder":{"end_noon_hour":0,"end_noon_minute":0,"no_disturb_in_launch":false,"start_noon_hour":0,"start_noon_minute":0}},"spo2":{"enabled":true,"threshold":100},"support":{"heart_rate":true,"high_stress_index":false,"relaxation_prompt":false,"sedentary_reminder":true,"sleep_reminder":false,"spo2":true,"wear_detection":false}}
2026-03-29 15:34:45.350 | AlertService | onAlertQueryCompleted feature=SPO2 phase=null matchesStored=true
2026-03-29 15:34:45.353 | AlertService | syncPendingAlertSettings feature=SPO2 requiresSnapshot=false
2026-03-29 15:34:45.357 | AlertService | sendAlertUpdate feature=SPO2
2026-03-29 15:34:45.359 | AlertService | sendAlertUpdate settings={"device_address":"D8:5C:08:30:00:1E","heart_rate":{"low_enabled":false,"low_threshold":0,"resting_enabled":false,"resting_threshold":220,"workout_enabled":false,"workout_threshold":0},"pending_sync":{"heart_rate":false,"relaxation_prompt":false,"sedentary_reminder":false,"sleep_reminder":false,"spo2":true},"pressure_mode":{"relaxation_prompt_enabled":false,"stress_monitoring_enabled":false},"sedentary_reminder":{"end_hour":0,"end_minute":0,"interval":0,"repeat_count":0,"start_hour":0,"start_minute":0,"status":false},"sleep_reminder":{"hour":0,"millisecond":0,"minute":0,"second":0,"status":false},"snapshots":{"heart_rate":{"continuous_heart_rate_mode":0,"frequency":5,"mode":0},"sedentary_reminder":{"end_noon_hour":0,"end_noon_minute":0,"no_disturb_in_launch":false,"start_noon_hour":0,"start_noon_minute":0}},"spo2":{"enabled":true,"threshold":100},"support":{"heart_rate":true,"high_stress_index":false,"relaxation_prompt":false,"sedentary_reminder":true,"sleep_reminder":false,"spo2":true,"wear_detection":false}}
2026-03-29 15:34:45.362 | AlertService | queryCallback type=AlertFeatureSupportObtained
2026-03-29 15:34:45.365 | AlertService | saveAlertSettings={"device_address":"D8:5C:08:30:00:1E","heart_rate":{"low_enabled":false,"low_threshold":0,"resting_enabled":false,"resting_threshold":220,"workout_enabled":false,"workout_threshold":0},"pending_sync":{"heart_rate":false,"relaxation_prompt":false,"sedentary_reminder":false,"sleep_reminder":false,"spo2":true},"pressure_mode":{"relaxation_prompt_enabled":false,"stress_monitoring_enabled":false},"sedentary_reminder":{"end_hour":0,"end_minute":0,"interval":0,"repeat_count":0,"start_hour":0,"start_minute":0,"status":false},"sleep_reminder":{"hour":0,"millisecond":0,"minute":0,"second":0,"status":false},"snapshots":{"heart_rate":{"continuous_heart_rate_mode":0,"frequency":5,"mode":0},"sedentary_reminder":{"end_noon_hour":0,"end_noon_minute":0,"no_disturb_in_launch":false,"start_noon_hour":0,"start_noon_minute":0}},"spo2":{"enabled":true,"threshold":100},"support":{"heart_rate":true,"high_stress_index":false,"relaxation_prompt":false,"sedentary_reminder":true,"sleep_reminder":false,"spo2":true,"wear_detection":false}}
2026-03-29 15:34:45.372 | ZhQuery | getSpo2AlertSettings state=SUCCEED
2026-03-29 15:34:45.375 | ZhUpdate | setSpo2AlertSettings={"enabled":true,"threshold":100}
2026-03-29 15:34:45.381 | AlertVM | handleQueryCallback type=Spo2AlertSettingsObtained
2026-03-29 15:34:45.383 | AlertVM | spo2 query matchesStored=true
2026-03-29 15:34:45.385 | AlertVM | spo2 query value={"enabled":true,"threshold":100}
2026-03-29 15:34:45.390 | AlertVM | handleScreenQueryCompletion feature=SPO2 phase=VERIFY_QUERY matchesStored=true
2026-03-29 15:34:45.398 | AlertVM | handleQueryCallback type=Default
2026-03-29 15:34:45.401 | AlertVM | handleQueryCallback type=AlertFeatureSupportObtained
2026-03-29 15:34:45.403 | AlertVM | support feature=SPO2 supported=true
2026-03-29 15:34:45.404 | AlertVM | handleQueryCallback type=Default
2026-03-29 15:34:45.635 | AlertService | queryCallback type=UpdateFirmwareLogStatus
2026-03-29 15:34:45.651 | AlertVM | handleQueryCallback type=UpdateFirmwareLogStatus
2026-03-29 15:34:45.655 | AlertVM | handleQueryCallback type=Default
2026-03-29 15:34:45.900 | ZhUpdate | setSpo2AlertSettings state=SUCCEED
2026-03-29 15:34:45.902 | AlertService | updateCallback type=Spo2AlertSettingsUpdated
2026-03-29 15:34:45.905 | AlertService | onAlertUpdateCompleted feature=SPO2 success=true
2026-03-29 15:34:45.906 | AlertService | sendAlertQuery feature=SPO2
2026-03-29 15:34:45.912 | AlertService | updateCallback type=Spo2SettingsUpdated
2026-03-29 15:34:45.914 | ZhQuery | getSpo2AlertSettings dispatched
2026-03-29 15:34:45.918 | AlertVM | handleUpdateCallback type=Spo2AlertSettingsUpdated
2026-03-29 15:34:45.919 | AlertVM | spo2 update success=true
2026-03-29 15:34:45.921 | AlertVM | handleUpdateCallback type=Spo2SettingsUpdated
2026-03-29 15:34:46.207 | ZhQuery | onSWSPO2Monitor={"isWarning":true,"warningValue":100}
2026-03-29 15:34:46.209 | AlertService | queryCallback type=Spo2AlertSettingsObtained
2026-03-29 15:34:46.211 | AlertService | saveAlertSettings={"device_address":"D8:5C:08:30:00:1E","heart_rate":{"low_enabled":false,"low_threshold":0,"resting_enabled":false,"resting_threshold":220,"workout_enabled":false,"workout_threshold":0},"pending_sync":{"heart_rate":false,"relaxation_prompt":false,"sedentary_reminder":false,"sleep_reminder":false,"spo2":false},"pressure_mode":{"relaxation_prompt_enabled":false,"stress_monitoring_enabled":false},"sedentary_reminder":{"end_hour":0,"end_minute":0,"interval":0,"repeat_count":0,"start_hour":0,"start_minute":0,"status":false},"sleep_reminder":{"hour":0,"millisecond":0,"minute":0,"second":0,"status":false},"snapshots":{"heart_rate":{"continuous_heart_rate_mode":0,"frequency":5,"mode":0},"sedentary_reminder":{"end_noon_hour":0,"end_noon_minute":0,"no_disturb_in_launch":false,"start_noon_hour":0,"start_noon_minute":0}},"spo2":{"enabled":true,"threshold":100},"support":{"heart_rate":true,"high_stress_index":false,"relaxation_prompt":false,"sedentary_reminder":true,"sleep_reminder":false,"spo2":true,"wear_detection":false}}
2026-03-29 15:34:46.214 | AlertService | onAlertQueryCompleted feature=SPO2 phase=VERIFY_QUERY matchesStored=true
2026-03-29 15:34:46.215 | AlertService | saveAlertSettings={"device_address":"D8:5C:08:30:00:1E","heart_rate":{"low_enabled":false,"low_threshold":0,"resting_enabled":false,"resting_threshold":220,"workout_enabled":false,"workout_threshold":0},"pending_sync":{"heart_rate":false,"relaxation_prompt":false,"sedentary_reminder":false,"sleep_reminder":false,"spo2":false},"pressure_mode":{"relaxation_prompt_enabled":false,"stress_monitoring_enabled":false},"sedentary_reminder":{"end_hour":0,"end_minute":0,"interval":0,"repeat_count":0,"start_hour":0,"start_minute":0,"status":false},"sleep_reminder":{"hour":0,"millisecond":0,"minute":0,"second":0,"status":false},"snapshots":{"heart_rate":{"continuous_heart_rate_mode":0,"frequency":5,"mode":0},"sedentary_reminder":{"end_noon_hour":0,"end_noon_minute":0,"no_disturb_in_launch":false,"start_noon_hour":0,"start_noon_minute":0}},"spo2":{"enabled":true,"threshold":100},"support":{"heart_rate":true,"high_stress_index":false,"relaxation_prompt":false,"sedentary_reminder":true,"sleep_reminder":false,"spo2":true,"wear_detection":false}}
2026-03-29 15:34:46.218 | AlertService | queryCallback type=AlertFeatureSupportObtained
2026-03-29 15:34:46.219 | AlertService | saveAlertSettings={"device_address":"D8:5C:08:30:00:1E","heart_rate":{"low_enabled":false,"low_threshold":0,"resting_enabled":false,"resting_threshold":220,"workout_enabled":false,"workout_threshold":0},"pending_sync":{"heart_rate":false,"relaxation_prompt":false,"sedentary_reminder":false,"sleep_reminder":false,"spo2":false},"pressure_mode":{"relaxation_prompt_enabled":false,"stress_monitoring_enabled":false},"sedentary_reminder":{"end_hour":0,"end_minute":0,"interval":0,"repeat_count":0,"start_hour":0,"start_minute":0,"status":false},"sleep_reminder":{"hour":0,"millisecond":0,"minute":0,"second":0,"status":false},"snapshots":{"heart_rate":{"continuous_heart_rate_mode":0,"frequency":5,"mode":0},"sedentary_reminder":{"end_noon_hour":0,"end_noon_minute":0,"no_disturb_in_launch":false,"start_noon_hour":0,"start_noon_minute":0}},"spo2":{"enabled":true,"threshold":100},"support":{"heart_rate":true,"high_stress_index":false,"relaxation_prompt":false,"sedentary_reminder":true,"sleep_reminder":false,"spo2":true,"wear_detection":false}}
2026-03-29 15:34:46.221 | ZhQuery | getSpo2AlertSettings state=SUCCEED
2026-03-29 15:34:46.222 | AlertVM | handleQueryCallback type=Spo2AlertSettingsObtained
2026-03-29 15:34:46.223 | AlertVM | spo2 query matchesStored=true
2026-03-29 15:34:46.225 | AlertVM | spo2 query value={"enabled":true,"threshold":100}
2026-03-29 15:34:46.226 | AlertVM | handleQueryCallback type=Default
2026-03-29 15:34:46.227 | AlertVM | handleQueryCallback type=AlertFeatureSupportObtained
2026-03-29 15:34:46.229 | AlertVM | support feature=SPO2 supported=true
2026-03-29 15:34:46.231 | AlertVM | handleQueryCallback type=Default
2026-03-29 15:34:46.528 | AlertService | queryCallback type=UpdateFirmwareLogStatus
2026-03-29 15:34:46.529 | AlertVM | handleQueryCallback type=UpdateFirmwareLogStatus
2026-03-29 15:34:46.531 | AlertVM | handleQueryCallback type=Default
2026-03-29 15:34:47.572 | AlertService | queryCallback type=UpdateFirmwareLogStatus
2026-03-29 15:34:47.591 | AlertVM | handleQueryCallback type=UpdateFirmwareLogStatus
2026-03-29 15:34:47.595 | AlertVM | handleQueryCallback type=Default
2026-03-29 15:34:48.600 | AlertService | queryCallback type=UpdateFirmwareLogStatus
2026-03-29 15:34:48.606 | AlertVM | handleQueryCallback type=UpdateFirmwareLogStatus
2026-03-29 15:34:48.608 | AlertVM | handleQueryCallback type=Default
2026-03-29 15:34:49.554 | AlertService | queryCallback type=UpdateFirmwareLogStatus
2026-03-29 15:34:49.560 | AlertVM | handleQueryCallback type=UpdateFirmwareLogStatus
2026-03-29 15:34:49.563 | AlertVM | handleQueryCallback type=Default
2026-03-29 15:34:49.878 | AlertVM | saveSedentaryReminder requested={"end_hour":12,"end_minute":0,"interval":0,"repeat_count":0,"start_hour":0,"start_minute":0,"status":false}
2026-03-29 15:34:49.890 | AlertVM | saveSedentaryReminder validationFailed={"end_hour":12,"end_minute":0,"interval":0,"repeat_count":0,"start_hour":0,"start_minute":0,"status":false}
2026-03-29 15:34:50.569 | AlertService | queryCallback type=UpdateFirmwareLogStatus
2026-03-29 15:34:50.579 | AlertVM | handleQueryCallback type=UpdateFirmwareLogStatus
2026-03-29 15:34:50.582 | AlertVM | handleQueryCallback type=Default
2026-03-29 15:34:51.572 | AlertService | queryCallback type=UpdateFirmwareLogStatus
2026-03-29 15:34:51.583 | AlertVM | handleQueryCallback type=UpdateFirmwareLogStatus
2026-03-29 15:34:51.586 | AlertVM | handleQueryCallback type=Default
2026-03-29 15:34:52.629 | AlertVM | saveSedentaryReminder requested={"end_hour":12,"end_minute":0,"interval":0,"repeat_count":0,"start_hour":0,"start_minute":0,"status":true}
2026-03-29 15:34:52.633 | AlertVM | saveSedentaryReminder validationFailed={"end_hour":12,"end_minute":0,"interval":0,"repeat_count":0,"start_hour":0,"start_minute":0,"status":true}
2026-03-29 15:34:52.637 | AlertService | queryCallback type=UpdateFirmwareLogStatus
2026-03-29 15:34:52.653 | AlertVM | handleQueryCallback type=UpdateFirmwareLogStatus
2026-03-29 15:34:52.654 | AlertVM | handleQueryCallback type=Default
2026-03-29 15:34:53.556 | AlertService | queryCallback type=UpdateFirmwareLogStatus
2026-03-29 15:34:53.564 | AlertVM | handleQueryCallback type=UpdateFirmwareLogStatus
2026-03-29 15:34:53.567 | AlertVM | handleQueryCallback type=Default
2026-03-29 15:34:54.550 | AlertService | queryCallback type=UpdateFirmwareLogStatus
2026-03-29 15:34:54.572 | AlertVM | handleQueryCallback type=UpdateFirmwareLogStatus
2026-03-29 15:34:54.575 | AlertVM | handleQueryCallback type=Default
2026-03-29 15:34:55.537 | AlertService | queryCallback type=UpdateFirmwareLogStatus
2026-03-29 15:34:55.540 | AlertVM | handleQueryCallback type=UpdateFirmwareLogStatus
2026-03-29 15:34:55.542 | AlertVM | handleQueryCallback type=Default
2026-03-29 15:34:56.610 | AlertService | queryCallback type=UpdateFirmwareLogStatus
2026-03-29 15:34:56.617 | AlertVM | handleQueryCallback type=UpdateFirmwareLogStatus
2026-03-29 15:34:56.620 | AlertVM | handleQueryCallback type=Default
2026-03-29 15:34:57.548 | AlertService | queryCallback type=UpdateFirmwareLogStatus
2026-03-29 15:34:57.560 | AlertVM | handleQueryCallback type=UpdateFirmwareLogStatus
2026-03-29 15:34:57.562 | AlertVM | handleQueryCallback type=Default
2026-03-29 15:34:58.067 | AlertVM | saveSpo2Settings requested={"enabled":true,"threshold":100}
2026-03-29 15:34:58.069 | AlertVM | persistFeature feature=SPO2 connected=true
2026-03-29 15:34:58.070 | AlertVM | persistFeature state={"device_address":"D8:5C:08:30:00:1E","heart_rate":{"low_enabled":false,"low_threshold":0,"resting_enabled":false,"resting_threshold":220,"workout_enabled":false,"workout_threshold":0},"pending_sync":{"heart_rate":false,"relaxation_prompt":false,"sedentary_reminder":false,"sleep_reminder":false,"spo2":true},"pressure_mode":{"relaxation_prompt_enabled":false,"stress_monitoring_enabled":false},"sedentary_reminder":{"end_hour":0,"end_minute":0,"interval":0,"repeat_count":0,"start_hour":0,"start_minute":0,"status":false},"sleep_reminder":{"hour":0,"millisecond":0,"minute":0,"second":0,"status":false},"snapshots":{"heart_rate":{"continuous_heart_rate_mode":0,"frequency":5,"mode":0},"sedentary_reminder":{"end_noon_hour":0,"end_noon_minute":0,"no_disturb_in_launch":false,"start_noon_hour":0,"start_noon_minute":0}},"spo2":{"enabled":true,"threshold":100},"support":{"heart_rate":true,"high_stress_index":false,"relaxation_prompt":false,"sedentary_reminder":true,"sleep_reminder":false,"spo2":true,"wear_detection":false}}
2026-03-29 15:34:58.075 | AlertVM | syncQueuedFeatures feature=SPO2 requiresSnapshot=false
2026-03-29 15:34:58.077 | AlertVM | sendUpdate feature=SPO2
2026-03-29 15:34:58.078 | AlertVM | sendUpdate state={"device_address":"D8:5C:08:30:00:1E","heart_rate":{"low_enabled":false,"low_threshold":0,"resting_enabled":false,"resting_threshold":220,"workout_enabled":false,"workout_threshold":0},"pending_sync":{"heart_rate":false,"relaxation_prompt":false,"sedentary_reminder":false,"sleep_reminder":false,"spo2":true},"pressure_mode":{"relaxation_prompt_enabled":false,"stress_monitoring_enabled":false},"sedentary_reminder":{"end_hour":0,"end_minute":0,"interval":0,"repeat_count":0,"start_hour":0,"start_minute":0,"status":false},"sleep_reminder":{"hour":0,"millisecond":0,"minute":0,"second":0,"status":false},"snapshots":{"heart_rate":{"continuous_heart_rate_mode":0,"frequency":5,"mode":0},"sedentary_reminder":{"end_noon_hour":0,"end_noon_minute":0,"no_disturb_in_launch":false,"start_noon_hour":0,"start_noon_minute":0}},"spo2":{"enabled":true,"threshold":100},"support":{"heart_rate":true,"high_stress_index":false,"relaxation_prompt":false,"sedentary_reminder":true,"sleep_reminder":false,"spo2":true,"wear_detection":false}}
2026-03-29 15:34:58.255 | ZhUpdate | setSpo2AlertSettings={"enabled":true,"threshold":100}
2026-03-29 15:34:58.775 | AlertService | queryCallback type=UpdateFirmwareLogStatus
2026-03-29 15:34:58.933 | ZhUpdate | setSpo2AlertSettings state=SUCCEED
2026-03-29 15:34:58.935 | AlertService | updateCallback type=Spo2AlertSettingsUpdated
2026-03-29 15:34:58.936 | AlertService | onAlertUpdateCompleted feature=SPO2 success=true
2026-03-29 15:34:58.937 | AlertService | updateCallback type=Spo2SettingsUpdated
2026-03-29 15:34:59.531 | AlertService | queryCallback type=UpdateFirmwareLogStatus
2026-03-29 15:35:00.448 | AlertService | queryCallback type=BatteryDataObtained
2026-03-29 15:35:00.764 | AlertService | queryCallback type=UpdateFirmwareLogStatus
2026-03-29 15:35:01.561 | AlertService | queryCallback type=UpdateFirmwareLogStatus
2026-03-29 15:35:02.547 | AlertService | queryCallback type=UpdateFirmwareLogStatus
2026-03-29 15:35:05.206 | AlertService | queryCallback type=UpdateFirmwareLogStatus
2026-03-29 15:35:06.163 | AlertService | queryCallback type=UpdateFirmwareLogStatus
2026-03-29 15:35:07.152 | AlertService | queryCallback type=UpdateFirmwareLogStatus
2026-03-29 15:35:08.129 | AlertService | queryCallback type=UpdateFirmwareLogStatus
2026-03-29 15:35:09.131 | AlertService | queryCallback type=UpdateFirmwareLogStatus
2026-03-29 15:35:10.128 | AlertService | queryCallback type=UpdateFirmwareLogStatus
2026-03-29 15:35:11.153 | AlertService | queryCallback type=UpdateFirmwareLogStatus
2026-03-29 15:35:12.144 | AlertService | queryCallback type=UpdateFirmwareLogStatus
2026-03-29 15:35:13.156 | AlertService | queryCallback type=UpdateFirmwareLogStatus
2026-03-29 15:35:14.130 | AlertService | queryCallback type=UpdateFirmwareLogStatus
2026-03-29 15:35:15.110 | AlertService | queryCallback type=UpdateFirmwareLogStatus
2026-03-29 15:35:16.192 | AlertService | queryCallback type=UpdateFirmwareLogStatus
2026-03-29 15:35:17.144 | AlertService | queryCallback type=UpdateFirmwareLogStatus
2026-03-29 15:35:18.130 | AlertService | queryCallback type=UpdateFirmwareLogStatus
2026-03-29 15:35:19.121 | AlertService | queryCallback type=UpdateFirmwareLogStatus
2026-03-29 15:35:20.111 | AlertService | queryCallback type=UpdateFirmwareLogStatus
2026-03-29 15:35:21.151 | AlertService | queryCallback type=UpdateFirmwareLogStatus
2026-03-29 15:35:22.131 | AlertService | queryCallback type=UpdateFirmwareLogStatus
2026-03-29 15:35:23.124 | AlertService | queryCallback type=UpdateFirmwareLogStatus
2026-03-29 15:35:24.154 | AlertService | queryCallback type=UpdateFirmwareLogStatus
2026-03-29 15:35:25.096 | AlertService | queryCallback type=UpdateFirmwareLogStatus
2026-03-29 15:35:26.132 | AlertService | queryCallback type=UpdateFirmwareLogStatus
2026-03-29 15:35:27.178 | AlertService | queryCallback type=UpdateFirmwareLogStatus
2026-03-29 15:35:28.114 | AlertService | queryCallback type=UpdateFirmwareLogStatus
2026-03-29 15:35:29.183 | AlertService | queryCallback type=UpdateFirmwareLogStatus
2026-03-29 15:35:30.149 | AlertService | queryCallback type=UpdateFirmwareLogStatus
2026-03-29 15:35:31.161 | AlertService | queryCallback type=UpdateFirmwareLogStatus
2026-03-29 15:35:32.233 | AlertService | queryCallback type=UpdateFirmwareLogStatus
2026-03-29 15:35:33.158 | AlertService | queryCallback type=UpdateFirmwareLogStatus
2026-03-29 15:35:34.127 | AlertService | queryCallback type=UpdateFirmwareLogStatus
2026-03-29 15:35:35.132 | AlertService | queryCallback type=UpdateFirmwareLogStatus
2026-03-29 15:35:36.124 | AlertService | queryCallback type=UpdateFirmwareLogStatus
2026-03-29 15:35:37.129 | AlertService | queryCallback type=UpdateFirmwareLogStatus
2026-03-29 15:35:38.100 | AlertService | queryCallback type=UpdateFirmwareLogStatus
2026-03-29 15:35:39.107 | AlertService | queryCallback type=UpdateFirmwareLogStatus
2026-03-29 15:35:40.139 | AlertService | queryCallback type=UpdateFirmwareLogStatus
2026-03-29 15:35:41.147 | AlertService | queryCallback type=UpdateFirmwareLogStatus
2026-03-29 15:35:42.119 | AlertService | queryCallback type=UpdateFirmwareLogStatus
2026-03-29 15:35:43.123 | AlertService | queryCallback type=UpdateFirmwareLogStatus
2026-03-29 15:35:44.100 | AlertService | queryCallback type=UpdateFirmwareLogStatus
2026-03-29 15:35:45.150 | AlertService | queryCallback type=UpdateFirmwareLogStatus
2026-03-29 15:35:46.130 | AlertService | queryCallback type=UpdateFirmwareLogStatus
2026-03-29 15:35:47.115 | AlertService | queryCallback type=UpdateFirmwareLogStatus
2026-03-29 15:35:48.106 | AlertService | queryCallback type=UpdateFirmwareLogStatus
2026-03-29 15:35:49.134 | AlertService | queryCallback type=UpdateFirmwareLogStatus
2026-03-29 15:35:50.138 | AlertService | queryCallback type=UpdateFirmwareLogStatus
2026-03-29 15:35:51.124 | AlertService | queryCallback type=UpdateFirmwareLogStatus
2026-03-29 15:35:52.099 | AlertService | queryCallback type=UpdateFirmwareLogStatus
2026-03-29 15:35:53.116 | AlertService | queryCallback type=UpdateFirmwareLogStatus
2026-03-29 15:35:54.124 | AlertService | queryCallback type=UpdateFirmwareLogStatus
2026-03-29 15:35:55.121 | AlertService | queryCallback type=UpdateFirmwareLogStatus
2026-03-29 15:35:56.106 | AlertService | queryCallback type=UpdateFirmwareLogStatus
2026-03-29 15:35:57.105 | AlertService | queryCallback type=UpdateFirmwareLogStatus
2026-03-29 15:35:58.106 | AlertService | queryCallback type=UpdateFirmwareLogStatus
2026-03-29 15:35:59.134 | AlertService | queryCallback type=UpdateFirmwareLogStatus
2026-03-29 15:36:00.128 | AlertService | queryCallback type=UpdateFirmwareLogStatus
2026-03-29 15:36:01.113 | AlertService | queryCallback type=UpdateFirmwareLogStatus
2026-03-29 15:36:02.084 | AlertService | queryCallback type=UpdateFirmwareLogStatus
2026-03-29 15:36:03.098 | AlertService | queryCallback type=UpdateFirmwareLogStatus
2026-03-29 15:36:04.129 | AlertService | queryCallback type=UpdateFirmwareLogStatus
2026-03-29 15:36:05.109 | AlertService | queryCallback type=UpdateFirmwareLogStatus
2026-03-29 15:36:06.113 | AlertService | queryCallback type=UpdateFirmwareLogStatus
2026-03-29 15:36:07.102 | AlertService | queryCallback type=UpdateFirmwareLogStatus
2026-03-29 15:36:08.083 | AlertService | queryCallback type=UpdateFirmwareLogStatus
2026-03-29 15:36:09.133 | AlertService | queryCallback type=UpdateFirmwareLogStatus
2026-03-29 15:36:10.118 | AlertService | queryCallback type=UpdateFirmwareLogStatus
2026-03-29 15:36:11.093 | AlertService | queryCallback type=UpdateFirmwareLogStatus
2026-03-29 15:36:12.092 | AlertService | queryCallback type=UpdateFirmwareLogStatus
2026-03-29 15:36:13.139 | AlertService | queryCallback type=UpdateFirmwareLogStatus
2026-03-29 15:36:14.115 | AlertService | queryCallback type=UpdateFirmwareLogStatus
2026-03-29 15:36:15.107 | AlertService | queryCallback type=UpdateFirmwareLogStatus
2026-03-29 15:36:16.119 | AlertService | queryCallback type=UpdateFirmwareLogStatus
2026-03-29 15:36:17.127 | AlertService | queryCallback type=UpdateFirmwareLogStatus
2026-03-29 15:36:18.127 | AlertService | queryCallback type=UpdateFirmwareLogStatus
2026-03-29 15:36:19.111 | AlertService | queryCallback type=UpdateFirmwareLogStatus
2026-03-29 15:36:20.091 | AlertService | queryCallback type=UpdateFirmwareLogStatus
2026-03-29 15:36:21.087 | AlertService | queryCallback type=UpdateFirmwareLogStatus
2026-03-29 15:36:22.085 | AlertService | queryCallback type=UpdateFirmwareLogStatus
2026-03-29 15:36:23.118 | AlertService | queryCallback type=UpdateFirmwareLogStatus
2026-03-29 15:36:24.103 | AlertService | queryCallback type=UpdateFirmwareLogStatus
2026-03-29 15:36:25.102 | AlertService | queryCallback type=UpdateFirmwareLogStatus
2026-03-29 15:36:26.087 | AlertService | queryCallback type=UpdateFirmwareLogStatus
2026-03-29 15:36:27.079 | AlertService | queryCallback type=UpdateFirmwareLogStatus
2026-03-29 15:36:28.134 | AlertService | queryCallback type=UpdateFirmwareLogStatus
2026-03-29 15:36:29.096 | AlertService | queryCallback type=UpdateFirmwareLogStatus
2026-03-29 15:36:30.112 | AlertService | queryCallback type=UpdateFirmwareLogStatus
2026-03-29 15:36:31.071 | AlertService | queryCallback type=UpdateFirmwareLogStatus
2026-03-29 15:36:32.055 | AlertService | queryCallback type=UpdateFirmwareLogStatus
2026-03-29 15:36:33.118 | AlertService | queryCallback type=UpdateFirmwareLogStatus
2026-03-29 15:36:34.096 | AlertService | queryCallback type=UpdateFirmwareLogStatus
2026-03-29 15:36:35.093 | AlertService | queryCallback type=UpdateFirmwareLogStatus
2026-03-29 15:36:36.070 | AlertService | queryCallback type=UpdateFirmwareLogStatus
2026-03-29 15:36:37.063 | AlertService | queryCallback type=UpdateFirmwareLogStatus
2026-03-29 15:36:38.093 | AlertService | queryCallback type=UpdateFirmwareLogStatus
2026-03-29 15:36:39.090 | AlertService | queryCallback type=UpdateFirmwareLogStatus
2026-03-29 15:36:40.086 | AlertService | queryCallback type=UpdateFirmwareLogStatus
2026-03-29 15:36:41.069 | AlertService | queryCallback type=UpdateFirmwareLogStatus
2026-03-29 15:36:42.059 | AlertService | queryCallback type=UpdateFirmwareLogStatus
2026-03-29 15:36:43.088 | AlertService | queryCallback type=UpdateFirmwareLogStatus
2026-03-29 15:36:44.087 | AlertService | queryCallback type=UpdateFirmwareLogStatus
2026-03-29 15:36:45.075 | AlertService | queryCallback type=UpdateFirmwareLogStatus
2026-03-29 15:36:46.107 | AlertService | queryCallback type=UpdateFirmwareLogStatus
2026-03-29 15:36:47.096 | AlertService | queryCallback type=UpdateFirmwareLogStatus
2026-03-29 15:36:48.106 | AlertService | queryCallback type=UpdateFirmwareLogStatus
2026-03-29 15:36:49.117 | AlertService | queryCallback type=UpdateFirmwareLogStatus
2026-03-29 15:36:50.130 | AlertService | queryCallback type=UpdateFirmwareLogStatus
2026-03-29 15:36:51.060 | AlertService | queryCallback type=UpdateFirmwareLogStatus
2026-03-29 15:36:52.094 | AlertService | queryCallback type=UpdateFirmwareLogStatus
2026-03-29 15:36:53.086 | AlertService | queryCallback type=UpdateFirmwareLogStatus
2026-03-29 15:36:54.075 | AlertService | queryCallback type=UpdateFirmwareLogStatus
2026-03-29 15:36:55.059 | AlertService | queryCallback type=UpdateFirmwareLogStatus
2026-03-29 15:36:56.048 | AlertService | queryCallback type=UpdateFirmwareLogStatus
2026-03-29 15:36:57.078 | AlertService | queryCallback type=UpdateFirmwareLogStatus
2026-03-29 15:36:58.082 | AlertService | queryCallback type=UpdateFirmwareLogStatus
2026-03-29 15:36:59.061 | AlertService | queryCallback type=UpdateFirmwareLogStatus
2026-03-29 15:37:00.077 | AlertService | queryCallback type=UpdateFirmwareLogStatus
2026-03-29 15:37:01.048 | AlertService | queryCallback type=UpdateFirmwareLogStatus
2026-03-29 15:37:02.084 | AlertService | queryCallback type=UpdateFirmwareLogStatus
2026-03-29 15:37:03.079 | AlertService | queryCallback type=UpdateFirmwareLogStatus
2026-03-29 15:37:04.058 | AlertService | queryCallback type=UpdateFirmwareLogStatus
2026-03-29 15:37:05.051 | AlertService | queryCallback type=UpdateFirmwareLogStatus
2026-03-29 15:37:06.093 | AlertService | queryCallback type=UpdateFirmwareLogStatus
2026-03-29 15:37:07.088 | AlertService | queryCallback type=UpdateFirmwareLogStatus
2026-03-29 15:37:08.065 | AlertService | queryCallback type=UpdateFirmwareLogStatus
2026-03-29 15:37:09.064 | AlertService | queryCallback type=UpdateFirmwareLogStatus
2026-03-29 15:37:10.047 | AlertService | queryCallback type=UpdateFirmwareLogStatus
2026-03-29 15:37:11.101 | AlertService | queryCallback type=UpdateFirmwareLogStatus
2026-03-29 15:37:12.081 | AlertService | queryCallback type=UpdateFirmwareLogStatus
2026-03-29 15:37:13.054 | AlertService | queryCallback type=UpdateFirmwareLogStatus
2026-03-29 15:37:14.046 | AlertService | queryCallback type=UpdateFirmwareLogStatus
2026-03-29 15:37:15.053 | AlertService | queryCallback type=UpdateFirmwareLogStatus
2026-03-29 15:37:16.113 | AlertService | queryCallback type=UpdateFirmwareLogStatus
2026-03-29 15:37:17.063 | AlertService | queryCallback type=UpdateFirmwareLogStatus
2026-03-29 15:37:18.105 | AlertService | queryCallback type=UpdateFirmwareLogStatus
2026-03-29 15:37:19.054 | AlertService | queryCallback type=UpdateFirmwareLogStatus
2026-03-29 15:37:20.039 | AlertService | queryCallback type=UpdateFirmwareLogStatus
2026-03-29 15:37:21.120 | AlertService | queryCallback type=UpdateFirmwareLogStatus
2026-03-29 15:37:22.056 | AlertService | queryCallback type=UpdateFirmwareLogStatus
2026-03-29 15:37:23.051 | AlertService | queryCallback type=UpdateFirmwareLogStatus
2026-03-29 15:37:24.036 | AlertService | queryCallback type=UpdateFirmwareLogStatus
2026-03-29 15:37:25.037 | AlertService | queryCallback type=UpdateFirmwareLogStatus
2026-03-29 15:37:26.063 | AlertService | queryCallback type=UpdateFirmwareLogStatus
2026-03-29 15:37:27.053 | AlertService | queryCallback type=UpdateFirmwareLogStatus
2026-03-29 15:37:28.164 | AlertService | queryCallback type=UpdateFirmwareLogStatus
2026-03-29 15:37:29.029 | AlertService | queryCallback type=UpdateFirmwareLogStatus
2026-03-29 15:37:30.099 | AlertService | queryCallback type=UpdateFirmwareLogStatus
2026-03-29 15:37:31.150 | AlertService | queryCallback type=UpdateFirmwareLogStatus
2026-03-29 15:37:32.048 | AlertService | queryCallback type=UpdateFirmwareLogStatus
2026-03-29 15:37:33.046 | AlertService | queryCallback type=UpdateFirmwareLogStatus
2026-03-29 15:37:34.032 | AlertService | queryCallback type=UpdateFirmwareLogStatus
2026-03-29 15:37:35.095 | AlertService | queryCallback type=UpdateFirmwareLogStatus
2026-03-29 15:37:36.074 | AlertService | queryCallback type=UpdateFirmwareLogStatus
2026-03-29 15:37:37.055 | AlertService | queryCallback type=UpdateFirmwareLogStatus
2026-03-29 15:37:38.030 | AlertService | queryCallback type=UpdateFirmwareLogStatus
2026-03-29 15:37:39.030 | AlertService | queryCallback type=UpdateFirmwareLogStatus
2026-03-29 15:37:40.068 | AlertService | queryCallback type=UpdateFirmwareLogStatus
2026-03-29 15:37:41.050 | AlertService | queryCallback type=UpdateFirmwareLogStatus
2026-03-29 15:37:42.055 | AlertService | queryCallback type=UpdateFirmwareLogStatus
2026-03-29 15:37:43.047 | AlertService | queryCallback type=UpdateFirmwareLogStatus
2026-03-29 15:37:44.027 | AlertService | queryCallback type=UpdateFirmwareLogStatus
2026-03-29 15:37:45.102 | AlertService | queryCallback type=UpdateFirmwareLogStatus
2026-03-29 15:37:46.056 | AlertService | queryCallback type=UpdateFirmwareLogStatus
2026-03-29 15:37:47.031 | AlertService | queryCallback type=UpdateFirmwareLogStatus
2026-03-29 15:37:48.032 | AlertService | queryCallback type=UpdateFirmwareLogStatus
2026-03-29 15:37:49.013 | AlertService | queryCallback type=UpdateFirmwareLogStatus
2026-03-29 15:37:50.045 | AlertService | queryCallback type=UpdateFirmwareLogStatus
2026-03-29 15:37:51.062 | AlertService | queryCallback type=UpdateFirmwareLogStatus
2026-03-29 15:37:52.075 | AlertService | queryCallback type=UpdateFirmwareLogStatus
2026-03-29 15:37:53.028 | AlertService | queryCallback type=UpdateFirmwareLogStatus
2026-03-29 15:37:54.014 | AlertService | queryCallback type=UpdateFirmwareLogStatus
2026-03-29 15:37:55.044 | AlertService | queryCallback type=UpdateFirmwareLogStatus
2026-03-29 15:37:56.065 | AlertService | queryCallback type=UpdateFirmwareLogStatus
2026-03-29 15:37:57.029 | AlertService | queryCallback type=UpdateFirmwareLogStatus
2026-03-29 15:37:58.121 | AlertService | queryCallback type=UpdateFirmwareLogStatus
2026-03-29 15:37:59.003 | AlertService | queryCallback type=UpdateFirmwareLogStatus
2026-03-29 15:38:00.117 | AlertService | queryCallback type=UpdateFirmwareLogStatus
2026-03-29 15:38:01.036 | AlertService | queryCallback type=UpdateFirmwareLogStatus
2026-03-29 15:38:02.021 | AlertService | queryCallback type=UpdateFirmwareLogStatus
2026-03-29 15:38:03.019 | AlertService | queryCallback type=UpdateFirmwareLogStatus
2026-03-29 15:38:04.049 | AlertService | queryCallback type=UpdateFirmwareLogStatus
2026-03-29 15:38:05.036 | AlertService | queryCallback type=UpdateFirmwareLogStatus
2026-03-29 15:38:06.038 | AlertService | queryCallback type=UpdateFirmwareLogStatus
2026-03-29 15:38:07.034 | AlertService | queryCallback type=UpdateFirmwareLogStatus
2026-03-29 15:38:08.008 | AlertService | queryCallback type=UpdateFirmwareLogStatus
2026-03-29 15:38:09.048 | AlertService | queryCallback type=UpdateFirmwareLogStatus
2026-03-29 15:38:10.028 | AlertService | queryCallback type=UpdateFirmwareLogStatus
2026-03-29 15:38:11.030 | AlertService | queryCallback type=UpdateFirmwareLogStatus
2026-03-29 15:38:12.010 | AlertService | queryCallback type=UpdateFirmwareLogStatus
2026-03-29 15:38:13.007 | AlertService | queryCallback type=UpdateFirmwareLogStatus
2026-03-29 15:38:14.031 | AlertService | queryCallback type=UpdateFirmwareLogStatus
2026-03-29 15:38:15.019 | AlertService | queryCallback type=UpdateFirmwareLogStatus
2026-03-29 15:38:16.069 | AlertService | queryCallback type=UpdateFirmwareLogStatus
2026-03-29 15:38:17.030 | AlertService | queryCallback type=UpdateFirmwareLogStatus
2026-03-29 15:38:17.997 | AlertService | queryCallback type=UpdateFirmwareLogStatus
2026-03-29 15:38:19.033 | AlertService | queryCallback type=UpdateFirmwareLogStatus
2026-03-29 15:38:20.030 | AlertService | queryCallback type=UpdateFirmwareLogStatus
2026-03-29 15:38:21.026 | AlertService | queryCallback type=UpdateFirmwareLogStatus
2026-03-29 15:38:22.007 | AlertService | queryCallback type=UpdateFirmwareLogStatus
2026-03-29 15:38:23.041 | AlertService | queryCallback type=UpdateFirmwareLogStatus
2026-03-29 15:38:24.036 | AlertService | queryCallback type=UpdateFirmwareLogStatus
2026-03-29 15:38:25.031 | AlertService | queryCallback type=UpdateFirmwareLogStatus
2026-03-29 15:38:26.007 | AlertService | queryCallback type=UpdateFirmwareLogStatus
2026-03-29 15:38:27.011 | AlertService | queryCallback type=UpdateFirmwareLogStatus
2026-03-29 15:38:28.044 | AlertService | queryCallback type=UpdateFirmwareLogStatus
2026-03-29 15:38:29.035 | AlertService | queryCallback type=UpdateFirmwareLogStatus
2026-03-29 15:38:30.018 | AlertService | queryCallback type=UpdateFirmwareLogStatus
2026-03-29 15:38:31.001 | AlertService | queryCallback type=UpdateFirmwareLogStatus
2026-03-29 15:38:32.000 | AlertService | queryCallback type=UpdateFirmwareLogStatus
2026-03-29 15:38:33.042 | AlertService | queryCallback type=UpdateFirmwareLogStatus
2026-03-29 15:38:34.020 | AlertService | queryCallback type=UpdateFirmwareLogStatus
2026-03-29 15:38:35.017 | AlertService | queryCallback type=UpdateFirmwareLogStatus
2026-03-29 15:38:36.012 | AlertService | queryCallback type=UpdateFirmwareLogStatus
2026-03-29 15:38:37.002 | AlertService | queryCallback type=UpdateFirmwareLogStatus
2026-03-29 15:38:38.032 | AlertService | queryCallback type=UpdateFirmwareLogStatus
2026-03-29 15:38:39.013 | AlertService | queryCallback type=UpdateFirmwareLogStatus
2026-03-29 15:38:40.003 | AlertService | queryCallback type=UpdateFirmwareLogStatus
2026-03-29 15:38:40.994 | AlertService | queryCallback type=UpdateFirmwareLogStatus
2026-03-29 15:38:41.989 | AlertService | queryCallback type=UpdateFirmwareLogStatus
2026-03-29 15:38:43.018 | AlertService | queryCallback type=UpdateFirmwareLogStatus
2026-03-29 15:38:44.127 | AlertService | queryCallback type=UpdateFirmwareLogStatus
2026-03-29 15:38:45.071 | AlertService | queryCallback type=UpdateFirmwareLogStatus
2026-03-29 15:38:45.990 | AlertService | queryCallback type=UpdateFirmwareLogStatus
2026-03-29 15:38:46.979 | AlertService | queryCallback type=UpdateFirmwareLogStatus
2026-03-29 15:38:48.004 | AlertService | queryCallback type=UpdateFirmwareLogStatus
2026-03-29 15:38:49.004 | AlertService | queryCallback type=UpdateFirmwareLogStatus
2026-03-29 15:38:50.039 | AlertService | queryCallback type=UpdateFirmwareLogStatus
2026-03-29 15:38:50.971 | AlertService | queryCallback type=UpdateFirmwareLogStatus
2026-03-29 15:38:52.020 | AlertService | queryCallback type=UpdateFirmwareLogStatus
2026-03-29 15:38:53.027 | AlertService | queryCallback type=UpdateFirmwareLogStatus
2026-03-29 15:38:54.035 | AlertService | queryCallback type=UpdateFirmwareLogStatus
2026-03-29 15:38:55.011 | AlertService | queryCallback type=UpdateFirmwareLogStatus
2026-03-29 15:38:55.978 | AlertService | queryCallback type=UpdateFirmwareLogStatus
2026-03-29 15:38:57.012 | AlertService | queryCallback type=UpdateFirmwareLogStatus
2026-03-29 15:38:58.020 | AlertService | queryCallback type=UpdateFirmwareLogStatus
2026-03-29 15:38:59.002 | AlertService | queryCallback type=UpdateFirmwareLogStatus
2026-03-29 15:38:59.996 | AlertService | queryCallback type=UpdateFirmwareLogStatus
2026-03-29 15:39:01.055 | AlertService | queryCallback type=UpdateFirmwareLogStatus
2026-03-29 15:39:02.012 | AlertService | queryCallback type=UpdateFirmwareLogStatus
2026-03-29 15:39:03.021 | AlertService | queryCallback type=UpdateFirmwareLogStatus
2026-03-29 15:39:03.988 | AlertService | queryCallback type=UpdateFirmwareLogStatus
2026-03-29 15:39:04.982 | AlertService | queryCallback type=UpdateFirmwareLogStatus
2026-03-29 15:39:05.971 | AlertService | queryCallback type=UpdateFirmwareLogStatus
2026-03-29 15:39:07.010 | AlertService | queryCallback type=UpdateFirmwareLogStatus
2026-03-29 15:39:07.991 | AlertService | queryCallback type=UpdateFirmwareLogStatus
2026-03-29 15:39:08.993 | AlertService | queryCallback type=UpdateFirmwareLogStatus
2026-03-29 15:39:09.976 | AlertService | queryCallback type=UpdateFirmwareLogStatus
2026-03-29 15:39:10.975 | AlertService | queryCallback type=UpdateFirmwareLogStatus
2026-03-29 15:39:12.000 | AlertService | queryCallback type=UpdateFirmwareLogStatus
2026-03-29 15:39:13.033 | AlertService | queryCallback type=UpdateFirmwareLogStatus
2026-03-29 15:39:14.000 | AlertService | queryCallback type=UpdateFirmwareLogStatus
2026-03-29 15:39:14.959 | AlertService | queryCallback type=UpdateFirmwareLogStatus
2026-03-29 15:39:16.003 | AlertService | queryCallback type=UpdateFirmwareLogStatus
2026-03-29 15:39:16.999 | AlertService | queryCallback type=UpdateFirmwareLogStatus
2026-03-29 15:39:17.983 | AlertService | queryCallback type=UpdateFirmwareLogStatus
2026-03-29 15:39:18.974 | AlertService | queryCallback type=UpdateFirmwareLogStatus
2026-03-29 15:39:19.950 | AlertService | queryCallback type=UpdateFirmwareLogStatus
2026-03-29 15:39:21.000 | AlertService | queryCallback type=UpdateFirmwareLogStatus
2026-03-29 15:39:21.995 | AlertService | queryCallback type=UpdateFirmwareLogStatus
2026-03-29 15:39:22.979 | AlertService | queryCallback type=UpdateFirmwareLogStatus
2026-03-29 15:39:23.977 | AlertService | queryCallback type=UpdateFirmwareLogStatus
2026-03-29 15:39:24.983 | AlertService | queryCallback type=UpdateFirmwareLogStatus
2026-03-29 15:39:26.008 | AlertService | queryCallback type=UpdateFirmwareLogStatus
2026-03-29 15:39:27.018 | AlertService | queryCallback type=UpdateFirmwareLogStatus
2026-03-29 15:39:27.981 | AlertService | queryCallback type=UpdateFirmwareLogStatus
2026-03-29 15:39:28.956 | AlertService | queryCallback type=UpdateFirmwareLogStatus
2026-03-29 15:39:30.008 | AlertService | queryCallback type=UpdateFirmwareLogStatus
2026-03-29 15:39:30.989 | AlertService | queryCallback type=UpdateFirmwareLogStatus
2026-03-29 15:39:31.980 | AlertService | queryCallback type=UpdateFirmwareLogStatus
2026-03-29 15:39:32.978 | AlertService | queryCallback type=UpdateFirmwareLogStatus
2026-03-29 15:39:33.966 | AlertService | queryCallback type=UpdateFirmwareLogStatus
2026-03-29 15:39:34.995 | AlertService | queryCallback type=UpdateFirmwareLogStatus
2026-03-29 15:39:35.997 | AlertService | queryCallback type=UpdateFirmwareLogStatus
2026-03-29 15:39:36.974 | AlertService | queryCallback type=UpdateFirmwareLogStatus
2026-03-29 15:39:37.975 | AlertService | queryCallback type=UpdateFirmwareLogStatus
2026-03-29 15:39:38.996 | AlertService | queryCallback type=UpdateFirmwareLogStatus
2026-03-29 15:39:39.997 | AlertService | queryCallback type=UpdateFirmwareLogStatus
2026-03-29 15:39:40.986 | AlertService | queryCallback type=UpdateFirmwareLogStatus
2026-03-29 15:39:42.018 | AlertService | queryCallback type=UpdateFirmwareLogStatus
2026-03-29 15:39:42.966 | AlertService | queryCallback type=UpdateFirmwareLogStatus
2026-03-29 15:39:43.944 | AlertService | queryCallback type=UpdateFirmwareLogStatus
2026-03-29 15:39:44.980 | AlertService | queryCallback type=UpdateFirmwareLogStatus
2026-03-29 15:39:46.138 | AlertService | queryCallback type=UpdateFirmwareLogStatus
2026-03-29 15:39:46.973 | AlertService | queryCallback type=UpdateFirmwareLogStatus
2026-03-29 15:39:47.970 | AlertService | queryCallback type=UpdateFirmwareLogStatus
2026-03-29 15:39:48.936 | AlertService | queryCallback type=UpdateFirmwareLogStatus
2026-03-29 15:39:49.989 | AlertService | queryCallback type=UpdateFirmwareLogStatus
2026-03-29 15:39:50.974 | AlertService | queryCallback type=UpdateFirmwareLogStatus
2026-03-29 15:39:51.955 | AlertService | queryCallback type=UpdateFirmwareLogStatus
2026-03-29 15:39:52.943 | AlertService | queryCallback type=UpdateFirmwareLogStatus
2026-03-29 15:39:53.935 | AlertService | queryCallback type=UpdateFirmwareLogStatus
2026-03-29 15:39:54.968 | AlertService | queryCallback type=UpdateFirmwareLogStatus
2026-03-29 15:39:56.001 | AlertService | queryCallback type=UpdateFirmwareLogStatus
2026-03-29 15:39:56.964 | AlertService | queryCallback type=UpdateFirmwareLogStatus
2026-03-29 15:39:57.987 | AlertService | queryCallback type=UpdateFirmwareLogStatus
2026-03-29 15:39:58.940 | AlertService | queryCallback type=UpdateFirmwareLogStatus
2026-03-29 15:39:59.991 | AlertService | queryCallback type=UpdateFirmwareLogStatus
2026-03-29 15:40:00.970 | AlertService | queryCallback type=UpdateFirmwareLogStatus
2026-03-29 15:40:01.954 | AlertService | queryCallback type=UpdateFirmwareLogStatus
2026-03-29 15:40:02.951 | AlertService | queryCallback type=UpdateFirmwareLogStatus
2026-03-29 15:40:03.934 | AlertService | queryCallback type=UpdateFirmwareLogStatus
2026-03-29 15:40:04.982 | AlertService | queryCallback type=UpdateFirmwareLogStatus
2026-03-29 15:40:05.990 | AlertService | queryCallback type=UpdateFirmwareLogStatus
2026-03-29 15:40:06.942 | AlertService | queryCallback type=UpdateFirmwareLogStatus
2026-03-29 15:40:07.936 | AlertService | queryCallback type=UpdateFirmwareLogStatus
2026-03-29 15:40:08.974 | AlertService | queryCallback type=UpdateFirmwareLogStatus
2026-03-29 15:40:09.952 | AlertService | queryCallback type=UpdateFirmwareLogStatus
2026-03-29 15:40:10.942 | AlertService | queryCallback type=UpdateFirmwareLogStatus
2026-03-29 15:40:11.936 | AlertService | queryCallback type=UpdateFirmwareLogStatus
2026-03-29 15:40:12.934 | AlertService | queryCallback type=UpdateFirmwareLogStatus
2026-03-29 15:40:13.977 | AlertService | queryCallback type=UpdateFirmwareLogStatus
2026-03-29 15:40:14.956 | AlertService | queryCallback type=UpdateFirmwareLogStatus
2026-03-29 15:40:15.946 | AlertService | queryCallback type=UpdateFirmwareLogStatus
2026-03-29 15:40:16.950 | AlertService | queryCallback type=UpdateFirmwareLogStatus
2026-03-29 15:40:17.929 | AlertService | queryCallback type=UpdateFirmwareLogStatus
2026-03-29 15:40:18.960 | AlertService | queryCallback type=UpdateFirmwareLogStatus
2026-03-29 15:40:19.948 | AlertService | queryCallback type=UpdateFirmwareLogStatus
2026-03-29 15:40:20.931 | AlertService | queryCallback type=UpdateFirmwareLogStatus
2026-03-29 15:40:21.931 | AlertService | queryCallback type=UpdateFirmwareLogStatus
2026-03-29 15:40:22.964 | AlertService | queryCallback type=UpdateFirmwareLogStatus
2026-03-29 15:40:23.970 | AlertService | queryCallback type=UpdateFirmwareLogStatus
2026-03-29 15:40:24.941 | AlertService | queryCallback type=UpdateFirmwareLogStatus
2026-03-29 15:40:25.946 | AlertService | queryCallback type=UpdateFirmwareLogStatus
2026-03-29 15:40:26.938 | AlertService | queryCallback type=UpdateFirmwareLogStatus
2026-03-29 15:40:27.990 | AlertService | queryCallback type=UpdateFirmwareLogStatus
2026-03-29 15:40:28.951 | AlertService | queryCallback type=UpdateFirmwareLogStatus
2026-03-29 15:40:29.941 | AlertService | queryCallback type=UpdateFirmwareLogStatus
2026-03-29 15:40:30.926 | AlertService | queryCallback type=UpdateFirmwareLogStatus
2026-03-29 15:40:31.916 | AlertService | queryCallback type=UpdateFirmwareLogStatus
2026-03-29 15:40:32.959 | AlertService | queryCallback type=UpdateFirmwareLogStatus
2026-03-29 15:40:33.948 | AlertService | queryCallback type=UpdateFirmwareLogStatus
2026-03-29 15:40:34.939 | AlertService | queryCallback type=UpdateFirmwareLogStatus
2026-03-29 15:40:35.916 | AlertService | queryCallback type=UpdateFirmwareLogStatus
2026-03-29 15:40:36.961 | AlertService | queryCallback type=UpdateFirmwareLogStatus
2026-03-29 15:40:37.946 | AlertService | queryCallback type=UpdateFirmwareLogStatus
2026-03-29 15:40:38.940 | AlertService | queryCallback type=UpdateFirmwareLogStatus
2026-03-29 15:40:39.918 | AlertService | queryCallback type=UpdateFirmwareLogStatus
2026-03-29 15:40:40.919 | AlertService | queryCallback type=UpdateFirmwareLogStatus
2026-03-29 15:40:41.903 | AlertService | queryCallback type=UpdateFirmwareLogStatus
2026-03-29 15:40:42.949 | AlertService | queryCallback type=UpdateFirmwareLogStatus
2026-03-29 15:40:44.047 | AlertService | queryCallback type=UpdateFirmwareLogStatus
2026-03-29 15:40:44.919 | AlertService | queryCallback type=UpdateFirmwareLogStatus
2026-03-29 15:40:45.898 | AlertService | queryCallback type=UpdateFirmwareLogStatus
2026-03-29 15:40:46.942 | AlertService | queryCallback type=UpdateFirmwareLogStatus
2026-03-29 15:40:48.136 | AlertService | queryCallback type=UpdateFirmwareLogStatus
2026-03-29 15:40:48.247 | AlertService | updateCallback type=DeviceTimeSynced
2026-03-29 15:40:49.103 | AlertService | queryCallback type=UpdateFirmwareLogStatus
2026-03-29 15:40:49.958 | AlertService | queryCallback type=UpdateFirmwareLogStatus
2026-03-29 15:40:50.956 | AlertService | queryCallback type=UpdateFirmwareLogStatus
2026-03-29 15:40:52.069 | AlertService | queryCallback type=UpdateFirmwareLogStatus
2026-03-29 15:40:53.074 | AlertService | queryCallback type=UpdateFirmwareLogStatus
2026-03-29 15:40:54.024 | AlertService | queryCallback type=UpdateFirmwareLogStatus
2026-03-29 15:40:54.970 | AlertService | queryCallback type=UpdateFirmwareLogStatus
2026-03-29 15:40:55.976 | AlertService | queryCallback type=UpdateFirmwareLogStatus
2026-03-29 15:40:57.109 | AlertService | queryCallback type=UpdateFirmwareLogStatus
2026-03-29 15:40:58.010 | AlertService | queryCallback type=UpdateFirmwareLogStatus
2026-03-29 15:40:58.913 | AlertService | queryCallback type=UpdateFirmwareLogStatus
2026-03-29 15:40:59.987 | AlertService | queryCallback type=UpdateFirmwareLogStatus
2026-03-29 15:41:00.885 | AlertService | queryCallback type=UpdateFirmwareLogStatus
2026-03-29 15:41:02.654 | AlertService | queryCallback type=UpdateFirmwareLogStatus
2026-03-29 15:41:03.489 | AlertService | queryCallback type=UpdateFirmwareLogStatus
2026-03-29 15:41:03.978 | AlertService | queryCallback type=UpdateFirmwareLogStatus
2026-03-29 15:41:04.623 | AlertService | queryCallback type=UpdateFirmwareLogStatus
2026-03-29 15:41:05.539 | AlertService | queryCallback type=UpdateFirmwareLogStatus
2026-03-29 15:41:06.511 | AlertService | queryCallback type=UpdateFirmwareLogStatus
2026-03-29 15:41:07.597 | AlertService | queryCallback type=UpdateFirmwareLogStatus
2026-03-29 15:41:08.494 | AlertService | queryCallback type=UpdateFirmwareLogStatus
2026-03-29 15:41:09.481 | AlertService | queryCallback type=UpdateFirmwareLogStatus
2026-03-29 15:41:10.562 | AlertService | queryCallback type=UpdateFirmwareLogStatus
2026-03-29 15:41:11.513 | AlertService | queryCallback type=UpdateFirmwareLogStatus
2026-03-29 15:41:12.502 | AlertService | queryCallback type=UpdateFirmwareLogStatus
2026-03-29 15:41:13.500 | AlertService | queryCallback type=UpdateFirmwareLogStatus
2026-03-29 15:41:14.478 | AlertService | queryCallback type=UpdateFirmwareLogStatus
2026-03-29 15:41:15.557 | AlertService | queryCallback type=UpdateFirmwareLogStatus
2026-03-29 15:41:16.506 | AlertService | queryCallback type=UpdateFirmwareLogStatus
2026-03-29 15:41:17.489 | AlertService | queryCallback type=UpdateFirmwareLogStatus
2026-03-29 15:41:18.526 | AlertService | queryCallback type=UpdateFirmwareLogStatus
2026-03-29 15:41:19.470 | AlertService | queryCallback type=UpdateFirmwareLogStatus
2026-03-29 15:41:20.520 | AlertService | queryCallback type=UpdateFirmwareLogStatus
2026-03-29 15:41:21.510 | AlertService | queryCallback type=UpdateFirmwareLogStatus
2026-03-29 15:41:22.576 | AlertService | queryCallback type=UpdateFirmwareLogStatus
2026-03-29 15:41:23.534 | AlertService | queryCallback type=UpdateFirmwareLogStatus
2026-03-29 15:41:24.612 | AlertService | queryCallback type=UpdateFirmwareLogStatus
2026-03-29 15:41:25.555 | AlertService | queryCallback type=UpdateFirmwareLogStatus
2026-03-29 15:41:26.685 | AlertService | queryCallback type=UpdateFirmwareLogStatus
2026-03-29 15:41:27.595 | AlertService | queryCallback type=UpdateFirmwareLogStatus
2026-03-29 15:41:28.964 | AlertService | queryCallback type=UpdateFirmwareLogStatus
2026-03-29 15:41:29.638 | AlertService | queryCallback type=UpdateFirmwareLogStatus
2026-03-29 15:41:30.607 | AlertService | queryCallback type=UpdateFirmwareLogStatus
2026-03-29 15:41:31.490 | AlertService | queryCallback type=UpdateFirmwareLogStatus
2026-03-29 15:41:32.499 | AlertService | queryCallback type=UpdateFirmwareLogStatus
2026-03-29 15:41:33.601 | AlertService | queryCallback type=UpdateFirmwareLogStatus
2026-03-29 15:41:34.634 | AlertService | queryCallback type=UpdateFirmwareLogStatus
2026-03-29 15:41:35.626 | AlertService | queryCallback type=UpdateFirmwareLogStatus
2026-03-29 15:41:36.494 | AlertService | queryCallback type=UpdateFirmwareLogStatus
2026-03-29 15:41:37.471 | AlertService | queryCallback type=UpdateFirmwareLogStatus
2026-03-29 15:41:38.478 | AlertService | queryCallback type=UpdateFirmwareLogStatus
2026-03-29 15:41:39.492 | AlertService | queryCallback type=UpdateFirmwareLogStatus
2026-03-29 15:41:40.483 | AlertService | queryCallback type=UpdateFirmwareLogStatus
2026-03-29 15:41:41.481 | AlertService | queryCallback type=UpdateFirmwareLogStatus
2026-03-29 15:41:42.461 | AlertService | queryCallback type=UpdateFirmwareLogStatus
2026-03-29 15:41:43.500 | AlertService | queryCallback type=UpdateFirmwareLogStatus
2026-03-29 15:41:44.489 | AlertService | queryCallback type=UpdateFirmwareLogStatus
2026-03-29 15:41:45.502 | AlertService | queryCallback type=UpdateFirmwareLogStatus
2026-03-29 15:41:46.473 | AlertService | queryCallback type=UpdateFirmwareLogStatus
2026-03-29 15:41:47.530 | AlertService | queryCallback type=UpdateFirmwareLogStatus
2026-03-29 15:41:48.496 | AlertService | queryCallback type=UpdateFirmwareLogStatus
2026-03-29 15:41:49.492 | AlertService | queryCallback type=UpdateFirmwareLogStatus
2026-03-29 15:41:50.479 | AlertService | queryCallback type=UpdateFirmwareLogStatus
2026-03-29 15:41:51.466 | AlertService | queryCallback type=UpdateFirmwareLogStatus
2026-03-29 15:41:52.483 | AlertService | queryCallback type=UpdateFirmwareLogStatus
2026-03-29 15:41:53.519 | AlertService | queryCallback type=UpdateFirmwareLogStatus
2026-03-29 15:41:54.588 | AlertService | queryCallback type=UpdateFirmwareLogStatus
2026-03-29 15:41:55.463 | AlertService | queryCallback type=UpdateFirmwareLogStatus
2026-03-29 15:41:56.560 | AlertService | queryCallback type=UpdateFirmwareLogStatus
2026-03-29 15:41:57.498 | AlertService | queryCallback type=UpdateFirmwareLogStatus
2026-03-29 15:41:58.488 | AlertService | queryCallback type=UpdateFirmwareLogStatus
2026-03-29 15:41:59.569 | AlertService | queryCallback type=UpdateFirmwareLogStatus
2026-03-29 15:42:00.465 | AlertService | queryCallback type=UpdateFirmwareLogStatus
2026-03-29 15:42:01.466 | AlertService | queryCallback type=UpdateFirmwareLogStatus
2026-03-29 15:42:02.534 | AlertService | queryCallback type=UpdateFirmwareLogStatus
2026-03-29 15:42:03.478 | AlertService | queryCallback type=UpdateFirmwareLogStatus
2026-03-29 15:42:04.563 | AlertService | queryCallback type=UpdateFirmwareLogStatus
2026-03-29 15:42:05.507 | AlertService | queryCallback type=UpdateFirmwareLogStatus
2026-03-29 15:42:06.553 | AlertService | queryCallback type=UpdateFirmwareLogStatus
2026-03-29 15:42:07.525 | AlertService | queryCallback type=UpdateFirmwareLogStatus
2026-03-29 15:42:08.648 | AlertService | queryCallback type=UpdateFirmwareLogStatus
2026-03-29 15:42:09.508 | AlertService | queryCallback type=UpdateFirmwareLogStatus
2026-03-29 15:42:10.495 | AlertService | queryCallback type=UpdateFirmwareLogStatus
2026-03-29 15:42:11.486 | AlertService | queryCallback type=UpdateFirmwareLogStatus
2026-03-29 15:42:12.483 | AlertService | queryCallback type=UpdateFirmwareLogStatus
2026-03-29 15:42:13.525 | AlertService | queryCallback type=UpdateFirmwareLogStatus
2026-03-29 15:42:14.517 | AlertService | queryCallback type=UpdateFirmwareLogStatus
2026-03-29 15:42:15.550 | AlertService | queryCallback type=UpdateFirmwareLogStatus
2026-03-29 15:42:16.562 | AlertService | queryCallback type=UpdateFirmwareLogStatus
2026-03-29 15:42:17.537 | AlertService | queryCallback type=UpdateFirmwareLogStatus
2026-03-29 15:42:18.546 | AlertService | queryCallback type=UpdateFirmwareLogStatus
2026-03-29 15:42:19.530 | AlertService | queryCallback type=UpdateFirmwareLogStatus
2026-03-29 15:42:20.589 | AlertService | queryCallback type=UpdateFirmwareLogStatus
2026-03-29 15:42:21.503 | AlertService | queryCallback type=UpdateFirmwareLogStatus
2026-03-29 15:42:22.471 | AlertService | queryCallback type=UpdateFirmwareLogStatus
2026-03-29 15:42:23.549 | AlertService | queryCallback type=UpdateFirmwareLogStatus
2026-03-29 15:42:24.516 | AlertService | queryCallback type=UpdateFirmwareLogStatus
2026-03-29 15:42:25.499 | AlertService | queryCallback type=UpdateFirmwareLogStatus
2026-03-29 15:42:26.478 | AlertService | queryCallback type=UpdateFirmwareLogStatus
2026-03-29 15:42:27.463 | AlertService | queryCallback type=UpdateFirmwareLogStatus
2026-03-29 15:42:28.518 | AlertService | queryCallback type=UpdateFirmwareLogStatus
2026-03-29 15:42:29.529 | AlertService | queryCallback type=UpdateFirmwareLogStatus
2026-03-29 15:42:30.500 | AlertService | queryCallback type=UpdateFirmwareLogStatus
2026-03-29 15:42:31.486 | AlertService | queryCallback type=UpdateFirmwareLogStatus
2026-03-29 15:42:32.481 | AlertService | queryCallback type=UpdateFirmwareLogStatus
2026-03-29 15:42:33.538 | AlertService | queryCallback type=UpdateFirmwareLogStatus
2026-03-29 15:42:34.526 | AlertService | queryCallback type=UpdateFirmwareLogStatus
2026-03-29 15:42:35.555 | AlertService | queryCallback type=UpdateFirmwareLogStatus
2026-03-29 15:42:36.487 | AlertService | queryCallback type=UpdateFirmwareLogStatus
2026-03-29 15:42:37.550 | AlertService | queryCallback type=UpdateFirmwareLogStatus
2026-03-29 15:42:38.541 | AlertService | queryCallback type=UpdateFirmwareLogStatus
2026-03-29 15:42:39.500 | AlertService | queryCallback type=UpdateFirmwareLogStatus
2026-03-29 15:42:40.497 | AlertService | queryCallback type=UpdateFirmwareLogStatus
2026-03-29 15:42:41.497 | AlertService | queryCallback type=UpdateFirmwareLogStatus
2026-03-29 15:42:42.514 | AlertService | queryCallback type=UpdateFirmwareLogStatus
2026-03-29 15:42:43.578 | AlertService | queryCallback type=UpdateFirmwareLogStatus
2026-03-29 15:42:44.516 | AlertService | queryCallback type=UpdateFirmwareLogStatus
2026-03-29 15:42:45.492 | AlertService | queryCallback type=UpdateFirmwareLogStatus
2026-03-29 15:42:46.518 | AlertService | queryCallback type=UpdateFirmwareLogStatus
2026-03-29 15:42:47.502 | AlertService | queryCallback type=UpdateFirmwareLogStatus
2026-03-29 15:42:48.504 | AlertService | queryCallback type=UpdateFirmwareLogStatus
2026-03-29 15:42:49.535 | AlertService | queryCallback type=UpdateFirmwareLogStatus
2026-03-29 15:42:50.591 | AlertService | queryCallback type=UpdateFirmwareLogStatus
2026-03-29 15:42:51.519 | AlertService | queryCallback type=UpdateFirmwareLogStatus
2026-03-29 15:42:52.555 | AlertService | queryCallback type=UpdateFirmwareLogStatus
2026-03-29 15:42:53.495 | AlertService | queryCallback type=UpdateFirmwareLogStatus
2026-03-29 15:42:54.480 | AlertService | queryCallback type=UpdateFirmwareLogStatus
2026-03-29 15:42:55.521 | AlertService | queryCallback type=UpdateFirmwareLogStatus
2026-03-29 15:42:56.519 | AlertService | queryCallback type=UpdateFirmwareLogStatus
2026-03-29 15:42:57.496 | AlertService | queryCallback type=UpdateFirmwareLogStatus
2026-03-29 15:42:58.499 | AlertService | queryCallback type=UpdateFirmwareLogStatus
2026-03-29 15:42:59.485 | AlertService | queryCallback type=UpdateFirmwareLogStatus
2026-03-29 15:43:00.522 | AlertService | queryCallback type=UpdateFirmwareLogStatus
2026-03-29 15:43:01.502 | AlertService | queryCallback type=UpdateFirmwareLogStatus
2026-03-29 15:43:02.518 | AlertService | queryCallback type=UpdateFirmwareLogStatus
2026-03-29 15:43:03.486 | AlertService | queryCallback type=UpdateFirmwareLogStatus
2026-03-29 15:43:04.517 | AlertService | queryCallback type=UpdateFirmwareLogStatus
2026-03-29 15:43:05.655 | AlertService | queryCallback type=UpdateFirmwareLogStatus
2026-03-29 15:43:06.501 | AlertService | queryCallback type=UpdateFirmwareLogStatus
2026-03-29 15:43:07.539 | AlertService | queryCallback type=UpdateFirmwareLogStatus
2026-03-29 15:43:08.530 | AlertService | queryCallback type=UpdateFirmwareLogStatus
2026-03-29 15:43:09.531 | AlertService | queryCallback type=UpdateFirmwareLogStatus
2026-03-29 15:43:10.642 | AlertService | queryCallback type=UpdateFirmwareLogStatus
2026-03-29 15:43:11.503 | AlertService | queryCallback type=UpdateFirmwareLogStatus
2026-03-29 15:43:12.535 | AlertService | queryCallback type=UpdateFirmwareLogStatus
2026-03-29 15:43:13.519 | AlertService | queryCallback type=UpdateFirmwareLogStatus
2026-03-29 15:43:14.501 | AlertService | queryCallback type=UpdateFirmwareLogStatus
2026-03-29 15:43:15.549 | AlertService | queryCallback type=UpdateFirmwareLogStatus
2026-03-29 15:43:16.496 | AlertService | queryCallback type=UpdateFirmwareLogStatus
2026-03-29 15:43:17.585 | AlertService | queryCallback type=UpdateFirmwareLogStatus
2026-03-29 15:43:18.516 | AlertService | queryCallback type=UpdateFirmwareLogStatus
2026-03-29 15:43:19.497 | AlertService | queryCallback type=UpdateFirmwareLogStatus
2026-03-29 15:43:20.493 | AlertService | queryCallback type=UpdateFirmwareLogStatus
2026-03-29 15:43:21.537 | AlertService | queryCallback type=UpdateFirmwareLogStatus
2026-03-29 15:43:22.533 | AlertService | queryCallback type=UpdateFirmwareLogStatus
2026-03-29 15:43:23.522 | AlertService | queryCallback type=UpdateFirmwareLogStatus
2026-03-29 15:43:24.495 | AlertService | queryCallback type=UpdateFirmwareLogStatus
2026-03-29 15:43:25.563 | AlertService | queryCallback type=UpdateFirmwareLogStatus
2026-03-29 15:43:26.531 | AlertService | queryCallback type=UpdateFirmwareLogStatus
2026-03-29 15:43:27.523 | AlertService | queryCallback type=UpdateFirmwareLogStatus
2026-03-29 15:43:28.549 | AlertService | queryCallback type=UpdateFirmwareLogStatus
2026-03-29 15:43:29.515 | AlertService | queryCallback type=UpdateFirmwareLogStatus
2026-03-29 15:43:30.482 | AlertService | queryCallback type=UpdateFirmwareLogStatus
2026-03-29 15:43:31.520 | AlertService | queryCallback type=UpdateFirmwareLogStatus
2026-03-29 15:43:31.823 | AlertService | queryCallback type=FirmwareVersionObtained
2026-03-29 15:43:31.827 | AlertService | queryCallback type=BatteryDataObtained
2026-03-29 15:43:32.506 | AlertService | queryCallback type=UpdateFirmwareLogStatus
2026-03-29 15:43:33.507 | AlertService | queryCallback type=UpdateFirmwareLogStatus
2026-03-29 15:43:34.494 | AlertService | queryCallback type=UpdateFirmwareLogStatus
2026-03-29 15:43:35.480 | AlertService | queryCallback type=UpdateFirmwareLogStatus
2026-03-29 15:43:36.527 | AlertService | queryCallback type=UpdateFirmwareLogStatus
2026-03-29 15:43:37.490 | AlertService | queryCallback type=UpdateFirmwareLogStatus
2026-03-29 15:43:38.515 | AlertService | queryCallback type=UpdateFirmwareLogStatus
2026-03-29 15:43:39.502 | AlertService | queryCallback type=UpdateFirmwareLogStatus
2026-03-29 15:43:40.534 | AlertService | queryCallback type=UpdateFirmwareLogStatus
2026-03-29 15:43:41.518 | AlertService | queryCallback type=UpdateFirmwareLogStatus
2026-03-29 15:43:42.541 | AlertService | queryCallback type=UpdateFirmwareLogStatus
2026-03-29 15:43:43.498 | AlertService | queryCallback type=UpdateFirmwareLogStatus
2026-03-29 15:43:44.489 | AlertService | queryCallback type=UpdateFirmwareLogStatus
2026-03-29 15:43:45.492 | AlertService | queryCallback type=UpdateFirmwareLogStatus
2026-03-29 15:43:46.496 | AlertService | queryCallback type=UpdateFirmwareLogStatus
2026-03-29 15:43:47.550 | AlertService | queryCallback type=UpdateFirmwareLogStatus
2026-03-29 15:43:48.484 | AlertService | queryCallback type=UpdateFirmwareLogStatus
2026-03-29 15:43:49.482 | AlertService | queryCallback type=UpdateFirmwareLogStatus
2026-03-29 15:43:50.528 | AlertService | queryCallback type=UpdateFirmwareLogStatus
2026-03-29 15:43:51.487 | AlertService | queryCallback type=UpdateFirmwareLogStatus
2026-03-29 15:43:52.552 | AlertService | queryCallback type=UpdateFirmwareLogStatus
2026-03-29 15:43:53.501 | AlertService | queryCallback type=UpdateFirmwareLogStatus
2026-03-29 15:43:54.478 | AlertService | queryCallback type=UpdateFirmwareLogStatus
2026-03-29 15:43:55.506 | AlertService | queryCallback type=UpdateFirmwareLogStatus
2026-03-29 15:43:56.501 | AlertService | queryCallback type=UpdateFirmwareLogStatus
2026-03-29 15:43:57.530 | AlertService | queryCallback type=UpdateFirmwareLogStatus
2026-03-29 15:43:58.476 | AlertService | queryCallback type=UpdateFirmwareLogStatus
2026-03-29 15:43:59.520 | AlertService | queryCallback type=UpdateFirmwareLogStatus
2026-03-29 15:44:00.509 | AlertService | queryCallback type=UpdateFirmwareLogStatus
2026-03-29 15:44:01.502 | AlertService | queryCallback type=UpdateFirmwareLogStatus
2026-03-29 15:44:02.552 | AlertService | queryCallback type=UpdateFirmwareLogStatus
2026-03-29 15:44:03.482 | AlertService | queryCallback type=UpdateFirmwareLogStatus
2026-03-29 15:44:04.513 | AlertService | queryCallback type=UpdateFirmwareLogStatus
2026-03-29 15:44:05.498 | AlertService | queryCallback type=UpdateFirmwareLogStatus
2026-03-29 15:44:06.522 | AlertService | queryCallback type=UpdateFirmwareLogStatus
2026-03-29 15:44:07.533 | AlertService | queryCallback type=UpdateFirmwareLogStatus
2026-03-29 15:44:08.505 | AlertService | queryCallback type=UpdateFirmwareLogStatus
2026-03-29 15:44:09.498 | AlertService | queryCallback type=UpdateFirmwareLogStatus
2026-03-29 15:44:10.513 | AlertService | queryCallback type=UpdateFirmwareLogStatus
2026-03-29 15:44:11.487 | AlertService | queryCallback type=UpdateFirmwareLogStatus
2026-03-29 15:44:12.458 | AlertService | queryCallback type=UpdateFirmwareLogStatus
2026-03-29 15:44:13.501 | AlertService | queryCallback type=UpdateFirmwareLogStatus
2026-03-29 15:44:14.501 | AlertService | queryCallback type=UpdateFirmwareLogStatus
2026-03-29 15:44:15.495 | AlertService | queryCallback type=UpdateFirmwareLogStatus
2026-03-29 15:44:16.475 | AlertService | queryCallback type=UpdateFirmwareLogStatus
2026-03-29 15:44:17.461 | AlertService | queryCallback type=UpdateFirmwareLogStatus
2026-03-29 15:44:18.504 | AlertService | queryCallback type=UpdateFirmwareLogStatus
2026-03-29 15:44:19.503 | AlertService | queryCallback type=UpdateFirmwareLogStatus
2026-03-29 15:44:20.493 | AlertService | queryCallback type=UpdateFirmwareLogStatus
2026-03-29 15:44:21.469 | AlertService | queryCallback type=UpdateFirmwareLogStatus
2026-03-29 15:44:22.517 | AlertService | queryCallback type=UpdateFirmwareLogStatus
2026-03-29 15:44:23.538 | AlertService | queryCallback type=UpdateFirmwareLogStatus
2026-03-29 15:44:24.502 | AlertService | queryCallback type=UpdateFirmwareLogStatus
2026-03-29 15:44:25.725 | AlertService | queryCallback type=UpdateFirmwareLogStatus
2026-03-29 15:44:26.538 | AlertService | queryCallback type=UpdateFirmwareLogStatus
2026-03-29 15:44:27.480 | AlertService | queryCallback type=UpdateFirmwareLogStatus
2026-03-29 15:44:27.690 | AlertUI | BlankTestFragment alert panel initialized
2026-03-29 15:44:27.693 | AlertVM | handleQueryCallback type=Default
2026-03-29 15:44:27.694 | AlertVM | handleUpdateCallback type=DeviceTimeSynced
2026-03-29 15:44:27.695 | AlertVM | onConnectedStateChanged state=ConnectSuccess
2026-03-29 15:44:27.697 | AlertVM | refreshFromBand dispatching alert queries
2026-03-29 15:44:27.698 | AlertVM | loadState={"device_address":"D8:5C:08:30:00:1E","heart_rate":{"low_enabled":false,"low_threshold":0,"resting_enabled":false,"resting_threshold":220,"workout_enabled":false,"workout_threshold":0},"pending_sync":{"heart_rate":false,"relaxation_prompt":false,"sedentary_reminder":false,"sleep_reminder":false,"spo2":true},"pressure_mode":{"relaxation_prompt_enabled":false,"stress_monitoring_enabled":false},"sedentary_reminder":{"end_hour":0,"end_minute":0,"interval":0,"repeat_count":0,"start_hour":0,"start_minute":0,"status":false},"sleep_reminder":{"hour":0,"millisecond":0,"minute":0,"second":0,"status":false},"snapshots":{"heart_rate":{"continuous_heart_rate_mode":0,"frequency":5,"mode":0},"sedentary_reminder":{"end_noon_hour":0,"end_noon_minute":0,"no_disturb_in_launch":false,"start_noon_hour":0,"start_noon_minute":0}},"spo2":{"enabled":true,"threshold":100},"support":{"heart_rate":true,"high_stress_index":false,"relaxation_prompt":false,"sedentary_reminder":true,"sleep_reminder":false,"spo2":true,"wear_detection":false}}
2026-03-29 15:44:27.743 | ZhQuery | getHeartRateAlertSettings dispatched
2026-03-29 15:44:27.758 | ZhQuery | getSpo2AlertSettings dispatched
2026-03-29 15:44:27.760 | ZhQuery | getPressureModeSettings dispatched
2026-03-29 15:44:27.761 | ZhQuery | getSleepReminder dispatched
2026-03-29 15:44:27.773 | AlertVM | refreshFromBand dispatching alert queries
2026-03-29 15:44:27.778 | ZhQuery | getHeartRateAlertSettings dispatched
2026-03-29 15:44:27.787 | ZhQuery | getSpo2AlertSettings dispatched
2026-03-29 15:44:27.790 | ZhQuery | getPressureModeSettings dispatched
2026-03-29 15:44:27.792 | ZhQuery | getSleepReminder dispatched
2026-03-29 15:44:28.022 | ZhQuery | onHeartRateMonitorResult={"continuousHeartRateMode":0,"frequency":5,"isSportWarning":false,"isWarning":false,"lowWarningValue":0,"mode":0,"sportWarningValue":0,"warningValue":220}
2026-03-29 15:44:28.024 | AlertService | queryCallback type=HeartRateAlertDataObtained
2026-03-29 15:44:28.025 | AlertService | queryCallback type=HeartRateAlertSettingsObtained
2026-03-29 15:44:28.026 | AlertService | saveAlertSettings={"device_address":"D8:5C:08:30:00:1E","heart_rate":{"low_enabled":false,"low_threshold":0,"resting_enabled":false,"resting_threshold":220,"workout_enabled":false,"workout_threshold":0},"pending_sync":{"heart_rate":false,"relaxation_prompt":false,"sedentary_reminder":false,"sleep_reminder":false,"spo2":true},"pressure_mode":{"relaxation_prompt_enabled":false,"stress_monitoring_enabled":false},"sedentary_reminder":{"end_hour":0,"end_minute":0,"interval":0,"repeat_count":0,"start_hour":0,"start_minute":0,"status":false},"sleep_reminder":{"hour":0,"millisecond":0,"minute":0,"second":0,"status":false},"snapshots":{"heart_rate":{"continuous_heart_rate_mode":0,"frequency":5,"mode":0},"sedentary_reminder":{"end_noon_hour":0,"end_noon_minute":0,"no_disturb_in_launch":false,"start_noon_hour":0,"start_noon_minute":0}},"spo2":{"enabled":true,"threshold":100},"support":{"heart_rate":true,"high_stress_index":false,"relaxation_prompt":false,"sedentary_reminder":true,"sleep_reminder":false,"spo2":true,"wear_detection":false}}
2026-03-29 15:44:28.028 | AlertService | onAlertQueryCompleted feature=HEART_RATE phase=null matchesStored=true
2026-03-29 15:44:28.029 | AlertService | syncPendingAlertSettings feature=SPO2 requiresSnapshot=false
2026-03-29 15:44:28.030 | AlertService | sendAlertUpdate feature=SPO2
2026-03-29 15:44:28.032 | AlertService | sendAlertUpdate settings={"device_address":"D8:5C:08:30:00:1E","heart_rate":{"low_enabled":false,"low_threshold":0,"resting_enabled":false,"resting_threshold":220,"workout_enabled":false,"workout_threshold":0},"pending_sync":{"heart_rate":false,"relaxation_prompt":false,"sedentary_reminder":false,"sleep_reminder":false,"spo2":true},"pressure_mode":{"relaxation_prompt_enabled":false,"stress_monitoring_enabled":false},"sedentary_reminder":{"end_hour":0,"end_minute":0,"interval":0,"repeat_count":0,"start_hour":0,"start_minute":0,"status":false},"sleep_reminder":{"hour":0,"millisecond":0,"minute":0,"second":0,"status":false},"snapshots":{"heart_rate":{"continuous_heart_rate_mode":0,"frequency":5,"mode":0},"sedentary_reminder":{"end_noon_hour":0,"end_noon_minute":0,"no_disturb_in_launch":false,"start_noon_hour":0,"start_noon_minute":0}},"spo2":{"enabled":true,"threshold":100},"support":{"heart_rate":true,"high_stress_index":false,"relaxation_prompt":false,"sedentary_reminder":true,"sleep_reminder":false,"spo2":true,"wear_detection":false}}
2026-03-29 15:44:28.034 | AlertService | queryCallback type=AlertFeatureSupportObtained
2026-03-29 15:44:28.038 | AlertService | saveAlertSettings={"device_address":"D8:5C:08:30:00:1E","heart_rate":{"low_enabled":false,"low_threshold":0,"resting_enabled":false,"resting_threshold":220,"workout_enabled":false,"workout_threshold":0},"pending_sync":{"heart_rate":false,"relaxation_prompt":false,"sedentary_reminder":false,"sleep_reminder":false,"spo2":true},"pressure_mode":{"relaxation_prompt_enabled":false,"stress_monitoring_enabled":false},"sedentary_reminder":{"end_hour":0,"end_minute":0,"interval":0,"repeat_count":0,"start_hour":0,"start_minute":0,"status":false},"sleep_reminder":{"hour":0,"millisecond":0,"minute":0,"second":0,"status":false},"snapshots":{"heart_rate":{"continuous_heart_rate_mode":0,"frequency":5,"mode":0},"sedentary_reminder":{"end_noon_hour":0,"end_noon_minute":0,"no_disturb_in_launch":false,"start_noon_hour":0,"start_noon_minute":0}},"spo2":{"enabled":true,"threshold":100},"support":{"heart_rate":true,"high_stress_index":false,"relaxation_prompt":false,"sedentary_reminder":true,"sleep_reminder":false,"spo2":true,"wear_detection":false}}
2026-03-29 15:44:28.040 | ZhQuery | getHeartRateAlertSettings state=SUCCEED
2026-03-29 15:44:28.042 | ZhQuery | getHeartRateAlertSettings state=SUCCEED
2026-03-29 15:44:28.043 | AlertVM | handleQueryCallback type=HeartRateAlertDataObtained
2026-03-29 15:44:28.044 | AlertVM | handleQueryCallback type=Default
2026-03-29 15:44:28.045 | ZhUpdate | setSpo2AlertSettings={"enabled":true,"threshold":100}
2026-03-29 15:44:28.046 | AlertVM | handleQueryCallback type=HeartRateAlertSettingsObtained
2026-03-29 15:44:28.047 | AlertVM | heartRate query matchesStored=true
2026-03-29 15:44:28.048 | AlertVM | heartRate query value={"low_enabled":false,"low_threshold":0,"resting_enabled":false,"resting_threshold":220,"workout_enabled":false,"workout_threshold":0}
2026-03-29 15:44:28.049 | AlertVM | handleQueryCallback type=Default
2026-03-29 15:44:28.051 | AlertVM | handleQueryCallback type=AlertFeatureSupportObtained
2026-03-29 15:44:28.052 | AlertVM | support feature=HEART_RATE supported=true
2026-03-29 15:44:28.053 | AlertVM | handleQueryCallback type=Default
2026-03-29 15:44:28.279 | ZhQuery | onSWSPO2Monitor={"isWarning":true,"warningValue":100}
2026-03-29 15:44:28.281 | AlertService | queryCallback type=Spo2AlertSettingsObtained
2026-03-29 15:44:28.283 | AlertService | saveAlertSettings={"device_address":"D8:5C:08:30:00:1E","heart_rate":{"low_enabled":false,"low_threshold":0,"resting_enabled":false,"resting_threshold":220,"workout_enabled":false,"workout_threshold":0},"pending_sync":{"heart_rate":false,"relaxation_prompt":false,"sedentary_reminder":false,"sleep_reminder":false,"spo2":true},"pressure_mode":{"relaxation_prompt_enabled":false,"stress_monitoring_enabled":false},"sedentary_reminder":{"end_hour":0,"end_minute":0,"interval":0,"repeat_count":0,"start_hour":0,"start_minute":0,"status":false},"sleep_reminder":{"hour":0,"millisecond":0,"minute":0,"second":0,"status":false},"snapshots":{"heart_rate":{"continuous_heart_rate_mode":0,"frequency":5,"mode":0},"sedentary_reminder":{"end_noon_hour":0,"end_noon_minute":0,"no_disturb_in_launch":false,"start_noon_hour":0,"start_noon_minute":0}},"spo2":{"enabled":true,"threshold":100},"support":{"heart_rate":true,"high_stress_index":false,"relaxation_prompt":false,"sedentary_reminder":true,"sleep_reminder":false,"spo2":true,"wear_detection":false}}
2026-03-29 15:44:28.284 | AlertService | onAlertQueryCompleted feature=SPO2 phase=UPDATE_SENT matchesStored=true
2026-03-29 15:44:28.285 | AlertService | queryCallback type=AlertFeatureSupportObtained
2026-03-29 15:44:28.287 | AlertService | saveAlertSettings={"device_address":"D8:5C:08:30:00:1E","heart_rate":{"low_enabled":false,"low_threshold":0,"resting_enabled":false,"resting_threshold":220,"workout_enabled":false,"workout_threshold":0},"pending_sync":{"heart_rate":false,"relaxation_prompt":false,"sedentary_reminder":false,"sleep_reminder":false,"spo2":true},"pressure_mode":{"relaxation_prompt_enabled":false,"stress_monitoring_enabled":false},"sedentary_reminder":{"end_hour":0,"end_minute":0,"interval":0,"repeat_count":0,"start_hour":0,"start_minute":0,"status":false},"sleep_reminder":{"hour":0,"millisecond":0,"minute":0,"second":0,"status":false},"snapshots":{"heart_rate":{"continuous_heart_rate_mode":0,"frequency":5,"mode":0},"sedentary_reminder":{"end_noon_hour":0,"end_noon_minute":0,"no_disturb_in_launch":false,"start_noon_hour":0,"start_noon_minute":0}},"spo2":{"enabled":true,"threshold":100},"support":{"heart_rate":true,"high_stress_index":false,"relaxation_prompt":false,"sedentary_reminder":true,"sleep_reminder":false,"spo2":true,"wear_detection":false}}
2026-03-29 15:44:28.288 | ZhQuery | getSpo2AlertSettings state=SUCCEED
2026-03-29 15:44:28.290 | ZhQuery | getSpo2AlertSettings state=SUCCEED
2026-03-29 15:44:28.291 | AlertVM | handleQueryCallback type=Spo2AlertSettingsObtained
2026-03-29 15:44:28.292 | AlertVM | spo2 query matchesStored=true
2026-03-29 15:44:28.293 | AlertVM | spo2 query value={"enabled":true,"threshold":100}
2026-03-29 15:44:28.294 | AlertVM | handleQueryCallback type=Default
2026-03-29 15:44:28.295 | AlertVM | handleQueryCallback type=AlertFeatureSupportObtained
2026-03-29 15:44:28.296 | AlertVM | support feature=SPO2 supported=true
2026-03-29 15:44:28.297 | AlertVM | handleQueryCallback type=Default
2026-03-29 15:44:28.626 | AlertService | queryCallback type=UpdateFirmwareLogStatus
2026-03-29 15:44:28.638 | AlertVM | handleQueryCallback type=UpdateFirmwareLogStatus
2026-03-29 15:44:28.640 | AlertVM | handleQueryCallback type=Default
2026-03-29 15:44:28.890 | ZhQuery | getPressureModeSettings state=NOT_SUPPORT
2026-03-29 15:44:28.892 | AlertService | queryCallback type=AlertFeatureSupportObtained
2026-03-29 15:44:28.894 | AlertService | onAlertFeatureUnsupported feature=RELAXATION_PROMPT
2026-03-29 15:44:28.896 | AlertService | saveAlertSettings={"device_address":"D8:5C:08:30:00:1E","heart_rate":{"low_enabled":false,"low_threshold":0,"resting_enabled":false,"resting_threshold":220,"workout_enabled":false,"workout_threshold":0},"pending_sync":{"heart_rate":false,"relaxation_prompt":false,"sedentary_reminder":false,"sleep_reminder":false,"spo2":true},"pressure_mode":{"relaxation_prompt_enabled":false,"stress_monitoring_enabled":false},"sedentary_reminder":{"end_hour":0,"end_minute":0,"interval":0,"repeat_count":0,"start_hour":0,"start_minute":0,"status":false},"sleep_reminder":{"hour":0,"millisecond":0,"minute":0,"second":0,"status":false},"snapshots":{"heart_rate":{"continuous_heart_rate_mode":0,"frequency":5,"mode":0},"sedentary_reminder":{"end_noon_hour":0,"end_noon_minute":0,"no_disturb_in_launch":false,"start_noon_hour":0,"start_noon_minute":0}},"spo2":{"enabled":true,"threshold":100},"support":{"heart_rate":true,"high_stress_index":false,"relaxation_prompt":false,"sedentary_reminder":true,"sleep_reminder":false,"spo2":true,"wear_detection":false}}
2026-03-29 15:44:28.898 | AlertService | syncPendingAlertSettings skipped activePhase=UPDATE_SENT feature=SPO2
2026-03-29 15:44:28.899 | ZhQuery | getPressureModeSettings state=NOT_SUPPORT
2026-03-29 15:44:28.901 | AlertService | queryCallback type=AlertFeatureSupportObtained
2026-03-29 15:44:28.902 | AlertService | onAlertFeatureUnsupported feature=RELAXATION_PROMPT
2026-03-29 15:44:28.904 | AlertService | saveAlertSettings={"device_address":"D8:5C:08:30:00:1E","heart_rate":{"low_enabled":false,"low_threshold":0,"resting_enabled":false,"resting_threshold":220,"workout_enabled":false,"workout_threshold":0},"pending_sync":{"heart_rate":false,"relaxation_prompt":false,"sedentary_reminder":false,"sleep_reminder":false,"spo2":true},"pressure_mode":{"relaxation_prompt_enabled":false,"stress_monitoring_enabled":false},"sedentary_reminder":{"end_hour":0,"end_minute":0,"interval":0,"repeat_count":0,"start_hour":0,"start_minute":0,"status":false},"sleep_reminder":{"hour":0,"millisecond":0,"minute":0,"second":0,"status":false},"snapshots":{"heart_rate":{"continuous_heart_rate_mode":0,"frequency":5,"mode":0},"sedentary_reminder":{"end_noon_hour":0,"end_noon_minute":0,"no_disturb_in_launch":false,"start_noon_hour":0,"start_noon_minute":0}},"spo2":{"enabled":true,"threshold":100},"support":{"heart_rate":true,"high_stress_index":false,"relaxation_prompt":false,"sedentary_reminder":true,"sleep_reminder":false,"spo2":true,"wear_detection":false}}
2026-03-29 15:44:28.907 | AlertService | syncPendingAlertSettings skipped activePhase=UPDATE_SENT feature=SPO2
2026-03-29 15:44:28.909 | AlertVM | handleQueryCallback type=AlertFeatureSupportObtained
2026-03-29 15:44:28.911 | AlertVM | support feature=RELAXATION_PROMPT supported=false
2026-03-29 15:44:28.912 | AlertVM | handleQueryCallback type=Default
2026-03-29 15:44:28.913 | AlertVM | handleQueryCallback type=AlertFeatureSupportObtained
2026-03-29 15:44:28.915 | AlertVM | support feature=RELAXATION_PROMPT supported=false
2026-03-29 15:44:28.916 | AlertVM | handleQueryCallback type=Default
2026-03-29 15:44:29.211 | ZhQuery | getSleepReminder state=NOT_SUPPORT
2026-03-29 15:44:29.213 | AlertService | queryCallback type=AlertFeatureSupportObtained
2026-03-29 15:44:29.214 | AlertService | onAlertFeatureUnsupported feature=SLEEP_REMINDER
2026-03-29 15:44:29.216 | AlertService | saveAlertSettings={"device_address":"D8:5C:08:30:00:1E","heart_rate":{"low_enabled":false,"low_threshold":0,"resting_enabled":false,"resting_threshold":220,"workout_enabled":false,"workout_threshold":0},"pending_sync":{"heart_rate":false,"relaxation_prompt":false,"sedentary_reminder":false,"sleep_reminder":false,"spo2":true},"pressure_mode":{"relaxation_prompt_enabled":false,"stress_monitoring_enabled":false},"sedentary_reminder":{"end_hour":0,"end_minute":0,"interval":0,"repeat_count":0,"start_hour":0,"start_minute":0,"status":false},"sleep_reminder":{"hour":0,"millisecond":0,"minute":0,"second":0,"status":false},"snapshots":{"heart_rate":{"continuous_heart_rate_mode":0,"frequency":5,"mode":0},"sedentary_reminder":{"end_noon_hour":0,"end_noon_minute":0,"no_disturb_in_launch":false,"start_noon_hour":0,"start_noon_minute":0}},"spo2":{"enabled":true,"threshold":100},"support":{"heart_rate":true,"high_stress_index":false,"relaxation_prompt":false,"sedentary_reminder":true,"sleep_reminder":false,"spo2":true,"wear_detection":false}}
2026-03-29 15:44:29.217 | AlertService | syncPendingAlertSettings skipped activePhase=UPDATE_SENT feature=SPO2
2026-03-29 15:44:29.221 | ZhQuery | getSleepReminder state=NOT_SUPPORT
2026-03-29 15:44:29.223 | AlertService | queryCallback type=AlertFeatureSupportObtained
2026-03-29 15:44:29.225 | AlertService | onAlertFeatureUnsupported feature=SLEEP_REMINDER
2026-03-29 15:44:29.226 | AlertService | saveAlertSettings={"device_address":"D8:5C:08:30:00:1E","heart_rate":{"low_enabled":false,"low_threshold":0,"resting_enabled":false,"resting_threshold":220,"workout_enabled":false,"workout_threshold":0},"pending_sync":{"heart_rate":false,"relaxation_prompt":false,"sedentary_reminder":false,"sleep_reminder":false,"spo2":true},"pressure_mode":{"relaxation_prompt_enabled":false,"stress_monitoring_enabled":false},"sedentary_reminder":{"end_hour":0,"end_minute":0,"interval":0,"repeat_count":0,"start_hour":0,"start_minute":0,"status":false},"sleep_reminder":{"hour":0,"millisecond":0,"minute":0,"second":0,"status":false},"snapshots":{"heart_rate":{"continuous_heart_rate_mode":0,"frequency":5,"mode":0},"sedentary_reminder":{"end_noon_hour":0,"end_noon_minute":0,"no_disturb_in_launch":false,"start_noon_hour":0,"start_noon_minute":0}},"spo2":{"enabled":true,"threshold":100},"support":{"heart_rate":true,"high_stress_index":false,"relaxation_prompt":false,"sedentary_reminder":true,"sleep_reminder":false,"spo2":true,"wear_detection":false}}
2026-03-29 15:44:29.227 | AlertService | syncPendingAlertSettings skipped activePhase=UPDATE_SENT feature=SPO2
2026-03-29 15:44:29.228 | AlertVM | handleQueryCallback type=AlertFeatureSupportObtained
2026-03-29 15:44:29.230 | AlertVM | support feature=SLEEP_REMINDER supported=false
2026-03-29 15:44:29.231 | AlertVM | handleQueryCallback type=Default
2026-03-29 15:44:29.232 | AlertVM | handleQueryCallback type=AlertFeatureSupportObtained
2026-03-29 15:44:29.233 | AlertVM | support feature=SLEEP_REMINDER supported=false
2026-03-29 15:44:29.234 | AlertVM | handleQueryCallback type=Default
2026-03-29 15:44:29.511 | AlertService | queryCallback type=UpdateFirmwareLogStatus
2026-03-29 15:44:29.518 | AlertVM | handleQueryCallback type=UpdateFirmwareLogStatus
2026-03-29 15:44:29.519 | AlertVM | handleQueryCallback type=Default
2026-03-29 15:44:29.769 | ZhQuery | onSedentaryReminderResult={"drinkWater":0,"endNoonTime":{"hour":0,"millisecond":0,"minuter":0,"second":0},"endTime":{"hour":0,"millisecond":0,"minuter":0,"second":0},"frequency":0,"isOn":false,"noDisturbInLaunch":false,"startNoonTime":{"hour":0,"millisecond":0,"minuter":0,"second":0},"startTime":{"hour":0,"millisecond":0,"minuter":0,"second":0}}
2026-03-29 15:44:29.770 | AlertService | queryCallback type=SedentaryDataObtained
2026-03-29 15:44:29.772 | AlertService | queryCallback type=SedentaryReminderSettingsObtained
2026-03-29 15:44:29.774 | AlertService | saveAlertSettings={"device_address":"D8:5C:08:30:00:1E","heart_rate":{"low_enabled":false,"low_threshold":0,"resting_enabled":false,"resting_threshold":220,"workout_enabled":false,"workout_threshold":0},"pending_sync":{"heart_rate":false,"relaxation_prompt":false,"sedentary_reminder":false,"sleep_reminder":false,"spo2":true},"pressure_mode":{"relaxation_prompt_enabled":false,"stress_monitoring_enabled":false},"sedentary_reminder":{"end_hour":0,"end_minute":0,"interval":0,"repeat_count":0,"start_hour":0,"start_minute":0,"status":false},"sleep_reminder":{"hour":0,"millisecond":0,"minute":0,"second":0,"status":false},"snapshots":{"heart_rate":{"continuous_heart_rate_mode":0,"frequency":5,"mode":0},"sedentary_reminder":{"end_noon_hour":0,"end_noon_minute":0,"no_disturb_in_launch":false,"start_noon_hour":0,"start_noon_minute":0}},"spo2":{"enabled":true,"threshold":100},"support":{"heart_rate":true,"high_stress_index":false,"relaxation_prompt":false,"sedentary_reminder":true,"sleep_reminder":false,"spo2":true,"wear_detection":false}}
2026-03-29 15:44:29.776 | AlertService | onAlertQueryCompleted feature=SEDENTARY_REMINDER phase=UPDATE_SENT matchesStored=true
2026-03-29 15:44:29.777 | AlertService | queryCallback type=AlertFeatureSupportObtained
2026-03-29 15:44:29.778 | AlertService | saveAlertSettings={"device_address":"D8:5C:08:30:00:1E","heart_rate":{"low_enabled":false,"low_threshold":0,"resting_enabled":false,"resting_threshold":220,"workout_enabled":false,"workout_threshold":0},"pending_sync":{"heart_rate":false,"relaxation_prompt":false,"sedentary_reminder":false,"sleep_reminder":false,"spo2":true},"pressure_mode":{"relaxation_prompt_enabled":false,"stress_monitoring_enabled":false},"sedentary_reminder":{"end_hour":0,"end_minute":0,"interval":0,"repeat_count":0,"start_hour":0,"start_minute":0,"status":false},"sleep_reminder":{"hour":0,"millisecond":0,"minute":0,"second":0,"status":false},"snapshots":{"heart_rate":{"continuous_heart_rate_mode":0,"frequency":5,"mode":0},"sedentary_reminder":{"end_noon_hour":0,"end_noon_minute":0,"no_disturb_in_launch":false,"start_noon_hour":0,"start_noon_minute":0}},"spo2":{"enabled":true,"threshold":100},"support":{"heart_rate":true,"high_stress_index":false,"relaxation_prompt":false,"sedentary_reminder":true,"sleep_reminder":false,"spo2":true,"wear_detection":false}}
2026-03-29 15:44:29.780 | AlertVM | handleQueryCallback type=SedentaryDataObtained
2026-03-29 15:44:29.781 | AlertVM | handleQueryCallback type=Default
2026-03-29 15:44:29.783 | AlertVM | handleQueryCallback type=SedentaryReminderSettingsObtained
2026-03-29 15:44:29.784 | AlertVM | sedentary query matchesStored=true
2026-03-29 15:44:29.785 | AlertVM | sedentary query value={"end_hour":0,"end_minute":0,"interval":0,"repeat_count":0,"start_hour":0,"start_minute":0,"status":false}
2026-03-29 15:44:29.786 | AlertVM | handleQueryCallback type=Default
2026-03-29 15:44:29.787 | AlertVM | handleQueryCallback type=AlertFeatureSupportObtained
2026-03-29 15:44:29.788 | AlertVM | support feature=SEDENTARY_REMINDER supported=true
2026-03-29 15:44:29.790 | AlertVM | handleQueryCallback type=Default
2026-03-29 15:44:30.129 | ZhQuery | onHeartRateMonitorResult={"continuousHeartRateMode":0,"frequency":5,"isSportWarning":false,"isWarning":false,"lowWarningValue":0,"mode":0,"sportWarningValue":0,"warningValue":220}
2026-03-29 15:44:30.131 | AlertService | queryCallback type=HeartRateAlertDataObtained
2026-03-29 15:44:30.134 | AlertService | queryCallback type=HeartRateAlertSettingsObtained
2026-03-29 15:44:30.135 | AlertService | saveAlertSettings={"device_address":"D8:5C:08:30:00:1E","heart_rate":{"low_enabled":false,"low_threshold":0,"resting_enabled":false,"resting_threshold":220,"workout_enabled":false,"workout_threshold":0},"pending_sync":{"heart_rate":false,"relaxation_prompt":false,"sedentary_reminder":false,"sleep_reminder":false,"spo2":true},"pressure_mode":{"relaxation_prompt_enabled":false,"stress_monitoring_enabled":false},"sedentary_reminder":{"end_hour":0,"end_minute":0,"interval":0,"repeat_count":0,"start_hour":0,"start_minute":0,"status":false},"sleep_reminder":{"hour":0,"millisecond":0,"minute":0,"second":0,"status":false},"snapshots":{"heart_rate":{"continuous_heart_rate_mode":0,"frequency":5,"mode":0},"sedentary_reminder":{"end_noon_hour":0,"end_noon_minute":0,"no_disturb_in_launch":false,"start_noon_hour":0,"start_noon_minute":0}},"spo2":{"enabled":true,"threshold":100},"support":{"heart_rate":true,"high_stress_index":false,"relaxation_prompt":false,"sedentary_reminder":true,"sleep_reminder":false,"spo2":true,"wear_detection":false}}
2026-03-29 15:44:30.136 | AlertService | onAlertQueryCompleted feature=HEART_RATE phase=UPDATE_SENT matchesStored=true
2026-03-29 15:44:30.137 | AlertService | queryCallback type=AlertFeatureSupportObtained
2026-03-29 15:44:30.139 | AlertService | saveAlertSettings={"device_address":"D8:5C:08:30:00:1E","heart_rate":{"low_enabled":false,"low_threshold":0,"resting_enabled":false,"resting_threshold":220,"workout_enabled":false,"workout_threshold":0},"pending_sync":{"heart_rate":false,"relaxation_prompt":false,"sedentary_reminder":false,"sleep_reminder":false,"spo2":true},"pressure_mode":{"relaxation_prompt_enabled":false,"stress_monitoring_enabled":false},"sedentary_reminder":{"end_hour":0,"end_minute":0,"interval":0,"repeat_count":0,"start_hour":0,"start_minute":0,"status":false},"sleep_reminder":{"hour":0,"millisecond":0,"minute":0,"second":0,"status":false},"snapshots":{"heart_rate":{"continuous_heart_rate_mode":0,"frequency":5,"mode":0},"sedentary_reminder":{"end_noon_hour":0,"end_noon_minute":0,"no_disturb_in_launch":false,"start_noon_hour":0,"start_noon_minute":0}},"spo2":{"enabled":true,"threshold":100},"support":{"heart_rate":true,"high_stress_index":false,"relaxation_prompt":false,"sedentary_reminder":true,"sleep_reminder":false,"spo2":true,"wear_detection":false}}
2026-03-29 15:44:30.154 | AlertVM | handleQueryCallback type=HeartRateAlertDataObtained
2026-03-29 15:44:30.157 | AlertVM | handleQueryCallback type=Default
2026-03-29 15:44:30.159 | AlertVM | handleQueryCallback type=HeartRateAlertSettingsObtained
2026-03-29 15:44:30.160 | AlertVM | heartRate query matchesStored=true
2026-03-29 15:44:30.161 | AlertVM | heartRate query value={"low_enabled":false,"low_threshold":0,"resting_enabled":false,"resting_threshold":220,"workout_enabled":false,"workout_threshold":0}
2026-03-29 15:44:30.163 | AlertVM | handleQueryCallback type=Default
2026-03-29 15:44:30.165 | AlertVM | handleQueryCallback type=AlertFeatureSupportObtained
2026-03-29 15:44:30.166 | AlertVM | support feature=HEART_RATE supported=true
2026-03-29 15:44:30.167 | AlertVM | handleQueryCallback type=Default
2026-03-29 15:44:30.493 | AlertService | queryCallback type=UpdateFirmwareLogStatus
2026-03-29 15:44:30.498 | AlertVM | handleQueryCallback type=UpdateFirmwareLogStatus
2026-03-29 15:44:30.499 | AlertVM | handleQueryCallback type=Default
2026-03-29 15:44:30.665 | ZhQuery | onSWSPO2Monitor={"isWarning":true,"warningValue":100}
2026-03-29 15:44:30.666 | AlertService | queryCallback type=Spo2AlertSettingsObtained
2026-03-29 15:44:30.668 | AlertService | saveAlertSettings={"device_address":"D8:5C:08:30:00:1E","heart_rate":{"low_enabled":false,"low_threshold":0,"resting_enabled":false,"resting_threshold":220,"workout_enabled":false,"workout_threshold":0},"pending_sync":{"heart_rate":false,"relaxation_prompt":false,"sedentary_reminder":false,"sleep_reminder":false,"spo2":true},"pressure_mode":{"relaxation_prompt_enabled":false,"stress_monitoring_enabled":false},"sedentary_reminder":{"end_hour":0,"end_minute":0,"interval":0,"repeat_count":0,"start_hour":0,"start_minute":0,"status":false},"sleep_reminder":{"hour":0,"millisecond":0,"minute":0,"second":0,"status":false},"snapshots":{"heart_rate":{"continuous_heart_rate_mode":0,"frequency":5,"mode":0},"sedentary_reminder":{"end_noon_hour":0,"end_noon_minute":0,"no_disturb_in_launch":false,"start_noon_hour":0,"start_noon_minute":0}},"spo2":{"enabled":true,"threshold":100},"support":{"heart_rate":true,"high_stress_index":false,"relaxation_prompt":false,"sedentary_reminder":true,"sleep_reminder":false,"spo2":true,"wear_detection":false}}
2026-03-29 15:44:30.669 | AlertService | onAlertQueryCompleted feature=SPO2 phase=UPDATE_SENT matchesStored=true
2026-03-29 15:44:30.671 | AlertService | queryCallback type=AlertFeatureSupportObtained
2026-03-29 15:44:30.675 | AlertService | saveAlertSettings={"device_address":"D8:5C:08:30:00:1E","heart_rate":{"low_enabled":false,"low_threshold":0,"resting_enabled":false,"resting_threshold":220,"workout_enabled":false,"workout_threshold":0},"pending_sync":{"heart_rate":false,"relaxation_prompt":false,"sedentary_reminder":false,"sleep_reminder":false,"spo2":true},"pressure_mode":{"relaxation_prompt_enabled":false,"stress_monitoring_enabled":false},"sedentary_reminder":{"end_hour":0,"end_minute":0,"interval":0,"repeat_count":0,"start_hour":0,"start_minute":0,"status":false},"sleep_reminder":{"hour":0,"millisecond":0,"minute":0,"second":0,"status":false},"snapshots":{"heart_rate":{"continuous_heart_rate_mode":0,"frequency":5,"mode":0},"sedentary_reminder":{"end_noon_hour":0,"end_noon_minute":0,"no_disturb_in_launch":false,"start_noon_hour":0,"start_noon_minute":0}},"spo2":{"enabled":true,"threshold":100},"support":{"heart_rate":true,"high_stress_index":false,"relaxation_prompt":false,"sedentary_reminder":true,"sleep_reminder":false,"spo2":true,"wear_detection":false}}
2026-03-29 15:44:30.676 | AlertVM | handleQueryCallback type=Spo2AlertSettingsObtained
2026-03-29 15:44:30.678 | AlertVM | spo2 query matchesStored=true
2026-03-29 15:44:30.679 | AlertVM | spo2 query value={"enabled":true,"threshold":100}
2026-03-29 15:44:30.681 | AlertVM | handleQueryCallback type=Default
2026-03-29 15:44:30.682 | AlertVM | handleQueryCallback type=AlertFeatureSupportObtained
2026-03-29 15:44:30.684 | AlertVM | support feature=SPO2 supported=true
2026-03-29 15:44:30.685 | AlertVM | handleQueryCallback type=Default
2026-03-29 15:44:31.369 | AlertUI | exportAlertLogs requested
2026-03-29 15:44:31.530 | AlertService | queryCallback type=UpdateFirmwareLogStatus
2026-03-29 15:44:31.543 | AlertVM | handleQueryCallback type=UpdateFirmwareLogStatus
2026-03-29 15:44:31.546 | AlertVM | handleQueryCallback type=Default
2026-03-29 15:44:31.802 | ZhQuery | onSedentaryReminderResult={"drinkWater":0,"endNoonTime":{"hour":0,"millisecond":0,"minuter":0,"second":0},"endTime":{"hour":0,"millisecond":0,"minuter":0,"second":0},"frequency":0,"isOn":false,"noDisturbInLaunch":false,"startNoonTime":{"hour":0,"millisecond":0,"minuter":0,"second":0},"startTime":{"hour":0,"millisecond":0,"minuter":0,"second":0}}
2026-03-29 15:44:31.806 | AlertService | queryCallback type=SedentaryDataObtained
2026-03-29 15:44:31.808 | AlertService | queryCallback type=SedentaryReminderSettingsObtained
2026-03-29 15:44:31.810 | AlertService | saveAlertSettings={"device_address":"D8:5C:08:30:00:1E","heart_rate":{"low_enabled":false,"low_threshold":0,"resting_enabled":false,"resting_threshold":220,"workout_enabled":false,"workout_threshold":0},"pending_sync":{"heart_rate":false,"relaxation_prompt":false,"sedentary_reminder":false,"sleep_reminder":false,"spo2":true},"pressure_mode":{"relaxation_prompt_enabled":false,"stress_monitoring_enabled":false},"sedentary_reminder":{"end_hour":0,"end_minute":0,"interval":0,"repeat_count":0,"start_hour":0,"start_minute":0,"status":false},"sleep_reminder":{"hour":0,"millisecond":0,"minute":0,"second":0,"status":false},"snapshots":{"heart_rate":{"continuous_heart_rate_mode":0,"frequency":5,"mode":0},"sedentary_reminder":{"end_noon_hour":0,"end_noon_minute":0,"no_disturb_in_launch":false,"start_noon_hour":0,"start_noon_minute":0}},"spo2":{"enabled":true,"threshold":100},"support":{"heart_rate":true,"high_stress_index":false,"relaxation_prompt":false,"sedentary_reminder":true,"sleep_reminder":false,"spo2":true,"wear_detection":false}}
2026-03-29 15:44:31.813 | AlertService | onAlertQueryCompleted feature=SEDENTARY_REMINDER phase=UPDATE_SENT matchesStored=true
2026-03-29 15:44:31.814 | AlertService | queryCallback type=AlertFeatureSupportObtained
2026-03-29 15:44:31.821 | AlertService | saveAlertSettings={"device_address":"D8:5C:08:30:00:1E","heart_rate":{"low_enabled":false,"low_threshold":0,"resting_enabled":false,"resting_threshold":220,"workout_enabled":false,"workout_threshold":0},"pending_sync":{"heart_rate":false,"relaxation_prompt":false,"sedentary_reminder":false,"sleep_reminder":false,"spo2":true},"pressure_mode":{"relaxation_prompt_enabled":false,"stress_monitoring_enabled":false},"sedentary_reminder":{"end_hour":0,"end_minute":0,"interval":0,"repeat_count":0,"start_hour":0,"start_minute":0,"status":false},"sleep_reminder":{"hour":0,"millisecond":0,"minute":0,"second":0,"status":false},"snapshots":{"heart_rate":{"continuous_heart_rate_mode":0,"frequency":5,"mode":0},"sedentary_reminder":{"end_noon_hour":0,"end_noon_minute":0,"no_disturb_in_launch":false,"start_noon_hour":0,"start_noon_minute":0}},"spo2":{"enabled":true,"threshold":100},"support":{"heart_rate":true,"high_stress_index":false,"relaxation_prompt":false,"sedentary_reminder":true,"sleep_reminder":false,"spo2":true,"wear_detection":false}}
2026-03-29 15:44:31.822 | AlertVM | handleQueryCallback type=SedentaryDataObtained
2026-03-29 15:44:31.824 | AlertVM | handleQueryCallback type=Default
2026-03-29 15:44:31.825 | AlertVM | handleQueryCallback type=SedentaryReminderSettingsObtained
2026-03-29 15:44:31.827 | AlertVM | sedentary query matchesStored=true
2026-03-29 15:44:31.828 | AlertVM | sedentary query value={"end_hour":0,"end_minute":0,"interval":0,"repeat_count":0,"start_hour":0,"start_minute":0,"status":false}
2026-03-29 15:44:31.829 | AlertVM | handleQueryCallback type=Default
2026-03-29 15:44:31.831 | AlertVM | handleQueryCallback type=AlertFeatureSupportObtained
2026-03-29 15:44:31.832 | AlertVM | support feature=SEDENTARY_REMINDER supported=true
2026-03-29 15:44:31.833 | AlertVM | handleQueryCallback type=Default
2026-03-29 15:44:32.161 | ZhUpdate | setSpo2AlertSettings state=SUCCEED
2026-03-29 15:44:32.165 | AlertService | updateCallback type=Spo2AlertSettingsUpdated
2026-03-29 15:44:32.174 | AlertService | onAlertUpdateCompleted feature=SPO2 success=true
2026-03-29 15:44:32.182 | AlertService | sendAlertQuery feature=SPO2
2026-03-29 15:44:32.186 | AlertService | updateCallback type=Spo2SettingsUpdated
2026-03-29 15:44:32.190 | ZhQuery | getSpo2AlertSettings dispatched
2026-03-29 15:44:32.194 | AlertVM | handleUpdateCallback type=Spo2AlertSettingsUpdated
2026-03-29 15:44:32.198 | AlertVM | spo2 update success=true
2026-03-29 15:44:32.202 | AlertVM | handleUpdateCallback type=Spo2SettingsUpdated
2026-03-29 15:44:32.526 | AlertService | queryCallback type=UpdateFirmwareLogStatus
2026-03-29 15:44:32.540 | AlertVM | handleQueryCallback type=UpdateFirmwareLogStatus
2026-03-29 15:44:32.543 | AlertVM | handleQueryCallback type=Default
2026-03-29 15:44:32.709 | ZhQuery | onSWSPO2Monitor={"isWarning":true,"warningValue":100}
2026-03-29 15:44:32.713 | AlertService | queryCallback type=Spo2AlertSettingsObtained
2026-03-29 15:44:32.717 | AlertService | saveAlertSettings={"device_address":"D8:5C:08:30:00:1E","heart_rate":{"low_enabled":false,"low_threshold":0,"resting_enabled":false,"resting_threshold":220,"workout_enabled":false,"workout_threshold":0},"pending_sync":{"heart_rate":false,"relaxation_prompt":false,"sedentary_reminder":false,"sleep_reminder":false,"spo2":true},"pressure_mode":{"relaxation_prompt_enabled":false,"stress_monitoring_enabled":false},"sedentary_reminder":{"end_hour":0,"end_minute":0,"interval":0,"repeat_count":0,"start_hour":0,"start_minute":0,"status":false},"sleep_reminder":{"hour":0,"millisecond":0,"minute":0,"second":0,"status":false},"snapshots":{"heart_rate":{"continuous_heart_rate_mode":0,"frequency":5,"mode":0},"sedentary_reminder":{"end_noon_hour":0,"end_noon_minute":0,"no_disturb_in_launch":false,"start_noon_hour":0,"start_noon_minute":0}},"spo2":{"enabled":true,"threshold":100},"support":{"heart_rate":true,"high_stress_index":false,"relaxation_prompt":false,"sedentary_reminder":true,"sleep_reminder":false,"spo2":true,"wear_detection":false}}
2026-03-29 15:44:32.720 | AlertService | onAlertQueryCompleted feature=SPO2 phase=VERIFY_QUERY matchesStored=true
2026-03-29 15:44:32.723 | AlertService | saveAlertSettings={"device_address":"D8:5C:08:30:00:1E","heart_rate":{"low_enabled":false,"low_threshold":0,"resting_enabled":false,"resting_threshold":220,"workout_enabled":false,"workout_threshold":0},"pending_sync":{"heart_rate":false,"relaxation_prompt":false,"sedentary_reminder":false,"sleep_reminder":false,"spo2":false},"pressure_mode":{"relaxation_prompt_enabled":false,"stress_monitoring_enabled":false},"sedentary_reminder":{"end_hour":0,"end_minute":0,"interval":0,"repeat_count":0,"start_hour":0,"start_minute":0,"status":false},"sleep_reminder":{"hour":0,"millisecond":0,"minute":0,"second":0,"status":false},"snapshots":{"heart_rate":{"continuous_heart_rate_mode":0,"frequency":5,"mode":0},"sedentary_reminder":{"end_noon_hour":0,"end_noon_minute":0,"no_disturb_in_launch":false,"start_noon_hour":0,"start_noon_minute":0}},"spo2":{"enabled":true,"threshold":100},"support":{"heart_rate":true,"high_stress_index":false,"relaxation_prompt":false,"sedentary_reminder":true,"sleep_reminder":false,"spo2":true,"wear_detection":false}}
2026-03-29 15:44:32.727 | AlertService | queryCallback type=AlertFeatureSupportObtained
2026-03-29 15:44:32.731 | AlertService | saveAlertSettings={"device_address":"D8:5C:08:30:00:1E","heart_rate":{"low_enabled":false,"low_threshold":0,"resting_enabled":false,"resting_threshold":220,"workout_enabled":false,"workout_threshold":0},"pending_sync":{"heart_rate":false,"relaxation_prompt":false,"sedentary_reminder":false,"sleep_reminder":false,"spo2":false},"pressure_mode":{"relaxation_prompt_enabled":false,"stress_monitoring_enabled":false},"sedentary_reminder":{"end_hour":0,"end_minute":0,"interval":0,"repeat_count":0,"start_hour":0,"start_minute":0,"status":false},"sleep_reminder":{"hour":0,"millisecond":0,"minute":0,"second":0,"status":false},"snapshots":{"heart_rate":{"continuous_heart_rate_mode":0,"frequency":5,"mode":0},"sedentary_reminder":{"end_noon_hour":0,"end_noon_minute":0,"no_disturb_in_launch":false,"start_noon_hour":0,"start_noon_minute":0}},"spo2":{"enabled":true,"threshold":100},"support":{"heart_rate":true,"high_stress_index":false,"relaxation_prompt":false,"sedentary_reminder":true,"sleep_reminder":false,"spo2":true,"wear_detection":false}}
2026-03-29 15:44:32.733 | ZhQuery | getSpo2AlertSettings state=SUCCEED
2026-03-29 15:44:32.735 | AlertVM | handleQueryCallback type=Spo2AlertSettingsObtained
2026-03-29 15:44:32.736 | AlertVM | spo2 query matchesStored=true
2026-03-29 15:44:32.739 | AlertVM | spo2 query value={"enabled":true,"threshold":100}
2026-03-29 15:44:32.740 | AlertVM | handleQueryCallback type=Default
2026-03-29 15:44:32.741 | AlertVM | handleQueryCallback type=AlertFeatureSupportObtained
2026-03-29 15:44:32.743 | AlertVM | support feature=SPO2 supported=true
2026-03-29 15:44:32.744 | AlertVM | handleQueryCallback type=Default
2026-03-29 15:44:33.471 | AlertService | queryCallback type=UpdateFirmwareLogStatus
2026-03-29 15:44:33.489 | AlertVM | handleQueryCallback type=UpdateFirmwareLogStatus
2026-03-29 15:44:33.498 | AlertVM | handleQueryCallback type=Default
2026-03-29 15:44:34.504 | AlertService | queryCallback type=UpdateFirmwareLogStatus
2026-03-29 15:44:34.514 | AlertVM | handleQueryCallback type=UpdateFirmwareLogStatus
2026-03-29 15:44:34.516 | AlertVM | handleQueryCallback type=Default
2026-03-29 15:44:35.497 | AlertService | queryCallback type=UpdateFirmwareLogStatus
2026-03-29 15:44:36.475 | AlertService | queryCallback type=UpdateFirmwareLogStatus
2026-03-29 15:44:37.489 | AlertService | queryCallback type=UpdateFirmwareLogStatus
2026-03-29 15:44:38.501 | AlertService | queryCallback type=UpdateFirmwareLogStatus
