#
# There is insufficient memory for the Java Runtime Environment to continue.
# Native memory allocation (malloc) failed to allocate 289856 bytes for Chunk::new
# Possible reasons:
#   The system is out of physical RAM or swap space
#   The process is running with CompressedOops enabled, and the Java Heap may be blocking the growth of the native heap
# Possible solutions:
#   Reduce memory load on the system
#   Increase physical memory or swap space
#   Check if swap backing store is full
#   Decrease Java heap size (-Xmx/-Xms)
#   Decrease number of Java threads
#   Decrease Java thread stack sizes (-Xss)
#   Set larger code cache with -XX:ReservedCodeCacheSize=
#   JVM is running with Zero Based Compressed Oops mode in which the Java heap is
#     placed in the first 32GB address space. The Java Heap base address is the
#     maximum limit for the native heap growth. Please use -XX:HeapBaseMinAddress
#     to set the Java Heap base and to place the Java Heap above 32GB virtual address.
# This output file may be truncated or incomplete.
#
#  Out of Memory Error (arena.cpp:189), pid=19936, tid=17420
#
# JRE version: OpenJDK Runtime Environment (17.0.6) (build 17.0.6+0-b2043.56-10027231)
# Java VM: OpenJDK 64-Bit Server VM (17.0.6+0-b2043.56-10027231, mixed mode, tiered, compressed oops, compressed class ptrs, g1 gc, windows-amd64)
# No core dump will be written. Minidumps are not enabled by default on client versions of Windows
#

---------------  S U M M A R Y ------------

Command Line: --add-opens=java.base/java.util=ALL-UNNAMED --add-opens=java.base/java.lang=ALL-UNNAMED --add-opens=java.base/java.lang.invoke=ALL-UNNAMED --add-opens=java.base/java.util=ALL-UNNAMED --add-opens=java.prefs/java.util.prefs=ALL-UNNAMED --add-opens=java.prefs/java.util.prefs=ALL-UNNAMED --add-opens=java.base/java.nio.charset=ALL-UNNAMED --add-opens=java.base/java.net=ALL-UNNAMED --add-opens=java.base/java.util.concurrent.atomic=ALL-UNNAMED -Xmx4096m -Dfile.encoding=UTF-8 -Duser.country=IN -Duser.language=en -Duser.variant org.gradle.launcher.daemon.bootstrap.GradleDaemon 7.5

Host: 11th Gen Intel(R) Core(TM) i7-1165G7 @ 2.80GHz, 8 cores, 15G,  Windows 10 , 64 bit Build 19041 (10.0.19041.2546)
Time: Mon Sep 11 12:13:30 2023 India Standard Time elapsed time: 2419.732526 seconds (0d 0h 40m 19s)

---------------  T H R E A D  ---------------

Current thread (0x000001f77b083a70):  JavaThread "C2 CompilerThread0" daemon [_thread_in_native, id=17420, stack(0x00000039fc500000,0x00000039fc600000)]


Current CompileTask:
C2:2419732 63488       4       org.gradle.internal.execution.history.changes.OutputFileChanges$4::visitEntry (32 bytes)

Stack: [0x00000039fc500000,0x00000039fc600000]
Native frames: (J=compiled Java code, j=interpreted, Vv=VM code, C=native code)
V  [jvm.dll+0x683c9a]
V  [jvm.dll+0x8427a4]
V  [jvm.dll+0x843f9e]
V  [jvm.dll+0x844603]
V  [jvm.dll+0x249b75]
V  [jvm.dll+0xabcac]
V  [jvm.dll+0xac27c]
V  [jvm.dll+0x2b0eef]
V  [jvm.dll+0x58a267]
V  [jvm.dll+0x2243b2]
V  [jvm.dll+0x22478f]
V  [jvm.dll+0x21e055]
V  [jvm.dll+0x21b51b]
V  [jvm.dll+0x1a4fdd]
V  [jvm.dll+0x22b098]
V  [jvm.dll+0x229159]
V  [jvm.dll+0x7f81ec]
V  [jvm.dll+0x7f274a]
V  [jvm.dll+0x682ad5]
C  [ucrtbase.dll+0x21bb2]
C  [KERNEL32.DLL+0x17614]
C  [ntdll.dll+0x526a1]


---------------  P R O C E S S  ---------------

Threads class SMR info:
_java_thread_list=0x000001f712f9f8a0, length=174, elements={
0x000001f75bab1a00, 0x000001f77a533d00, 0x000001f77b042340, 0x000001f77b076850,
0x000001f77b081c10, 0x000001f77b0824d0, 0x000001f77b082d90, 0x000001f77b083a70,
0x000001f77b084510, 0x000001f77b088040, 0x000001f77b224020, 0x000001f77b2290d0,
0x000001f77df339e0, 0x000001f77b475410, 0x000001f77c22f880, 0x000001f77da0c600,
0x000001f77da54aa0, 0x000001f77da4f8d0, 0x000001f77da51a80, 0x000001f77da53760,
0x000001f77da4e590, 0x000001f77da50270, 0x000001f77da528f0, 0x000001f77da52dc0,
0x000001f77da54100, 0x000001f77da55440, 0x000001f77da4e0c0, 0x000001f77da4ea60,
0x000001f77da4ef30, 0x000001f77fb9a300, 0x000001f77fb9bb10, 0x000001f77fb9e190,
0x000001f7063e1b80, 0x000001f77c3582e0, 0x000001f77c358c80, 0x000001f7049249b0,
0x000001f701668c60, 0x000001f70166c150, 0x000001f70166d490, 0x000001f77fb96b50,
0x000001f704927030, 0x000001f704927500, 0x000001f704926690, 0x000001f77faa5e20,
0x000001f77faa8e40, 0x000001f77faa67c0, 0x000001f77faa7630, 0x000001f77faa62f0,
0x000001f77faa7b00, 0x000001f77fb979c0, 0x000001f77fb974f0, 0x000001f77faa9310,
0x000001f77faa7fd0, 0x000001f77faa84a0, 0x000001f77faa8970, 0x000001f77faa97e0,
0x000001f77c33c130, 0x000001f77c33adf0, 0x000001f77c33b2c0, 0x000001f77c33b790,
0x000001f70acd3f80, 0x000001f70acd2c40, 0x000001f70acd5790, 0x000001f70acd4920,
0x000001f70b7e3fa0, 0x000001f70b7e52e0, 0x000001f70b7e57b0, 0x000001f70b7e5c80,
0x000001f70b7e4e10, 0x000001f70b7e6150, 0x000001f70b7e4470, 0x000001f70b7e2790,
0x000001f70b7e2c60, 0x000001f70b7e3ad0, 0x000001f70b7e3130, 0x000001f70b7e3600,
0x000001f70e4b2440, 0x000001f70e4b2de0, 0x000001f70e4b32b0, 0x000001f70e4b4ac0,
0x000001f70e4b5460, 0x000001f70acd5c60, 0x000001f70acd3110, 0x000001f70acd6130,
0x000001f70acd3ab0, 0x000001f70acd6600, 0x000001f70acd35e0, 0x000001f70acd4450,
0x000001f70acd4df0, 0x000001f70acd52c0, 0x000001f70b4fb210, 0x000001f70b4fb6e0,
0x000001f70e4b1aa0, 0x000001f70e4b4f90, 0x000001f70e4b3780, 0x000001f70e4b3c50,
0x000001f70e4b4120, 0x000001f70e4b45f0, 0x000001f77b7acd60, 0x000001f701669fa0,
0x000001f77b7ac3c0, 0x000001f77b7adbd0, 0x000001f702adf540, 0x000001f702adfee0,
0x000001f77b7ad700, 0x000001f77c461b50, 0x000001f77c460810, 0x000001f77c462020,
0x000001f77c463360, 0x000001f77c45fe70, 0x000001f77c460ce0, 0x000001f77c460340,
0x000001f77c462e90, 0x000001f77c4611b0, 0x000001f702adfa10, 0x000001f709adf1f0,
0x000001f709aded20, 0x000001f70d676870, 0x000001f70d675a00, 0x000001f70d676d40,
0x000001f70d6776e0, 0x000001f702ae03b0, 0x000001f70d677210, 0x000001f77c461680,
0x000001f70d678080, 0x000001f70b4f9a00, 0x000001f70b4fca20, 0x000001f70b4fbbb0,
0x000001f70b4fc080, 0x000001f70b4fc550, 0x000001f70b4fa870, 0x000001f70b4f9060,
0x000001f70b4fad40, 0x000001f70b4f9ed0, 0x000001f70b4fa3a0, 0x000001f70b4f9530,
0x000001f77c33bc60, 0x000001f7067641b0, 0x000001f706761b30, 0x000001f706762000,
0x000001f706765020, 0x000001f706763340, 0x000001f706764680, 0x000001f706763810,
0x000001f706764b50, 0x000001f706762e70, 0x000001f709ae0530, 0x000001f77c4624f0,
0x000001f70d678a20, 0x000001f709add9e0, 0x000001f77c4629c0, 0x000001f70dc8e9f0,
0x000001f702adf070, 0x000001f7049279d0, 0x000001f70d677bb0, 0x000001f702ae0880,
0x000001f70d678550, 0x000001f70d675530, 0x000001f70eebc7d0, 0x000001f704928370,
0x000001f70e331730, 0x000001f70e332a70, 0x000001f70e332f40, 0x000001f70e3325a0,
0x000001f70e333410, 0x000001f70e32fa50, 0x000001f706763ce0, 0x000001f70b44b310,
0x000001f77f9ba820, 0x000001f7095a2070, 0x000001f70166a940, 0x000001f7095a33b0,
0x000001f77e036a90, 0x000001f70d4b0af0
}

Java Threads: ( => current thread )
  0x000001f75bab1a00 JavaThread "main" [_thread_blocked, id=21888, stack(0x00000039fb800000,0x00000039fb900000)]
  0x000001f77a533d00 JavaThread "Reference Handler" daemon [_thread_blocked, id=21984, stack(0x00000039fbf00000,0x00000039fc000000)]
  0x000001f77b042340 JavaThread "Finalizer" daemon [_thread_blocked, id=7968, stack(0x00000039fc000000,0x00000039fc100000)]
  0x000001f77b076850 JavaThread "Signal Dispatcher" daemon [_thread_blocked, id=9068, stack(0x00000039fc100000,0x00000039fc200000)]
  0x000001f77b081c10 JavaThread "Attach Listener" daemon [_thread_blocked, id=1380, stack(0x00000039fc200000,0x00000039fc300000)]
  0x000001f77b0824d0 JavaThread "Service Thread" daemon [_thread_blocked, id=23716, stack(0x00000039fc300000,0x00000039fc400000)]
  0x000001f77b082d90 JavaThread "Monitor Deflation Thread" daemon [_thread_blocked, id=23208, stack(0x00000039fc400000,0x00000039fc500000)]
=>0x000001f77b083a70 JavaThread "C2 CompilerThread0" daemon [_thread_in_native, id=17420, stack(0x00000039fc500000,0x00000039fc600000)]
  0x000001f77b084510 JavaThread "C1 CompilerThread0" daemon [_thread_in_native, id=27336, stack(0x00000039fc600000,0x00000039fc700000)]
  0x000001f77b088040 JavaThread "Sweeper thread" daemon [_thread_blocked, id=9188, stack(0x00000039fc700000,0x00000039fc800000)]
  0x000001f77b224020 JavaThread "Common-Cleaner" daemon [_thread_blocked, id=21764, stack(0x00000039fc800000,0x00000039fc900000)]
  0x000001f77b2290d0 JavaThread "Notification Thread" daemon [_thread_blocked, id=19604, stack(0x00000039fc900000,0x00000039fca00000)]
  0x000001f77df339e0 JavaThread "Daemon health stats" [_thread_blocked, id=24068, stack(0x00000039fd200000,0x00000039fd300000)]
  0x000001f77b475410 JavaThread "Incoming local TCP Connector on port 58659" [_thread_in_native, id=20788, stack(0x00000039fcb00000,0x00000039fcc00000)]
  0x000001f77c22f880 JavaThread "Daemon periodic checks" [_thread_blocked, id=24708, stack(0x00000039fcc00000,0x00000039fcd00000)]
  0x000001f77da0c600 JavaThread "Cache worker for journal cache (C:\Users\Asif\.gradle\caches\journal-1)" [_thread_blocked, id=24180, stack(0x00000039fd300000,0x00000039fd400000)]
  0x000001f77da54aa0 JavaThread "File lock request listener" [_thread_in_native, id=22460, stack(0x00000039fdb00000,0x00000039fdc00000)]
  0x000001f77da4f8d0 JavaThread "Cache worker for file hash cache (C:\Users\Asif\.gradle\caches\7.5\fileHashes)" [_thread_blocked, id=19092, stack(0x00000039fdf00000,0x00000039fe000000)]
  0x000001f77da51a80 JavaThread "File watcher server" daemon [_thread_in_native, id=21976, stack(0x00000039fe100000,0x00000039fe200000)]
  0x000001f77da53760 JavaThread "File watcher consumer" daemon [_thread_blocked, id=15008, stack(0x00000039fe200000,0x00000039fe300000)]
  0x000001f77da4e590 JavaThread "Cache worker for file content cache (C:\Users\Asif\.gradle\caches\7.5\fileContent)" [_thread_blocked, id=15272, stack(0x00000039fe500000,0x00000039fe600000)]
  0x000001f77da50270 JavaThread "Cache worker for execution history cache (C:\Users\Asif\.gradle\caches\7.5\executionHistory)" [_thread_blocked, id=21280, stack(0x00000039fe800000,0x00000039fe900000)]
  0x000001f77da528f0 JavaThread "jar transforms" [_thread_blocked, id=6504, stack(0x00000039fe900000,0x00000039fea00000)]
  0x000001f77da52dc0 JavaThread "jar transforms Thread 2" [_thread_blocked, id=22524, stack(0x00000039fea00000,0x00000039feb00000)]
  0x000001f77da54100 JavaThread "jar transforms Thread 3" [_thread_blocked, id=15196, stack(0x00000039fee00000,0x00000039fef00000)]
  0x000001f77da55440 JavaThread "jar transforms Thread 4" [_thread_blocked, id=20284, stack(0x00000039fef00000,0x00000039ff000000)]
  0x000001f77da4e0c0 JavaThread "Memory manager" [_thread_blocked, id=2436, stack(0x00000039ff200000,0x00000039ff300000)]
  0x000001f77da4ea60 JavaThread "Cache worker for kotlin-dsl (C:\Users\Asif\.gradle\caches\7.5\kotlin-dsl)" [_thread_blocked, id=15876, stack(0x00000039ff300000,0x00000039ff400000)]
  0x000001f77da4ef30 JavaThread "jar transforms Thread 5" [_thread_blocked, id=8844, stack(0x00000039ff400000,0x00000039ff500000)]
  0x000001f77fb9a300 JavaThread "jar transforms Thread 6" [_thread_blocked, id=26468, stack(0x0000003981d00000,0x0000003981e00000)]
  0x000001f77fb9bb10 JavaThread "jar transforms Thread 7" [_thread_blocked, id=20004, stack(0x0000003981e00000,0x0000003981f00000)]
  0x000001f77fb9e190 JavaThread "jar transforms Thread 8" [_thread_blocked, id=7780, stack(0x0000003981f00000,0x0000003982000000)]
  0x000001f7063e1b80 JavaThread "pool-3-thread-1" [_thread_blocked, id=4712, stack(0x0000003985500000,0x0000003985600000)]
  0x000001f77c3582e0 JavaThread "RMI Scheduler(0)" daemon [_thread_blocked, id=26980, stack(0x0000003985e00000,0x0000003985f00000)]
  0x000001f77c358c80 JavaThread "RMI TCP Accept-0" daemon [_thread_in_native, id=496, stack(0x0000003986100000,0x0000003986200000)]
  0x000001f7049249b0 JavaThread "pool-6-thread-1" [_thread_blocked, id=17892, stack(0x0000003986000000,0x0000003986100000)]
  0x000001f701668c60 JavaThread "RMI RenewClean-[127.0.0.1:17087,org.jetbrains.kotlin.daemon.common.LoopbackNetworkInterface$ClientLoopbackSocketFactory@369c27f1]" daemon [_thread_blocked, id=26812, stack(0x0000003987800000,0x0000003987900000)]
  0x000001f70166c150 JavaThread "RMI GC Daemon" daemon [_thread_blocked, id=9708, stack(0x0000003987900000,0x0000003987a00000)]
  0x000001f70166d490 JavaThread "RMI Reaper" [_thread_blocked, id=4488, stack(0x0000003980800000,0x0000003980900000)]
  0x000001f77fb96b50 JavaThread "Daemon Thread 3" [_thread_blocked, id=10788, stack(0x0000003980100000,0x0000003980200000)]
  0x000001f704927030 JavaThread "Handler for socket connection from /127.0.0.1:58659 to /127.0.0.1:60810" [_thread_in_native, id=13880, stack(0x0000003980200000,0x0000003980300000)]
  0x000001f704927500 JavaThread "Cancel handler" [_thread_blocked, id=21636, stack(0x0000003980300000,0x0000003980400000)]
  0x000001f704926690 JavaThread "Daemon worker Thread 3" [_thread_in_Java, id=24208, stack(0x0000003980400000,0x0000003980500000)]
  0x000001f77faa5e20 JavaThread "Asynchronous log dispatcher for DefaultDaemonConnection: socket connection from /127.0.0.1:58659 to /127.0.0.1:60810" [_thread_blocked, id=24560, stack(0x0000003980500000,0x0000003980600000)]
  0x000001f77faa8e40 JavaThread "Daemon client event forwarder" [_thread_blocked, id=22736, stack(0x0000003980700000,0x0000003980800000)]
  0x000001f77faa67c0 JavaThread "Cache worker for checksums cache (D:\WorkspaceAsif\Android\LunaRing\.gradle\7.5\checksums)" [_thread_blocked, id=5840, stack(0x0000003980900000,0x0000003980a00000)]
  0x000001f77faa7630 JavaThread "Cache worker for cache directory md-rule (C:\Users\Asif\.gradle\caches\7.5\md-rule)" [_thread_blocked, id=7200, stack(0x0000003980a00000,0x0000003980b00000)]
  0x000001f77faa62f0 JavaThread "Cache worker for file hash cache (D:\WorkspaceAsif\Android\LunaRing\.gradle\7.5\fileHashes)" [_thread_blocked, id=27552, stack(0x0000003980b00000,0x0000003980c00000)]
  0x000001f77faa7b00 JavaThread "Cache worker for cache directory md-supplier (C:\Users\Asif\.gradle\caches\7.5\md-supplier)" [_thread_blocked, id=19292, stack(0x0000003980c00000,0x0000003980d00000)]
  0x000001f77fb979c0 JavaThread "Cache worker for dependencies-accessors (D:\WorkspaceAsif\Android\LunaRing\.gradle\7.5\dependencies-accessors)" [_thread_blocked, id=5360, stack(0x0000003980d00000,0x0000003980e00000)]
  0x000001f77fb974f0 JavaThread "Cache worker for Build Output Cleanup Cache (D:\WorkspaceAsif\Android\LunaRing\buildSrc\.gradle\buildOutputCleanup)" [_thread_blocked, id=13140, stack(0x0000003980e00000,0x0000003980f00000)]
  0x000001f77faa9310 JavaThread "Unconstrained build operations" [_thread_blocked, id=24100, stack(0x0000003981000000,0x0000003981100000)]
  0x000001f77faa7fd0 JavaThread "Unconstrained build operations Thread 2" [_thread_blocked, id=20116, stack(0x0000003981100000,0x0000003981200000)]
  0x000001f77faa84a0 JavaThread "Unconstrained build operations Thread 3" [_thread_blocked, id=23024, stack(0x0000003981200000,0x0000003981300000)]
  0x000001f77faa8970 JavaThread "Unconstrained build operations Thread 4" [_thread_blocked, id=21120, stack(0x0000003981300000,0x0000003981400000)]
  0x000001f77faa97e0 JavaThread "Unconstrained build operations Thread 5" [_thread_blocked, id=19704, stack(0x0000003981400000,0x0000003981500000)]
  0x000001f77c33c130 JavaThread "Unconstrained build operations Thread 6" [_thread_blocked, id=26504, stack(0x0000003981500000,0x0000003981600000)]
  0x000001f77c33adf0 JavaThread "Unconstrained build operations Thread 7" [_thread_blocked, id=8956, stack(0x0000003981600000,0x0000003981700000)]
  0x000001f77c33b2c0 JavaThread "Unconstrained build operations Thread 8" [_thread_blocked, id=23052, stack(0x0000003981700000,0x0000003981800000)]
  0x000001f77c33b790 JavaThread "Unconstrained build operations Thread 9" [_thread_blocked, id=19504, stack(0x0000003981800000,0x0000003981900000)]
  0x000001f70acd3f80 JavaThread "Unconstrained build operations Thread 10" [_thread_blocked, id=13176, stack(0x0000003981900000,0x0000003981a00000)]
  0x000001f70acd2c40 JavaThread "Unconstrained build operations Thread 11" [_thread_blocked, id=19436, stack(0x0000003981a00000,0x0000003981b00000)]
  0x000001f70acd5790 JavaThread "Unconstrained build operations Thread 12" [_thread_blocked, id=11672, stack(0x0000003981b00000,0x0000003981c00000)]
  0x000001f70acd4920 JavaThread "Unconstrained build operations Thread 13" [_thread_blocked, id=11392, stack(0x0000003982000000,0x0000003982100000)]
  0x000001f70b7e3fa0 JavaThread "Unconstrained build operations Thread 14" [_thread_blocked, id=25788, stack(0x0000003982100000,0x0000003982200000)]
  0x000001f70b7e52e0 JavaThread "Unconstrained build operations Thread 15" [_thread_blocked, id=14932, stack(0x0000003982200000,0x0000003982300000)]
  0x000001f70b7e57b0 JavaThread "Unconstrained build operations Thread 16" [_thread_blocked, id=5692, stack(0x0000003982300000,0x0000003982400000)]
  0x000001f70b7e5c80 JavaThread "Unconstrained build operations Thread 17" [_thread_blocked, id=23284, stack(0x0000003982400000,0x0000003982500000)]
  0x000001f70b7e4e10 JavaThread "Unconstrained build operations Thread 18" [_thread_blocked, id=21364, stack(0x0000003982500000,0x0000003982600000)]
  0x000001f70b7e6150 JavaThread "Unconstrained build operations Thread 19" [_thread_blocked, id=7144, stack(0x0000003982600000,0x0000003982700000)]
  0x000001f70b7e4470 JavaThread "Unconstrained build operations Thread 20" [_thread_blocked, id=26604, stack(0x0000003982700000,0x0000003982800000)]
  0x000001f70b7e2790 JavaThread "Unconstrained build operations Thread 21" [_thread_blocked, id=16832, stack(0x0000003982800000,0x0000003982900000)]
  0x000001f70b7e2c60 JavaThread "Unconstrained build operations Thread 22" [_thread_blocked, id=9172, stack(0x0000003982900000,0x0000003982a00000)]
  0x000001f70b7e3ad0 JavaThread "Unconstrained build operations Thread 23" [_thread_blocked, id=27208, stack(0x0000003982a00000,0x0000003982b00000)]
  0x000001f70b7e3130 JavaThread "Unconstrained build operations Thread 24" [_thread_blocked, id=17732, stack(0x0000003982b00000,0x0000003982c00000)]
  0x000001f70b7e3600 JavaThread "Unconstrained build operations Thread 25" [_thread_blocked, id=25588, stack(0x0000003982c00000,0x0000003982d00000)]
  0x000001f70e4b2440 JavaThread "Unconstrained build operations Thread 26" [_thread_blocked, id=23888, stack(0x0000003982d00000,0x0000003982e00000)]
  0x000001f70e4b2de0 JavaThread "Unconstrained build operations Thread 27" [_thread_blocked, id=6200, stack(0x0000003982e00000,0x0000003982f00000)]
  0x000001f70e4b32b0 JavaThread "Unconstrained build operations Thread 28" [_thread_blocked, id=3768, stack(0x0000003982f00000,0x0000003983000000)]
  0x000001f70e4b4ac0 JavaThread "Unconstrained build operations Thread 29" [_thread_blocked, id=13780, stack(0x0000003983000000,0x0000003983100000)]
  0x000001f70e4b5460 JavaThread "Unconstrained build operations Thread 30" [_thread_blocked, id=25316, stack(0x0000003983100000,0x0000003983200000)]
  0x000001f70acd5c60 JavaThread "Unconstrained build operations Thread 31" [_thread_blocked, id=22788, stack(0x0000003983200000,0x0000003983300000)]
  0x000001f70acd3110 JavaThread "Unconstrained build operations Thread 32" [_thread_blocked, id=9272, stack(0x0000003983300000,0x0000003983400000)]
  0x000001f70acd6130 JavaThread "Unconstrained build operations Thread 33" [_thread_blocked, id=26892, stack(0x0000003983400000,0x0000003983500000)]
  0x000001f70acd3ab0 JavaThread "Unconstrained build operations Thread 34" [_thread_blocked, id=26320, stack(0x0000003983500000,0x0000003983600000)]
  0x000001f70acd6600 JavaThread "Unconstrained build operations Thread 35" [_thread_blocked, id=13116, stack(0x0000003983600000,0x0000003983700000)]
  0x000001f70acd35e0 JavaThread "Unconstrained build operations Thread 36" [_thread_blocked, id=3976, stack(0x0000003983700000,0x0000003983800000)]
  0x000001f70acd4450 JavaThread "Unconstrained build operations Thread 37" [_thread_blocked, id=18068, stack(0x0000003983800000,0x0000003983900000)]
  0x000001f70acd4df0 JavaThread "Unconstrained build operations Thread 38" [_thread_blocked, id=8968, stack(0x0000003983900000,0x0000003983a00000)]
  0x000001f70acd52c0 JavaThread "Unconstrained build operations Thread 39" [_thread_blocked, id=2568, stack(0x0000003983a00000,0x0000003983b00000)]
  0x000001f70b4fb210 JavaThread "Unconstrained build operations Thread 40" [_thread_blocked, id=18560, stack(0x0000003983b00000,0x0000003983c00000)]
  0x000001f70b4fb6e0 JavaThread "included builds" [_thread_blocked, id=19196, stack(0x0000003983c00000,0x0000003983d00000)]
  0x000001f70e4b1aa0 JavaThread "Execution worker" [_thread_blocked, id=23340, stack(0x0000003983d00000,0x0000003983e00000)]
  0x000001f70e4b4f90 JavaThread "Execution worker Thread 2" [_thread_blocked, id=23728, stack(0x0000003983e00000,0x0000003983f00000)]
  0x000001f70e4b3780 JavaThread "Execution worker Thread 3" [_thread_in_Java, id=27372, stack(0x0000003983f00000,0x0000003984000000)]
  0x000001f70e4b3c50 JavaThread "Execution worker Thread 4" [_thread_blocked, id=13504, stack(0x0000003984000000,0x0000003984100000)]
  0x000001f70e4b4120 JavaThread "Execution worker Thread 5" [_thread_blocked, id=2656, stack(0x0000003984100000,0x0000003984200000)]
  0x000001f70e4b45f0 JavaThread "Execution worker Thread 6" [_thread_blocked, id=17672, stack(0x0000003984200000,0x0000003984300000)]
  0x000001f77b7acd60 JavaThread "Execution worker Thread 7" [_thread_blocked, id=11172, stack(0x0000003984300000,0x0000003984400000)]
  0x000001f701669fa0 JavaThread "Cache worker for execution history cache (D:\WorkspaceAsif\Android\LunaRing\buildSrc\.gradle\7.5\executionHistory)" [_thread_blocked, id=10840, stack(0x0000003984400000,0x0000003984500000)]
  0x000001f77b7ac3c0 JavaThread "Unconstrained build operations Thread 41" [_thread_blocked, id=20720, stack(0x0000003984500000,0x0000003984600000)]
  0x000001f77b7adbd0 JavaThread "Unconstrained build operations Thread 42" [_thread_blocked, id=12280, stack(0x0000003984600000,0x0000003984700000)]
  0x000001f702adf540 JavaThread "Unconstrained build operations Thread 43" [_thread_blocked, id=16668, stack(0x0000003984700000,0x0000003984800000)]
  0x000001f702adfee0 JavaThread "Unconstrained build operations Thread 44" [_thread_blocked, id=25044, stack(0x0000003984800000,0x0000003984900000)]
  0x000001f77b7ad700 JavaThread "Unconstrained build operations Thread 45" [_thread_blocked, id=22252, stack(0x0000003984900000,0x0000003984a00000)]
  0x000001f77c461b50 JavaThread "Unconstrained build operations Thread 46" [_thread_blocked, id=14388, stack(0x0000003984a00000,0x0000003984b00000)]
  0x000001f77c460810 JavaThread "Unconstrained build operations Thread 47" [_thread_blocked, id=19072, stack(0x0000003984b00000,0x0000003984c00000)]
  0x000001f77c462020 JavaThread "Unconstrained build operations Thread 48" [_thread_blocked, id=6020, stack(0x0000003984c00000,0x0000003984d00000)]
  0x000001f77c463360 JavaThread "Unconstrained build operations Thread 49" [_thread_blocked, id=15248, stack(0x0000003984d00000,0x0000003984e00000)]
  0x000001f77c45fe70 JavaThread "Unconstrained build operations Thread 50" [_thread_blocked, id=26732, stack(0x0000003984e00000,0x0000003984f00000)]
  0x000001f77c460ce0 JavaThread "Unconstrained build operations Thread 51" [_thread_blocked, id=27236, stack(0x0000003984f00000,0x0000003985000000)]
  0x000001f77c460340 JavaThread "Unconstrained build operations Thread 52" [_thread_blocked, id=22600, stack(0x0000003985000000,0x0000003985100000)]
  0x000001f77c462e90 JavaThread "Unconstrained build operations Thread 53" [_thread_blocked, id=10872, stack(0x0000003985100000,0x0000003985200000)]
  0x000001f77c4611b0 JavaThread "Unconstrained build operations Thread 54" [_thread_blocked, id=14812, stack(0x0000003985200000,0x0000003985300000)]
  0x000001f702adfa10 JavaThread "Unconstrained build operations Thread 55" [_thread_blocked, id=11380, stack(0x0000003985300000,0x0000003985400000)]
  0x000001f709adf1f0 JavaThread "Unconstrained build operations Thread 56" [_thread_blocked, id=25816, stack(0x0000003985400000,0x0000003985500000)]
  0x000001f709aded20 JavaThread "Unconstrained build operations Thread 57" [_thread_blocked, id=16376, stack(0x0000003985600000,0x0000003985700000)]
  0x000001f70d676870 JavaThread "Unconstrained build operations Thread 58" [_thread_blocked, id=13512, stack(0x0000003985700000,0x0000003985800000)]
  0x000001f70d675a00 JavaThread "Unconstrained build operations Thread 59" [_thread_blocked, id=27248, stack(0x0000003985800000,0x0000003985900000)]
  0x000001f70d676d40 JavaThread "Unconstrained build operations Thread 60" [_thread_blocked, id=16892, stack(0x0000003985900000,0x0000003985a00000)]
  0x000001f70d6776e0 JavaThread "Unconstrained build operations Thread 61" [_thread_blocked, id=11220, stack(0x0000003985a00000,0x0000003985b00000)]
  0x000001f702ae03b0 JavaThread "RMI TCP Accept-0" daemon [_thread_in_native, id=8988, stack(0x0000003981c00000,0x0000003981d00000)]
  0x000001f70d677210 JavaThread "RMI TCP Connection(idle)" daemon [_thread_blocked, id=2708, stack(0x0000003986200000,0x0000003986300000)]
  0x000001f77c461680 JavaThread "WorkerExecutor Queue Thread 2" [_thread_blocked, id=25176, stack(0x0000003986400000,0x0000003986500000)]
  0x000001f70d678080 JavaThread "Cache worker for Build Output Cleanup Cache (D:\WorkspaceAsif\Android\LunaRing\.gradle\buildOutputCleanup)" [_thread_blocked, id=18704, stack(0x0000003986600000,0x0000003986700000)]
  0x000001f70b4f9a00 JavaThread "Unconstrained build operations Thread 62" [_thread_blocked, id=8128, stack(0x0000003986700000,0x0000003986800000)]
  0x000001f70b4fca20 JavaThread "Unconstrained build operations Thread 63" [_thread_blocked, id=23968, stack(0x0000003986800000,0x0000003986900000)]
  0x000001f70b4fbbb0 JavaThread "Unconstrained build operations Thread 64" [_thread_blocked, id=26036, stack(0x0000003986900000,0x0000003986a00000)]
  0x000001f70b4fc080 JavaThread "Unconstrained build operations Thread 65" [_thread_blocked, id=22632, stack(0x0000003986a00000,0x0000003986b00000)]
  0x000001f70b4fc550 JavaThread "Unconstrained build operations Thread 66" [_thread_blocked, id=16164, stack(0x0000003986b00000,0x0000003986c00000)]
  0x000001f70b4fa870 JavaThread "Unconstrained build operations Thread 67" [_thread_blocked, id=21696, stack(0x0000003986c00000,0x0000003986d00000)]
  0x000001f70b4f9060 JavaThread "Unconstrained build operations Thread 68" [_thread_blocked, id=10480, stack(0x0000003986d00000,0x0000003986e00000)]
  0x000001f70b4fad40 JavaThread "Unconstrained build operations Thread 69" [_thread_blocked, id=25112, stack(0x0000003986e00000,0x0000003986f00000)]
  0x000001f70b4f9ed0 JavaThread "Unconstrained build operations Thread 70" [_thread_blocked, id=26052, stack(0x0000003986f00000,0x0000003987000000)]
  0x000001f70b4fa3a0 JavaThread "Unconstrained build operations Thread 71" [_thread_blocked, id=9368, stack(0x0000003987000000,0x0000003987100000)]
  0x000001f70b4f9530 JavaThread "Unconstrained build operations Thread 72" [_thread_blocked, id=376, stack(0x0000003987100000,0x0000003987200000)]
  0x000001f77c33bc60 JavaThread "Unconstrained build operations Thread 73" [_thread_blocked, id=2956, stack(0x0000003987200000,0x0000003987300000)]
  0x000001f7067641b0 JavaThread "Unconstrained build operations Thread 74" [_thread_blocked, id=9808, stack(0x0000003987300000,0x0000003987400000)]
  0x000001f706761b30 JavaThread "Unconstrained build operations Thread 75" [_thread_blocked, id=24728, stack(0x0000003987400000,0x0000003987500000)]
  0x000001f706762000 JavaThread "Unconstrained build operations Thread 76" [_thread_blocked, id=4588, stack(0x0000003987500000,0x0000003987600000)]
  0x000001f706765020 JavaThread "Unconstrained build operations Thread 77" [_thread_blocked, id=22364, stack(0x0000003987600000,0x0000003987700000)]
  0x000001f706763340 JavaThread "Unconstrained build operations Thread 78" [_thread_blocked, id=25792, stack(0x0000003987700000,0x0000003987800000)]
  0x000001f706764680 JavaThread "Unconstrained build operations Thread 79" [_thread_blocked, id=21024, stack(0x0000003987a00000,0x0000003987b00000)]
  0x000001f706763810 JavaThread "Unconstrained build operations Thread 80" [_thread_blocked, id=10652, stack(0x0000003987b00000,0x0000003987c00000)]
  0x000001f706764b50 JavaThread "pool-9-thread-1" [_thread_blocked, id=12572, stack(0x0000003986500000,0x0000003986600000)]
  0x000001f706762e70 JavaThread "Cache worker for execution history cache (D:\WorkspaceAsif\Android\LunaRing\.gradle\7.5\executionHistory)" [_thread_blocked, id=2164, stack(0x0000003987d00000,0x0000003987e00000)]
  0x000001f709ae0530 JavaThread "WorkerExecutor Queue Thread 5" [_thread_blocked, id=14604, stack(0x0000003988000000,0x0000003988100000)]
  0x000001f77c4624f0 JavaThread "WorkerExecutor Queue Thread 6" [_thread_blocked, id=11320, stack(0x0000003988100000,0x0000003988200000)]
  0x000001f70d678a20 JavaThread "WorkerExecutor Queue Thread 7" [_thread_blocked, id=25120, stack(0x0000003988300000,0x0000003988400000)]
  0x000001f709add9e0 JavaThread "Cache worker for Java compile cache (C:\Users\Asif\.gradle\caches\7.5\javaCompile)" [_thread_blocked, id=4208, stack(0x0000003988700000,0x0000003988800000)]
  0x000001f77c4629c0 JavaThread "Java2D Disposer" daemon [_thread_blocked, id=20972, stack(0x0000003988800000,0x0000003988900000)]
  0x000001f70dc8e9f0 JavaThread "AWT-Windows" daemon [_thread_in_native, id=21576, stack(0x0000003988a00000,0x0000003988b00000)]
  0x000001f702adf070 JavaThread "RMI TCP Accept-0" daemon [_thread_in_native, id=15712, stack(0x0000003988900000,0x0000003988a00000)]
  0x000001f7049279d0 JavaThread "RMI TCP Connection(idle)" daemon [_thread_blocked, id=5140, stack(0x0000003988b00000,0x0000003988c00000)]
  0x000001f70d677bb0 JavaThread "WorkerExecutor Queue Thread 10" [_thread_blocked, id=21884, stack(0x0000003988c00000,0x0000003988d00000)]
  0x000001f702ae0880 JavaThread "WorkerExecutor Queue Thread 11" [_thread_blocked, id=11456, stack(0x0000003988d00000,0x0000003988e00000)]
  0x000001f70d678550 JavaThread "Build operations" [_thread_blocked, id=372, stack(0x0000003985f00000,0x0000003986000000)]
  0x000001f70d675530 JavaThread "Build operations Thread 2" [_thread_blocked, id=1520, stack(0x0000003987f00000,0x0000003988000000)]
  0x000001f70eebc7d0 JavaThread "RMI RenewClean-[127.0.0.1:17252,org.jetbrains.kotlin.daemon.common.LoopbackNetworkInterface$ClientLoopbackSocketFactory@165a707c]" daemon [_thread_blocked, id=26388, stack(0x0000003980000000,0x0000003980100000)]
  0x000001f704928370 JavaThread "WorkerExecutor Queue Thread 12" [_thread_blocked, id=14544, stack(0x0000003988f00000,0x0000003989000000)]
  0x000001f70e331730 JavaThread "Build operations Thread 3" [_thread_blocked, id=15948, stack(0x0000003987e00000,0x0000003987f00000)]
  0x000001f70e332a70 JavaThread "Build operations Thread 4" [_thread_blocked, id=22692, stack(0x0000003988400000,0x0000003988500000)]
  0x000001f70e332f40 JavaThread "Build operations Thread 5" [_thread_blocked, id=21932, stack(0x0000003988600000,0x0000003988700000)]
  0x000001f70e3325a0 JavaThread "Build operations Thread 6" [_thread_blocked, id=9408, stack(0x0000003988e00000,0x0000003988f00000)]
  0x000001f70e333410 JavaThread "Build operations Thread 7" [_thread_blocked, id=13712, stack(0x0000003989000000,0x0000003989100000)]
  0x000001f70e32fa50 JavaThread "Build operations Thread 8" [_thread_blocked, id=16000, stack(0x0000003989100000,0x0000003989200000)]
  0x000001f706763ce0 JavaThread "WorkerExecutor Queue Thread 13" [_thread_blocked, id=17052, stack(0x0000003986300000,0x0000003986400000)]
  0x000001f70b44b310 JavaThread "RMI TCP Connection(idle)" daemon [_thread_blocked, id=23412, stack(0x0000003988200000,0x0000003988300000)]
  0x000001f77f9ba820 JavaThread "RMI TCP Connection(idle)" daemon [_thread_blocked, id=19208, stack(0x0000003988500000,0x0000003988600000)]
  0x000001f7095a2070 JavaThread "RMI RenewClean-[127.0.0.1:17252,org.jetbrains.kotlin.daemon.common.LoopbackNetworkInterface$ClientLoopbackSocketFactory@1ea7e634]" daemon [_thread_blocked, id=5632, stack(0x0000003980600000,0x0000003980700000)]
  0x000001f70166a940 JavaThread "RMI TCP Connection(idle)" daemon [_thread_blocked, id=15992, stack(0x0000003989500000,0x0000003989600000)]
  0x000001f7095a33b0 JavaThread "pool-8-thread-1" [_thread_in_native, id=5852, stack(0x0000003980f00000,0x0000003981000000)]
  0x000001f77e036a90 JavaThread "C2 CompilerThread1" daemon [_thread_in_native, id=12452, stack(0x0000003987c00000,0x0000003987d00000)]
  0x000001f70d4b0af0 JavaThread "C2 CompilerThread2" daemon [_thread_in_native, id=26960, stack(0x0000003989200000,0x0000003989300000)]

Other Threads:
  0x000001f77a520ae0 VMThread "VM Thread" [stack: 0x00000039fbe00000,0x00000039fbf00000] [id=12332]
  0x000001f75bb3ff90 WatcherThread [stack: 0x00000039fca00000,0x00000039fcb00000] [id=23964]
  0x000001f75bb1ee40 GCTaskThread "GC Thread#0" [stack: 0x00000039fb900000,0x00000039fba00000] [id=7896]
  0x000001f77baa3480 GCTaskThread "GC Thread#1" [stack: 0x00000039fcd00000,0x00000039fce00000] [id=19024]
  0x000001f77baa3730 GCTaskThread "GC Thread#2" [stack: 0x00000039fce00000,0x00000039fcf00000] [id=22368]
  0x000001f77b547550 GCTaskThread "GC Thread#3" [stack: 0x00000039fcf00000,0x00000039fd000000] [id=25928]
  0x000001f77b547800 GCTaskThread "GC Thread#4" [stack: 0x00000039fd000000,0x00000039fd100000] [id=644]
  0x000001f77bbe1790 GCTaskThread "GC Thread#5" [stack: 0x00000039fd100000,0x00000039fd200000] [id=18880]
  0x000001f77d939360 GCTaskThread "GC Thread#6" [stack: 0x00000039fdc00000,0x00000039fdd00000] [id=12048]
  0x000001f77d80b440 GCTaskThread "GC Thread#7" [stack: 0x00000039fdd00000,0x00000039fde00000] [id=16332]
  0x000001f75bb2fc20 ConcurrentGCThread "G1 Main Marker" [stack: 0x00000039fba00000,0x00000039fbb00000] [id=17000]
  0x000001f75bb314e0 ConcurrentGCThread "G1 Conc#0" [stack: 0x00000039fbb00000,0x00000039fbc00000] [id=13996]
  0x000001f77d585670 ConcurrentGCThread "G1 Conc#1" [stack: 0x00000039fde00000,0x00000039fdf00000] [id=11956]
  0x000001f75bb7eb60 ConcurrentGCThread "G1 Refine#0" [stack: 0x00000039fbc00000,0x00000039fbd00000] [id=26600]
  0x000001f700e5f120 ConcurrentGCThread "G1 Refine#1" [stack: 0x00000039fec00000,0x00000039fed00000] [id=21536]
  0x000001f77ffc2b20 ConcurrentGCThread "G1 Refine#2" [stack: 0x00000039fed00000,0x00000039fee00000] [id=3444]
  0x000001f706b31a40 ConcurrentGCThread "G1 Refine#3" [stack: 0x0000003985b00000,0x0000003985c00000] [id=1248]
  0x000001f77b62d150 ConcurrentGCThread "G1 Refine#4" [stack: 0x0000003985c00000,0x0000003985d00000] [id=14080]
  0x000001f701459320 ConcurrentGCThread "G1 Refine#5" [stack: 0x0000003985d00000,0x0000003985e00000] [id=17720]
  0x000001f77a3d45e0 ConcurrentGCThread "G1 Service" [stack: 0x00000039fbd00000,0x00000039fbe00000] [id=15996]

Threads with active compile tasks:
C2 CompilerThread0  2419790 63488       4       org.gradle.internal.execution.history.changes.OutputFileChanges$4::visitEntry (32 bytes)
C2 CompilerThread1  2419790 63495       4       org.gradle.api.internal.tasks.DefaultTaskCollection::named (9 bytes)
C2 CompilerThread2  2419790 63490  s!   4       org.gradle.internal.concurrent.CompositeStoppable::stop (123 bytes)

VM state: not at safepoint (normal execution)

VM Mutex/Monitor currently owned by a thread: None

Heap address: 0x0000000700000000, size: 4096 MB, Compressed Oops mode: Zero based, Oop shift amount: 3

CDS archive(s) not mapped
Compressed class space mapped at: 0x0000000800000000-0x0000000840000000, reserved size: 1073741824
Narrow klass base: 0x0000000800000000, Narrow klass shift: 0, Narrow klass range: 0x40000000

GC Precious Log:
 CPUs: 8 total, 8 available
 Memory: 16126M
 Large Page Support: Disabled
 NUMA Support: Disabled
 Compressed Oops: Enabled (Zero based)
 Heap Region Size: 2M
 Heap Min Capacity: 8M
 Heap Initial Capacity: 252M
 Heap Max Capacity: 4G
 Pre-touch: Disabled
 Parallel Workers: 8
 Concurrent Workers: 2
 Concurrent Refinement Workers: 8
 Periodic GC: Disabled

Heap:
 garbage-first heap   total 2050048K, used 1445552K [0x0000000700000000, 0x0000000800000000)
  region size 2048K, 76 young (155648K), 12 survivors (24576K)
 Metaspace       used 297663K, committed 300672K, reserved 1318912K
  class space    used 37680K, committed 39104K, reserved 1048576K

Heap Regions: E=young(eden), S=young(survivor), O=old, HS=humongous(starts), HC=humongous(continues), CS=collection set, F=free, OA=open archive, CA=closed archive, TAMS=top-at-mark-start (previous, next)
|   0|0x0000000700000000, 0x0000000700200000, 0x0000000700200000|100%| O|  |TAMS 0x0000000700200000, 0x0000000700000000| Untracked 
|   1|0x0000000700200000, 0x0000000700400000, 0x0000000700400000|100%| O|  |TAMS 0x0000000700400000, 0x0000000700200000| Untracked 
|   2|0x0000000700400000, 0x0000000700600000, 0x0000000700600000|100%|HS|  |TAMS 0x0000000700600000, 0x0000000700400000| Complete 
|   3|0x0000000700600000, 0x0000000700800000, 0x0000000700800000|100%|HC|  |TAMS 0x0000000700800000, 0x0000000700600000| Complete 
|   4|0x0000000700800000, 0x0000000700a00000, 0x0000000700a00000|100%| O|  |TAMS 0x0000000700a00000, 0x0000000700800000| Untracked 
|   5|0x0000000700a00000, 0x0000000700c00000, 0x0000000700c00000|100%| O|  |TAMS 0x0000000700c00000, 0x0000000700a00000| Untracked 
|   6|0x0000000700c00000, 0x0000000700e00000, 0x0000000700e00000|100%| O|  |TAMS 0x0000000700e00000, 0x0000000700c00000| Untracked 
|   7|0x0000000700e00000, 0x0000000701000000, 0x0000000701000000|100%| O|  |TAMS 0x0000000701000000, 0x0000000700e00000| Untracked 
|   8|0x0000000701000000, 0x0000000701200000, 0x0000000701200000|100%| O|  |TAMS 0x0000000701200000, 0x0000000701000000| Untracked 
|   9|0x0000000701200000, 0x0000000701400000, 0x0000000701400000|100%| O|  |TAMS 0x0000000701400000, 0x0000000701200000| Untracked 
|  10|0x0000000701400000, 0x0000000701600000, 0x0000000701600000|100%| O|  |TAMS 0x0000000701600000, 0x0000000701400000| Untracked 
|  11|0x0000000701600000, 0x0000000701800000, 0x0000000701800000|100%| O|  |TAMS 0x0000000701800000, 0x0000000701600000| Untracked 
|  12|0x0000000701800000, 0x0000000701a00000, 0x0000000701a00000|100%| O|  |TAMS 0x0000000701a00000, 0x0000000701800000| Untracked 
|  13|0x0000000701a00000, 0x0000000701c00000, 0x0000000701c00000|100%| O|  |TAMS 0x0000000701c00000, 0x0000000701a00000| Untracked 
|  14|0x0000000701c00000, 0x0000000701e00000, 0x0000000701e00000|100%| O|  |TAMS 0x0000000701e00000, 0x0000000701c00000| Untracked 
|  15|0x0000000701e00000, 0x0000000702000000, 0x0000000702000000|100%| O|  |TAMS 0x0000000702000000, 0x0000000701e00000| Untracked 
|  16|0x0000000702000000, 0x0000000702200000, 0x0000000702200000|100%| O|  |TAMS 0x0000000702200000, 0x0000000702000000| Untracked 
|  17|0x0000000702200000, 0x0000000702400000, 0x0000000702400000|100%|HS|  |TAMS 0x0000000702400000, 0x0000000702200000| Complete 
|  18|0x0000000702400000, 0x0000000702600000, 0x0000000702600000|100%|HC|  |TAMS 0x0000000702600000, 0x0000000702400000| Complete 
|  19|0x0000000702600000, 0x0000000702800000, 0x0000000702800000|100%| O|  |TAMS 0x0000000702800000, 0x0000000702600000| Untracked 
|  20|0x0000000702800000, 0x0000000702a00000, 0x0000000702a00000|100%| O|  |TAMS 0x0000000702a00000, 0x0000000702800000| Untracked 
|  21|0x0000000702a00000, 0x0000000702c00000, 0x0000000702c00000|100%| O|  |TAMS 0x0000000702c00000, 0x0000000702a00000| Untracked 
|  22|0x0000000702c00000, 0x0000000702e00000, 0x0000000702e00000|100%| O|  |TAMS 0x0000000702e00000, 0x0000000702c00000| Untracked 
|  23|0x0000000702e00000, 0x0000000703000000, 0x0000000703000000|100%| O|  |TAMS 0x0000000703000000, 0x0000000702e00000| Untracked 
|  24|0x0000000703000000, 0x0000000703200000, 0x0000000703200000|100%| O|  |TAMS 0x0000000703200000, 0x0000000703000000| Untracked 
|  25|0x0000000703200000, 0x0000000703400000, 0x0000000703400000|100%| O|  |TAMS 0x0000000703400000, 0x0000000703200000| Untracked 
|  26|0x0000000703400000, 0x0000000703600000, 0x0000000703600000|100%| O|  |TAMS 0x0000000703600000, 0x0000000703400000| Untracked 
|  27|0x0000000703600000, 0x0000000703800000, 0x0000000703800000|100%| O|  |TAMS 0x0000000703600000, 0x0000000703600000| Untracked 
|  28|0x0000000703800000, 0x0000000703a00000, 0x0000000703a00000|100%| O|  |TAMS 0x0000000703a00000, 0x0000000703800000| Untracked 
|  29|0x0000000703a00000, 0x0000000703c00000, 0x0000000703c00000|100%| O|  |TAMS 0x0000000703c00000, 0x0000000703a00000| Untracked 
|  30|0x0000000703c00000, 0x0000000703e00000, 0x0000000703e00000|100%| O|  |TAMS 0x0000000703e00000, 0x0000000703c00000| Untracked 
|  31|0x0000000703e00000, 0x0000000704000000, 0x0000000704000000|100%|HS|  |TAMS 0x0000000704000000, 0x0000000703e00000| Complete 
|  32|0x0000000704000000, 0x0000000704200000, 0x0000000704200000|100%|HC|  |TAMS 0x0000000704200000, 0x0000000704000000| Complete 
|  33|0x0000000704200000, 0x0000000704400000, 0x0000000704400000|100%| O|  |TAMS 0x0000000704400000, 0x0000000704200000| Untracked 
|  34|0x0000000704400000, 0x0000000704600000, 0x0000000704600000|100%| O|  |TAMS 0x0000000704600000, 0x0000000704400000| Untracked 
|  35|0x0000000704600000, 0x0000000704800000, 0x0000000704800000|100%| O|  |TAMS 0x0000000704800000, 0x0000000704600000| Untracked 
|  36|0x0000000704800000, 0x0000000704a00000, 0x0000000704a00000|100%| O|  |TAMS 0x0000000704a00000, 0x0000000704800000| Untracked 
|  37|0x0000000704a00000, 0x0000000704c00000, 0x0000000704c00000|100%| O|  |TAMS 0x0000000704a00000, 0x0000000704a00000| Untracked 
|  38|0x0000000704c00000, 0x0000000704e00000, 0x0000000704e00000|100%| O|  |TAMS 0x0000000704e00000, 0x0000000704c00000| Untracked 
|  39|0x0000000704e00000, 0x0000000705000000, 0x0000000705000000|100%| O|  |TAMS 0x0000000705000000, 0x0000000704e00000| Untracked 
|  40|0x0000000705000000, 0x0000000705200000, 0x0000000705200000|100%| O|  |TAMS 0x0000000705200000, 0x0000000705000000| Untracked 
|  41|0x0000000705200000, 0x0000000705400000, 0x0000000705400000|100%| O|  |TAMS 0x0000000705400000, 0x0000000705200000| Untracked 
|  42|0x0000000705400000, 0x0000000705600000, 0x0000000705600000|100%| O|  |TAMS 0x0000000705600000, 0x0000000705400000| Untracked 
|  43|0x0000000705600000, 0x0000000705800000, 0x0000000705800000|100%| O|  |TAMS 0x0000000705800000, 0x0000000705600000| Untracked 
|  44|0x0000000705800000, 0x0000000705a00000, 0x0000000705a00000|100%| O|  |TAMS 0x0000000705a00000, 0x0000000705800000| Untracked 
|  45|0x0000000705a00000, 0x0000000705c00000, 0x0000000705c00000|100%| O|  |TAMS 0x0000000705c00000, 0x0000000705a00000| Untracked 
|  46|0x0000000705c00000, 0x0000000705e00000, 0x0000000705e00000|100%| O|  |TAMS 0x0000000705e00000, 0x0000000705c00000| Untracked 
|  47|0x0000000705e00000, 0x0000000706000000, 0x0000000706000000|100%| O|  |TAMS 0x0000000705e00000, 0x0000000705e00000| Untracked 
|  48|0x0000000706000000, 0x0000000706200000, 0x0000000706200000|100%| O|  |TAMS 0x0000000706200000, 0x0000000706000000| Untracked 
|  49|0x0000000706200000, 0x0000000706400000, 0x0000000706400000|100%|HS|  |TAMS 0x0000000706200000, 0x0000000706200000| Complete 
|  50|0x0000000706400000, 0x0000000706600000, 0x0000000706600000|100%| O|  |TAMS 0x0000000706600000, 0x0000000706400000| Untracked 
|  51|0x0000000706600000, 0x0000000706800000, 0x0000000706800000|100%| O|  |TAMS 0x0000000706800000, 0x0000000706600000| Untracked 
|  52|0x0000000706800000, 0x0000000706a00000, 0x0000000706a00000|100%| O|  |TAMS 0x0000000706800000, 0x0000000706800000| Untracked 
|  53|0x0000000706a00000, 0x0000000706c00000, 0x0000000706c00000|100%| O|  |TAMS 0x0000000706a00000, 0x0000000706a00000| Untracked 
|  54|0x0000000706c00000, 0x0000000706e00000, 0x0000000706e00000|100%| O|  |TAMS 0x0000000706c00000, 0x0000000706c00000| Untracked 
|  55|0x0000000706e00000, 0x0000000707000000, 0x0000000707000000|100%| O|  |TAMS 0x0000000707000000, 0x0000000706e00000| Untracked 
|  56|0x0000000707000000, 0x0000000707200000, 0x0000000707200000|100%| O|  |TAMS 0x0000000707200000, 0x0000000707000000| Untracked 
|  57|0x0000000707200000, 0x0000000707400000, 0x0000000707400000|100%| O|  |TAMS 0x0000000707400000, 0x0000000707200000| Untracked 
|  58|0x0000000707400000, 0x0000000707600000, 0x0000000707600000|100%| O|  |TAMS 0x0000000707400000, 0x0000000707400000| Untracked 
|  59|0x0000000707600000, 0x0000000707800000, 0x0000000707800000|100%| O|  |TAMS 0x0000000707800000, 0x0000000707600000| Untracked 
|  60|0x0000000707800000, 0x0000000707a00000, 0x0000000707a00000|100%| O|  |TAMS 0x0000000707a00000, 0x0000000707800000| Untracked 
|  61|0x0000000707a00000, 0x0000000707c00000, 0x0000000707c00000|100%| O|  |TAMS 0x0000000707c00000, 0x0000000707a00000| Untracked 
|  62|0x0000000707c00000, 0x0000000707e00000, 0x0000000707e00000|100%| O|  |TAMS 0x0000000707c00000, 0x0000000707c00000| Untracked 
|  63|0x0000000707e00000, 0x0000000708000000, 0x0000000708000000|100%| O|  |TAMS 0x0000000707e00000, 0x0000000707e00000| Untracked 
|  64|0x0000000708000000, 0x0000000708200000, 0x0000000708200000|100%| O|  |TAMS 0x0000000708000000, 0x0000000708000000| Untracked 
|  65|0x0000000708200000, 0x0000000708400000, 0x0000000708400000|100%| O|  |TAMS 0x0000000708400000, 0x0000000708200000| Untracked 
|  66|0x0000000708400000, 0x0000000708600000, 0x0000000708600000|100%| O|  |TAMS 0x0000000708600000, 0x0000000708400000| Untracked 
|  67|0x0000000708600000, 0x0000000708800000, 0x0000000708800000|100%| O|  |TAMS 0x0000000708800000, 0x0000000708600000| Untracked 
|  68|0x0000000708800000, 0x0000000708a00000, 0x0000000708a00000|100%| O|  |TAMS 0x0000000708800000, 0x0000000708800000| Untracked 
|  69|0x0000000708a00000, 0x0000000708c00000, 0x0000000708c00000|100%|HS|  |TAMS 0x0000000708a00000, 0x0000000708a00000| Complete 
|  70|0x0000000708c00000, 0x0000000708e00000, 0x0000000708e00000|100%| O|  |TAMS 0x0000000708e00000, 0x0000000708c00000| Untracked 
|  71|0x0000000708e00000, 0x0000000709000000, 0x0000000709000000|100%| O|  |TAMS 0x0000000709000000, 0x0000000708e00000| Untracked 
|  72|0x0000000709000000, 0x0000000709200000, 0x0000000709200000|100%| O|  |TAMS 0x0000000709200000, 0x0000000709000000| Untracked 
|  73|0x0000000709200000, 0x0000000709400000, 0x0000000709400000|100%| O|  |TAMS 0x0000000709400000, 0x0000000709200000| Untracked 
|  74|0x0000000709400000, 0x0000000709600000, 0x0000000709600000|100%| O|  |TAMS 0x0000000709600000, 0x0000000709400000| Untracked 
|  75|0x0000000709600000, 0x0000000709800000, 0x0000000709800000|100%| O|  |TAMS 0x0000000709800000, 0x0000000709600000| Untracked 
|  76|0x0000000709800000, 0x0000000709a00000, 0x0000000709a00000|100%| O|  |TAMS 0x0000000709a00000, 0x0000000709800000| Untracked 
|  77|0x0000000709a00000, 0x0000000709c00000, 0x0000000709c00000|100%| O|  |TAMS 0x0000000709c00000, 0x0000000709a00000| Untracked 
|  78|0x0000000709c00000, 0x0000000709e00000, 0x0000000709e00000|100%| O|  |TAMS 0x0000000709c00000, 0x0000000709c00000| Untracked 
|  79|0x0000000709e00000, 0x000000070a000000, 0x000000070a000000|100%| O|  |TAMS 0x000000070a000000, 0x0000000709e00000| Untracked 
|  80|0x000000070a000000, 0x000000070a200000, 0x000000070a200000|100%| O|  |TAMS 0x000000070a200000, 0x000000070a000000| Untracked 
|  81|0x000000070a200000, 0x000000070a400000, 0x000000070a400000|100%| O|  |TAMS 0x000000070a400000, 0x000000070a200000| Untracked 
|  82|0x000000070a400000, 0x000000070a600000, 0x000000070a600000|100%| O|  |TAMS 0x000000070a600000, 0x000000070a400000| Untracked 
|  83|0x000000070a600000, 0x000000070a800000, 0x000000070a800000|100%| O|  |TAMS 0x000000070a800000, 0x000000070a600000| Untracked 
|  84|0x000000070a800000, 0x000000070aa00000, 0x000000070aa00000|100%| O|  |TAMS 0x000000070aa00000, 0x000000070a800000| Untracked 
|  85|0x000000070aa00000, 0x000000070ac00000, 0x000000070ac00000|100%| O|  |TAMS 0x000000070ac00000, 0x000000070aa00000| Untracked 
|  86|0x000000070ac00000, 0x000000070ae00000, 0x000000070ae00000|100%| O|  |TAMS 0x000000070ac00000, 0x000000070ac00000| Untracked 
|  87|0x000000070ae00000, 0x000000070b000000, 0x000000070b000000|100%| O|  |TAMS 0x000000070b000000, 0x000000070ae00000| Untracked 
|  88|0x000000070b000000, 0x000000070b200000, 0x000000070b200000|100%| O|  |TAMS 0x000000070b200000, 0x000000070b000000| Untracked 
|  89|0x000000070b200000, 0x000000070b400000, 0x000000070b400000|100%| O|  |TAMS 0x000000070b400000, 0x000000070b200000| Untracked 
|  90|0x000000070b400000, 0x000000070b600000, 0x000000070b600000|100%| O|  |TAMS 0x000000070b600000, 0x000000070b400000| Untracked 
|  91|0x000000070b600000, 0x000000070b800000, 0x000000070b800000|100%| O|  |TAMS 0x000000070b600000, 0x000000070b600000| Untracked 
|  92|0x000000070b800000, 0x000000070ba00000, 0x000000070ba00000|100%| O|  |TAMS 0x000000070ba00000, 0x000000070b800000| Untracked 
|  93|0x000000070ba00000, 0x000000070bc00000, 0x000000070bc00000|100%| O|  |TAMS 0x000000070bc00000, 0x000000070ba00000| Untracked 
|  94|0x000000070bc00000, 0x000000070be00000, 0x000000070be00000|100%| O|  |TAMS 0x000000070be00000, 0x000000070bc00000| Untracked 
|  95|0x000000070be00000, 0x000000070c000000, 0x000000070c000000|100%| O|  |TAMS 0x000000070c000000, 0x000000070be00000| Untracked 
|  96|0x000000070c000000, 0x000000070c200000, 0x000000070c200000|100%| O|  |TAMS 0x000000070c200000, 0x000000070c000000| Untracked 
|  97|0x000000070c200000, 0x000000070c400000, 0x000000070c400000|100%| O|  |TAMS 0x000000070c400000, 0x000000070c200000| Untracked 
|  98|0x000000070c400000, 0x000000070c600000, 0x000000070c600000|100%| O|  |TAMS 0x000000070c600000, 0x000000070c400000| Untracked 
|  99|0x000000070c600000, 0x000000070c800000, 0x000000070c800000|100%| O|  |TAMS 0x000000070c600000, 0x000000070c600000| Untracked 
| 100|0x000000070c800000, 0x000000070ca00000, 0x000000070ca00000|100%| O|  |TAMS 0x000000070c800000, 0x000000070c800000| Untracked 
| 101|0x000000070ca00000, 0x000000070cc00000, 0x000000070cc00000|100%| O|  |TAMS 0x000000070cc00000, 0x000000070ca00000| Untracked 
| 102|0x000000070cc00000, 0x000000070ce00000, 0x000000070ce00000|100%| O|  |TAMS 0x000000070cc00000, 0x000000070cc00000| Untracked 
| 103|0x000000070ce00000, 0x000000070d000000, 0x000000070d000000|100%| O|  |TAMS 0x000000070d000000, 0x000000070ce00000| Untracked 
| 104|0x000000070d000000, 0x000000070d200000, 0x000000070d200000|100%| O|  |TAMS 0x000000070d200000, 0x000000070d000000| Untracked 
| 105|0x000000070d200000, 0x000000070d400000, 0x000000070d400000|100%| O|  |TAMS 0x000000070d400000, 0x000000070d200000| Untracked 
| 106|0x000000070d400000, 0x000000070d600000, 0x000000070d600000|100%| O|  |TAMS 0x000000070d400000, 0x000000070d400000| Untracked 
| 107|0x000000070d600000, 0x000000070d800000, 0x000000070d800000|100%| O|  |TAMS 0x000000070d800000, 0x000000070d600000| Untracked 
| 108|0x000000070d800000, 0x000000070da00000, 0x000000070da00000|100%| O|  |TAMS 0x000000070d800000, 0x000000070d800000| Untracked 
| 109|0x000000070da00000, 0x000000070dc00000, 0x000000070dc00000|100%| O|  |TAMS 0x000000070da00000, 0x000000070da00000| Untracked 
| 110|0x000000070dc00000, 0x000000070de00000, 0x000000070de00000|100%| O|  |TAMS 0x000000070dc00000, 0x000000070dc00000| Untracked 
| 111|0x000000070de00000, 0x000000070e000000, 0x000000070e000000|100%| O|  |TAMS 0x000000070e000000, 0x000000070de00000| Untracked 
| 112|0x000000070e000000, 0x000000070e200000, 0x000000070e200000|100%| O|  |TAMS 0x000000070e200000, 0x000000070e000000| Untracked 
| 113|0x000000070e200000, 0x000000070e400000, 0x000000070e400000|100%| O|  |TAMS 0x000000070e200000, 0x000000070e200000| Untracked 
| 114|0x000000070e400000, 0x000000070e600000, 0x000000070e600000|100%| O|  |TAMS 0x000000070e400000, 0x000000070e400000| Untracked 
| 115|0x000000070e600000, 0x000000070e800000, 0x000000070e800000|100%| O|  |TAMS 0x000000070e600000, 0x000000070e600000| Untracked 
| 116|0x000000070e800000, 0x000000070ea00000, 0x000000070ea00000|100%| O|  |TAMS 0x000000070ea00000, 0x000000070e800000| Untracked 
| 117|0x000000070ea00000, 0x000000070ec00000, 0x000000070ec00000|100%| O|  |TAMS 0x000000070ec00000, 0x000000070ea00000| Untracked 
| 118|0x000000070ec00000, 0x000000070ee00000, 0x000000070ee00000|100%| O|  |TAMS 0x000000070ee00000, 0x000000070ec00000| Untracked 
| 119|0x000000070ee00000, 0x000000070f000000, 0x000000070f000000|100%| O|  |TAMS 0x000000070ee00000, 0x000000070ee00000| Untracked 
| 120|0x000000070f000000, 0x000000070f200000, 0x000000070f200000|100%| O|  |TAMS 0x000000070f200000, 0x000000070f000000| Untracked 
| 121|0x000000070f200000, 0x000000070f400000, 0x000000070f400000|100%| O|  |TAMS 0x000000070f400000, 0x000000070f200000| Untracked 
| 122|0x000000070f400000, 0x000000070f600000, 0x000000070f600000|100%| O|  |TAMS 0x000000070f600000, 0x000000070f400000| Untracked 
| 123|0x000000070f600000, 0x000000070f800000, 0x000000070f800000|100%| O|  |TAMS 0x000000070f800000, 0x000000070f600000| Untracked 
| 124|0x000000070f800000, 0x000000070fa00000, 0x000000070fa00000|100%| O|  |TAMS 0x000000070fa00000, 0x000000070f800000| Untracked 
| 125|0x000000070fa00000, 0x000000070fc00000, 0x000000070fc00000|100%| O|  |TAMS 0x000000070fc00000, 0x000000070fa00000| Untracked 
| 126|0x000000070fc00000, 0x000000070fe00000, 0x000000070fe00000|100%| O|  |TAMS 0x000000070fc00000, 0x000000070fc00000| Untracked 
| 127|0x000000070fe00000, 0x0000000710000000, 0x0000000710000000|100%| O|  |TAMS 0x000000070fe00000, 0x000000070fe00000| Untracked 
| 128|0x0000000710000000, 0x0000000710200000, 0x0000000710200000|100%| O|  |TAMS 0x0000000710200000, 0x0000000710000000| Untracked 
| 129|0x0000000710200000, 0x0000000710400000, 0x0000000710400000|100%| O|  |TAMS 0x0000000710200000, 0x0000000710200000| Untracked 
| 130|0x0000000710400000, 0x0000000710600000, 0x0000000710600000|100%| O|  |TAMS 0x0000000710600000, 0x0000000710400000| Untracked 
| 131|0x0000000710600000, 0x0000000710800000, 0x0000000710800000|100%| O|  |TAMS 0x0000000710800000, 0x0000000710600000| Untracked 
| 132|0x0000000710800000, 0x0000000710a00000, 0x0000000710a00000|100%| O|  |TAMS 0x0000000710a00000, 0x0000000710800000| Untracked 
| 133|0x0000000710a00000, 0x0000000710c00000, 0x0000000710c00000|100%| O|  |TAMS 0x0000000710c00000, 0x0000000710a00000| Untracked 
| 134|0x0000000710c00000, 0x0000000710e00000, 0x0000000710e00000|100%| O|  |TAMS 0x0000000710e00000, 0x0000000710c00000| Untracked 
| 135|0x0000000710e00000, 0x0000000711000000, 0x0000000711000000|100%| O|  |TAMS 0x0000000710e00000, 0x0000000710e00000| Untracked 
| 136|0x0000000711000000, 0x0000000711200000, 0x0000000711200000|100%| O|  |TAMS 0x0000000711200000, 0x0000000711000000| Untracked 
| 137|0x0000000711200000, 0x0000000711400000, 0x0000000711400000|100%| O|  |TAMS 0x0000000711200000, 0x0000000711200000| Untracked 
| 138|0x0000000711400000, 0x0000000711600000, 0x0000000711600000|100%| O|  |TAMS 0x0000000711600000, 0x0000000711400000| Untracked 
| 139|0x0000000711600000, 0x0000000711800000, 0x0000000711800000|100%| O|  |TAMS 0x0000000711800000, 0x0000000711600000| Untracked 
| 140|0x0000000711800000, 0x0000000711a00000, 0x0000000711a00000|100%| O|  |TAMS 0x0000000711800000, 0x0000000711800000| Untracked 
| 141|0x0000000711a00000, 0x0000000711c00000, 0x0000000711c00000|100%| O|  |TAMS 0x0000000711a00000, 0x0000000711a00000| Untracked 
| 142|0x0000000711c00000, 0x0000000711e00000, 0x0000000711e00000|100%| O|  |TAMS 0x0000000711c00000, 0x0000000711c00000| Untracked 
| 143|0x0000000711e00000, 0x0000000712000000, 0x0000000712000000|100%| O|  |TAMS 0x0000000711e00000, 0x0000000711e00000| Untracked 
| 144|0x0000000712000000, 0x0000000712200000, 0x0000000712200000|100%| O|  |TAMS 0x0000000712200000, 0x0000000712000000| Untracked 
| 145|0x0000000712200000, 0x0000000712400000, 0x0000000712400000|100%| O|  |TAMS 0x0000000712400000, 0x0000000712200000| Untracked 
| 146|0x0000000712400000, 0x0000000712600000, 0x0000000712600000|100%| O|  |TAMS 0x0000000712400000, 0x0000000712400000| Untracked 
| 147|0x0000000712600000, 0x0000000712800000, 0x0000000712800000|100%| O|  |TAMS 0x0000000712600000, 0x0000000712600000| Untracked 
| 148|0x0000000712800000, 0x0000000712a00000, 0x0000000712a00000|100%| O|  |TAMS 0x0000000712a00000, 0x0000000712800000| Untracked 
| 149|0x0000000712a00000, 0x0000000712c00000, 0x0000000712c00000|100%| O|  |TAMS 0x0000000712c00000, 0x0000000712a00000| Untracked 
| 150|0x0000000712c00000, 0x0000000712e00000, 0x0000000712e00000|100%| O|  |TAMS 0x0000000712c00000, 0x0000000712c00000| Untracked 
| 151|0x0000000712e00000, 0x0000000713000000, 0x0000000713000000|100%| O|  |TAMS 0x0000000713000000, 0x0000000712e00000| Untracked 
| 152|0x0000000713000000, 0x0000000713200000, 0x0000000713200000|100%| O|  |TAMS 0x0000000713000000, 0x0000000713000000| Untracked 
| 153|0x0000000713200000, 0x0000000713400000, 0x0000000713400000|100%| O|  |TAMS 0x0000000713200000, 0x0000000713200000| Untracked 
| 154|0x0000000713400000, 0x0000000713600000, 0x0000000713600000|100%| O|  |TAMS 0x0000000713600000, 0x0000000713400000| Untracked 
| 155|0x0000000713600000, 0x0000000713800000, 0x0000000713800000|100%| O|  |TAMS 0x0000000713800000, 0x0000000713600000| Untracked 
| 156|0x0000000713800000, 0x0000000713a00000, 0x0000000713a00000|100%| O|  |TAMS 0x0000000713a00000, 0x0000000713800000| Untracked 
| 157|0x0000000713a00000, 0x0000000713c00000, 0x0000000713c00000|100%| O|  |TAMS 0x0000000713a00000, 0x0000000713a00000| Untracked 
| 158|0x0000000713c00000, 0x0000000713e00000, 0x0000000713e00000|100%|HS|  |TAMS 0x0000000713e00000, 0x0000000713c00000| Complete 
| 159|0x0000000713e00000, 0x0000000714000000, 0x0000000714000000|100%|HC|  |TAMS 0x0000000714000000, 0x0000000713e00000| Complete 
| 160|0x0000000714000000, 0x0000000714200000, 0x0000000714200000|100%| O|  |TAMS 0x0000000714200000, 0x0000000714000000| Untracked 
| 161|0x0000000714200000, 0x0000000714400000, 0x0000000714400000|100%| O|  |TAMS 0x0000000714200000, 0x0000000714200000| Untracked 
| 162|0x0000000714400000, 0x0000000714600000, 0x0000000714600000|100%| O|  |TAMS 0x0000000714600000, 0x0000000714400000| Untracked 
| 163|0x0000000714600000, 0x0000000714800000, 0x0000000714800000|100%| O|  |TAMS 0x0000000714600000, 0x0000000714600000| Untracked 
| 164|0x0000000714800000, 0x0000000714a00000, 0x0000000714a00000|100%| O|  |TAMS 0x0000000714800000, 0x0000000714800000| Untracked 
| 165|0x0000000714a00000, 0x0000000714c00000, 0x0000000714c00000|100%| O|  |TAMS 0x0000000714a00000, 0x0000000714a00000| Untracked 
| 166|0x0000000714c00000, 0x0000000714e00000, 0x0000000714e00000|100%| O|  |TAMS 0x0000000714e00000, 0x0000000714c00000| Untracked 
| 167|0x0000000714e00000, 0x0000000715000000, 0x0000000715000000|100%|HS|  |TAMS 0x0000000714e00000, 0x0000000714e00000| Complete 
| 168|0x0000000715000000, 0x0000000715200000, 0x0000000715200000|100%| O|  |TAMS 0x0000000715000000, 0x0000000715000000| Untracked 
| 169|0x0000000715200000, 0x0000000715400000, 0x0000000715400000|100%| O|  |TAMS 0x0000000715200000, 0x0000000715200000| Untracked 
| 170|0x0000000715400000, 0x0000000715600000, 0x0000000715600000|100%| O|  |TAMS 0x0000000715400000, 0x0000000715400000| Untracked 
| 171|0x0000000715600000, 0x0000000715800000, 0x0000000715800000|100%| O|  |TAMS 0x0000000715600000, 0x0000000715600000| Untracked 
| 172|0x0000000715800000, 0x0000000715a00000, 0x0000000715a00000|100%| O|  |TAMS 0x0000000715800000, 0x0000000715800000| Untracked 
| 173|0x0000000715a00000, 0x0000000715c00000, 0x0000000715c00000|100%| O|  |TAMS 0x0000000715a00000, 0x0000000715a00000| Untracked 
| 174|0x0000000715c00000, 0x0000000715e00000, 0x0000000715e00000|100%| O|  |TAMS 0x0000000715c00000, 0x0000000715c00000| Untracked 
| 175|0x0000000715e00000, 0x0000000716000000, 0x0000000716000000|100%| O|  |TAMS 0x0000000715e00000, 0x0000000715e00000| Untracked 
| 176|0x0000000716000000, 0x0000000716200000, 0x0000000716200000|100%| O|  |TAMS 0x0000000716200000, 0x0000000716000000| Untracked 
| 177|0x0000000716200000, 0x0000000716400000, 0x0000000716400000|100%| O|  |TAMS 0x0000000716200000, 0x0000000716200000| Untracked 
| 178|0x0000000716400000, 0x0000000716600000, 0x0000000716600000|100%| O|  |TAMS 0x0000000716400000, 0x0000000716400000| Untracked 
| 179|0x0000000716600000, 0x0000000716800000, 0x0000000716800000|100%| O|  |TAMS 0x0000000716600000, 0x0000000716600000| Untracked 
| 180|0x0000000716800000, 0x0000000716a00000, 0x0000000716a00000|100%| O|  |TAMS 0x0000000716800000, 0x0000000716800000| Untracked 
| 181|0x0000000716a00000, 0x0000000716c00000, 0x0000000716c00000|100%| O|  |TAMS 0x0000000716a00000, 0x0000000716a00000| Untracked 
| 182|0x0000000716c00000, 0x0000000716e00000, 0x0000000716e00000|100%| O|  |TAMS 0x0000000716e00000, 0x0000000716c00000| Untracked 
| 183|0x0000000716e00000, 0x0000000717000000, 0x0000000717000000|100%| O|  |TAMS 0x0000000716e00000, 0x0000000716e00000| Untracked 
| 184|0x0000000717000000, 0x0000000717200000, 0x0000000717200000|100%| O|  |TAMS 0x0000000717000000, 0x0000000717000000| Untracked 
| 185|0x0000000717200000, 0x0000000717400000, 0x0000000717400000|100%| O|  |TAMS 0x0000000717200000, 0x0000000717200000| Untracked 
| 186|0x0000000717400000, 0x0000000717600000, 0x0000000717600000|100%| O|  |TAMS 0x0000000717400000, 0x0000000717400000| Untracked 
| 187|0x0000000717600000, 0x0000000717800000, 0x0000000717800000|100%| O|  |TAMS 0x0000000717600000, 0x0000000717600000| Untracked 
| 188|0x0000000717800000, 0x0000000717a00000, 0x0000000717a00000|100%| O|  |TAMS 0x0000000717800000, 0x0000000717800000| Untracked 
| 189|0x0000000717a00000, 0x0000000717c00000, 0x0000000717c00000|100%| O|  |TAMS 0x0000000717a00000, 0x0000000717a00000| Untracked 
| 190|0x0000000717c00000, 0x0000000717e00000, 0x0000000717e00000|100%| O|  |TAMS 0x0000000717c00000, 0x0000000717c00000| Untracked 
| 191|0x0000000717e00000, 0x0000000718000000, 0x0000000718000000|100%| O|  |TAMS 0x0000000717e00000, 0x0000000717e00000| Untracked 
| 192|0x0000000718000000, 0x0000000718200000, 0x0000000718200000|100%| O|  |TAMS 0x0000000718000000, 0x0000000718000000| Untracked 
| 193|0x0000000718200000, 0x0000000718400000, 0x0000000718400000|100%| O|  |TAMS 0x0000000718200000, 0x0000000718200000| Untracked 
| 194|0x0000000718400000, 0x0000000718600000, 0x0000000718600000|100%| O|  |TAMS 0x0000000718400000, 0x0000000718400000| Untracked 
| 195|0x0000000718600000, 0x0000000718800000, 0x0000000718800000|100%| O|  |TAMS 0x0000000718600000, 0x0000000718600000| Untracked 
| 196|0x0000000718800000, 0x0000000718a00000, 0x0000000718a00000|100%| O|  |TAMS 0x0000000718800000, 0x0000000718800000| Untracked 
| 197|0x0000000718a00000, 0x0000000718c00000, 0x0000000718c00000|100%| O|  |TAMS 0x0000000718a00000, 0x0000000718a00000| Untracked 
| 198|0x0000000718c00000, 0x0000000718e00000, 0x0000000718e00000|100%| O|  |TAMS 0x0000000718c00000, 0x0000000718c00000| Untracked 
| 199|0x0000000718e00000, 0x0000000719000000, 0x0000000719000000|100%| O|  |TAMS 0x0000000718e00000, 0x0000000718e00000| Untracked 
| 200|0x0000000719000000, 0x0000000719200000, 0x0000000719200000|100%| O|  |TAMS 0x0000000719000000, 0x0000000719000000| Untracked 
| 201|0x0000000719200000, 0x0000000719400000, 0x0000000719400000|100%| O|  |TAMS 0x0000000719200000, 0x0000000719200000| Untracked 
| 202|0x0000000719400000, 0x0000000719600000, 0x0000000719600000|100%| O|  |TAMS 0x0000000719400000, 0x0000000719400000| Untracked 
| 203|0x0000000719600000, 0x0000000719800000, 0x0000000719800000|100%| O|  |TAMS 0x0000000719600000, 0x0000000719600000| Untracked 
| 204|0x0000000719800000, 0x0000000719a00000, 0x0000000719a00000|100%| O|  |TAMS 0x0000000719800000, 0x0000000719800000| Untracked 
| 205|0x0000000719a00000, 0x0000000719c00000, 0x0000000719c00000|100%| O|  |TAMS 0x0000000719a00000, 0x0000000719a00000| Untracked 
| 206|0x0000000719c00000, 0x0000000719e00000, 0x0000000719e00000|100%| O|  |TAMS 0x0000000719c00000, 0x0000000719c00000| Untracked 
| 207|0x0000000719e00000, 0x000000071a000000, 0x000000071a000000|100%| O|  |TAMS 0x0000000719e00000, 0x0000000719e00000| Untracked 
| 208|0x000000071a000000, 0x000000071a200000, 0x000000071a200000|100%| O|  |TAMS 0x000000071a000000, 0x000000071a000000| Untracked 
| 209|0x000000071a200000, 0x000000071a400000, 0x000000071a400000|100%| O|  |TAMS 0x000000071a200000, 0x000000071a200000| Untracked 
| 210|0x000000071a400000, 0x000000071a600000, 0x000000071a600000|100%| O|  |TAMS 0x000000071a400000, 0x000000071a400000| Untracked 
| 211|0x000000071a600000, 0x000000071a800000, 0x000000071a800000|100%| O|  |TAMS 0x000000071a600000, 0x000000071a600000| Untracked 
| 212|0x000000071a800000, 0x000000071aa00000, 0x000000071aa00000|100%| O|  |TAMS 0x000000071a800000, 0x000000071a800000| Untracked 
| 213|0x000000071aa00000, 0x000000071ac00000, 0x000000071ac00000|100%| O|  |TAMS 0x000000071aa00000, 0x000000071aa00000| Untracked 
| 214|0x000000071ac00000, 0x000000071ae00000, 0x000000071ae00000|100%| O|  |TAMS 0x000000071ac00000, 0x000000071ac00000| Untracked 
| 215|0x000000071ae00000, 0x000000071b000000, 0x000000071b000000|100%| O|  |TAMS 0x000000071ae00000, 0x000000071ae00000| Untracked 
| 216|0x000000071b000000, 0x000000071b200000, 0x000000071b200000|100%| O|  |TAMS 0x000000071b000000, 0x000000071b000000| Untracked 
| 217|0x000000071b200000, 0x000000071b400000, 0x000000071b400000|100%| O|  |TAMS 0x000000071b200000, 0x000000071b200000| Untracked 
| 218|0x000000071b400000, 0x000000071b600000, 0x000000071b600000|100%| O|  |TAMS 0x000000071b400000, 0x000000071b400000| Untracked 
| 219|0x000000071b600000, 0x000000071b800000, 0x000000071b800000|100%| O|  |TAMS 0x000000071b600000, 0x000000071b600000| Untracked 
| 220|0x000000071b800000, 0x000000071ba00000, 0x000000071ba00000|100%| O|  |TAMS 0x000000071b800000, 0x000000071b800000| Untracked 
| 221|0x000000071ba00000, 0x000000071bc00000, 0x000000071bc00000|100%| O|  |TAMS 0x000000071ba00000, 0x000000071ba00000| Untracked 
| 222|0x000000071bc00000, 0x000000071be00000, 0x000000071be00000|100%| O|  |TAMS 0x000000071bc00000, 0x000000071bc00000| Untracked 
| 223|0x000000071be00000, 0x000000071c000000, 0x000000071c000000|100%| O|  |TAMS 0x000000071be00000, 0x000000071be00000| Untracked 
| 224|0x000000071c000000, 0x000000071c200000, 0x000000071c200000|100%| O|  |TAMS 0x000000071c000000, 0x000000071c000000| Untracked 
| 225|0x000000071c200000, 0x000000071c400000, 0x000000071c400000|100%| O|  |TAMS 0x000000071c200000, 0x000000071c200000| Untracked 
| 226|0x000000071c400000, 0x000000071c600000, 0x000000071c600000|100%| O|  |TAMS 0x000000071c400000, 0x000000071c400000| Untracked 
| 227|0x000000071c600000, 0x000000071c800000, 0x000000071c800000|100%| O|  |TAMS 0x000000071c600000, 0x000000071c600000| Untracked 
| 228|0x000000071c800000, 0x000000071ca00000, 0x000000071ca00000|100%| O|  |TAMS 0x000000071c800000, 0x000000071c800000| Untracked 
| 229|0x000000071ca00000, 0x000000071cc00000, 0x000000071cc00000|100%| O|  |TAMS 0x000000071ca00000, 0x000000071ca00000| Untracked 
| 230|0x000000071cc00000, 0x000000071ce00000, 0x000000071ce00000|100%| O|  |TAMS 0x000000071cc00000, 0x000000071cc00000| Untracked 
| 231|0x000000071ce00000, 0x000000071d000000, 0x000000071d000000|100%| O|  |TAMS 0x000000071ce00000, 0x000000071ce00000| Untracked 
| 232|0x000000071d000000, 0x000000071d200000, 0x000000071d200000|100%| O|  |TAMS 0x000000071d000000, 0x000000071d000000| Untracked 
| 233|0x000000071d200000, 0x000000071d400000, 0x000000071d400000|100%| O|  |TAMS 0x000000071d200000, 0x000000071d200000| Untracked 
| 234|0x000000071d400000, 0x000000071d600000, 0x000000071d600000|100%| O|  |TAMS 0x000000071d400000, 0x000000071d400000| Untracked 
| 235|0x000000071d600000, 0x000000071d800000, 0x000000071d800000|100%| O|  |TAMS 0x000000071d600000, 0x000000071d600000| Untracked 
| 236|0x000000071d800000, 0x000000071da00000, 0x000000071da00000|100%| O|  |TAMS 0x000000071d800000, 0x000000071d800000| Untracked 
| 237|0x000000071da00000, 0x000000071dc00000, 0x000000071dc00000|100%| O|  |TAMS 0x000000071da00000, 0x000000071da00000| Untracked 
| 238|0x000000071dc00000, 0x000000071de00000, 0x000000071de00000|100%| O|  |TAMS 0x000000071dc00000, 0x000000071dc00000| Untracked 
| 239|0x000000071de00000, 0x000000071e000000, 0x000000071e000000|100%| O|  |TAMS 0x000000071de00000, 0x000000071de00000| Untracked 
| 240|0x000000071e000000, 0x000000071e200000, 0x000000071e200000|100%| O|  |TAMS 0x000000071e000000, 0x000000071e000000| Untracked 
| 241|0x000000071e200000, 0x000000071e400000, 0x000000071e400000|100%| O|  |TAMS 0x000000071e200000, 0x000000071e200000| Untracked 
| 242|0x000000071e400000, 0x000000071e600000, 0x000000071e600000|100%| O|  |TAMS 0x000000071e400000, 0x000000071e400000| Untracked 
| 243|0x000000071e600000, 0x000000071e800000, 0x000000071e800000|100%| O|  |TAMS 0x000000071e600000, 0x000000071e600000| Untracked 
| 244|0x000000071e800000, 0x000000071ea00000, 0x000000071ea00000|100%| O|  |TAMS 0x000000071e800000, 0x000000071e800000| Untracked 
| 245|0x000000071ea00000, 0x000000071ec00000, 0x000000071ec00000|100%| O|  |TAMS 0x000000071ea00000, 0x000000071ea00000| Untracked 
| 246|0x000000071ec00000, 0x000000071ee00000, 0x000000071ee00000|100%| O|  |TAMS 0x000000071ec00000, 0x000000071ec00000| Untracked 
| 247|0x000000071ee00000, 0x000000071f000000, 0x000000071f000000|100%| O|  |TAMS 0x000000071ee00000, 0x000000071ee00000| Untracked 
| 248|0x000000071f000000, 0x000000071f200000, 0x000000071f200000|100%| O|  |TAMS 0x000000071f000000, 0x000000071f000000| Untracked 
| 249|0x000000071f200000, 0x000000071f400000, 0x000000071f400000|100%| O|  |TAMS 0x000000071f200000, 0x000000071f200000| Untracked 
| 250|0x000000071f400000, 0x000000071f600000, 0x000000071f600000|100%| O|  |TAMS 0x000000071f400000, 0x000000071f400000| Untracked 
| 251|0x000000071f600000, 0x000000071f800000, 0x000000071f800000|100%| O|  |TAMS 0x000000071f600000, 0x000000071f600000| Untracked 
| 252|0x000000071f800000, 0x000000071fa00000, 0x000000071fa00000|100%| O|  |TAMS 0x000000071f800000, 0x000000071f800000| Untracked 
| 253|0x000000071fa00000, 0x000000071fc00000, 0x000000071fc00000|100%| O|  |TAMS 0x000000071fa00000, 0x000000071fa00000| Untracked 
| 254|0x000000071fc00000, 0x000000071fe00000, 0x000000071fe00000|100%| O|  |TAMS 0x000000071fc00000, 0x000000071fc00000| Untracked 
| 255|0x000000071fe00000, 0x0000000720000000, 0x0000000720000000|100%| O|  |TAMS 0x000000071fe00000, 0x000000071fe00000| Untracked 
| 256|0x0000000720000000, 0x0000000720200000, 0x0000000720200000|100%| O|  |TAMS 0x0000000720000000, 0x0000000720000000| Untracked 
| 257|0x0000000720200000, 0x0000000720400000, 0x0000000720400000|100%| O|  |TAMS 0x0000000720200000, 0x0000000720200000| Untracked 
| 258|0x0000000720400000, 0x0000000720600000, 0x0000000720600000|100%| O|  |TAMS 0x0000000720400000, 0x0000000720400000| Untracked 
| 259|0x0000000720600000, 0x0000000720800000, 0x0000000720800000|100%| O|  |TAMS 0x0000000720600000, 0x0000000720600000| Untracked 
| 260|0x0000000720800000, 0x0000000720a00000, 0x0000000720a00000|100%| O|  |TAMS 0x0000000720800000, 0x0000000720800000| Untracked 
| 261|0x0000000720a00000, 0x0000000720c00000, 0x0000000720c00000|100%| O|  |TAMS 0x0000000720a00000, 0x0000000720a00000| Untracked 
| 262|0x0000000720c00000, 0x0000000720e00000, 0x0000000720e00000|100%| O|  |TAMS 0x0000000720c00000, 0x0000000720c00000| Untracked 
| 263|0x0000000720e00000, 0x0000000721000000, 0x0000000721000000|100%| O|  |TAMS 0x0000000720e00000, 0x0000000720e00000| Untracked 
| 264|0x0000000721000000, 0x0000000721200000, 0x0000000721200000|100%| O|  |TAMS 0x0000000721000000, 0x0000000721000000| Untracked 
| 265|0x0000000721200000, 0x0000000721400000, 0x0000000721400000|100%| O|  |TAMS 0x0000000721200000, 0x0000000721200000| Untracked 
| 266|0x0000000721400000, 0x0000000721600000, 0x0000000721600000|100%|HS|  |TAMS 0x0000000721600000, 0x0000000721400000| Complete 
| 267|0x0000000721600000, 0x0000000721800000, 0x0000000721800000|100%|HC|  |TAMS 0x0000000721800000, 0x0000000721600000| Complete 
| 268|0x0000000721800000, 0x0000000721a00000, 0x0000000721a00000|100%|HC|  |TAMS 0x0000000721a00000, 0x0000000721800000| Complete 
| 269|0x0000000721a00000, 0x0000000721c00000, 0x0000000721c00000|100%| O|  |TAMS 0x0000000721a00000, 0x0000000721a00000| Untracked 
| 270|0x0000000721c00000, 0x0000000721e00000, 0x0000000721e00000|100%| O|  |TAMS 0x0000000721c00000, 0x0000000721c00000| Untracked 
| 271|0x0000000721e00000, 0x0000000722000000, 0x0000000722000000|100%| O|  |TAMS 0x0000000721e00000, 0x0000000721e00000| Untracked 
| 272|0x0000000722000000, 0x0000000722200000, 0x0000000722200000|100%| O|  |TAMS 0x0000000722000000, 0x0000000722000000| Untracked 
| 273|0x0000000722200000, 0x0000000722400000, 0x0000000722400000|100%| O|  |TAMS 0x0000000722200000, 0x0000000722200000| Untracked 
| 274|0x0000000722400000, 0x0000000722600000, 0x0000000722600000|100%| O|  |TAMS 0x0000000722400000, 0x0000000722400000| Untracked 
| 275|0x0000000722600000, 0x0000000722800000, 0x0000000722800000|100%| O|  |TAMS 0x0000000722600000, 0x0000000722600000| Untracked 
| 276|0x0000000722800000, 0x0000000722a00000, 0x0000000722a00000|100%| O|  |TAMS 0x0000000722800000, 0x0000000722800000| Untracked 
| 277|0x0000000722a00000, 0x0000000722c00000, 0x0000000722c00000|100%| O|  |TAMS 0x0000000722a00000, 0x0000000722a00000| Untracked 
| 278|0x0000000722c00000, 0x0000000722e00000, 0x0000000722e00000|100%| O|  |TAMS 0x0000000722c00000, 0x0000000722c00000| Untracked 
| 279|0x0000000722e00000, 0x0000000723000000, 0x0000000723000000|100%| O|  |TAMS 0x0000000723000000, 0x0000000722e00000| Untracked 
| 280|0x0000000723000000, 0x0000000723200000, 0x0000000723200000|100%| O|  |TAMS 0x0000000723200000, 0x0000000723000000| Untracked 
| 281|0x0000000723200000, 0x0000000723400000, 0x0000000723400000|100%| O|  |TAMS 0x0000000723400000, 0x0000000723200000| Untracked 
| 282|0x0000000723400000, 0x0000000723600000, 0x0000000723600000|100%| O|  |TAMS 0x0000000723400000, 0x0000000723400000| Untracked 
| 283|0x0000000723600000, 0x0000000723800000, 0x0000000723800000|100%| O|  |TAMS 0x0000000723800000, 0x0000000723600000| Untracked 
| 284|0x0000000723800000, 0x0000000723a00000, 0x0000000723a00000|100%|HS|  |TAMS 0x0000000723800000, 0x0000000723800000| Complete 
| 285|0x0000000723a00000, 0x0000000723c00000, 0x0000000723c00000|100%| O|  |TAMS 0x0000000723a00000, 0x0000000723a00000| Untracked 
| 286|0x0000000723c00000, 0x0000000723e00000, 0x0000000723e00000|100%| O|  |TAMS 0x0000000723c00000, 0x0000000723c00000| Untracked 
| 287|0x0000000723e00000, 0x0000000724000000, 0x0000000724000000|100%| O|  |TAMS 0x0000000723e00000, 0x0000000723e00000| Untracked 
| 288|0x0000000724000000, 0x0000000724200000, 0x0000000724200000|100%| O|  |TAMS 0x0000000724000000, 0x0000000724000000| Untracked 
| 289|0x0000000724200000, 0x0000000724400000, 0x0000000724400000|100%| O|  |TAMS 0x0000000724200000, 0x0000000724200000| Untracked 
| 290|0x0000000724400000, 0x0000000724600000, 0x0000000724600000|100%| O|  |TAMS 0x0000000724400000, 0x0000000724400000| Untracked 
| 291|0x0000000724600000, 0x0000000724800000, 0x0000000724800000|100%| O|  |TAMS 0x0000000724600000, 0x0000000724600000| Untracked 
| 292|0x0000000724800000, 0x0000000724a00000, 0x0000000724a00000|100%| O|  |TAMS 0x0000000724800000, 0x0000000724800000| Untracked 
| 293|0x0000000724a00000, 0x0000000724c00000, 0x0000000724c00000|100%| O|  |TAMS 0x0000000724a00000, 0x0000000724a00000| Untracked 
| 294|0x0000000724c00000, 0x0000000724e00000, 0x0000000724e00000|100%| O|  |TAMS 0x0000000724c00000, 0x0000000724c00000| Untracked 
| 295|0x0000000724e00000, 0x0000000725000000, 0x0000000725000000|100%| O|  |TAMS 0x0000000724e00000, 0x0000000724e00000| Untracked 
| 296|0x0000000725000000, 0x0000000725200000, 0x0000000725200000|100%| O|  |TAMS 0x0000000725000000, 0x0000000725000000| Untracked 
| 297|0x0000000725200000, 0x0000000725400000, 0x0000000725400000|100%| O|  |TAMS 0x0000000725200000, 0x0000000725200000| Untracked 
| 298|0x0000000725400000, 0x0000000725600000, 0x0000000725600000|100%| O|  |TAMS 0x0000000725400000, 0x0000000725400000| Untracked 
| 299|0x0000000725600000, 0x0000000725800000, 0x0000000725800000|100%| O|  |TAMS 0x0000000725600000, 0x0000000725600000| Untracked 
| 300|0x0000000725800000, 0x0000000725a00000, 0x0000000725a00000|100%| O|  |TAMS 0x0000000725800000, 0x0000000725800000| Untracked 
| 301|0x0000000725a00000, 0x0000000725c00000, 0x0000000725c00000|100%| O|  |TAMS 0x0000000725a00000, 0x0000000725a00000| Untracked 
| 302|0x0000000725c00000, 0x0000000725e00000, 0x0000000725e00000|100%| O|  |TAMS 0x0000000725c00000, 0x0000000725c00000| Untracked 
| 303|0x0000000725e00000, 0x0000000726000000, 0x0000000726000000|100%| O|  |TAMS 0x0000000725e00000, 0x0000000725e00000| Untracked 
| 304|0x0000000726000000, 0x0000000726200000, 0x0000000726200000|100%| O|  |TAMS 0x0000000726000000, 0x0000000726000000| Untracked 
| 305|0x0000000726200000, 0x0000000726400000, 0x0000000726400000|100%| O|  |TAMS 0x0000000726200000, 0x0000000726200000| Untracked 
| 306|0x0000000726400000, 0x0000000726600000, 0x0000000726600000|100%| O|  |TAMS 0x0000000726400000, 0x0000000726400000| Untracked 
| 307|0x0000000726600000, 0x0000000726800000, 0x0000000726800000|100%| O|  |TAMS 0x0000000726600000, 0x0000000726600000| Untracked 
| 308|0x0000000726800000, 0x0000000726a00000, 0x0000000726a00000|100%| O|  |TAMS 0x0000000726800000, 0x0000000726800000| Untracked 
| 309|0x0000000726a00000, 0x0000000726c00000, 0x0000000726c00000|100%| O|  |TAMS 0x0000000726a00000, 0x0000000726a00000| Untracked 
| 310|0x0000000726c00000, 0x0000000726e00000, 0x0000000726e00000|100%| O|  |TAMS 0x0000000726c00000, 0x0000000726c00000| Untracked 
| 311|0x0000000726e00000, 0x0000000727000000, 0x0000000727000000|100%| O|  |TAMS 0x0000000726e00000, 0x0000000726e00000| Untracked 
| 312|0x0000000727000000, 0x0000000727200000, 0x0000000727200000|100%| O|  |TAMS 0x0000000727000000, 0x0000000727000000| Untracked 
| 313|0x0000000727200000, 0x0000000727400000, 0x0000000727400000|100%| O|  |TAMS 0x0000000727200000, 0x0000000727200000| Untracked 
| 314|0x0000000727400000, 0x0000000727600000, 0x0000000727600000|100%| O|  |TAMS 0x0000000727400000, 0x0000000727400000| Untracked 
| 315|0x0000000727600000, 0x0000000727800000, 0x0000000727800000|100%| O|  |TAMS 0x0000000727600000, 0x0000000727600000| Untracked 
| 316|0x0000000727800000, 0x0000000727a00000, 0x0000000727a00000|100%| O|  |TAMS 0x0000000727800000, 0x0000000727800000| Untracked 
| 317|0x0000000727a00000, 0x0000000727c00000, 0x0000000727c00000|100%| O|  |TAMS 0x0000000727a00000, 0x0000000727a00000| Untracked 
| 318|0x0000000727c00000, 0x0000000727e00000, 0x0000000727e00000|100%| O|  |TAMS 0x0000000727c00000, 0x0000000727c00000| Untracked 
| 319|0x0000000727e00000, 0x0000000728000000, 0x0000000728000000|100%| O|  |TAMS 0x0000000727e00000, 0x0000000727e00000| Untracked 
| 320|0x0000000728000000, 0x0000000728200000, 0x0000000728200000|100%| O|  |TAMS 0x0000000728000000, 0x0000000728000000| Untracked 
| 321|0x0000000728200000, 0x0000000728400000, 0x0000000728400000|100%| O|  |TAMS 0x0000000728200000, 0x0000000728200000| Untracked 
| 322|0x0000000728400000, 0x0000000728600000, 0x0000000728600000|100%| O|  |TAMS 0x0000000728400000, 0x0000000728400000| Untracked 
| 323|0x0000000728600000, 0x0000000728800000, 0x0000000728800000|100%| O|  |TAMS 0x0000000728600000, 0x0000000728600000| Untracked 
| 324|0x0000000728800000, 0x0000000728a00000, 0x0000000728a00000|100%| O|  |TAMS 0x0000000728800000, 0x0000000728800000| Untracked 
| 325|0x0000000728a00000, 0x0000000728c00000, 0x0000000728c00000|100%| O|  |TAMS 0x0000000728a00000, 0x0000000728a00000| Untracked 
| 326|0x0000000728c00000, 0x0000000728e00000, 0x0000000728e00000|100%| O|  |TAMS 0x0000000728c00000, 0x0000000728c00000| Untracked 
| 327|0x0000000728e00000, 0x0000000729000000, 0x0000000729000000|100%| O|  |TAMS 0x0000000728e00000, 0x0000000728e00000| Untracked 
| 328|0x0000000729000000, 0x0000000729200000, 0x0000000729200000|100%| O|  |TAMS 0x0000000729000000, 0x0000000729000000| Untracked 
| 329|0x0000000729200000, 0x0000000729400000, 0x0000000729400000|100%| O|  |TAMS 0x0000000729200000, 0x0000000729200000| Untracked 
| 330|0x0000000729400000, 0x0000000729600000, 0x0000000729600000|100%| O|  |TAMS 0x0000000729400000, 0x0000000729400000| Untracked 
| 331|0x0000000729600000, 0x0000000729800000, 0x0000000729800000|100%| O|  |TAMS 0x0000000729600000, 0x0000000729600000| Untracked 
| 332|0x0000000729800000, 0x0000000729a00000, 0x0000000729a00000|100%| O|  |TAMS 0x0000000729800000, 0x0000000729800000| Untracked 
| 333|0x0000000729a00000, 0x0000000729c00000, 0x0000000729c00000|100%| O|  |TAMS 0x0000000729a00000, 0x0000000729a00000| Untracked 
| 334|0x0000000729c00000, 0x0000000729e00000, 0x0000000729e00000|100%| O|  |TAMS 0x0000000729c00000, 0x0000000729c00000| Untracked 
| 335|0x0000000729e00000, 0x000000072a000000, 0x000000072a000000|100%| O|  |TAMS 0x0000000729e00000, 0x0000000729e00000| Untracked 
| 336|0x000000072a000000, 0x000000072a200000, 0x000000072a200000|100%| O|  |TAMS 0x000000072a000000, 0x000000072a000000| Untracked 
| 337|0x000000072a200000, 0x000000072a400000, 0x000000072a400000|100%| O|  |TAMS 0x000000072a200000, 0x000000072a200000| Untracked 
| 338|0x000000072a400000, 0x000000072a600000, 0x000000072a600000|100%| O|  |TAMS 0x000000072a400000, 0x000000072a400000| Untracked 
| 339|0x000000072a600000, 0x000000072a800000, 0x000000072a800000|100%| O|  |TAMS 0x000000072a600000, 0x000000072a600000| Untracked 
| 340|0x000000072a800000, 0x000000072aa00000, 0x000000072aa00000|100%| O|  |TAMS 0x000000072a800000, 0x000000072a800000| Untracked 
| 341|0x000000072aa00000, 0x000000072ac00000, 0x000000072ac00000|100%| O|  |TAMS 0x000000072aa00000, 0x000000072aa00000| Untracked 
| 342|0x000000072ac00000, 0x000000072ae00000, 0x000000072ae00000|100%| O|  |TAMS 0x000000072ac00000, 0x000000072ac00000| Untracked 
| 343|0x000000072ae00000, 0x000000072b000000, 0x000000072b000000|100%| O|  |TAMS 0x000000072ae00000, 0x000000072ae00000| Untracked 
| 344|0x000000072b000000, 0x000000072b200000, 0x000000072b200000|100%| O|  |TAMS 0x000000072b000000, 0x000000072b000000| Untracked 
| 345|0x000000072b200000, 0x000000072b400000, 0x000000072b400000|100%| O|  |TAMS 0x000000072b200000, 0x000000072b200000| Untracked 
| 346|0x000000072b400000, 0x000000072b600000, 0x000000072b600000|100%| O|  |TAMS 0x000000072b400000, 0x000000072b400000| Untracked 
| 347|0x000000072b600000, 0x000000072b800000, 0x000000072b800000|100%| O|  |TAMS 0x000000072b600000, 0x000000072b600000| Untracked 
| 348|0x000000072b800000, 0x000000072ba00000, 0x000000072ba00000|100%| O|  |TAMS 0x000000072b800000, 0x000000072b800000| Untracked 
| 349|0x000000072ba00000, 0x000000072bc00000, 0x000000072bc00000|100%| O|  |TAMS 0x000000072ba00000, 0x000000072ba00000| Untracked 
| 350|0x000000072bc00000, 0x000000072be00000, 0x000000072be00000|100%| O|  |TAMS 0x000000072bc00000, 0x000000072bc00000| Untracked 
| 351|0x000000072be00000, 0x000000072c000000, 0x000000072c000000|100%| O|  |TAMS 0x000000072be00000, 0x000000072be00000| Untracked 
| 352|0x000000072c000000, 0x000000072c200000, 0x000000072c200000|100%| O|  |TAMS 0x000000072c000000, 0x000000072c000000| Untracked 
| 353|0x000000072c200000, 0x000000072c400000, 0x000000072c400000|100%| O|  |TAMS 0x000000072c200000, 0x000000072c200000| Untracked 
| 354|0x000000072c400000, 0x000000072c600000, 0x000000072c600000|100%| O|  |TAMS 0x000000072c400000, 0x000000072c400000| Untracked 
| 355|0x000000072c600000, 0x000000072c800000, 0x000000072c800000|100%| O|  |TAMS 0x000000072c600000, 0x000000072c600000| Untracked 
| 356|0x000000072c800000, 0x000000072ca00000, 0x000000072ca00000|100%| O|  |TAMS 0x000000072c800000, 0x000000072c800000| Untracked 
| 357|0x000000072ca00000, 0x000000072cc00000, 0x000000072cc00000|100%| O|  |TAMS 0x000000072ca00000, 0x000000072ca00000| Untracked 
| 358|0x000000072cc00000, 0x000000072ce00000, 0x000000072ce00000|100%| O|  |TAMS 0x000000072cc00000, 0x000000072cc00000| Untracked 
| 359|0x000000072ce00000, 0x000000072d000000, 0x000000072d000000|100%| O|  |TAMS 0x000000072ce00000, 0x000000072ce00000| Untracked 
| 360|0x000000072d000000, 0x000000072d200000, 0x000000072d200000|100%| O|  |TAMS 0x000000072d000000, 0x000000072d000000| Untracked 
| 361|0x000000072d200000, 0x000000072d400000, 0x000000072d400000|100%| O|  |TAMS 0x000000072d200000, 0x000000072d200000| Untracked 
| 362|0x000000072d400000, 0x000000072d600000, 0x000000072d600000|100%| O|  |TAMS 0x000000072d400000, 0x000000072d400000| Untracked 
| 363|0x000000072d600000, 0x000000072d800000, 0x000000072d800000|100%| O|  |TAMS 0x000000072d600000, 0x000000072d600000| Untracked 
| 364|0x000000072d800000, 0x000000072da00000, 0x000000072da00000|100%| O|  |TAMS 0x000000072d800000, 0x000000072d800000| Untracked 
| 365|0x000000072da00000, 0x000000072dc00000, 0x000000072dc00000|100%| O|  |TAMS 0x000000072da00000, 0x000000072da00000| Untracked 
| 366|0x000000072dc00000, 0x000000072de00000, 0x000000072de00000|100%| O|  |TAMS 0x000000072dc00000, 0x000000072dc00000| Untracked 
| 367|0x000000072de00000, 0x000000072e000000, 0x000000072e000000|100%| O|  |TAMS 0x000000072de00000, 0x000000072de00000| Untracked 
| 368|0x000000072e000000, 0x000000072e200000, 0x000000072e200000|100%| O|  |TAMS 0x000000072e000000, 0x000000072e000000| Untracked 
| 369|0x000000072e200000, 0x000000072e400000, 0x000000072e400000|100%| O|  |TAMS 0x000000072e200000, 0x000000072e200000| Untracked 
| 370|0x000000072e400000, 0x000000072e600000, 0x000000072e600000|100%| O|  |TAMS 0x000000072e400000, 0x000000072e400000| Untracked 
| 371|0x000000072e600000, 0x000000072e800000, 0x000000072e800000|100%| O|  |TAMS 0x000000072e600000, 0x000000072e600000| Untracked 
| 372|0x000000072e800000, 0x000000072ea00000, 0x000000072ea00000|100%| O|  |TAMS 0x000000072e800000, 0x000000072e800000| Untracked 
| 373|0x000000072ea00000, 0x000000072ec00000, 0x000000072ec00000|100%| O|  |TAMS 0x000000072ea00000, 0x000000072ea00000| Untracked 
| 374|0x000000072ec00000, 0x000000072ee00000, 0x000000072ee00000|100%| O|  |TAMS 0x000000072ec00000, 0x000000072ec00000| Untracked 
| 375|0x000000072ee00000, 0x000000072f000000, 0x000000072f000000|100%| O|  |TAMS 0x000000072ee00000, 0x000000072ee00000| Untracked 
| 376|0x000000072f000000, 0x000000072f200000, 0x000000072f200000|100%| O|  |TAMS 0x000000072f000000, 0x000000072f000000| Untracked 
| 377|0x000000072f200000, 0x000000072f400000, 0x000000072f400000|100%| O|  |TAMS 0x000000072f200000, 0x000000072f200000| Untracked 
| 378|0x000000072f400000, 0x000000072f600000, 0x000000072f600000|100%| O|  |TAMS 0x000000072f400000, 0x000000072f400000| Untracked 
| 379|0x000000072f600000, 0x000000072f800000, 0x000000072f800000|100%| O|  |TAMS 0x000000072f600000, 0x000000072f600000| Untracked 
| 380|0x000000072f800000, 0x000000072fa00000, 0x000000072fa00000|100%| O|  |TAMS 0x000000072f800000, 0x000000072f800000| Untracked 
| 381|0x000000072fa00000, 0x000000072fc00000, 0x000000072fc00000|100%| O|  |TAMS 0x000000072fa00000, 0x000000072fa00000| Untracked 
| 382|0x000000072fc00000, 0x000000072fe00000, 0x000000072fe00000|100%| O|  |TAMS 0x000000072fc00000, 0x000000072fc00000| Untracked 
| 383|0x000000072fe00000, 0x0000000730000000, 0x0000000730000000|100%| O|  |TAMS 0x000000072fe00000, 0x000000072fe00000| Untracked 
| 384|0x0000000730000000, 0x0000000730200000, 0x0000000730200000|100%| O|  |TAMS 0x0000000730000000, 0x0000000730000000| Untracked 
| 385|0x0000000730200000, 0x0000000730400000, 0x0000000730400000|100%| O|  |TAMS 0x0000000730200000, 0x0000000730200000| Untracked 
| 386|0x0000000730400000, 0x0000000730600000, 0x0000000730600000|100%| O|  |TAMS 0x0000000730400000, 0x0000000730400000| Untracked 
| 387|0x0000000730600000, 0x0000000730800000, 0x0000000730800000|100%| O|  |TAMS 0x0000000730600000, 0x0000000730600000| Untracked 
| 388|0x0000000730800000, 0x0000000730a00000, 0x0000000730a00000|100%| O|  |TAMS 0x0000000730800000, 0x0000000730800000| Untracked 
| 389|0x0000000730a00000, 0x0000000730c00000, 0x0000000730c00000|100%| O|  |TAMS 0x0000000730a00000, 0x0000000730a00000| Untracked 
| 390|0x0000000730c00000, 0x0000000730e00000, 0x0000000730e00000|100%| O|  |TAMS 0x0000000730c00000, 0x0000000730c00000| Untracked 
| 391|0x0000000730e00000, 0x0000000731000000, 0x0000000731000000|100%| O|  |TAMS 0x0000000730e00000, 0x0000000730e00000| Untracked 
| 392|0x0000000731000000, 0x0000000731200000, 0x0000000731200000|100%| O|  |TAMS 0x0000000731000000, 0x0000000731000000| Untracked 
| 393|0x0000000731200000, 0x0000000731400000, 0x0000000731400000|100%| O|  |TAMS 0x0000000731200000, 0x0000000731200000| Untracked 
| 394|0x0000000731400000, 0x0000000731600000, 0x0000000731600000|100%| O|  |TAMS 0x0000000731400000, 0x0000000731400000| Untracked 
| 395|0x0000000731600000, 0x0000000731800000, 0x0000000731800000|100%| O|  |TAMS 0x0000000731600000, 0x0000000731600000| Untracked 
| 396|0x0000000731800000, 0x0000000731a00000, 0x0000000731a00000|100%| O|  |TAMS 0x0000000731800000, 0x0000000731800000| Untracked 
| 397|0x0000000731a00000, 0x0000000731c00000, 0x0000000731c00000|100%| O|  |TAMS 0x0000000731a00000, 0x0000000731a00000| Untracked 
| 398|0x0000000731c00000, 0x0000000731e00000, 0x0000000731e00000|100%| O|  |TAMS 0x0000000731c00000, 0x0000000731c00000| Untracked 
| 399|0x0000000731e00000, 0x0000000732000000, 0x0000000732000000|100%| O|  |TAMS 0x0000000731e00000, 0x0000000731e00000| Untracked 
| 400|0x0000000732000000, 0x0000000732200000, 0x0000000732200000|100%| O|  |TAMS 0x0000000732000000, 0x0000000732000000| Untracked 
| 401|0x0000000732200000, 0x0000000732400000, 0x0000000732400000|100%| O|  |TAMS 0x0000000732200000, 0x0000000732200000| Untracked 
| 402|0x0000000732400000, 0x0000000732600000, 0x0000000732600000|100%| O|  |TAMS 0x0000000732400000, 0x0000000732400000| Untracked 
| 403|0x0000000732600000, 0x0000000732800000, 0x0000000732800000|100%| O|  |TAMS 0x0000000732600000, 0x0000000732600000| Untracked 
| 404|0x0000000732800000, 0x0000000732a00000, 0x0000000732a00000|100%| O|  |TAMS 0x0000000732800000, 0x0000000732800000| Untracked 
| 405|0x0000000732a00000, 0x0000000732c00000, 0x0000000732c00000|100%| O|  |TAMS 0x0000000732a00000, 0x0000000732a00000| Untracked 
| 406|0x0000000732c00000, 0x0000000732e00000, 0x0000000732e00000|100%| O|  |TAMS 0x0000000732c00000, 0x0000000732c00000| Untracked 
| 407|0x0000000732e00000, 0x0000000733000000, 0x0000000733000000|100%| O|  |TAMS 0x0000000732e00000, 0x0000000732e00000| Untracked 
| 408|0x0000000733000000, 0x0000000733200000, 0x0000000733200000|100%| O|  |TAMS 0x0000000733000000, 0x0000000733000000| Untracked 
| 409|0x0000000733200000, 0x0000000733400000, 0x0000000733400000|100%| O|  |TAMS 0x0000000733200000, 0x0000000733200000| Untracked 
| 410|0x0000000733400000, 0x0000000733600000, 0x0000000733600000|100%| O|  |TAMS 0x0000000733400000, 0x0000000733400000| Untracked 
| 411|0x0000000733600000, 0x0000000733800000, 0x0000000733800000|100%| O|  |TAMS 0x0000000733600000, 0x0000000733600000| Untracked 
| 412|0x0000000733800000, 0x0000000733a00000, 0x0000000733a00000|100%| O|  |TAMS 0x0000000733800000, 0x0000000733800000| Untracked 
| 413|0x0000000733a00000, 0x0000000733c00000, 0x0000000733c00000|100%| O|  |TAMS 0x0000000733a00000, 0x0000000733a00000| Untracked 
| 414|0x0000000733c00000, 0x0000000733e00000, 0x0000000733e00000|100%| O|  |TAMS 0x0000000733c00000, 0x0000000733c00000| Untracked 
| 415|0x0000000733e00000, 0x0000000734000000, 0x0000000734000000|100%| O|  |TAMS 0x0000000733e00000, 0x0000000733e00000| Untracked 
| 416|0x0000000734000000, 0x0000000734200000, 0x0000000734200000|100%| O|  |TAMS 0x0000000734000000, 0x0000000734000000| Untracked 
| 417|0x0000000734200000, 0x0000000734400000, 0x0000000734400000|100%| O|  |TAMS 0x0000000734200000, 0x0000000734200000| Untracked 
| 418|0x0000000734400000, 0x0000000734600000, 0x0000000734600000|100%| O|  |TAMS 0x0000000734400000, 0x0000000734400000| Untracked 
| 419|0x0000000734600000, 0x0000000734800000, 0x0000000734800000|100%| O|  |TAMS 0x0000000734600000, 0x0000000734600000| Untracked 
| 420|0x0000000734800000, 0x0000000734a00000, 0x0000000734a00000|100%| O|  |TAMS 0x0000000734800000, 0x0000000734800000| Untracked 
| 421|0x0000000734a00000, 0x0000000734c00000, 0x0000000734c00000|100%| O|  |TAMS 0x0000000734a00000, 0x0000000734a00000| Untracked 
| 422|0x0000000734c00000, 0x0000000734e00000, 0x0000000734e00000|100%| O|  |TAMS 0x0000000734c00000, 0x0000000734c00000| Untracked 
| 423|0x0000000734e00000, 0x0000000735000000, 0x0000000735000000|100%| O|  |TAMS 0x0000000734e00000, 0x0000000734e00000| Untracked 
| 424|0x0000000735000000, 0x0000000735200000, 0x0000000735200000|100%| O|  |TAMS 0x0000000735000000, 0x0000000735000000| Untracked 
| 425|0x0000000735200000, 0x0000000735400000, 0x0000000735400000|100%| O|  |TAMS 0x0000000735200000, 0x0000000735200000| Untracked 
| 426|0x0000000735400000, 0x0000000735600000, 0x0000000735600000|100%| O|  |TAMS 0x0000000735400000, 0x0000000735400000| Untracked 
| 427|0x0000000735600000, 0x0000000735800000, 0x0000000735800000|100%| O|  |TAMS 0x0000000735600000, 0x0000000735600000| Untracked 
| 428|0x0000000735800000, 0x0000000735a00000, 0x0000000735a00000|100%| O|  |TAMS 0x0000000735800000, 0x0000000735800000| Untracked 
| 429|0x0000000735a00000, 0x0000000735c00000, 0x0000000735c00000|100%| O|  |TAMS 0x0000000735a00000, 0x0000000735a00000| Untracked 
| 430|0x0000000735c00000, 0x0000000735e00000, 0x0000000735e00000|100%| O|  |TAMS 0x0000000735c00000, 0x0000000735c00000| Untracked 
| 431|0x0000000735e00000, 0x0000000736000000, 0x0000000736000000|100%| O|  |TAMS 0x0000000735e00000, 0x0000000735e00000| Untracked 
| 432|0x0000000736000000, 0x0000000736200000, 0x0000000736200000|100%| O|  |TAMS 0x0000000736000000, 0x0000000736000000| Untracked 
| 433|0x0000000736200000, 0x0000000736400000, 0x0000000736400000|100%| O|  |TAMS 0x0000000736200000, 0x0000000736200000| Untracked 
| 434|0x0000000736400000, 0x0000000736600000, 0x0000000736600000|100%| O|  |TAMS 0x0000000736400000, 0x0000000736400000| Untracked 
| 435|0x0000000736600000, 0x0000000736800000, 0x0000000736800000|100%| O|  |TAMS 0x0000000736600000, 0x0000000736600000| Untracked 
| 436|0x0000000736800000, 0x0000000736a00000, 0x0000000736a00000|100%| O|  |TAMS 0x0000000736800000, 0x0000000736800000| Untracked 
| 437|0x0000000736a00000, 0x0000000736c00000, 0x0000000736c00000|100%| O|  |TAMS 0x0000000736a00000, 0x0000000736a00000| Untracked 
| 438|0x0000000736c00000, 0x0000000736e00000, 0x0000000736e00000|100%| O|  |TAMS 0x0000000736c00000, 0x0000000736c00000| Untracked 
| 439|0x0000000736e00000, 0x0000000737000000, 0x0000000737000000|100%| O|  |TAMS 0x0000000736e00000, 0x0000000736e00000| Untracked 
| 440|0x0000000737000000, 0x0000000737200000, 0x0000000737200000|100%| O|  |TAMS 0x0000000737000000, 0x0000000737000000| Untracked 
| 441|0x0000000737200000, 0x0000000737400000, 0x0000000737400000|100%| O|  |TAMS 0x0000000737200000, 0x0000000737200000| Untracked 
| 442|0x0000000737400000, 0x0000000737600000, 0x0000000737600000|100%| O|  |TAMS 0x0000000737400000, 0x0000000737400000| Untracked 
| 443|0x0000000737600000, 0x0000000737800000, 0x0000000737800000|100%| O|  |TAMS 0x0000000737600000, 0x0000000737600000| Untracked 
| 444|0x0000000737800000, 0x0000000737a00000, 0x0000000737a00000|100%| O|  |TAMS 0x0000000737800000, 0x0000000737800000| Untracked 
| 445|0x0000000737a00000, 0x0000000737c00000, 0x0000000737c00000|100%| O|  |TAMS 0x0000000737a00000, 0x0000000737a00000| Untracked 
| 446|0x0000000737c00000, 0x0000000737e00000, 0x0000000737e00000|100%| O|  |TAMS 0x0000000737c00000, 0x0000000737c00000| Untracked 
| 447|0x0000000737e00000, 0x0000000738000000, 0x0000000738000000|100%| O|  |TAMS 0x0000000737e00000, 0x0000000737e00000| Untracked 
| 448|0x0000000738000000, 0x0000000738200000, 0x0000000738200000|100%| O|  |TAMS 0x0000000738000000, 0x0000000738000000| Untracked 
| 449|0x0000000738200000, 0x0000000738400000, 0x0000000738400000|100%| O|  |TAMS 0x0000000738200000, 0x0000000738200000| Untracked 
| 450|0x0000000738400000, 0x0000000738600000, 0x0000000738600000|100%| O|  |TAMS 0x0000000738400000, 0x0000000738400000| Untracked 
| 451|0x0000000738600000, 0x0000000738800000, 0x0000000738800000|100%| O|  |TAMS 0x0000000738600000, 0x0000000738600000| Untracked 
| 452|0x0000000738800000, 0x0000000738a00000, 0x0000000738a00000|100%| O|  |TAMS 0x0000000738800000, 0x0000000738800000| Untracked 
| 453|0x0000000738a00000, 0x0000000738c00000, 0x0000000738c00000|100%| O|  |TAMS 0x0000000738a00000, 0x0000000738a00000| Untracked 
| 454|0x0000000738c00000, 0x0000000738e00000, 0x0000000738e00000|100%| O|  |TAMS 0x0000000738c00000, 0x0000000738c00000| Untracked 
| 455|0x0000000738e00000, 0x0000000739000000, 0x0000000739000000|100%| O|  |TAMS 0x0000000738e00000, 0x0000000738e00000| Untracked 
| 456|0x0000000739000000, 0x0000000739200000, 0x0000000739200000|100%| O|  |TAMS 0x0000000739000000, 0x0000000739000000| Untracked 
| 457|0x0000000739200000, 0x0000000739400000, 0x0000000739400000|100%| O|  |TAMS 0x0000000739200000, 0x0000000739200000| Untracked 
| 458|0x0000000739400000, 0x0000000739600000, 0x0000000739600000|100%| O|  |TAMS 0x0000000739400000, 0x0000000739400000| Untracked 
| 459|0x0000000739600000, 0x0000000739800000, 0x0000000739800000|100%| O|  |TAMS 0x0000000739600000, 0x0000000739600000| Untracked 
| 460|0x0000000739800000, 0x0000000739a00000, 0x0000000739a00000|100%| O|  |TAMS 0x0000000739800000, 0x0000000739800000| Untracked 
| 461|0x0000000739a00000, 0x0000000739c00000, 0x0000000739c00000|100%| O|  |TAMS 0x0000000739a00000, 0x0000000739a00000| Untracked 
| 462|0x0000000739c00000, 0x0000000739e00000, 0x0000000739e00000|100%| O|  |TAMS 0x0000000739c00000, 0x0000000739c00000| Untracked 
| 463|0x0000000739e00000, 0x000000073a000000, 0x000000073a000000|100%| O|  |TAMS 0x0000000739e00000, 0x0000000739e00000| Untracked 
| 464|0x000000073a000000, 0x000000073a200000, 0x000000073a200000|100%| O|  |TAMS 0x000000073a000000, 0x000000073a000000| Untracked 
| 465|0x000000073a200000, 0x000000073a400000, 0x000000073a400000|100%| O|  |TAMS 0x000000073a200000, 0x000000073a200000| Untracked 
| 466|0x000000073a400000, 0x000000073a600000, 0x000000073a600000|100%| O|  |TAMS 0x000000073a400000, 0x000000073a400000| Untracked 
| 467|0x000000073a600000, 0x000000073a800000, 0x000000073a800000|100%| O|  |TAMS 0x000000073a600000, 0x000000073a600000| Untracked 
| 468|0x000000073a800000, 0x000000073aa00000, 0x000000073aa00000|100%| O|  |TAMS 0x000000073a800000, 0x000000073a800000| Untracked 
| 469|0x000000073aa00000, 0x000000073ac00000, 0x000000073ac00000|100%| O|  |TAMS 0x000000073aa00000, 0x000000073aa00000| Untracked 
| 470|0x000000073ac00000, 0x000000073ae00000, 0x000000073ae00000|100%| O|  |TAMS 0x000000073ac00000, 0x000000073ac00000| Untracked 
| 471|0x000000073ae00000, 0x000000073b000000, 0x000000073b000000|100%| O|  |TAMS 0x000000073ae00000, 0x000000073ae00000| Untracked 
| 472|0x000000073b000000, 0x000000073b200000, 0x000000073b200000|100%| O|  |TAMS 0x000000073b000000, 0x000000073b000000| Untracked 
| 473|0x000000073b200000, 0x000000073b400000, 0x000000073b400000|100%| O|  |TAMS 0x000000073b200000, 0x000000073b200000| Untracked 
| 474|0x000000073b400000, 0x000000073b600000, 0x000000073b600000|100%| O|  |TAMS 0x000000073b400000, 0x000000073b400000| Untracked 
| 475|0x000000073b600000, 0x000000073b800000, 0x000000073b800000|100%| O|  |TAMS 0x000000073b600000, 0x000000073b600000| Untracked 
| 476|0x000000073b800000, 0x000000073ba00000, 0x000000073ba00000|100%| O|  |TAMS 0x000000073b800000, 0x000000073b800000| Untracked 
| 477|0x000000073ba00000, 0x000000073bc00000, 0x000000073bc00000|100%| O|  |TAMS 0x000000073ba00000, 0x000000073ba00000| Untracked 
| 478|0x000000073bc00000, 0x000000073be00000, 0x000000073be00000|100%| O|  |TAMS 0x000000073bc00000, 0x000000073bc00000| Untracked 
| 479|0x000000073be00000, 0x000000073c000000, 0x000000073c000000|100%| O|  |TAMS 0x000000073be00000, 0x000000073be00000| Untracked 
| 480|0x000000073c000000, 0x000000073c200000, 0x000000073c200000|100%| O|  |TAMS 0x000000073c000000, 0x000000073c000000| Untracked 
| 481|0x000000073c200000, 0x000000073c400000, 0x000000073c400000|100%| O|  |TAMS 0x000000073c200000, 0x000000073c200000| Untracked 
| 482|0x000000073c400000, 0x000000073c600000, 0x000000073c600000|100%| O|  |TAMS 0x000000073c400000, 0x000000073c400000| Untracked 
| 483|0x000000073c600000, 0x000000073c800000, 0x000000073c800000|100%| O|  |TAMS 0x000000073c600000, 0x000000073c600000| Untracked 
| 484|0x000000073c800000, 0x000000073ca00000, 0x000000073ca00000|100%| O|  |TAMS 0x000000073c800000, 0x000000073c800000| Untracked 
| 485|0x000000073ca00000, 0x000000073cc00000, 0x000000073cc00000|100%| O|  |TAMS 0x000000073ca00000, 0x000000073ca00000| Untracked 
| 486|0x000000073cc00000, 0x000000073ce00000, 0x000000073ce00000|100%| O|  |TAMS 0x000000073cc00000, 0x000000073cc00000| Untracked 
| 487|0x000000073ce00000, 0x000000073d000000, 0x000000073d000000|100%| O|  |TAMS 0x000000073ce00000, 0x000000073ce00000| Untracked 
| 488|0x000000073d000000, 0x000000073d200000, 0x000000073d200000|100%| O|  |TAMS 0x000000073d000000, 0x000000073d000000| Untracked 
| 489|0x000000073d200000, 0x000000073d400000, 0x000000073d400000|100%| O|  |TAMS 0x000000073d200000, 0x000000073d200000| Untracked 
| 490|0x000000073d400000, 0x000000073d600000, 0x000000073d600000|100%| O|  |TAMS 0x000000073d400000, 0x000000073d400000| Untracked 
| 491|0x000000073d600000, 0x000000073d800000, 0x000000073d800000|100%| O|  |TAMS 0x000000073d600000, 0x000000073d600000| Untracked 
| 492|0x000000073d800000, 0x000000073da00000, 0x000000073da00000|100%| O|  |TAMS 0x000000073d800000, 0x000000073d800000| Untracked 
| 493|0x000000073da00000, 0x000000073dc00000, 0x000000073dc00000|100%| O|  |TAMS 0x000000073da00000, 0x000000073da00000| Untracked 
| 494|0x000000073dc00000, 0x000000073de00000, 0x000000073de00000|100%| O|  |TAMS 0x000000073dc00000, 0x000000073dc00000| Untracked 
| 495|0x000000073de00000, 0x000000073e000000, 0x000000073e000000|100%| O|  |TAMS 0x000000073de00000, 0x000000073de00000| Untracked 
| 496|0x000000073e000000, 0x000000073e200000, 0x000000073e200000|100%| O|  |TAMS 0x000000073e000000, 0x000000073e000000| Untracked 
| 497|0x000000073e200000, 0x000000073e400000, 0x000000073e400000|100%| O|  |TAMS 0x000000073e200000, 0x000000073e200000| Untracked 
| 498|0x000000073e400000, 0x000000073e600000, 0x000000073e600000|100%| O|  |TAMS 0x000000073e400000, 0x000000073e400000| Untracked 
| 499|0x000000073e600000, 0x000000073e800000, 0x000000073e800000|100%| O|  |TAMS 0x000000073e600000, 0x000000073e600000| Untracked 
| 500|0x000000073e800000, 0x000000073ea00000, 0x000000073ea00000|100%| O|  |TAMS 0x000000073e800000, 0x000000073e800000| Untracked 
| 501|0x000000073ea00000, 0x000000073ec00000, 0x000000073ec00000|100%| O|  |TAMS 0x000000073ea00000, 0x000000073ea00000| Untracked 
| 502|0x000000073ec00000, 0x000000073ee00000, 0x000000073ee00000|100%| O|  |TAMS 0x000000073ec00000, 0x000000073ec00000| Untracked 
| 503|0x000000073ee00000, 0x000000073f000000, 0x000000073f000000|100%| O|  |TAMS 0x000000073ee00000, 0x000000073ee00000| Untracked 
| 504|0x000000073f000000, 0x000000073f200000, 0x000000073f200000|100%| O|  |TAMS 0x000000073f000000, 0x000000073f000000| Untracked 
| 505|0x000000073f200000, 0x000000073f400000, 0x000000073f400000|100%| O|  |TAMS 0x000000073f200000, 0x000000073f200000| Untracked 
| 506|0x000000073f400000, 0x000000073f600000, 0x000000073f600000|100%| O|  |TAMS 0x000000073f400000, 0x000000073f400000| Untracked 
| 507|0x000000073f600000, 0x000000073f800000, 0x000000073f800000|100%| O|  |TAMS 0x000000073f600000, 0x000000073f600000| Untracked 
| 508|0x000000073f800000, 0x000000073fa00000, 0x000000073fa00000|100%| O|  |TAMS 0x000000073f800000, 0x000000073f800000| Untracked 
| 509|0x000000073fa00000, 0x000000073fc00000, 0x000000073fc00000|100%| O|  |TAMS 0x000000073fa00000, 0x000000073fa00000| Untracked 
| 510|0x000000073fc00000, 0x000000073fe00000, 0x000000073fe00000|100%| O|  |TAMS 0x000000073fc00000, 0x000000073fc00000| Untracked 
| 511|0x000000073fe00000, 0x0000000740000000, 0x0000000740000000|100%| O|  |TAMS 0x000000073fe00000, 0x000000073fe00000| Untracked 
| 512|0x0000000740000000, 0x0000000740200000, 0x0000000740200000|100%| O|  |TAMS 0x0000000740000000, 0x0000000740000000| Untracked 
| 513|0x0000000740200000, 0x0000000740400000, 0x0000000740400000|100%| O|  |TAMS 0x0000000740200000, 0x0000000740200000| Untracked 
| 514|0x0000000740400000, 0x0000000740600000, 0x0000000740600000|100%| O|  |TAMS 0x0000000740400000, 0x0000000740400000| Untracked 
| 515|0x0000000740600000, 0x0000000740800000, 0x0000000740800000|100%| O|  |TAMS 0x0000000740600000, 0x0000000740600000| Untracked 
| 516|0x0000000740800000, 0x0000000740a00000, 0x0000000740a00000|100%| O|  |TAMS 0x0000000740800000, 0x0000000740800000| Untracked 
| 517|0x0000000740a00000, 0x0000000740c00000, 0x0000000740c00000|100%| O|  |TAMS 0x0000000740a00000, 0x0000000740a00000| Untracked 
| 518|0x0000000740c00000, 0x0000000740e00000, 0x0000000740e00000|100%| O|  |TAMS 0x0000000740c00000, 0x0000000740c00000| Untracked 
| 519|0x0000000740e00000, 0x0000000741000000, 0x0000000741000000|100%| O|  |TAMS 0x0000000740e00000, 0x0000000740e00000| Untracked 
| 520|0x0000000741000000, 0x0000000741200000, 0x0000000741200000|100%| O|  |TAMS 0x0000000741000000, 0x0000000741000000| Untracked 
| 521|0x0000000741200000, 0x0000000741400000, 0x0000000741400000|100%| O|  |TAMS 0x0000000741200000, 0x0000000741200000| Untracked 
| 522|0x0000000741400000, 0x0000000741600000, 0x0000000741600000|100%| O|  |TAMS 0x0000000741400000, 0x0000000741400000| Untracked 
| 523|0x0000000741600000, 0x0000000741800000, 0x0000000741800000|100%| O|  |TAMS 0x0000000741600000, 0x0000000741600000| Untracked 
| 524|0x0000000741800000, 0x0000000741a00000, 0x0000000741a00000|100%| O|  |TAMS 0x0000000741800000, 0x0000000741800000| Untracked 
| 525|0x0000000741a00000, 0x0000000741c00000, 0x0000000741c00000|100%| O|  |TAMS 0x0000000741a00000, 0x0000000741a00000| Untracked 
| 526|0x0000000741c00000, 0x0000000741e00000, 0x0000000741e00000|100%| O|  |TAMS 0x0000000741c00000, 0x0000000741c00000| Untracked 
| 527|0x0000000741e00000, 0x0000000742000000, 0x0000000742000000|100%| O|  |TAMS 0x0000000741e00000, 0x0000000741e00000| Untracked 
| 528|0x0000000742000000, 0x0000000742200000, 0x0000000742200000|100%| O|  |TAMS 0x0000000742000000, 0x0000000742000000| Untracked 
| 529|0x0000000742200000, 0x0000000742400000, 0x0000000742400000|100%| O|  |TAMS 0x0000000742200000, 0x0000000742200000| Untracked 
| 530|0x0000000742400000, 0x0000000742600000, 0x0000000742600000|100%| O|  |TAMS 0x0000000742400000, 0x0000000742400000| Untracked 
| 531|0x0000000742600000, 0x0000000742800000, 0x0000000742800000|100%| O|  |TAMS 0x0000000742600000, 0x0000000742600000| Untracked 
| 532|0x0000000742800000, 0x0000000742a00000, 0x0000000742a00000|100%| O|  |TAMS 0x0000000742800000, 0x0000000742800000| Untracked 
| 533|0x0000000742a00000, 0x0000000742c00000, 0x0000000742c00000|100%| O|  |TAMS 0x0000000742a00000, 0x0000000742a00000| Untracked 
| 534|0x0000000742c00000, 0x0000000742e00000, 0x0000000742e00000|100%| O|  |TAMS 0x0000000742c00000, 0x0000000742c00000| Untracked 
| 535|0x0000000742e00000, 0x0000000743000000, 0x0000000743000000|100%| O|  |TAMS 0x0000000742e00000, 0x0000000742e00000| Untracked 
| 536|0x0000000743000000, 0x0000000743200000, 0x0000000743200000|100%| O|  |TAMS 0x0000000743000000, 0x0000000743000000| Untracked 
| 537|0x0000000743200000, 0x0000000743400000, 0x0000000743400000|100%| O|  |TAMS 0x0000000743200000, 0x0000000743200000| Untracked 
| 538|0x0000000743400000, 0x0000000743600000, 0x0000000743600000|100%| O|  |TAMS 0x0000000743400000, 0x0000000743400000| Untracked 
| 539|0x0000000743600000, 0x0000000743800000, 0x0000000743800000|100%| O|  |TAMS 0x0000000743600000, 0x0000000743600000| Untracked 
| 540|0x0000000743800000, 0x0000000743a00000, 0x0000000743a00000|100%| O|  |TAMS 0x0000000743800000, 0x0000000743800000| Untracked 
| 541|0x0000000743a00000, 0x0000000743c00000, 0x0000000743c00000|100%| O|  |TAMS 0x0000000743a00000, 0x0000000743a00000| Untracked 
| 542|0x0000000743c00000, 0x0000000743e00000, 0x0000000743e00000|100%| O|  |TAMS 0x0000000743c00000, 0x0000000743c00000| Untracked 
| 543|0x0000000743e00000, 0x0000000744000000, 0x0000000744000000|100%| O|  |TAMS 0x0000000743e00000, 0x0000000743e00000| Untracked 
| 544|0x0000000744000000, 0x0000000744200000, 0x0000000744200000|100%| O|  |TAMS 0x0000000744000000, 0x0000000744000000| Untracked 
| 545|0x0000000744200000, 0x0000000744400000, 0x0000000744400000|100%| O|  |TAMS 0x0000000744200000, 0x0000000744200000| Untracked 
| 546|0x0000000744400000, 0x0000000744400000, 0x0000000744600000|  0%| F|  |TAMS 0x0000000744400000, 0x0000000744400000| Untracked 
| 547|0x0000000744600000, 0x0000000744800000, 0x0000000744800000|100%| O|  |TAMS 0x0000000744600000, 0x0000000744600000| Untracked 
| 548|0x0000000744800000, 0x0000000744a00000, 0x0000000744a00000|100%| O|  |TAMS 0x0000000744800000, 0x0000000744800000| Untracked 
| 549|0x0000000744a00000, 0x0000000744c00000, 0x0000000744c00000|100%| O|  |TAMS 0x0000000744a00000, 0x0000000744a00000| Untracked 
| 550|0x0000000744c00000, 0x0000000744e00000, 0x0000000744e00000|100%| O|  |TAMS 0x0000000744c00000, 0x0000000744c00000| Untracked 
| 551|0x0000000744e00000, 0x0000000745000000, 0x0000000745000000|100%| O|  |TAMS 0x0000000744e00000, 0x0000000744e00000| Untracked 
| 552|0x0000000745000000, 0x0000000745200000, 0x0000000745200000|100%| O|  |TAMS 0x0000000745000000, 0x0000000745000000| Untracked 
| 553|0x0000000745200000, 0x0000000745400000, 0x0000000745400000|100%| O|  |TAMS 0x0000000745200000, 0x0000000745200000| Untracked 
| 554|0x0000000745400000, 0x0000000745600000, 0x0000000745600000|100%| O|  |TAMS 0x0000000745400000, 0x0000000745400000| Untracked 
| 555|0x0000000745600000, 0x0000000745800000, 0x0000000745800000|100%| O|  |TAMS 0x0000000745600000, 0x0000000745600000| Untracked 
| 556|0x0000000745800000, 0x0000000745a00000, 0x0000000745a00000|100%| O|  |TAMS 0x0000000745800000, 0x0000000745800000| Untracked 
| 557|0x0000000745a00000, 0x0000000745c00000, 0x0000000745c00000|100%| O|  |TAMS 0x0000000745a00000, 0x0000000745a00000| Untracked 
| 558|0x0000000745c00000, 0x0000000745e00000, 0x0000000745e00000|100%| O|  |TAMS 0x0000000745c00000, 0x0000000745c00000| Untracked 
| 559|0x0000000745e00000, 0x0000000746000000, 0x0000000746000000|100%| O|  |TAMS 0x0000000745e00000, 0x0000000745e00000| Untracked 
| 560|0x0000000746000000, 0x0000000746200000, 0x0000000746200000|100%| O|  |TAMS 0x0000000746000000, 0x0000000746000000| Untracked 
| 561|0x0000000746200000, 0x0000000746400000, 0x0000000746400000|100%| O|  |TAMS 0x0000000746200000, 0x0000000746200000| Untracked 
| 562|0x0000000746400000, 0x0000000746600000, 0x0000000746600000|100%| O|  |TAMS 0x0000000746400000, 0x0000000746400000| Untracked 
| 563|0x0000000746600000, 0x0000000746800000, 0x0000000746800000|100%| O|  |TAMS 0x0000000746600000, 0x0000000746600000| Untracked 
| 564|0x0000000746800000, 0x0000000746a00000, 0x0000000746a00000|100%| O|  |TAMS 0x0000000746800000, 0x0000000746800000| Untracked 
| 565|0x0000000746a00000, 0x0000000746c00000, 0x0000000746c00000|100%| O|  |TAMS 0x0000000746a00000, 0x0000000746a00000| Untracked 
| 566|0x0000000746c00000, 0x0000000746dac200, 0x0000000746e00000| 83%| O|  |TAMS 0x0000000746c00000, 0x0000000746c00000| Untracked 
| 567|0x0000000746e00000, 0x0000000746e00000, 0x0000000747000000|  0%| F|  |TAMS 0x0000000746e00000, 0x0000000746e00000| Untracked 
| 568|0x0000000747000000, 0x0000000747000000, 0x0000000747200000|  0%| F|  |TAMS 0x0000000747000000, 0x0000000747000000| Untracked 
| 569|0x0000000747200000, 0x0000000747200000, 0x0000000747400000|  0%| F|  |TAMS 0x0000000747200000, 0x0000000747200000| Untracked 
| 570|0x0000000747400000, 0x0000000747400000, 0x0000000747600000|  0%| F|  |TAMS 0x0000000747400000, 0x0000000747400000| Untracked 
| 571|0x0000000747600000, 0x0000000747600000, 0x0000000747800000|  0%| F|  |TAMS 0x0000000747600000, 0x0000000747600000| Untracked 
| 572|0x0000000747800000, 0x0000000747800000, 0x0000000747a00000|  0%| F|  |TAMS 0x0000000747800000, 0x0000000747800000| Untracked 
| 573|0x0000000747a00000, 0x0000000747a00000, 0x0000000747c00000|  0%| F|  |TAMS 0x0000000747a00000, 0x0000000747a00000| Untracked 
| 574|0x0000000747c00000, 0x0000000747c00000, 0x0000000747e00000|  0%| F|  |TAMS 0x0000000747c00000, 0x0000000747c00000| Untracked 
| 575|0x0000000747e00000, 0x0000000747e00000, 0x0000000748000000|  0%| F|  |TAMS 0x0000000747e00000, 0x0000000747e00000| Untracked 
| 576|0x0000000748000000, 0x0000000748000000, 0x0000000748200000|  0%| F|  |TAMS 0x0000000748000000, 0x0000000748000000| Untracked 
| 577|0x0000000748200000, 0x0000000748200000, 0x0000000748400000|  0%| F|  |TAMS 0x0000000748200000, 0x0000000748200000| Untracked 
| 578|0x0000000748400000, 0x0000000748400000, 0x0000000748600000|  0%| F|  |TAMS 0x0000000748400000, 0x0000000748400000| Untracked 
| 579|0x0000000748600000, 0x0000000748600000, 0x0000000748800000|  0%| F|  |TAMS 0x0000000748600000, 0x0000000748600000| Untracked 
| 580|0x0000000748800000, 0x0000000748800000, 0x0000000748a00000|  0%| F|  |TAMS 0x0000000748800000, 0x0000000748800000| Untracked 
| 581|0x0000000748a00000, 0x0000000748a00000, 0x0000000748c00000|  0%| F|  |TAMS 0x0000000748a00000, 0x0000000748a00000| Untracked 
| 582|0x0000000748c00000, 0x0000000748c00000, 0x0000000748e00000|  0%| F|  |TAMS 0x0000000748c00000, 0x0000000748c00000| Untracked 
| 583|0x0000000748e00000, 0x0000000748e00000, 0x0000000749000000|  0%| F|  |TAMS 0x0000000748e00000, 0x0000000748e00000| Untracked 
| 584|0x0000000749000000, 0x0000000749000000, 0x0000000749200000|  0%| F|  |TAMS 0x0000000749000000, 0x0000000749000000| Untracked 
| 585|0x0000000749200000, 0x0000000749200000, 0x0000000749400000|  0%| F|  |TAMS 0x0000000749200000, 0x0000000749200000| Untracked 
| 586|0x0000000749400000, 0x0000000749400000, 0x0000000749600000|  0%| F|  |TAMS 0x0000000749400000, 0x0000000749400000| Untracked 
| 587|0x0000000749600000, 0x0000000749600000, 0x0000000749800000|  0%| F|  |TAMS 0x0000000749600000, 0x0000000749600000| Untracked 
| 588|0x0000000749800000, 0x0000000749800000, 0x0000000749a00000|  0%| F|  |TAMS 0x0000000749800000, 0x0000000749800000| Untracked 
| 589|0x0000000749a00000, 0x0000000749a00000, 0x0000000749c00000|  0%| F|  |TAMS 0x0000000749a00000, 0x0000000749a00000| Untracked 
| 590|0x0000000749c00000, 0x0000000749c00000, 0x0000000749e00000|  0%| F|  |TAMS 0x0000000749c00000, 0x0000000749c00000| Untracked 
| 591|0x0000000749e00000, 0x0000000749e00000, 0x000000074a000000|  0%| F|  |TAMS 0x0000000749e00000, 0x0000000749e00000| Untracked 
| 592|0x000000074a000000, 0x000000074a000000, 0x000000074a200000|  0%| F|  |TAMS 0x000000074a000000, 0x000000074a000000| Untracked 
| 593|0x000000074a200000, 0x000000074a200000, 0x000000074a400000|  0%| F|  |TAMS 0x000000074a200000, 0x000000074a200000| Untracked 
| 594|0x000000074a400000, 0x000000074a400000, 0x000000074a600000|  0%| F|  |TAMS 0x000000074a400000, 0x000000074a400000| Untracked 
| 595|0x000000074a600000, 0x000000074a600000, 0x000000074a800000|  0%| F|  |TAMS 0x000000074a600000, 0x000000074a600000| Untracked 
| 596|0x000000074a800000, 0x000000074a800000, 0x000000074aa00000|  0%| F|  |TAMS 0x000000074a800000, 0x000000074a800000| Untracked 
| 597|0x000000074aa00000, 0x000000074aa00000, 0x000000074ac00000|  0%| F|  |TAMS 0x000000074aa00000, 0x000000074aa00000| Untracked 
| 598|0x000000074ac00000, 0x000000074ac00000, 0x000000074ae00000|  0%| F|  |TAMS 0x000000074ac00000, 0x000000074ac00000| Untracked 
| 599|0x000000074ae00000, 0x000000074ae00000, 0x000000074b000000|  0%| F|  |TAMS 0x000000074ae00000, 0x000000074ae00000| Untracked 
| 600|0x000000074b000000, 0x000000074b000000, 0x000000074b200000|  0%| F|  |TAMS 0x000000074b000000, 0x000000074b000000| Untracked 
| 601|0x000000074b200000, 0x000000074b200000, 0x000000074b400000|  0%| F|  |TAMS 0x000000074b200000, 0x000000074b200000| Untracked 
| 602|0x000000074b400000, 0x000000074b400000, 0x000000074b600000|  0%| F|  |TAMS 0x000000074b400000, 0x000000074b400000| Untracked 
| 603|0x000000074b600000, 0x000000074b600000, 0x000000074b800000|  0%| F|  |TAMS 0x000000074b600000, 0x000000074b600000| Untracked 
| 604|0x000000074b800000, 0x000000074b800000, 0x000000074ba00000|  0%| F|  |TAMS 0x000000074b800000, 0x000000074b800000| Untracked 
| 605|0x000000074ba00000, 0x000000074ba00000, 0x000000074bc00000|  0%| F|  |TAMS 0x000000074ba00000, 0x000000074ba00000| Untracked 
| 606|0x000000074bc00000, 0x000000074bc00000, 0x000000074be00000|  0%| F|  |TAMS 0x000000074bc00000, 0x000000074bc00000| Untracked 
| 607|0x000000074be00000, 0x000000074be00000, 0x000000074c000000|  0%| F|  |TAMS 0x000000074be00000, 0x000000074be00000| Untracked 
| 608|0x000000074c000000, 0x000000074c000000, 0x000000074c200000|  0%| F|  |TAMS 0x000000074c000000, 0x000000074c000000| Untracked 
| 609|0x000000074c200000, 0x000000074c200000, 0x000000074c400000|  0%| F|  |TAMS 0x000000074c200000, 0x000000074c200000| Untracked 
| 610|0x000000074c400000, 0x000000074c400000, 0x000000074c600000|  0%| F|  |TAMS 0x000000074c400000, 0x000000074c400000| Untracked 
| 611|0x000000074c600000, 0x000000074c600000, 0x000000074c800000|  0%| F|  |TAMS 0x000000074c600000, 0x000000074c600000| Untracked 
| 612|0x000000074c800000, 0x000000074c800000, 0x000000074ca00000|  0%| F|  |TAMS 0x000000074c800000, 0x000000074c800000| Untracked 
| 613|0x000000074ca00000, 0x000000074ca00000, 0x000000074cc00000|  0%| F|  |TAMS 0x000000074ca00000, 0x000000074ca00000| Untracked 
| 614|0x000000074cc00000, 0x000000074cc00000, 0x000000074ce00000|  0%| F|  |TAMS 0x000000074cc00000, 0x000000074cc00000| Untracked 
| 615|0x000000074ce00000, 0x000000074ce00000, 0x000000074d000000|  0%| F|  |TAMS 0x000000074ce00000, 0x000000074ce00000| Untracked 
| 616|0x000000074d000000, 0x000000074d000000, 0x000000074d200000|  0%| F|  |TAMS 0x000000074d000000, 0x000000074d000000| Untracked 
| 617|0x000000074d200000, 0x000000074d200000, 0x000000074d400000|  0%| F|  |TAMS 0x000000074d200000, 0x000000074d200000| Untracked 
| 618|0x000000074d400000, 0x000000074d400000, 0x000000074d600000|  0%| F|  |TAMS 0x000000074d400000, 0x000000074d400000| Untracked 
| 619|0x000000074d600000, 0x000000074d600000, 0x000000074d800000|  0%| F|  |TAMS 0x000000074d600000, 0x000000074d600000| Untracked 
| 620|0x000000074d800000, 0x000000074d800000, 0x000000074da00000|  0%| F|  |TAMS 0x000000074d800000, 0x000000074d800000| Untracked 
| 621|0x000000074da00000, 0x000000074da00000, 0x000000074dc00000|  0%| F|  |TAMS 0x000000074da00000, 0x000000074da00000| Untracked 
| 622|0x000000074dc00000, 0x000000074dc00000, 0x000000074de00000|  0%| F|  |TAMS 0x000000074dc00000, 0x000000074dc00000| Untracked 
| 623|0x000000074de00000, 0x000000074de00000, 0x000000074e000000|  0%| F|  |TAMS 0x000000074de00000, 0x000000074de00000| Untracked 
| 624|0x000000074e000000, 0x000000074e000000, 0x000000074e200000|  0%| F|  |TAMS 0x000000074e000000, 0x000000074e000000| Untracked 
| 625|0x000000074e200000, 0x000000074e200000, 0x000000074e400000|  0%| F|  |TAMS 0x000000074e200000, 0x000000074e200000| Untracked 
| 626|0x000000074e400000, 0x000000074e400000, 0x000000074e600000|  0%| F|  |TAMS 0x000000074e400000, 0x000000074e400000| Untracked 
| 627|0x000000074e600000, 0x000000074e600000, 0x000000074e800000|  0%| F|  |TAMS 0x000000074e600000, 0x000000074e600000| Untracked 
| 628|0x000000074e800000, 0x000000074e800000, 0x000000074ea00000|  0%| F|  |TAMS 0x000000074e800000, 0x000000074e800000| Untracked 
| 629|0x000000074ea00000, 0x000000074ea00000, 0x000000074ec00000|  0%| F|  |TAMS 0x000000074ea00000, 0x000000074ea00000| Untracked 
| 630|0x000000074ec00000, 0x000000074ec00000, 0x000000074ee00000|  0%| F|  |TAMS 0x000000074ec00000, 0x000000074ec00000| Untracked 
| 631|0x000000074ee00000, 0x000000074ee00000, 0x000000074f000000|  0%| F|  |TAMS 0x000000074ee00000, 0x000000074ee00000| Untracked 
| 632|0x000000074f000000, 0x000000074f000000, 0x000000074f200000|  0%| F|  |TAMS 0x000000074f000000, 0x000000074f000000| Untracked 
| 633|0x000000074f200000, 0x000000074f400000, 0x000000074f400000|100%| O|  |TAMS 0x000000074f400000, 0x000000074f200000| Untracked 
| 634|0x000000074f400000, 0x000000074f400000, 0x000000074f600000|  0%| F|  |TAMS 0x000000074f400000, 0x000000074f400000| Untracked 
| 635|0x000000074f600000, 0x000000074f600000, 0x000000074f800000|  0%| F|  |TAMS 0x000000074f600000, 0x000000074f600000| Untracked 
| 636|0x000000074f800000, 0x000000074f800000, 0x000000074fa00000|  0%| F|  |TAMS 0x000000074f800000, 0x000000074f800000| Untracked 
| 637|0x000000074fa00000, 0x000000074fa00000, 0x000000074fc00000|  0%| F|  |TAMS 0x000000074fa00000, 0x000000074fa00000| Untracked 
| 638|0x000000074fc00000, 0x000000074fc00000, 0x000000074fe00000|  0%| F|  |TAMS 0x000000074fc00000, 0x000000074fc00000| Untracked 
| 639|0x000000074fe00000, 0x000000074fe00000, 0x0000000750000000|  0%| F|  |TAMS 0x000000074fe00000, 0x000000074fe00000| Untracked 
| 640|0x0000000750000000, 0x0000000750000000, 0x0000000750200000|  0%| F|  |TAMS 0x0000000750000000, 0x0000000750000000| Untracked 
| 641|0x0000000750200000, 0x0000000750200000, 0x0000000750400000|  0%| F|  |TAMS 0x0000000750200000, 0x0000000750200000| Untracked 
| 642|0x0000000750400000, 0x0000000750400000, 0x0000000750600000|  0%| F|  |TAMS 0x0000000750400000, 0x0000000750400000| Untracked 
| 643|0x0000000750600000, 0x0000000750600000, 0x0000000750800000|  0%| F|  |TAMS 0x0000000750600000, 0x0000000750600000| Untracked 
| 644|0x0000000750800000, 0x0000000750800000, 0x0000000750a00000|  0%| F|  |TAMS 0x0000000750800000, 0x0000000750800000| Untracked 
| 645|0x0000000750a00000, 0x0000000750a00000, 0x0000000750c00000|  0%| F|  |TAMS 0x0000000750a00000, 0x0000000750a00000| Untracked 
| 646|0x0000000750c00000, 0x0000000750c00000, 0x0000000750e00000|  0%| F|  |TAMS 0x0000000750c00000, 0x0000000750c00000| Untracked 
| 647|0x0000000750e00000, 0x0000000750e00000, 0x0000000751000000|  0%| F|  |TAMS 0x0000000750e00000, 0x0000000750e00000| Untracked 
| 648|0x0000000751000000, 0x0000000751000000, 0x0000000751200000|  0%| F|  |TAMS 0x0000000751000000, 0x0000000751000000| Untracked 
| 649|0x0000000751200000, 0x0000000751200000, 0x0000000751400000|  0%| F|  |TAMS 0x0000000751200000, 0x0000000751200000| Untracked 
| 650|0x0000000751400000, 0x0000000751400000, 0x0000000751600000|  0%| F|  |TAMS 0x0000000751400000, 0x0000000751400000| Untracked 
| 651|0x0000000751600000, 0x0000000751800000, 0x0000000751800000|100%| O|  |TAMS 0x0000000751800000, 0x0000000751600000| Untracked 
| 652|0x0000000751800000, 0x0000000751800000, 0x0000000751a00000|  0%| F|  |TAMS 0x0000000751800000, 0x0000000751800000| Untracked 
| 653|0x0000000751a00000, 0x0000000751a00000, 0x0000000751c00000|  0%| F|  |TAMS 0x0000000751a00000, 0x0000000751a00000| Untracked 
| 654|0x0000000751c00000, 0x0000000751c00000, 0x0000000751e00000|  0%| F|  |TAMS 0x0000000751c00000, 0x0000000751c00000| Untracked 
| 655|0x0000000751e00000, 0x0000000751e00000, 0x0000000752000000|  0%| F|  |TAMS 0x0000000751e00000, 0x0000000751e00000| Untracked 
| 656|0x0000000752000000, 0x0000000752000000, 0x0000000752200000|  0%| F|  |TAMS 0x0000000752000000, 0x0000000752000000| Untracked 
| 657|0x0000000752200000, 0x0000000752200000, 0x0000000752400000|  0%| F|  |TAMS 0x0000000752200000, 0x0000000752200000| Untracked 
| 658|0x0000000752400000, 0x0000000752400000, 0x0000000752600000|  0%| F|  |TAMS 0x0000000752400000, 0x0000000752400000| Untracked 
| 659|0x0000000752600000, 0x0000000752600000, 0x0000000752800000|  0%| F|  |TAMS 0x0000000752600000, 0x0000000752600000| Untracked 
| 660|0x0000000752800000, 0x0000000752800000, 0x0000000752a00000|  0%| F|  |TAMS 0x0000000752800000, 0x0000000752800000| Untracked 
| 661|0x0000000752a00000, 0x0000000752a00000, 0x0000000752c00000|  0%| F|  |TAMS 0x0000000752a00000, 0x0000000752a00000| Untracked 
| 662|0x0000000752c00000, 0x0000000752e00000, 0x0000000752e00000|100%| O|  |TAMS 0x0000000752e00000, 0x0000000752c00000| Untracked 
| 663|0x0000000752e00000, 0x0000000753000000, 0x0000000753000000|100%| O|  |TAMS 0x0000000753000000, 0x0000000752e00000| Untracked 
| 664|0x0000000753000000, 0x0000000753200000, 0x0000000753200000|100%| O|  |TAMS 0x0000000753200000, 0x0000000753000000| Untracked 
| 665|0x0000000753200000, 0x0000000753400000, 0x0000000753400000|100%| O|  |TAMS 0x0000000753400000, 0x0000000753200000| Untracked 
| 666|0x0000000753400000, 0x0000000753600000, 0x0000000753600000|100%| O|  |TAMS 0x0000000753600000, 0x0000000753400000| Untracked 
| 667|0x0000000753600000, 0x0000000753800000, 0x0000000753800000|100%| O|  |TAMS 0x0000000753800000, 0x0000000753600000| Untracked 
| 668|0x0000000753800000, 0x0000000753a00000, 0x0000000753a00000|100%| O|  |TAMS 0x0000000753a00000, 0x0000000753800000| Untracked 
| 669|0x0000000753a00000, 0x0000000753c00000, 0x0000000753c00000|100%| O|  |TAMS 0x0000000753c00000, 0x0000000753a00000| Untracked 
| 670|0x0000000753c00000, 0x0000000753e00000, 0x0000000753e00000|100%| O|  |TAMS 0x0000000753e00000, 0x0000000753c00000| Untracked 
| 671|0x0000000753e00000, 0x0000000753e00000, 0x0000000754000000|  0%| F|  |TAMS 0x0000000753e00000, 0x0000000753e00000| Untracked 
| 672|0x0000000754000000, 0x0000000754200000, 0x0000000754200000|100%| O|  |TAMS 0x0000000754200000, 0x0000000754000000| Untracked 
| 673|0x0000000754200000, 0x0000000754400000, 0x0000000754400000|100%| O|  |TAMS 0x0000000754400000, 0x0000000754200000| Untracked 
| 674|0x0000000754400000, 0x0000000754600000, 0x0000000754600000|100%| O|  |TAMS 0x0000000754600000, 0x0000000754400000| Untracked 
| 675|0x0000000754600000, 0x0000000754800000, 0x0000000754800000|100%| O|  |TAMS 0x0000000754800000, 0x0000000754600000| Untracked 
| 676|0x0000000754800000, 0x0000000754a00000, 0x0000000754a00000|100%| O|  |TAMS 0x0000000754a00000, 0x0000000754800000| Untracked 
| 677|0x0000000754a00000, 0x0000000754c00000, 0x0000000754c00000|100%| O|  |TAMS 0x0000000754c00000, 0x0000000754a00000| Untracked 
| 678|0x0000000754c00000, 0x0000000754e00000, 0x0000000754e00000|100%| O|  |TAMS 0x0000000754e00000, 0x0000000754c00000| Untracked 
| 679|0x0000000754e00000, 0x0000000755000000, 0x0000000755000000|100%| O|  |TAMS 0x0000000755000000, 0x0000000754e00000| Untracked 
| 680|0x0000000755000000, 0x0000000755200000, 0x0000000755200000|100%| O|  |TAMS 0x0000000755200000, 0x0000000755000000| Untracked 
| 681|0x0000000755200000, 0x0000000755400000, 0x0000000755400000|100%| O|  |TAMS 0x0000000755400000, 0x0000000755200000| Untracked 
| 682|0x0000000755400000, 0x0000000755600000, 0x0000000755600000|100%| O|  |TAMS 0x0000000755600000, 0x0000000755400000| Untracked 
| 683|0x0000000755600000, 0x0000000755800000, 0x0000000755800000|100%| O|  |TAMS 0x0000000755800000, 0x0000000755600000| Untracked 
| 684|0x0000000755800000, 0x0000000755a00000, 0x0000000755a00000|100%| O|  |TAMS 0x0000000755a00000, 0x0000000755800000| Untracked 
| 685|0x0000000755a00000, 0x0000000755c00000, 0x0000000755c00000|100%| O|  |TAMS 0x0000000755c00000, 0x0000000755a00000| Untracked 
| 686|0x0000000755c00000, 0x0000000755c00000, 0x0000000755e00000|  0%| F|  |TAMS 0x0000000755c00000, 0x0000000755c00000| Untracked 
| 687|0x0000000755e00000, 0x0000000756000000, 0x0000000756000000|100%| O|  |TAMS 0x0000000756000000, 0x0000000755e00000| Untracked 
| 688|0x0000000756000000, 0x0000000756200000, 0x0000000756200000|100%| O|  |TAMS 0x0000000756200000, 0x0000000756000000| Untracked 
| 689|0x0000000756200000, 0x0000000756200000, 0x0000000756400000|  0%| F|  |TAMS 0x0000000756200000, 0x0000000756200000| Untracked 
| 690|0x0000000756400000, 0x0000000756400000, 0x0000000756600000|  0%| F|  |TAMS 0x0000000756400000, 0x0000000756400000| Untracked 
| 691|0x0000000756600000, 0x0000000756800000, 0x0000000756800000|100%| O|  |TAMS 0x0000000756800000, 0x0000000756600000| Untracked 
| 692|0x0000000756800000, 0x0000000756a00000, 0x0000000756a00000|100%| O|  |TAMS 0x0000000756a00000, 0x0000000756800000| Untracked 
| 693|0x0000000756a00000, 0x0000000756c00000, 0x0000000756c00000|100%| O|  |TAMS 0x0000000756c00000, 0x0000000756a00000| Untracked 
| 694|0x0000000756c00000, 0x0000000756e00000, 0x0000000756e00000|100%| O|  |TAMS 0x0000000756e00000, 0x0000000756c00000| Untracked 
| 695|0x0000000756e00000, 0x0000000757000000, 0x0000000757000000|100%| O|  |TAMS 0x0000000757000000, 0x0000000756e00000| Untracked 
| 696|0x0000000757000000, 0x0000000757200000, 0x0000000757200000|100%| O|  |TAMS 0x0000000757200000, 0x0000000757000000| Untracked 
| 697|0x0000000757200000, 0x0000000757400000, 0x0000000757400000|100%| O|  |TAMS 0x0000000757400000, 0x0000000757200000| Untracked 
| 698|0x0000000757400000, 0x0000000757600000, 0x0000000757600000|100%| O|  |TAMS 0x0000000757600000, 0x0000000757400000| Untracked 
| 699|0x0000000757600000, 0x0000000757800000, 0x0000000757800000|100%| O|  |TAMS 0x0000000757800000, 0x0000000757600000| Untracked 
| 700|0x0000000757800000, 0x0000000757a00000, 0x0000000757a00000|100%| O|  |TAMS 0x0000000757a00000, 0x0000000757800000| Untracked 
| 701|0x0000000757a00000, 0x0000000757c00000, 0x0000000757c00000|100%| O|  |TAMS 0x0000000757c00000, 0x0000000757a00000| Untracked 
| 702|0x0000000757c00000, 0x0000000757e00000, 0x0000000757e00000|100%| O|  |TAMS 0x0000000757e00000, 0x0000000757c00000| Untracked 
| 703|0x0000000757e00000, 0x0000000757e00000, 0x0000000758000000|  0%| F|  |TAMS 0x0000000757e00000, 0x0000000757e00000| Untracked 
| 704|0x0000000758000000, 0x0000000758000000, 0x0000000758200000|  0%| F|  |TAMS 0x0000000758000000, 0x0000000758000000| Untracked 
| 705|0x0000000758200000, 0x0000000758400000, 0x0000000758400000|100%| O|  |TAMS 0x0000000758400000, 0x0000000758200000| Untracked 
| 706|0x0000000758400000, 0x0000000758600000, 0x0000000758600000|100%| O|  |TAMS 0x0000000758600000, 0x0000000758400000| Untracked 
| 707|0x0000000758600000, 0x0000000758800000, 0x0000000758800000|100%| O|  |TAMS 0x0000000758800000, 0x0000000758600000| Untracked 
| 708|0x0000000758800000, 0x0000000758a00000, 0x0000000758a00000|100%| O|  |TAMS 0x0000000758a00000, 0x0000000758800000| Untracked 
| 709|0x0000000758a00000, 0x0000000758c00000, 0x0000000758c00000|100%| O|  |TAMS 0x0000000758c00000, 0x0000000758a00000| Untracked 
| 710|0x0000000758c00000, 0x0000000758e00000, 0x0000000758e00000|100%| O|  |TAMS 0x0000000758e00000, 0x0000000758c00000| Untracked 
| 711|0x0000000758e00000, 0x0000000759000000, 0x0000000759000000|100%| O|  |TAMS 0x0000000759000000, 0x0000000758e00000| Untracked 
| 712|0x0000000759000000, 0x0000000759200000, 0x0000000759200000|100%|HS|  |TAMS 0x0000000759200000, 0x0000000759000000| Complete 
| 713|0x0000000759200000, 0x0000000759400000, 0x0000000759400000|100%| O|  |TAMS 0x0000000759400000, 0x0000000759200000| Untracked 
| 714|0x0000000759400000, 0x0000000759600000, 0x0000000759600000|100%| O|  |TAMS 0x0000000759600000, 0x0000000759400000| Untracked 
| 715|0x0000000759600000, 0x0000000759800000, 0x0000000759800000|100%| O|  |TAMS 0x0000000759800000, 0x0000000759600000| Untracked 
| 716|0x0000000759800000, 0x0000000759800000, 0x0000000759a00000|  0%| F|  |TAMS 0x0000000759800000, 0x0000000759800000| Untracked 
| 717|0x0000000759a00000, 0x0000000759c00000, 0x0000000759c00000|100%| O|  |TAMS 0x0000000759c00000, 0x0000000759a00000| Untracked 
| 718|0x0000000759c00000, 0x0000000759e00000, 0x0000000759e00000|100%| O|  |TAMS 0x0000000759e00000, 0x0000000759c00000| Untracked 
| 719|0x0000000759e00000, 0x000000075a000000, 0x000000075a000000|100%| O|  |TAMS 0x000000075a000000, 0x0000000759e00000| Untracked 
| 720|0x000000075a000000, 0x000000075a200000, 0x000000075a200000|100%| O|  |TAMS 0x000000075a200000, 0x000000075a000000| Untracked 
| 721|0x000000075a200000, 0x000000075a400000, 0x000000075a400000|100%| O|  |TAMS 0x000000075a400000, 0x000000075a200000| Untracked 
| 722|0x000000075a400000, 0x000000075a600000, 0x000000075a600000|100%| O|  |TAMS 0x000000075a600000, 0x000000075a400000| Untracked 
| 723|0x000000075a600000, 0x000000075a600000, 0x000000075a800000|  0%| F|  |TAMS 0x000000075a600000, 0x000000075a600000| Untracked 
| 724|0x000000075a800000, 0x000000075aa00000, 0x000000075aa00000|100%| O|  |TAMS 0x000000075aa00000, 0x000000075a800000| Untracked 
| 725|0x000000075aa00000, 0x000000075ac00000, 0x000000075ac00000|100%| O|  |TAMS 0x000000075ac00000, 0x000000075aa00000| Untracked 
| 726|0x000000075ac00000, 0x000000075ae00000, 0x000000075ae00000|100%| O|  |TAMS 0x000000075ae00000, 0x000000075ac00000| Untracked 
| 727|0x000000075ae00000, 0x000000075b000000, 0x000000075b000000|100%| O|  |TAMS 0x000000075b000000, 0x000000075ae00000| Untracked 
| 728|0x000000075b000000, 0x000000075b200000, 0x000000075b200000|100%| O|  |TAMS 0x000000075b200000, 0x000000075b000000| Untracked 
| 729|0x000000075b200000, 0x000000075b400000, 0x000000075b400000|100%| O|  |TAMS 0x000000075b400000, 0x000000075b200000| Untracked 
| 730|0x000000075b400000, 0x000000075b400000, 0x000000075b600000|  0%| F|  |TAMS 0x000000075b400000, 0x000000075b400000| Untracked 
| 731|0x000000075b600000, 0x000000075b600000, 0x000000075b800000|  0%| F|  |TAMS 0x000000075b600000, 0x000000075b600000| Untracked 
| 732|0x000000075b800000, 0x000000075ba00000, 0x000000075ba00000|100%| O|  |TAMS 0x000000075ba00000, 0x000000075b800000| Untracked 
| 733|0x000000075ba00000, 0x000000075bc00000, 0x000000075bc00000|100%| O|  |TAMS 0x000000075bc00000, 0x000000075ba00000| Untracked 
| 734|0x000000075bc00000, 0x000000075be00000, 0x000000075be00000|100%| O|  |TAMS 0x000000075be00000, 0x000000075bc00000| Untracked 
| 735|0x000000075be00000, 0x000000075be00000, 0x000000075c000000|  0%| F|  |TAMS 0x000000075be00000, 0x000000075be00000| Untracked 
| 736|0x000000075c000000, 0x000000075c200000, 0x000000075c200000|100%| O|  |TAMS 0x000000075c200000, 0x000000075c000000| Untracked 
| 737|0x000000075c200000, 0x000000075c200000, 0x000000075c400000|  0%| F|  |TAMS 0x000000075c200000, 0x000000075c200000| Untracked 
| 738|0x000000075c400000, 0x000000075c400000, 0x000000075c600000|  0%| F|  |TAMS 0x000000075c400000, 0x000000075c400000| Untracked 
| 739|0x000000075c600000, 0x000000075c600000, 0x000000075c800000|  0%| F|  |TAMS 0x000000075c600000, 0x000000075c600000| Untracked 
| 740|0x000000075c800000, 0x000000075c800000, 0x000000075ca00000|  0%| F|  |TAMS 0x000000075c800000, 0x000000075c800000| Untracked 
| 741|0x000000075ca00000, 0x000000075ca00000, 0x000000075cc00000|  0%| F|  |TAMS 0x000000075ca00000, 0x000000075ca00000| Untracked 
| 742|0x000000075cc00000, 0x000000075cc00000, 0x000000075ce00000|  0%| F|  |TAMS 0x000000075cc00000, 0x000000075cc00000| Untracked 
| 743|0x000000075ce00000, 0x000000075ce00000, 0x000000075d000000|  0%| F|  |TAMS 0x000000075ce00000, 0x000000075ce00000| Untracked 
| 744|0x000000075d000000, 0x000000075d000000, 0x000000075d200000|  0%| F|  |TAMS 0x000000075d000000, 0x000000075d000000| Untracked 
| 745|0x000000075d200000, 0x000000075d200000, 0x000000075d400000|  0%| F|  |TAMS 0x000000075d200000, 0x000000075d200000| Untracked 
| 746|0x000000075d400000, 0x000000075d400000, 0x000000075d600000|  0%| F|  |TAMS 0x000000075d400000, 0x000000075d400000| Untracked 
| 747|0x000000075d600000, 0x000000075d600000, 0x000000075d800000|  0%| F|  |TAMS 0x000000075d600000, 0x000000075d600000| Untracked 
| 748|0x000000075d800000, 0x000000075d800000, 0x000000075da00000|  0%| F|  |TAMS 0x000000075d800000, 0x000000075d800000| Untracked 
| 749|0x000000075da00000, 0x000000075da00000, 0x000000075dc00000|  0%| F|  |TAMS 0x000000075da00000, 0x000000075da00000| Untracked 
| 750|0x000000075dc00000, 0x000000075dc00000, 0x000000075de00000|  0%| F|  |TAMS 0x000000075dc00000, 0x000000075dc00000| Untracked 
| 751|0x000000075de00000, 0x000000075de00000, 0x000000075e000000|  0%| F|  |TAMS 0x000000075de00000, 0x000000075de00000| Untracked 
| 752|0x000000075e000000, 0x000000075e000000, 0x000000075e200000|  0%| F|  |TAMS 0x000000075e000000, 0x000000075e000000| Untracked 
| 753|0x000000075e200000, 0x000000075e200000, 0x000000075e400000|  0%| F|  |TAMS 0x000000075e200000, 0x000000075e200000| Untracked 
| 754|0x000000075e400000, 0x000000075e400000, 0x000000075e600000|  0%| F|  |TAMS 0x000000075e400000, 0x000000075e400000| Untracked 
| 755|0x000000075e600000, 0x000000075e600000, 0x000000075e800000|  0%| F|  |TAMS 0x000000075e600000, 0x000000075e600000| Untracked 
| 756|0x000000075e800000, 0x000000075e800000, 0x000000075ea00000|  0%| F|  |TAMS 0x000000075e800000, 0x000000075e800000| Untracked 
| 757|0x000000075ea00000, 0x000000075ea00000, 0x000000075ec00000|  0%| F|  |TAMS 0x000000075ea00000, 0x000000075ea00000| Untracked 
| 758|0x000000075ec00000, 0x000000075ec00000, 0x000000075ee00000|  0%| F|  |TAMS 0x000000075ec00000, 0x000000075ec00000| Untracked 
| 759|0x000000075ee00000, 0x000000075ee00000, 0x000000075f000000|  0%| F|  |TAMS 0x000000075ee00000, 0x000000075ee00000| Untracked 
| 760|0x000000075f000000, 0x000000075f000000, 0x000000075f200000|  0%| F|  |TAMS 0x000000075f000000, 0x000000075f000000| Untracked 
| 761|0x000000075f200000, 0x000000075f200000, 0x000000075f400000|  0%| F|  |TAMS 0x000000075f200000, 0x000000075f200000| Untracked 
| 762|0x000000075f400000, 0x000000075f400000, 0x000000075f600000|  0%| F|  |TAMS 0x000000075f400000, 0x000000075f400000| Untracked 
| 763|0x000000075f600000, 0x000000075f600000, 0x000000075f800000|  0%| F|  |TAMS 0x000000075f600000, 0x000000075f600000| Untracked 
| 764|0x000000075f800000, 0x000000075f800000, 0x000000075fa00000|  0%| F|  |TAMS 0x000000075f800000, 0x000000075f800000| Untracked 
| 765|0x000000075fa00000, 0x000000075fa00000, 0x000000075fc00000|  0%| F|  |TAMS 0x000000075fa00000, 0x000000075fa00000| Untracked 
| 766|0x000000075fc00000, 0x000000075fc00000, 0x000000075fe00000|  0%| F|  |TAMS 0x000000075fc00000, 0x000000075fc00000| Untracked 
| 767|0x000000075fe00000, 0x000000075fe00000, 0x0000000760000000|  0%| F|  |TAMS 0x000000075fe00000, 0x000000075fe00000| Untracked 
| 768|0x0000000760000000, 0x0000000760000000, 0x0000000760200000|  0%| F|  |TAMS 0x0000000760000000, 0x0000000760000000| Untracked 
| 769|0x0000000760200000, 0x0000000760200000, 0x0000000760400000|  0%| F|  |TAMS 0x0000000760200000, 0x0000000760200000| Untracked 
| 770|0x0000000760400000, 0x0000000760400000, 0x0000000760600000|  0%| F|  |TAMS 0x0000000760400000, 0x0000000760400000| Untracked 
| 771|0x0000000760600000, 0x0000000760600000, 0x0000000760800000|  0%| F|  |TAMS 0x0000000760600000, 0x0000000760600000| Untracked 
| 772|0x0000000760800000, 0x0000000760800000, 0x0000000760a00000|  0%| F|  |TAMS 0x0000000760800000, 0x0000000760800000| Untracked 
| 773|0x0000000760a00000, 0x0000000760a00000, 0x0000000760c00000|  0%| F|  |TAMS 0x0000000760a00000, 0x0000000760a00000| Untracked 
| 774|0x0000000760c00000, 0x0000000760c00000, 0x0000000760e00000|  0%| F|  |TAMS 0x0000000760c00000, 0x0000000760c00000| Untracked 
| 775|0x0000000760e00000, 0x0000000760e00000, 0x0000000761000000|  0%| F|  |TAMS 0x0000000760e00000, 0x0000000760e00000| Untracked 
| 776|0x0000000761000000, 0x0000000761000000, 0x0000000761200000|  0%| F|  |TAMS 0x0000000761000000, 0x0000000761000000| Untracked 
| 777|0x0000000761200000, 0x0000000761200000, 0x0000000761400000|  0%| F|  |TAMS 0x0000000761200000, 0x0000000761200000| Untracked 
| 778|0x0000000761400000, 0x0000000761400000, 0x0000000761600000|  0%| F|  |TAMS 0x0000000761400000, 0x0000000761400000| Untracked 
| 779|0x0000000761600000, 0x0000000761600000, 0x0000000761800000|  0%| F|  |TAMS 0x0000000761600000, 0x0000000761600000| Untracked 
| 780|0x0000000761800000, 0x0000000761800000, 0x0000000761a00000|  0%| F|  |TAMS 0x0000000761800000, 0x0000000761800000| Untracked 
| 781|0x0000000761a00000, 0x0000000761a00000, 0x0000000761c00000|  0%| F|  |TAMS 0x0000000761a00000, 0x0000000761a00000| Untracked 
| 782|0x0000000761c00000, 0x0000000761c00000, 0x0000000761e00000|  0%| F|  |TAMS 0x0000000761c00000, 0x0000000761c00000| Untracked 
| 783|0x0000000761e00000, 0x0000000761e00000, 0x0000000762000000|  0%| F|  |TAMS 0x0000000761e00000, 0x0000000761e00000| Untracked 
| 784|0x0000000762000000, 0x0000000762000000, 0x0000000762200000|  0%| F|  |TAMS 0x0000000762000000, 0x0000000762000000| Untracked 
| 785|0x0000000762200000, 0x0000000762200000, 0x0000000762400000|  0%| F|  |TAMS 0x0000000762200000, 0x0000000762200000| Untracked 
| 786|0x0000000762400000, 0x0000000762400000, 0x0000000762600000|  0%| F|  |TAMS 0x0000000762400000, 0x0000000762400000| Untracked 
| 787|0x0000000762600000, 0x0000000762600000, 0x0000000762800000|  0%| F|  |TAMS 0x0000000762600000, 0x0000000762600000| Untracked 
| 788|0x0000000762800000, 0x0000000762a00000, 0x0000000762a00000|100%| S|CS|TAMS 0x0000000762800000, 0x0000000762800000| Complete 
| 789|0x0000000762a00000, 0x0000000762c00000, 0x0000000762c00000|100%| S|CS|TAMS 0x0000000762a00000, 0x0000000762a00000| Complete 
| 790|0x0000000762c00000, 0x0000000762e00000, 0x0000000762e00000|100%| S|CS|TAMS 0x0000000762c00000, 0x0000000762c00000| Complete 
| 791|0x0000000762e00000, 0x0000000763000000, 0x0000000763000000|100%| S|CS|TAMS 0x0000000762e00000, 0x0000000762e00000| Complete 
| 792|0x0000000763000000, 0x0000000763200000, 0x0000000763200000|100%| S|CS|TAMS 0x0000000763000000, 0x0000000763000000| Complete 
| 793|0x0000000763200000, 0x0000000763400000, 0x0000000763400000|100%| S|CS|TAMS 0x0000000763200000, 0x0000000763200000| Complete 
| 794|0x0000000763400000, 0x0000000763600000, 0x0000000763600000|100%| S|CS|TAMS 0x0000000763400000, 0x0000000763400000| Complete 
| 795|0x0000000763600000, 0x0000000763800000, 0x0000000763800000|100%| S|CS|TAMS 0x0000000763600000, 0x0000000763600000| Complete 
| 796|0x0000000763800000, 0x0000000763800000, 0x0000000763a00000|  0%| F|  |TAMS 0x0000000763800000, 0x0000000763800000| Untracked 
| 797|0x0000000763a00000, 0x0000000763a00000, 0x0000000763c00000|  0%| F|  |TAMS 0x0000000763a00000, 0x0000000763a00000| Untracked 
| 798|0x0000000763c00000, 0x0000000763c00000, 0x0000000763e00000|  0%| F|  |TAMS 0x0000000763c00000, 0x0000000763c00000| Untracked 
| 799|0x0000000763e00000, 0x0000000763e00000, 0x0000000764000000|  0%| F|  |TAMS 0x0000000763e00000, 0x0000000763e00000| Untracked 
| 800|0x0000000764000000, 0x0000000764000000, 0x0000000764200000|  0%| F|  |TAMS 0x0000000764000000, 0x0000000764000000| Untracked 
| 801|0x0000000764200000, 0x0000000764200000, 0x0000000764400000|  0%| F|  |TAMS 0x0000000764200000, 0x0000000764200000| Untracked 
| 802|0x0000000764400000, 0x0000000764400000, 0x0000000764600000|  0%| F|  |TAMS 0x0000000764400000, 0x0000000764400000| Untracked 
| 803|0x0000000764600000, 0x0000000764600000, 0x0000000764800000|  0%| F|  |TAMS 0x0000000764600000, 0x0000000764600000| Untracked 
| 804|0x0000000764800000, 0x0000000764800000, 0x0000000764a00000|  0%| F|  |TAMS 0x0000000764800000, 0x0000000764800000| Untracked 
| 805|0x0000000764a00000, 0x0000000764a00000, 0x0000000764c00000|  0%| F|  |TAMS 0x0000000764a00000, 0x0000000764a00000| Untracked 
| 806|0x0000000764c00000, 0x0000000764c00000, 0x0000000764e00000|  0%| F|  |TAMS 0x0000000764c00000, 0x0000000764c00000| Untracked 
| 807|0x0000000764e00000, 0x0000000764e00000, 0x0000000765000000|  0%| F|  |TAMS 0x0000000764e00000, 0x0000000764e00000| Untracked 
| 808|0x0000000765000000, 0x0000000765000000, 0x0000000765200000|  0%| F|  |TAMS 0x0000000765000000, 0x0000000765000000| Untracked 
| 809|0x0000000765200000, 0x0000000765200000, 0x0000000765400000|  0%| F|  |TAMS 0x0000000765200000, 0x0000000765200000| Untracked 
| 810|0x0000000765400000, 0x0000000765400000, 0x0000000765600000|  0%| F|  |TAMS 0x0000000765400000, 0x0000000765400000| Untracked 
| 811|0x0000000765600000, 0x0000000765600000, 0x0000000765800000|  0%| F|  |TAMS 0x0000000765600000, 0x0000000765600000| Untracked 
| 812|0x0000000765800000, 0x0000000765800000, 0x0000000765a00000|  0%| F|  |TAMS 0x0000000765800000, 0x0000000765800000| Untracked 
| 813|0x0000000765a00000, 0x0000000765a00000, 0x0000000765c00000|  0%| F|  |TAMS 0x0000000765a00000, 0x0000000765a00000| Untracked 
| 814|0x0000000765c00000, 0x0000000765c00000, 0x0000000765e00000|  0%| F|  |TAMS 0x0000000765c00000, 0x0000000765c00000| Untracked 
| 815|0x0000000765e00000, 0x0000000765e00000, 0x0000000766000000|  0%| F|  |TAMS 0x0000000765e00000, 0x0000000765e00000| Untracked 
| 816|0x0000000766000000, 0x0000000766000000, 0x0000000766200000|  0%| F|  |TAMS 0x0000000766000000, 0x0000000766000000| Untracked 
| 817|0x0000000766200000, 0x0000000766200000, 0x0000000766400000|  0%| F|  |TAMS 0x0000000766200000, 0x0000000766200000| Untracked 
| 818|0x0000000766400000, 0x0000000766400000, 0x0000000766600000|  0%| F|  |TAMS 0x0000000766400000, 0x0000000766400000| Untracked 
| 819|0x0000000766600000, 0x0000000766600000, 0x0000000766800000|  0%| F|  |TAMS 0x0000000766600000, 0x0000000766600000| Untracked 
| 820|0x0000000766800000, 0x0000000766a00000, 0x0000000766a00000|100%| S|CS|TAMS 0x0000000766800000, 0x0000000766800000| Complete 
| 821|0x0000000766a00000, 0x0000000766c00000, 0x0000000766c00000|100%| S|CS|TAMS 0x0000000766a00000, 0x0000000766a00000| Complete 
| 822|0x0000000766c00000, 0x0000000766e00000, 0x0000000766e00000|100%| S|CS|TAMS 0x0000000766c00000, 0x0000000766c00000| Complete 
| 823|0x0000000766e00000, 0x0000000767000000, 0x0000000767000000|100%| S|CS|TAMS 0x0000000766e00000, 0x0000000766e00000| Complete 
| 824|0x0000000767000000, 0x0000000767000000, 0x0000000767200000|  0%| F|  |TAMS 0x0000000767000000, 0x0000000767000000| Untracked 
| 825|0x0000000767200000, 0x0000000767200000, 0x0000000767400000|  0%| F|  |TAMS 0x0000000767200000, 0x0000000767200000| Untracked 
| 826|0x0000000767400000, 0x0000000767400000, 0x0000000767600000|  0%| F|  |TAMS 0x0000000767400000, 0x0000000767400000| Untracked 
| 827|0x0000000767600000, 0x0000000767600000, 0x0000000767800000|  0%| F|  |TAMS 0x0000000767600000, 0x0000000767600000| Untracked 
| 828|0x0000000767800000, 0x0000000767800000, 0x0000000767a00000|  0%| F|  |TAMS 0x0000000767800000, 0x0000000767800000| Untracked 
| 829|0x0000000767a00000, 0x0000000767a00000, 0x0000000767c00000|  0%| F|  |TAMS 0x0000000767a00000, 0x0000000767a00000| Untracked 
| 830|0x0000000767c00000, 0x0000000767c00000, 0x0000000767e00000|  0%| F|  |TAMS 0x0000000767c00000, 0x0000000767c00000| Untracked 
| 831|0x0000000767e00000, 0x0000000767e00000, 0x0000000768000000|  0%| F|  |TAMS 0x0000000767e00000, 0x0000000767e00000| Untracked 
| 832|0x0000000768000000, 0x0000000768000000, 0x0000000768200000|  0%| F|  |TAMS 0x0000000768000000, 0x0000000768000000| Untracked 
| 833|0x0000000768200000, 0x0000000768200000, 0x0000000768400000|  0%| F|  |TAMS 0x0000000768200000, 0x0000000768200000| Untracked 
| 834|0x0000000768400000, 0x0000000768400000, 0x0000000768600000|  0%| F|  |TAMS 0x0000000768400000, 0x0000000768400000| Untracked 
| 835|0x0000000768600000, 0x0000000768600000, 0x0000000768800000|  0%| F|  |TAMS 0x0000000768600000, 0x0000000768600000| Untracked 
| 836|0x0000000768800000, 0x0000000768800000, 0x0000000768a00000|  0%| F|  |TAMS 0x0000000768800000, 0x0000000768800000| Untracked 
| 837|0x0000000768a00000, 0x0000000768a00000, 0x0000000768c00000|  0%| F|  |TAMS 0x0000000768a00000, 0x0000000768a00000| Untracked 
| 838|0x0000000768c00000, 0x0000000768c00000, 0x0000000768e00000|  0%| F|  |TAMS 0x0000000768c00000, 0x0000000768c00000| Untracked 
| 839|0x0000000768e00000, 0x0000000768e00000, 0x0000000769000000|  0%| F|  |TAMS 0x0000000768e00000, 0x0000000768e00000| Untracked 
| 840|0x0000000769000000, 0x0000000769000000, 0x0000000769200000|  0%| F|  |TAMS 0x0000000769000000, 0x0000000769000000| Untracked 
| 841|0x0000000769200000, 0x0000000769200000, 0x0000000769400000|  0%| F|  |TAMS 0x0000000769200000, 0x0000000769200000| Untracked 
| 842|0x0000000769400000, 0x0000000769400000, 0x0000000769600000|  0%| F|  |TAMS 0x0000000769400000, 0x0000000769400000| Untracked 
| 843|0x0000000769600000, 0x0000000769600000, 0x0000000769800000|  0%| F|  |TAMS 0x0000000769600000, 0x0000000769600000| Untracked 
| 844|0x0000000769800000, 0x0000000769800000, 0x0000000769a00000|  0%| F|  |TAMS 0x0000000769800000, 0x0000000769800000| Untracked 
| 845|0x0000000769a00000, 0x0000000769a00000, 0x0000000769c00000|  0%| F|  |TAMS 0x0000000769a00000, 0x0000000769a00000| Untracked 
| 846|0x0000000769c00000, 0x0000000769c00000, 0x0000000769e00000|  0%| F|  |TAMS 0x0000000769c00000, 0x0000000769c00000| Untracked 
| 847|0x0000000769e00000, 0x0000000769e00000, 0x000000076a000000|  0%| F|  |TAMS 0x0000000769e00000, 0x0000000769e00000| Untracked 
| 848|0x000000076a000000, 0x000000076a000000, 0x000000076a200000|  0%| F|  |TAMS 0x000000076a000000, 0x000000076a000000| Untracked 
| 849|0x000000076a200000, 0x000000076a200000, 0x000000076a400000|  0%| F|  |TAMS 0x000000076a200000, 0x000000076a200000| Untracked 
| 850|0x000000076a400000, 0x000000076a400000, 0x000000076a600000|  0%| F|  |TAMS 0x000000076a400000, 0x000000076a400000| Untracked 
| 851|0x000000076a600000, 0x000000076a600000, 0x000000076a800000|  0%| F|  |TAMS 0x000000076a600000, 0x000000076a600000| Untracked 
| 852|0x000000076a800000, 0x000000076a800000, 0x000000076aa00000|  0%| F|  |TAMS 0x000000076a800000, 0x000000076a800000| Untracked 
| 853|0x000000076aa00000, 0x000000076aa00000, 0x000000076ac00000|  0%| F|  |TAMS 0x000000076aa00000, 0x000000076aa00000| Untracked 
| 854|0x000000076ac00000, 0x000000076ac00000, 0x000000076ae00000|  0%| F|  |TAMS 0x000000076ac00000, 0x000000076ac00000| Untracked 
| 855|0x000000076ae00000, 0x000000076ae00000, 0x000000076b000000|  0%| F|  |TAMS 0x000000076ae00000, 0x000000076ae00000| Untracked 
| 856|0x000000076b000000, 0x000000076b000000, 0x000000076b200000|  0%| F|  |TAMS 0x000000076b000000, 0x000000076b000000| Untracked 
| 857|0x000000076b200000, 0x000000076b200000, 0x000000076b400000|  0%| F|  |TAMS 0x000000076b200000, 0x000000076b200000| Untracked 
| 858|0x000000076b400000, 0x000000076b400000, 0x000000076b600000|  0%| F|  |TAMS 0x000000076b400000, 0x000000076b400000| Untracked 
| 859|0x000000076b600000, 0x000000076b600000, 0x000000076b800000|  0%| F|  |TAMS 0x000000076b600000, 0x000000076b600000| Untracked 
| 860|0x000000076b800000, 0x000000076b800000, 0x000000076ba00000|  0%| F|  |TAMS 0x000000076b800000, 0x000000076b800000| Untracked 
| 861|0x000000076ba00000, 0x000000076ba00000, 0x000000076bc00000|  0%| F|  |TAMS 0x000000076ba00000, 0x000000076ba00000| Untracked 
| 862|0x000000076bc00000, 0x000000076bc00000, 0x000000076be00000|  0%| F|  |TAMS 0x000000076bc00000, 0x000000076bc00000| Untracked 
| 863|0x000000076be00000, 0x000000076be00000, 0x000000076c000000|  0%| F|  |TAMS 0x000000076be00000, 0x000000076be00000| Untracked 
| 864|0x000000076c000000, 0x000000076c000000, 0x000000076c200000|  0%| F|  |TAMS 0x000000076c000000, 0x000000076c000000| Untracked 
| 865|0x000000076c200000, 0x000000076c200000, 0x000000076c400000|  0%| F|  |TAMS 0x000000076c200000, 0x000000076c200000| Untracked 
| 866|0x000000076c400000, 0x000000076c400000, 0x000000076c600000|  0%| F|  |TAMS 0x000000076c400000, 0x000000076c400000| Untracked 
| 867|0x000000076c600000, 0x000000076c600000, 0x000000076c800000|  0%| F|  |TAMS 0x000000076c600000, 0x000000076c600000| Untracked 
| 868|0x000000076c800000, 0x000000076c800000, 0x000000076ca00000|  0%| F|  |TAMS 0x000000076c800000, 0x000000076c800000| Untracked 
| 869|0x000000076ca00000, 0x000000076ca00000, 0x000000076cc00000|  0%| F|  |TAMS 0x000000076ca00000, 0x000000076ca00000| Untracked 
| 870|0x000000076cc00000, 0x000000076cc00000, 0x000000076ce00000|  0%| F|  |TAMS 0x000000076cc00000, 0x000000076cc00000| Untracked 
| 871|0x000000076ce00000, 0x000000076ce00000, 0x000000076d000000|  0%| F|  |TAMS 0x000000076ce00000, 0x000000076ce00000| Untracked 
| 872|0x000000076d000000, 0x000000076d000000, 0x000000076d200000|  0%| F|  |TAMS 0x000000076d000000, 0x000000076d000000| Untracked 
| 873|0x000000076d200000, 0x000000076d200000, 0x000000076d400000|  0%| F|  |TAMS 0x000000076d200000, 0x000000076d200000| Untracked 
| 874|0x000000076d400000, 0x000000076d400000, 0x000000076d600000|  0%| F|  |TAMS 0x000000076d400000, 0x000000076d400000| Untracked 
| 875|0x000000076d600000, 0x000000076d600000, 0x000000076d800000|  0%| F|  |TAMS 0x000000076d600000, 0x000000076d600000| Untracked 
| 876|0x000000076d800000, 0x000000076d800000, 0x000000076da00000|  0%| F|  |TAMS 0x000000076d800000, 0x000000076d800000| Untracked 
| 877|0x000000076da00000, 0x000000076da00000, 0x000000076dc00000|  0%| F|  |TAMS 0x000000076da00000, 0x000000076da00000| Untracked 
| 878|0x000000076dc00000, 0x000000076dc00000, 0x000000076de00000|  0%| F|  |TAMS 0x000000076dc00000, 0x000000076dc00000| Untracked 
| 879|0x000000076de00000, 0x000000076de00000, 0x000000076e000000|  0%| F|  |TAMS 0x000000076de00000, 0x000000076de00000| Untracked 
| 880|0x000000076e000000, 0x000000076e000000, 0x000000076e200000|  0%| F|  |TAMS 0x000000076e000000, 0x000000076e000000| Untracked 
| 881|0x000000076e200000, 0x000000076e200000, 0x000000076e400000|  0%| F|  |TAMS 0x000000076e200000, 0x000000076e200000| Untracked 
| 882|0x000000076e400000, 0x000000076e400000, 0x000000076e600000|  0%| F|  |TAMS 0x000000076e400000, 0x000000076e400000| Untracked 
| 883|0x000000076e600000, 0x000000076e600000, 0x000000076e800000|  0%| F|  |TAMS 0x000000076e600000, 0x000000076e600000| Untracked 
| 884|0x000000076e800000, 0x000000076e800000, 0x000000076ea00000|  0%| F|  |TAMS 0x000000076e800000, 0x000000076e800000| Untracked 
| 885|0x000000076ea00000, 0x000000076ea00000, 0x000000076ec00000|  0%| F|  |TAMS 0x000000076ea00000, 0x000000076ea00000| Untracked 
| 886|0x000000076ec00000, 0x000000076ec00000, 0x000000076ee00000|  0%| F|  |TAMS 0x000000076ec00000, 0x000000076ec00000| Untracked 
| 887|0x000000076ee00000, 0x000000076ee00000, 0x000000076f000000|  0%| F|  |TAMS 0x000000076ee00000, 0x000000076ee00000| Untracked 
| 888|0x000000076f000000, 0x000000076f000000, 0x000000076f200000|  0%| F|  |TAMS 0x000000076f000000, 0x000000076f000000| Untracked 
| 889|0x000000076f200000, 0x000000076f200000, 0x000000076f400000|  0%| F|  |TAMS 0x000000076f200000, 0x000000076f200000| Untracked 
| 890|0x000000076f400000, 0x000000076f400000, 0x000000076f600000|  0%| F|  |TAMS 0x000000076f400000, 0x000000076f400000| Untracked 
| 891|0x000000076f600000, 0x000000076f600000, 0x000000076f800000|  0%| F|  |TAMS 0x000000076f600000, 0x000000076f600000| Untracked 
| 892|0x000000076f800000, 0x000000076f800000, 0x000000076fa00000|  0%| F|  |TAMS 0x000000076f800000, 0x000000076f800000| Untracked 
| 893|0x000000076fa00000, 0x000000076fa00000, 0x000000076fc00000|  0%| F|  |TAMS 0x000000076fa00000, 0x000000076fa00000| Untracked 
| 894|0x000000076fc00000, 0x000000076fc00000, 0x000000076fe00000|  0%| F|  |TAMS 0x000000076fc00000, 0x000000076fc00000| Untracked 
| 895|0x000000076fe00000, 0x000000076fe00000, 0x0000000770000000|  0%| F|  |TAMS 0x000000076fe00000, 0x000000076fe00000| Untracked 
| 896|0x0000000770000000, 0x0000000770000000, 0x0000000770200000|  0%| F|  |TAMS 0x0000000770000000, 0x0000000770000000| Untracked 
| 897|0x0000000770200000, 0x0000000770200000, 0x0000000770400000|  0%| F|  |TAMS 0x0000000770200000, 0x0000000770200000| Untracked 
| 898|0x0000000770400000, 0x0000000770400000, 0x0000000770600000|  0%| F|  |TAMS 0x0000000770400000, 0x0000000770400000| Untracked 
| 899|0x0000000770600000, 0x0000000770600000, 0x0000000770800000|  0%| F|  |TAMS 0x0000000770600000, 0x0000000770600000| Untracked 
| 900|0x0000000770800000, 0x0000000770800000, 0x0000000770a00000|  0%| F|  |TAMS 0x0000000770800000, 0x0000000770800000| Untracked 
| 901|0x0000000770a00000, 0x0000000770a00000, 0x0000000770c00000|  0%| F|  |TAMS 0x0000000770a00000, 0x0000000770a00000| Untracked 
| 902|0x0000000770c00000, 0x0000000770c00000, 0x0000000770e00000|  0%| F|  |TAMS 0x0000000770c00000, 0x0000000770c00000| Untracked 
| 903|0x0000000770e00000, 0x0000000770e00000, 0x0000000771000000|  0%| F|  |TAMS 0x0000000770e00000, 0x0000000770e00000| Untracked 
| 904|0x0000000771000000, 0x0000000771000000, 0x0000000771200000|  0%| F|  |TAMS 0x0000000771000000, 0x0000000771000000| Untracked 
| 905|0x0000000771200000, 0x0000000771200000, 0x0000000771400000|  0%| F|  |TAMS 0x0000000771200000, 0x0000000771200000| Untracked 
| 906|0x0000000771400000, 0x0000000771400000, 0x0000000771600000|  0%| F|  |TAMS 0x0000000771400000, 0x0000000771400000| Untracked 
| 907|0x0000000771600000, 0x0000000771600000, 0x0000000771800000|  0%| F|  |TAMS 0x0000000771600000, 0x0000000771600000| Untracked 
| 908|0x0000000771800000, 0x0000000771800000, 0x0000000771a00000|  0%| F|  |TAMS 0x0000000771800000, 0x0000000771800000| Untracked 
| 909|0x0000000771a00000, 0x0000000771a00000, 0x0000000771c00000|  0%| F|  |TAMS 0x0000000771a00000, 0x0000000771a00000| Untracked 
| 910|0x0000000771c00000, 0x0000000771c00000, 0x0000000771e00000|  0%| F|  |TAMS 0x0000000771c00000, 0x0000000771c00000| Untracked 
| 911|0x0000000771e00000, 0x0000000771e00000, 0x0000000772000000|  0%| F|  |TAMS 0x0000000771e00000, 0x0000000771e00000| Untracked 
| 912|0x0000000772000000, 0x0000000772000000, 0x0000000772200000|  0%| F|  |TAMS 0x0000000772000000, 0x0000000772000000| Untracked 
| 913|0x0000000772200000, 0x0000000772200000, 0x0000000772400000|  0%| F|  |TAMS 0x0000000772200000, 0x0000000772200000| Untracked 
| 914|0x0000000772400000, 0x0000000772400000, 0x0000000772600000|  0%| F|  |TAMS 0x0000000772400000, 0x0000000772400000| Untracked 
| 915|0x0000000772600000, 0x0000000772600000, 0x0000000772800000|  0%| F|  |TAMS 0x0000000772600000, 0x0000000772600000| Untracked 
| 916|0x0000000772800000, 0x0000000772800000, 0x0000000772a00000|  0%| F|  |TAMS 0x0000000772800000, 0x0000000772800000| Untracked 
| 917|0x0000000772a00000, 0x0000000772a00000, 0x0000000772c00000|  0%| F|  |TAMS 0x0000000772a00000, 0x0000000772a00000| Untracked 
| 918|0x0000000772c00000, 0x0000000772c00000, 0x0000000772e00000|  0%| F|  |TAMS 0x0000000772c00000, 0x0000000772c00000| Untracked 
| 919|0x0000000772e00000, 0x0000000772e00000, 0x0000000773000000|  0%| F|  |TAMS 0x0000000772e00000, 0x0000000772e00000| Untracked 
| 920|0x0000000773000000, 0x0000000773000000, 0x0000000773200000|  0%| F|  |TAMS 0x0000000773000000, 0x0000000773000000| Untracked 
| 921|0x0000000773200000, 0x0000000773200000, 0x0000000773400000|  0%| F|  |TAMS 0x0000000773200000, 0x0000000773200000| Untracked 
| 922|0x0000000773400000, 0x0000000773400000, 0x0000000773600000|  0%| F|  |TAMS 0x0000000773400000, 0x0000000773400000| Untracked 
| 923|0x0000000773600000, 0x0000000773600000, 0x0000000773800000|  0%| F|  |TAMS 0x0000000773600000, 0x0000000773600000| Untracked 
| 924|0x0000000773800000, 0x0000000773800000, 0x0000000773a00000|  0%| F|  |TAMS 0x0000000773800000, 0x0000000773800000| Untracked 
| 925|0x0000000773a00000, 0x0000000773a00000, 0x0000000773c00000|  0%| F|  |TAMS 0x0000000773a00000, 0x0000000773a00000| Untracked 
| 926|0x0000000773c00000, 0x0000000773c00000, 0x0000000773e00000|  0%| F|  |TAMS 0x0000000773c00000, 0x0000000773c00000| Untracked 
| 927|0x0000000773e00000, 0x0000000773e00000, 0x0000000774000000|  0%| F|  |TAMS 0x0000000773e00000, 0x0000000773e00000| Untracked 
| 928|0x0000000774000000, 0x0000000774000000, 0x0000000774200000|  0%| F|  |TAMS 0x0000000774000000, 0x0000000774000000| Untracked 
| 929|0x0000000774200000, 0x0000000774200000, 0x0000000774400000|  0%| F|  |TAMS 0x0000000774200000, 0x0000000774200000| Untracked 
| 930|0x0000000774400000, 0x0000000774400000, 0x0000000774600000|  0%| F|  |TAMS 0x0000000774400000, 0x0000000774400000| Untracked 
| 931|0x0000000774600000, 0x0000000774600000, 0x0000000774800000|  0%| F|  |TAMS 0x0000000774600000, 0x0000000774600000| Untracked 
| 932|0x0000000774800000, 0x0000000774800000, 0x0000000774a00000|  0%| F|  |TAMS 0x0000000774800000, 0x0000000774800000| Untracked 
| 933|0x0000000774a00000, 0x0000000774bc8d78, 0x0000000774c00000| 89%| E|  |TAMS 0x0000000774a00000, 0x0000000774a00000| Complete 
| 934|0x0000000774c00000, 0x0000000774e00000, 0x0000000774e00000|100%| E|CS|TAMS 0x0000000774c00000, 0x0000000774c00000| Complete 
| 935|0x0000000774e00000, 0x0000000775000000, 0x0000000775000000|100%| E|CS|TAMS 0x0000000774e00000, 0x0000000774e00000| Complete 
| 936|0x0000000775000000, 0x0000000775200000, 0x0000000775200000|100%| E|CS|TAMS 0x0000000775000000, 0x0000000775000000| Complete 
| 937|0x0000000775200000, 0x0000000775400000, 0x0000000775400000|100%| E|CS|TAMS 0x0000000775200000, 0x0000000775200000| Complete 
| 938|0x0000000775400000, 0x0000000775600000, 0x0000000775600000|100%| E|CS|TAMS 0x0000000775400000, 0x0000000775400000| Complete 
| 939|0x0000000775600000, 0x0000000775800000, 0x0000000775800000|100%| E|CS|TAMS 0x0000000775600000, 0x0000000775600000| Complete 
| 940|0x0000000775800000, 0x0000000775a00000, 0x0000000775a00000|100%| E|  |TAMS 0x0000000775800000, 0x0000000775800000| Complete 
| 941|0x0000000775a00000, 0x0000000775c00000, 0x0000000775c00000|100%| E|CS|TAMS 0x0000000775a00000, 0x0000000775a00000| Complete 
| 942|0x0000000775c00000, 0x0000000775e00000, 0x0000000775e00000|100%| E|CS|TAMS 0x0000000775c00000, 0x0000000775c00000| Complete 
| 943|0x0000000775e00000, 0x0000000776000000, 0x0000000776000000|100%| E|CS|TAMS 0x0000000775e00000, 0x0000000775e00000| Complete 
| 944|0x0000000776000000, 0x0000000776200000, 0x0000000776200000|100%| E|CS|TAMS 0x0000000776000000, 0x0000000776000000| Complete 
| 945|0x0000000776200000, 0x0000000776400000, 0x0000000776400000|100%| E|CS|TAMS 0x0000000776200000, 0x0000000776200000| Complete 
| 946|0x0000000776400000, 0x0000000776600000, 0x0000000776600000|100%| E|CS|TAMS 0x0000000776400000, 0x0000000776400000| Complete 
| 947|0x0000000776600000, 0x0000000776800000, 0x0000000776800000|100%| E|CS|TAMS 0x0000000776600000, 0x0000000776600000| Complete 
| 948|0x0000000776800000, 0x0000000776a00000, 0x0000000776a00000|100%| E|CS|TAMS 0x0000000776800000, 0x0000000776800000| Complete 
| 949|0x0000000776a00000, 0x0000000776c00000, 0x0000000776c00000|100%| E|CS|TAMS 0x0000000776a00000, 0x0000000776a00000| Complete 
| 950|0x0000000776c00000, 0x0000000776e00000, 0x0000000776e00000|100%| E|CS|TAMS 0x0000000776c00000, 0x0000000776c00000| Complete 
| 951|0x0000000776e00000, 0x0000000777000000, 0x0000000777000000|100%| E|CS|TAMS 0x0000000776e00000, 0x0000000776e00000| Complete 
| 952|0x0000000777000000, 0x0000000777200000, 0x0000000777200000|100%| E|CS|TAMS 0x0000000777000000, 0x0000000777000000| Complete 
| 953|0x0000000777200000, 0x0000000777400000, 0x0000000777400000|100%| E|CS|TAMS 0x0000000777200000, 0x0000000777200000| Complete 
| 954|0x0000000777400000, 0x0000000777600000, 0x0000000777600000|100%| E|CS|TAMS 0x0000000777400000, 0x0000000777400000| Complete 
| 955|0x0000000777600000, 0x0000000777800000, 0x0000000777800000|100%| E|CS|TAMS 0x0000000777600000, 0x0000000777600000| Complete 
| 956|0x0000000777800000, 0x0000000777a00000, 0x0000000777a00000|100%| E|CS|TAMS 0x0000000777800000, 0x0000000777800000| Complete 
| 957|0x0000000777a00000, 0x0000000777c00000, 0x0000000777c00000|100%| E|CS|TAMS 0x0000000777a00000, 0x0000000777a00000| Complete 
| 958|0x0000000777c00000, 0x0000000777e00000, 0x0000000777e00000|100%| E|CS|TAMS 0x0000000777c00000, 0x0000000777c00000| Complete 
| 959|0x0000000777e00000, 0x0000000778000000, 0x0000000778000000|100%| E|CS|TAMS 0x0000000777e00000, 0x0000000777e00000| Complete 
| 960|0x0000000778000000, 0x0000000778200000, 0x0000000778200000|100%| E|CS|TAMS 0x0000000778000000, 0x0000000778000000| Complete 
| 961|0x0000000778200000, 0x0000000778400000, 0x0000000778400000|100%| E|CS|TAMS 0x0000000778200000, 0x0000000778200000| Complete 
| 962|0x0000000778400000, 0x0000000778600000, 0x0000000778600000|100%| E|CS|TAMS 0x0000000778400000, 0x0000000778400000| Complete 
| 963|0x0000000778600000, 0x0000000778800000, 0x0000000778800000|100%| E|CS|TAMS 0x0000000778600000, 0x0000000778600000| Complete 
| 964|0x0000000778800000, 0x0000000778a00000, 0x0000000778a00000|100%| E|CS|TAMS 0x0000000778800000, 0x0000000778800000| Complete 
| 965|0x0000000778a00000, 0x0000000778c00000, 0x0000000778c00000|100%| E|CS|TAMS 0x0000000778a00000, 0x0000000778a00000| Complete 
| 966|0x0000000778c00000, 0x0000000778e00000, 0x0000000778e00000|100%| E|CS|TAMS 0x0000000778c00000, 0x0000000778c00000| Complete 
| 967|0x0000000778e00000, 0x0000000779000000, 0x0000000779000000|100%| E|CS|TAMS 0x0000000778e00000, 0x0000000778e00000| Complete 
| 968|0x0000000779000000, 0x0000000779200000, 0x0000000779200000|100%| E|CS|TAMS 0x0000000779000000, 0x0000000779000000| Complete 
| 969|0x0000000779200000, 0x0000000779400000, 0x0000000779400000|100%| E|CS|TAMS 0x0000000779200000, 0x0000000779200000| Complete 
| 970|0x0000000779400000, 0x0000000779600000, 0x0000000779600000|100%| E|CS|TAMS 0x0000000779400000, 0x0000000779400000| Complete 
| 971|0x0000000779600000, 0x0000000779800000, 0x0000000779800000|100%| E|CS|TAMS 0x0000000779600000, 0x0000000779600000| Complete 
| 972|0x0000000779800000, 0x0000000779a00000, 0x0000000779a00000|100%| E|CS|TAMS 0x0000000779800000, 0x0000000779800000| Complete 
| 973|0x0000000779a00000, 0x0000000779c00000, 0x0000000779c00000|100%| E|CS|TAMS 0x0000000779a00000, 0x0000000779a00000| Complete 
| 974|0x0000000779c00000, 0x0000000779e00000, 0x0000000779e00000|100%| E|CS|TAMS 0x0000000779c00000, 0x0000000779c00000| Complete 
| 975|0x0000000779e00000, 0x000000077a000000, 0x000000077a000000|100%| E|CS|TAMS 0x0000000779e00000, 0x0000000779e00000| Complete 
| 976|0x000000077a000000, 0x000000077a200000, 0x000000077a200000|100%| E|CS|TAMS 0x000000077a000000, 0x000000077a000000| Complete 
| 977|0x000000077a200000, 0x000000077a400000, 0x000000077a400000|100%| E|CS|TAMS 0x000000077a200000, 0x000000077a200000| Complete 
| 978|0x000000077a400000, 0x000000077a600000, 0x000000077a600000|100%| E|CS|TAMS 0x000000077a400000, 0x000000077a400000| Complete 
| 979|0x000000077a600000, 0x000000077a800000, 0x000000077a800000|100%| E|CS|TAMS 0x000000077a600000, 0x000000077a600000| Complete 
| 980|0x000000077a800000, 0x000000077aa00000, 0x000000077aa00000|100%| E|CS|TAMS 0x000000077a800000, 0x000000077a800000| Complete 
| 981|0x000000077aa00000, 0x000000077ac00000, 0x000000077ac00000|100%| E|CS|TAMS 0x000000077aa00000, 0x000000077aa00000| Complete 
| 982|0x000000077ac00000, 0x000000077ae00000, 0x000000077ae00000|100%| E|CS|TAMS 0x000000077ac00000, 0x000000077ac00000| Complete 
| 983|0x000000077ae00000, 0x000000077b000000, 0x000000077b000000|100%| E|CS|TAMS 0x000000077ae00000, 0x000000077ae00000| Complete 
| 984|0x000000077b000000, 0x000000077b200000, 0x000000077b200000|100%| E|CS|TAMS 0x000000077b000000, 0x000000077b000000| Complete 
| 985|0x000000077b200000, 0x000000077b400000, 0x000000077b400000|100%| E|CS|TAMS 0x000000077b200000, 0x000000077b200000| Complete 
| 986|0x000000077b400000, 0x000000077b600000, 0x000000077b600000|100%| E|CS|TAMS 0x000000077b400000, 0x000000077b400000| Complete 
| 987|0x000000077b600000, 0x000000077b800000, 0x000000077b800000|100%| E|CS|TAMS 0x000000077b600000, 0x000000077b600000| Complete 
| 988|0x000000077b800000, 0x000000077ba00000, 0x000000077ba00000|100%| E|CS|TAMS 0x000000077b800000, 0x000000077b800000| Complete 
| 989|0x000000077ba00000, 0x000000077bc00000, 0x000000077bc00000|100%| E|CS|TAMS 0x000000077ba00000, 0x000000077ba00000| Complete 
| 990|0x000000077bc00000, 0x000000077be00000, 0x000000077be00000|100%| E|CS|TAMS 0x000000077bc00000, 0x000000077bc00000| Complete 
| 991|0x000000077be00000, 0x000000077c000000, 0x000000077c000000|100%| E|CS|TAMS 0x000000077be00000, 0x000000077be00000| Complete 
| 992|0x000000077c000000, 0x000000077c200000, 0x000000077c200000|100%| E|CS|TAMS 0x000000077c000000, 0x000000077c000000| Complete 
| 993|0x000000077c200000, 0x000000077c400000, 0x000000077c400000|100%| E|CS|TAMS 0x000000077c200000, 0x000000077c200000| Complete 
| 994|0x000000077c400000, 0x000000077c600000, 0x000000077c600000|100%| E|CS|TAMS 0x000000077c400000, 0x000000077c400000| Complete 
| 995|0x000000077c600000, 0x000000077c800000, 0x000000077c800000|100%| E|CS|TAMS 0x000000077c600000, 0x000000077c600000| Complete 
| 996|0x000000077c800000, 0x000000077ca00000, 0x000000077ca00000|100%| E|CS|TAMS 0x000000077c800000, 0x000000077c800000| Complete 
| 997|0x000000077ca00000, 0x000000077cc00000, 0x000000077cc00000|100%| E|CS|TAMS 0x000000077ca00000, 0x000000077ca00000| Complete 
| 998|0x000000077cc00000, 0x000000077ce00000, 0x000000077ce00000|100%| E|CS|TAMS 0x000000077cc00000, 0x000000077cc00000| Complete 
| 999|0x000000077ce00000, 0x000000077d000000, 0x000000077d000000|100%| E|CS|TAMS 0x000000077ce00000, 0x000000077ce00000| Complete 
|1000|0x000000077d000000, 0x000000077d200000, 0x000000077d200000|100%| E|CS|TAMS 0x000000077d000000, 0x000000077d000000| Complete 

Card table byte_map: [0x000001f76eac0000,0x000001f76f2c0000] _byte_map_base: 0x000001f76b2c0000

Marking Bits (Prev, Next): (CMBitMap*) 0x000001f75bb1f2f0, (CMBitMap*) 0x000001f75bb1f330
 Prev Bits: [0x000001f76fac0000, 0x000001f773ac0000)
 Next Bits: [0x000001f773ac0000, 0x000001f777ac0000)

Polling page: 0x000001f7599f0000

Metaspace:

Usage:
  Non-class:    254.00 MB used.
      Class:     36.82 MB used.
       Both:    290.81 MB used.

Virtual space:
  Non-class space:      264.00 MB reserved,     255.56 MB ( 97%) committed,  33 nodes.
      Class space:        1.00 GB reserved,      38.19 MB (  4%) committed,  1 nodes.
             Both:        1.26 GB reserved,     293.75 MB ( 23%) committed. 

Chunk freelists:
   Non-Class:  3.58 MB
       Class:  1.78 MB
        Both:  5.36 MB

MaxMetaspaceSize: unlimited
CompressedClassSpaceSize: 1.00 GB
Initial GC threshold: 21.00 MB
Current GC threshold: 362.75 MB
CDS: off
MetaspaceReclaimPolicy: balanced
 - commit_granule_bytes: 65536.
 - commit_granule_words: 8192.
 - virtual_space_node_default_size: 1048576.
 - enlarge_chunks_in_place: 1.
 - new_chunks_are_fully_committed: 0.
 - uncommit_free_chunks: 1.
 - use_allocation_guard: 0.
 - handle_deallocations: 1.


Internal statistics:

num_allocs_failed_limit: 18.
num_arena_births: 5352.
num_arena_deaths: 422.
num_vsnodes_births: 34.
num_vsnodes_deaths: 0.
num_space_committed: 4699.
num_space_uncommitted: 0.
num_chunks_returned_to_freelist: 649.
num_chunks_taken_from_freelist: 18543.
num_chunk_merges: 253.
num_chunk_splits: 11952.
num_chunks_enlarged: 7475.
num_purges: 4.
num_inconsistent_stats: 0.

CodeHeap 'non-profiled nmethods': size=120000Kb used=50024Kb max_used=50024Kb free=69975Kb
 bounds [0x000001f766a50000, 0x000001f769b30000, 0x000001f76df80000]
CodeHeap 'profiled nmethods': size=120000Kb used=98254Kb max_used=98360Kb free=21745Kb
 bounds [0x000001f75ef80000, 0x000001f764fa0000, 0x000001f7664b0000]
CodeHeap 'non-nmethods': size=5760Kb used=2641Kb max_used=2742Kb free=3119Kb
 bounds [0x000001f7664b0000, 0x000001f766770000, 0x000001f766a50000]
 total_blobs=47516 nmethods=46306 adapters=1119
 compilation: enabled
              stopped_count=0, restarted_count=0
 full_count=0

Compilation events (20 events):
Event: 2409.288 Thread 0x000001f77b083a70 nmethod 63478 0x000001f769b10e10 code [0x000001f769b11220, 0x000001f769b15f80]
Event: 2409.616 Thread 0x000001f77b083a70 63479       4       kotlin.reflect.jvm.internal.KPropertyImpl::getDescriptor (8 bytes)
Event: 2409.620 Thread 0x000001f77b083a70 nmethod 63479 0x000001f769b18210 code [0x000001f769b183c0, 0x000001f769b18878]
Event: 2409.620 Thread 0x000001f77b083a70 63480       4       org.jetbrains.kotlin.cli.common.arguments.ParseCommandLineArgumentsKt::parsePreprocessedCommandLineArguments (1246 bytes)
Event: 2409.623 Thread 0x000001f77b084510 63481       3       java.io.ObjectOutputStream::writeClassDesc (60 bytes)
Event: 2409.624 Thread 0x000001f77b084510 nmethod 63481 0x000001f764e95990 code [0x000001f764e95be0, 0x000001f764e962e8]
Event: 2409.624 Thread 0x000001f77b084510 63482       3       java.io.ObjectOutputStream::writeString (74 bytes)
Event: 2409.624 Thread 0x000001f77b084510 nmethod 63482 0x000001f764eb5a90 code [0x000001f764eb5ce0, 0x000001f764eb62f8]
Event: 2409.637 Thread 0x000001f77b084510 63484       3       java.io.ObjectOutputStream$BlockDataOutputStream::writeByte (33 bytes)
Event: 2409.637 Thread 0x000001f77b084510 nmethod 63484 0x000001f764bf5a10 code [0x000001f764bf5bc0, 0x000001f764bf5d88]
Event: 2409.939 Thread 0x000001f77b083a70 nmethod 63480 0x000001f769b18b10 code [0x000001f769b19480, 0x000001f769b21438]
Event: 2409.940 Thread 0x000001f77b083a70 63483       4       java.lang.Long::stringSize (55 bytes)
Event: 2409.941 Thread 0x000001f77b083a70 nmethod 63483 0x000001f769b26990 code [0x000001f769b26b00, 0x000001f769b26cb8]
Event: 2419.466 Thread 0x000001f77b083a70 63485       4       com.esotericsoftware.kryo.io.Output::writeString_slow (238 bytes)
Event: 2419.485 Thread 0x000001f77b083a70 nmethod 63485 0x000001f769b26d10 code [0x000001f769b26ee0, 0x000001f769b278c8]
Event: 2419.509 Thread 0x000001f77b084510 63486       3       groovy.json.StringEscapeUtils::escapeJava (7 bytes)
Event: 2419.509 Thread 0x000001f77b084510 nmethod 63486 0x000001f761029b90 code [0x000001f761029d20, 0x000001f761029e48]
Event: 2419.511 Thread 0x000001f77b084510 63487       3       org.jetbrains.kotlin.compilerRunner.ReportUtilsKt$writeArgumentsToFile$1::invoke (9 bytes)
Event: 2419.511 Thread 0x000001f77b084510 nmethod 63487 0x000001f764eb5610 code [0x000001f764eb57c0, 0x000001f764eb59e8]
Event: 2419.703 Thread 0x000001f77b083a70 63488       4       org.gradle.internal.execution.history.changes.OutputFileChanges$4::visitEntry (32 bytes)

GC Heap History (20 events):
Event: 2400.730 GC heap before
{Heap before GC invocations=143 (full 0):
 garbage-first heap   total 1769472K, used 1437696K [0x0000000700000000, 0x0000000800000000)
  region size 2048K, 269 young (550912K), 36 survivors (73728K)
 Metaspace       used 296050K, committed 299008K, reserved 1310720K
  class space    used 37486K, committed 38848K, reserved 1048576K
}
Event: 2400.786 GC heap after
{Heap after GC invocations=144 (full 0):
 garbage-first heap   total 1769472K, used 974848K [0x0000000700000000, 0x0000000800000000)
  region size 2048K, 8 young (16384K), 8 survivors (16384K)
 Metaspace       used 296050K, committed 299008K, reserved 1310720K
  class space    used 37486K, committed 38848K, reserved 1048576K
}
Event: 2402.324 GC heap before
{Heap before GC invocations=144 (full 0):
 garbage-first heap   total 1769472K, used 1462272K [0x0000000700000000, 0x0000000800000000)
  region size 2048K, 246 young (503808K), 8 survivors (16384K)
 Metaspace       used 296902K, committed 299904K, reserved 1310720K
  class space    used 37611K, committed 38976K, reserved 1048576K
}
Event: 2402.345 GC heap after
{Heap after GC invocations=145 (full 0):
 garbage-first heap   total 1769472K, used 980596K [0x0000000700000000, 0x0000000800000000)
  region size 2048K, 11 young (22528K), 11 survivors (22528K)
 Metaspace       used 296902K, committed 299904K, reserved 1310720K
  class space    used 37611K, committed 38976K, reserved 1048576K
}
Event: 2403.464 GC heap before
{Heap before GC invocations=145 (full 0):
 garbage-first heap   total 1769472K, used 1482356K [0x0000000700000000, 0x0000000800000000)
  region size 2048K, 255 young (522240K), 11 survivors (22528K)
 Metaspace       used 296920K, committed 299904K, reserved 1310720K
  class space    used 37612K, committed 38976K, reserved 1048576K
}
Event: 2403.552 GC heap after
{Heap after GC invocations=146 (full 0):
 garbage-first heap   total 1769472K, used 1050222K [0x0000000700000000, 0x0000000800000000)
  region size 2048K, 32 young (65536K), 32 survivors (65536K)
 Metaspace       used 296920K, committed 299904K, reserved 1310720K
  class space    used 37612K, committed 38976K, reserved 1048576K
}
Event: 2404.538 GC heap before
{Heap before GC invocations=146 (full 0):
 garbage-first heap   total 1769472K, used 1463918K [0x0000000700000000, 0x0000000800000000)
  region size 2048K, 234 young (479232K), 32 survivors (65536K)
 Metaspace       used 297143K, committed 300160K, reserved 1310720K
  class space    used 37638K, committed 39040K, reserved 1048576K
}
Event: 2404.617 GC heap after
{Heap after GC invocations=147 (full 0):
 garbage-first heap   total 1769472K, used 1116676K [0x0000000700000000, 0x0000000800000000)
  region size 2048K, 30 young (61440K), 30 survivors (61440K)
 Metaspace       used 297143K, committed 300160K, reserved 1310720K
  class space    used 37638K, committed 39040K, reserved 1048576K
}
Event: 2405.264 GC heap before
{Heap before GC invocations=147 (full 0):
 garbage-first heap   total 1769472K, used 1452548K [0x0000000700000000, 0x0000000800000000)
  region size 2048K, 194 young (397312K), 30 survivors (61440K)
 Metaspace       used 297192K, committed 300224K, reserved 1310720K
  class space    used 37638K, committed 39040K, reserved 1048576K
}
Event: 2405.368 GC heap after
{Heap after GC invocations=148 (full 0):
 garbage-first heap   total 1769472K, used 1158144K [0x0000000700000000, 0x0000000800000000)
  region size 2048K, 20 young (40960K), 20 survivors (40960K)
 Metaspace       used 297192K, committed 300224K, reserved 1310720K
  class space    used 37638K, committed 39040K, reserved 1048576K
}
Event: 2405.828 GC heap before
{Heap before GC invocations=148 (full 0):
 garbage-first heap   total 1769472K, used 1465344K [0x0000000700000000, 0x0000000800000000)
  region size 2048K, 170 young (348160K), 20 survivors (40960K)
 Metaspace       used 297197K, committed 300224K, reserved 1310720K
  class space    used 37638K, committed 39040K, reserved 1048576K
}
Event: 2405.859 GC heap after
{Heap after GC invocations=149 (full 0):
 garbage-first heap   total 1769472K, used 1175552K [0x0000000700000000, 0x0000000800000000)
  region size 2048K, 16 young (32768K), 16 survivors (32768K)
 Metaspace       used 297197K, committed 300224K, reserved 1310720K
  class space    used 37638K, committed 39040K, reserved 1048576K
}
Event: 2406.386 GC heap before
{Heap before GC invocations=149 (full 0):
 garbage-first heap   total 1769472K, used 1470464K [0x0000000700000000, 0x0000000800000000)
  region size 2048K, 160 young (327680K), 16 survivors (32768K)
 Metaspace       used 297199K, committed 300224K, reserved 1310720K
  class space    used 37638K, committed 39040K, reserved 1048576K
}
Event: 2406.481 GC heap after
{Heap after GC invocations=150 (full 0):
 garbage-first heap   total 1769472K, used 1241088K [0x0000000700000000, 0x0000000800000000)
  region size 2048K, 20 young (40960K), 20 survivors (40960K)
 Metaspace       used 297199K, committed 300224K, reserved 1310720K
  class space    used 37638K, committed 39040K, reserved 1048576K
}
Event: 2406.802 GC heap before
{Heap before GC invocations=150 (full 0):
 garbage-first heap   total 1769472K, used 1482752K [0x0000000700000000, 0x0000000800000000)
  region size 2048K, 138 young (282624K), 20 survivors (40960K)
 Metaspace       used 297200K, committed 300224K, reserved 1310720K
  class space    used 37638K, committed 39040K, reserved 1048576K
}
Event: 2406.860 GC heap after
{Heap after GC invocations=151 (full 0):
 garbage-first heap   total 2050048K, used 1267586K [0x0000000700000000, 0x0000000800000000)
  region size 2048K, 11 young (22528K), 11 survivors (22528K)
 Metaspace       used 297200K, committed 300224K, reserved 1310720K
  class space    used 37638K, committed 39040K, reserved 1048576K
}
Event: 2407.603 GC heap before
{Heap before GC invocations=151 (full 0):
 garbage-first heap   total 2050048K, used 1638274K [0x0000000700000000, 0x0000000800000000)
  region size 2048K, 192 young (393216K), 11 survivors (22528K)
 Metaspace       used 297212K, committed 300224K, reserved 1310720K
  class space    used 37640K, committed 39040K, reserved 1048576K
}
Event: 2407.689 GC heap after
{Heap after GC invocations=152 (full 0):
 garbage-first heap   total 2050048K, used 1302528K [0x0000000700000000, 0x0000000800000000)
  region size 2048K, 24 young (49152K), 24 survivors (49152K)
 Metaspace       used 297212K, committed 300224K, reserved 1310720K
  class space    used 37640K, committed 39040K, reserved 1048576K
}
Event: 2408.313 GC heap before
{Heap before GC invocations=152 (full 0):
 garbage-first heap   total 2050048K, used 1665024K [0x0000000700000000, 0x0000000800000000)
  region size 2048K, 201 young (411648K), 24 survivors (49152K)
 Metaspace       used 297212K, committed 300224K, reserved 1310720K
  class space    used 37640K, committed 39040K, reserved 1048576K
}
Event: 2408.364 GC heap after
{Heap after GC invocations=153 (full 0):
 garbage-first heap   total 2050048K, used 1318576K [0x0000000700000000, 0x0000000800000000)
  region size 2048K, 12 young (24576K), 12 survivors (24576K)
 Metaspace       used 297212K, committed 300224K, reserved 1310720K
  class space    used 37640K, committed 39040K, reserved 1048576K
}

Dll operation events (2 events):
Event: 0.005 Loaded shared library C:\Program Files\Android\Android Studio1\jbr\bin\java.dll
Event: 0.321 Loaded shared library C:\Program Files\Android\Android Studio1\jbr\bin\verify.dll

Deoptimization events (20 events):
Event: 2405.942 Thread 0x000001f70d678a20 DEOPT PACKING pc=0x000001f7648d91ce sp=0x00000039883fc780
Event: 2405.942 Thread 0x000001f70d678a20 DEOPT UNPACKING pc=0x000001f76650ace3 sp=0x00000039883fbd80 mode 0
Event: 2405.947 Thread 0x000001f70d678a20 DEOPT PACKING pc=0x000001f7648d91ce sp=0x00000039883fc780
Event: 2405.947 Thread 0x000001f70d678a20 DEOPT UNPACKING pc=0x000001f76650ace3 sp=0x00000039883fbd80 mode 0
Event: 2405.954 Thread 0x000001f70d678a20 DEOPT PACKING pc=0x000001f7648d91ce sp=0x00000039883fc780
Event: 2405.954 Thread 0x000001f70d678a20 DEOPT UNPACKING pc=0x000001f76650ace3 sp=0x00000039883fbd80 mode 0
Event: 2405.967 Thread 0x000001f70d678a20 DEOPT PACKING pc=0x000001f7648d91ce sp=0x00000039883fc780
Event: 2405.967 Thread 0x000001f70d678a20 DEOPT UNPACKING pc=0x000001f76650ace3 sp=0x00000039883fbd80 mode 0
Event: 2409.618 Thread 0x000001f70e4b4f90 DEOPT PACKING pc=0x000001f7645316eb sp=0x0000003983efad10
Event: 2409.618 Thread 0x000001f70e4b4f90 DEOPT UNPACKING pc=0x000001f76650ace3 sp=0x0000003983efa368 mode 0
Event: 2409.623 Thread 0x000001f70e4b4f90 Uncommon trap: trap_request=0xffffff45 fr.pc=0x000001f7686f1120 relative=0x0000000000000f00
Event: 2409.624 Thread 0x000001f70e4b4f90 Uncommon trap: reason=unstable_if action=reinterpret pc=0x000001f7686f1120 method=java.io.ObjectOutputStream$BlockDataOutputStream.writeByte(I)V @ 7 c2
Event: 2409.624 Thread 0x000001f70e4b4f90 DEOPT PACKING pc=0x000001f7686f1120 sp=0x0000003983efa400
Event: 2409.624 Thread 0x000001f70e4b4f90 DEOPT UNPACKING pc=0x000001f76650a1a3 sp=0x0000003983efa368 mode 2
Event: 2409.636 Thread 0x000001f702ae0880 Uncommon trap: trap_request=0xffffff45 fr.pc=0x000001f766df761c relative=0x000000000000009c
Event: 2409.636 Thread 0x000001f702ae0880 Uncommon trap: reason=unstable_if action=reinterpret pc=0x000001f766df761c method=java.io.ObjectOutputStream$BlockDataOutputStream.writeByte(I)V @ 7 c2
Event: 2409.636 Thread 0x000001f702ae0880 DEOPT PACKING pc=0x000001f766df761c sp=0x0000003988dfd920
Event: 2409.636 Thread 0x000001f702ae0880 DEOPT UNPACKING pc=0x000001f76650a1a3 sp=0x0000003988dfd8a8 mode 2
Event: 2419.466 Thread 0x000001f77faa5e20 DEOPT PACKING pc=0x000001f7612b2406 sp=0x00000039805feed0
Event: 2419.466 Thread 0x000001f77faa5e20 DEOPT UNPACKING pc=0x000001f76650ace3 sp=0x00000039805fe390 mode 0

Classes unloaded (20 events):
Event: 2221.475 Thread 0x000001f77a520ae0 Unloading class 0x00000008015ea450 'InstallReferral'
Event: 2221.475 Thread 0x000001f77a520ae0 Unloading class 0x00000008015ea228 'Insider'
Event: 2221.475 Thread 0x000001f77a520ae0 Unloading class 0x00000008015ea000 'ImagePicker'
Event: 2221.475 Thread 0x000001f77a520ae0 Unloading class 0x00000008015e9c08 'Huawei'
Event: 2221.475 Thread 0x000001f77a520ae0 Unloading class 0x00000008015e99e0 'HiltTest'
Event: 2221.475 Thread 0x000001f77a520ae0 Unloading class 0x00000008015e97b8 'Hilt'
Event: 2221.475 Thread 0x000001f77a520ae0 Unloading class 0x00000008015e9590 'GreenRobot'
Event: 2221.475 Thread 0x000001f77a520ae0 Unloading class 0x00000008015e9368 'Google'
Event: 2221.475 Thread 0x000001f77a520ae0 Unloading class 0x00000008015e9140 'Glide'
Event: 2221.475 Thread 0x000001f77a520ae0 Unloading class 0x00000008015e8f18 'Firebase'
Event: 2221.475 Thread 0x000001f77a520ae0 Unloading class 0x00000008015e8cf0 'Fb'
Event: 2221.475 Thread 0x000001f77a520ae0 Unloading class 0x00000008015e8ac8 'Exoplayer'
Event: 2221.475 Thread 0x000001f77a520ae0 Unloading class 0x00000008015e88a0 'ColorPickerView'
Event: 2221.475 Thread 0x000001f77a520ae0 Unloading class 0x00000008015e8678 'CleverTap'
Event: 2221.475 Thread 0x000001f77a520ae0 Unloading class 0x00000008015e8450 'CalenderView'
Event: 2221.475 Thread 0x000001f77a520ae0 Unloading class 0x00000008015e8228 'Build'
Event: 2221.475 Thread 0x000001f77a520ae0 Unloading class 0x00000008015e8000 'Apache'
Event: 2221.475 Thread 0x000001f77a520ae0 Unloading class 0x00000008015e0c50 'AndroidXTest'
Event: 2221.475 Thread 0x000001f77a520ae0 Unloading class 0x00000008015e0a28 'AndroidX'
Event: 2221.475 Thread 0x000001f77a520ae0 Unloading class 0x00000008015e0800 'Android'

Classes redefined (0 events):
No events

Internal exceptions (20 events):
Event: 2407.096 Thread 0x000001f70d678a20 Exception <a 'java/lang/IncompatibleClassChangeError'{0x0000000775763d30}: Found class java.lang.Object, but interface was expected> (0x0000000775763d30) 
thrown [s\src\hotspot\share\interpreter\linkResolver.cpp, line 838]
Event: 2407.096 Thread 0x000001f70d678a20 Exception <a 'java/lang/IncompatibleClassChangeError'{0x0000000775766b00}: Found class java.lang.Object, but interface was expected> (0x0000000775766b00) 
thrown [s\src\hotspot\share\interpreter\linkResolver.cpp, line 838]
Event: 2407.123 Thread 0x000001f70d678a20 Exception <a 'sun/nio/fs/WindowsException'{0x00000007755f0680}> (0x00000007755f0680) 
thrown [s\src\hotspot\share\prims\jni.cpp, line 517]
Event: 2407.123 Thread 0x000001f70d678a20 Exception <a 'sun/nio/fs/WindowsException'{0x00000007755f0868}> (0x00000007755f0868) 
thrown [s\src\hotspot\share\prims\jni.cpp, line 517]
Event: 2409.633 Thread 0x000001f7095a2070 Exception <a 'java/lang/InterruptedException'{0x000000077653bdb0}> (0x000000077653bdb0) 
thrown [s\src\hotspot\share\runtime\objectMonitor.cpp, line 1648]
Event: 2419.454 Thread 0x000001f70b44b310 Exception <a 'sun/net/ConnectionResetException'{0x00000007763ec140}: Connection reset> (0x00000007763ec140) 
thrown [s\src\hotspot\share\prims\jni.cpp, line 536]
Event: 2419.456 Thread 0x000001f7049279d0 Exception <a 'sun/net/ConnectionResetException'{0x00000007760bb208}: Connection reset> (0x00000007760bb208) 
thrown [s\src\hotspot\share\prims\jni.cpp, line 536]
Event: 2419.456 Thread 0x000001f70166a940 Exception <a 'sun/net/ConnectionResetException'{0x0000000776007a90}: Connection reset> (0x0000000776007a90) 
thrown [s\src\hotspot\share\prims\jni.cpp, line 536]
Event: 2419.457 Thread 0x000001f702ae0880 Exception <a 'sun/net/ConnectionResetException'{0x000000077637cb00}: Connection reset> (0x000000077637cb00) 
thrown [s\src\hotspot\share\prims\jni.cpp, line 536]
Event: 2419.462 Thread 0x000001f702ae0880 Exception <a 'java/net/ConnectException'{0x000000077639a888}: Connection refused: connect> (0x000000077639a888) 
thrown [s\src\hotspot\share\prims\jni.cpp, line 536]
Event: 2419.462 Thread 0x000001f702ae0880 Exception <a 'java/net/SocketException'{0x000000077639ae68}: Socket is not connected: shutdown> (0x000000077639ae68) 
thrown [s\src\hotspot\share\prims\jni.cpp, line 536]
Event: 2419.462 Thread 0x000001f70d677210 Exception <a 'sun/net/ConnectionResetException'{0x00000007763f7bf0}: Connection reset> (0x00000007763f7bf0) 
thrown [s\src\hotspot\share\prims\jni.cpp, line 536]
Event: 2419.463 Thread 0x000001f77f9ba820 Exception <a 'sun/net/ConnectionResetException'{0x00000007763d53a0}: Connection reset> (0x00000007763d53a0) 
thrown [s\src\hotspot\share\prims\jni.cpp, line 536]
Event: 2419.473 Thread 0x000001f702ae0880 Exception <a 'java/net/ConnectException'{0x000000077639b940}: Connection refused: connect> (0x000000077639b940) 
thrown [s\src\hotspot\share\prims\jni.cpp, line 536]
Event: 2419.473 Thread 0x000001f702ae0880 Exception <a 'java/net/SocketException'{0x000000077639bf20}: Socket is not connected: shutdown> (0x000000077639bf20) 
thrown [s\src\hotspot\share\prims\jni.cpp, line 536]
Event: 2419.485 Thread 0x000001f702ae0880 Exception <a 'java/net/ConnectException'{0x000000077639c9f8}: Connection refused: connect> (0x000000077639c9f8) 
thrown [s\src\hotspot\share\prims\jni.cpp, line 536]
Event: 2419.485 Thread 0x000001f702ae0880 Exception <a 'java/net/SocketException'{0x000000077639cfd8}: Socket is not connected: shutdown> (0x000000077639cfd8) 
thrown [s\src\hotspot\share\prims\jni.cpp, line 536]
Event: 2419.728 Thread 0x000001f704926690 Exception <a 'sun/nio/fs/WindowsException'{0x00000007754749e0}> (0x00000007754749e0) 
thrown [s\src\hotspot\share\prims\jni.cpp, line 517]
Event: 2419.728 Thread 0x000001f704926690 Exception <a 'sun/nio/fs/WindowsException'{0x0000000775474be0}> (0x0000000775474be0) 
thrown [s\src\hotspot\share\prims\jni.cpp, line 517]
Event: 2419.728 Thread 0x000001f704926690 Exception <a 'sun/nio/fs/WindowsException'{0x00000007754764e8}> (0x00000007754764e8) 
thrown [s\src\hotspot\share\prims\jni.cpp, line 517]

VM Operations (20 events):
Event: 2403.464 Executing VM operation: G1CollectForAllocation
Event: 2403.552 Executing VM operation: G1CollectForAllocation done
Event: 2404.538 Executing VM operation: G1CollectForAllocation
Event: 2404.617 Executing VM operation: G1CollectForAllocation done
Event: 2404.959 Executing VM operation: HandshakeAllThreads
Event: 2404.960 Executing VM operation: HandshakeAllThreads done
Event: 2405.263 Executing VM operation: G1CollectForAllocation
Event: 2405.372 Executing VM operation: G1CollectForAllocation done
Event: 2405.828 Executing VM operation: G1CollectForAllocation
Event: 2405.859 Executing VM operation: G1CollectForAllocation done
Event: 2406.386 Executing VM operation: G1CollectForAllocation
Event: 2406.481 Executing VM operation: G1CollectForAllocation done
Event: 2406.802 Executing VM operation: G1CollectForAllocation
Event: 2406.860 Executing VM operation: G1CollectForAllocation done
Event: 2407.603 Executing VM operation: G1CollectForAllocation
Event: 2407.689 Executing VM operation: G1CollectForAllocation done
Event: 2408.313 Executing VM operation: G1CollectForAllocation
Event: 2408.364 Executing VM operation: G1CollectForAllocation done
Event: 2410.365 Executing VM operation: Cleanup
Event: 2410.365 Executing VM operation: Cleanup done

Events (20 events):
Event: 2405.021 Thread 0x000001f77b088040 flushing nmethod 0x000001f764e37810
Event: 2405.021 Thread 0x000001f77b088040 flushing nmethod 0x000001f764e40890
Event: 2405.021 Thread 0x000001f77b088040 flushing nmethod 0x000001f764e5ca90
Event: 2405.021 Thread 0x000001f77b088040 flushing nmethod 0x000001f764e5e310
Event: 2405.021 Thread 0x000001f77b088040 flushing nmethod 0x000001f764e68e90
Event: 2405.021 Thread 0x000001f77b088040 flushing nmethod 0x000001f764e6be90
Event: 2405.021 Thread 0x000001f77b088040 flushing nmethod 0x000001f764e6ed10
Event: 2405.021 Thread 0x000001f77b088040 flushing nmethod 0x000001f764e71190
Event: 2405.021 Thread 0x000001f77b088040 flushing nmethod 0x000001f764e71590
Event: 2405.021 Thread 0x000001f77b088040 flushing nmethod 0x000001f764e95610
Event: 2405.021 Thread 0x000001f77b088040 flushing nmethod 0x000001f764eb5610
Event: 2405.748 Thread 0x000001f77e036a90 Thread exited: 0x000001f77e036a90
Event: 2406.255 Thread 0x000001f70d4b0af0 Thread exited: 0x000001f70d4b0af0
Event: 2409.631 Thread 0x000001f7095a2070 Thread added: 0x000001f7095a2070
Event: 2410.399 Thread 0x000001f70166a940 Thread added: 0x000001f70166a940
Event: 2419.523 Thread 0x000001f77b7ad230 Thread added: 0x000001f77b7ad230
Event: 2419.700 Thread 0x000001f77b7ad230 Thread exited: 0x000001f77b7ad230
Event: 2419.712 Thread 0x000001f7067624d0 Thread exited: 0x000001f7067624d0
Event: 2419.712 Thread 0x000001f7067629a0 Thread exited: 0x000001f7067629a0
Event: 2419.724 Thread 0x000001f7095a33b0 Thread added: 0x000001f7095a33b0


Dynamic libraries:
0x00007ff67d150000 - 0x00007ff67d15a000 	C:\Program Files\Android\Android Studio1\jbr\bin\java.exe
0x00007ffd91390000 - 0x00007ffd91588000 	C:\Windows\SYSTEM32\ntdll.dll
0x00007ffd6eed0000 - 0x00007ffd6eee9000 	C:\Program Files\Avast Software\Avast\aswhook.dll
0x00007ffd8f9e0000 - 0x00007ffd8fa9f000 	C:\Windows\System32\KERNEL32.DLL
0x00007ffd8f0f0000 - 0x00007ffd8f3c2000 	C:\Windows\System32\KERNELBASE.dll
0x00007ffd8ee20000 - 0x00007ffd8ef20000 	C:\Windows\System32\ucrtbase.dll
0x00007ffd71550000 - 0x00007ffd71567000 	C:\Program Files\Android\Android Studio1\jbr\bin\jli.dll
0x00007ffd71130000 - 0x00007ffd7114b000 	C:\Program Files\Android\Android Studio1\jbr\bin\VCRUNTIME140.dll
0x00007ffd8fb70000 - 0x00007ffd8fd11000 	C:\Windows\System32\USER32.dll
0x00007ffd8ec50000 - 0x00007ffd8ec72000 	C:\Windows\System32\win32u.dll
0x00007ffd77110000 - 0x00007ffd773aa000 	C:\Windows\WinSxS\amd64_microsoft.windows.common-controls_6595b64144ccf1df_6.0.19041.1110_none_60b5254171f9507e\COMCTL32.dll
0x00007ffd90af0000 - 0x00007ffd90b1b000 	C:\Windows\System32\GDI32.dll
0x00007ffd90590000 - 0x00007ffd9062e000 	C:\Windows\System32\msvcrt.dll
0x00007ffd8efe0000 - 0x00007ffd8f0ef000 	C:\Windows\System32\gdi32full.dll
0x00007ffd8ed30000 - 0x00007ffd8edcd000 	C:\Windows\System32\msvcp_win.dll
0x00007ffd8fe00000 - 0x00007ffd8fe32000 	C:\Windows\System32\IMM32.DLL
0x00007ffd6f830000 - 0x00007ffd6f83c000 	C:\Program Files\Android\Android Studio1\jbr\bin\vcruntime140_1.dll
0x00007ffd52040000 - 0x00007ffd520cd000 	C:\Program Files\Android\Android Studio1\jbr\bin\msvcp140.dll
0x00007ffd087e0000 - 0x00007ffd0944e000 	C:\Program Files\Android\Android Studio1\jbr\bin\server\jvm.dll
0x00007ffd909b0000 - 0x00007ffd90a5e000 	C:\Windows\System32\ADVAPI32.dll
0x00007ffd90d50000 - 0x00007ffd90dec000 	C:\Windows\System32\sechost.dll
0x00007ffd906a0000 - 0x00007ffd907c5000 	C:\Windows\System32\RPCRT4.dll
0x00007ffd83720000 - 0x00007ffd8372a000 	C:\Windows\SYSTEM32\VERSION.dll
0x00007ffd7be80000 - 0x00007ffd7be89000 	C:\Windows\SYSTEM32\WSOCK32.dll
0x00007ffd83100000 - 0x00007ffd83127000 	C:\Windows\SYSTEM32\WINMM.dll
0x00007ffd90ce0000 - 0x00007ffd90d4b000 	C:\Windows\System32\WS2_32.dll
0x00007ffd8d2d0000 - 0x00007ffd8d2e2000 	C:\Windows\SYSTEM32\kernel.appcore.dll
0x00007ffd88320000 - 0x00007ffd8832a000 	C:\Program Files\Android\Android Studio1\jbr\bin\jimage.dll
0x00007ffd8c850000 - 0x00007ffd8ca34000 	C:\Windows\SYSTEM32\DBGHELP.DLL
0x00007ffd7bfe0000 - 0x00007ffd7c015000 	C:\Windows\SYSTEM32\dbgcore.DLL
0x00007ffd8ef20000 - 0x00007ffd8efa2000 	C:\Windows\System32\bcryptPrimitives.dll
0x00007ffd71d10000 - 0x00007ffd71d35000 	C:\Program Files\Android\Android Studio1\jbr\bin\java.dll
0x00007ffd71eb0000 - 0x00007ffd71ec8000 	C:\Program Files\Android\Android Studio1\jbr\bin\zip.dll
0x00007ffd8fe40000 - 0x00007ffd90585000 	C:\Windows\System32\SHELL32.dll
0x00007ffd8ca40000 - 0x00007ffd8d1d2000 	C:\Windows\SYSTEM32\windows.storage.dll
0x00007ffd90f20000 - 0x00007ffd91275000 	C:\Windows\System32\combase.dll
0x00007ffd8e4e0000 - 0x00007ffd8e510000 	C:\Windows\SYSTEM32\Wldp.dll
0x00007ffd8f3d0000 - 0x00007ffd8f47d000 	C:\Windows\System32\SHCORE.dll
0x00007ffd907d0000 - 0x00007ffd90825000 	C:\Windows\System32\shlwapi.dll
0x00007ffd8e9c0000 - 0x00007ffd8e9df000 	C:\Windows\SYSTEM32\profapi.dll
0x00007ffd71cf0000 - 0x00007ffd71d09000 	C:\Program Files\Android\Android Studio1\jbr\bin\net.dll
0x00007ffd87260000 - 0x00007ffd8736c000 	C:\Windows\SYSTEM32\WINHTTP.dll
0x00007ffd8e240000 - 0x00007ffd8e2aa000 	C:\Windows\system32\mswsock.dll
0x00007ffd71a50000 - 0x00007ffd71a66000 	C:\Program Files\Android\Android Studio1\jbr\bin\nio.dll
0x00007ffd85630000 - 0x00007ffd85640000 	C:\Program Files\Android\Android Studio1\jbr\bin\verify.dll
0x00007ffd59d80000 - 0x00007ffd59da7000 	C:\Users\Asif\.gradle\native\e1d6ef7f7dcc3fd88c89a11ec53ec762bb8ba0a96d01ffa2cd45eb1d1d8dd5c5\windows-amd64\native-platform.dll
0x00007ffd52240000 - 0x00007ffd52384000 	C:\Users\Asif\.gradle\native\0d407fdbe67a94daf76414ababcb853783967236a71b16ec16e742cd7a986fd3\windows-amd64\native-platform-file-events.dll
0x00007ffd84260000 - 0x00007ffd84269000 	C:\Program Files\Android\Android Studio1\jbr\bin\management.dll
0x00007ffd72150000 - 0x00007ffd7215b000 	C:\Program Files\Android\Android Studio1\jbr\bin\management_ext.dll
0x00007ffd8f500000 - 0x00007ffd8f508000 	C:\Windows\System32\PSAPI.DLL
0x00007ffd8e430000 - 0x00007ffd8e448000 	C:\Windows\SYSTEM32\CRYPTSP.dll
0x00007ffd8daf0000 - 0x00007ffd8db24000 	C:\Windows\system32\rsaenh.dll
0x00007ffd8efb0000 - 0x00007ffd8efd7000 	C:\Windows\System32\bcrypt.dll
0x00007ffd8e940000 - 0x00007ffd8e96e000 	C:\Windows\SYSTEM32\USERENV.dll
0x00007ffd8e450000 - 0x00007ffd8e45c000 	C:\Windows\SYSTEM32\CRYPTBASE.dll
0x00007ffd8dee0000 - 0x00007ffd8df1b000 	C:\Windows\SYSTEM32\IPHLPAPI.DLL
0x00007ffd90cd0000 - 0x00007ffd90cd8000 	C:\Windows\System32\NSI.dll
0x00007ffd83930000 - 0x00007ffd83947000 	C:\Windows\SYSTEM32\dhcpcsvc6.DLL
0x00007ffd83910000 - 0x00007ffd8392d000 	C:\Windows\SYSTEM32\dhcpcsvc.DLL
0x00007ffd8df30000 - 0x00007ffd8dffb000 	C:\Windows\SYSTEM32\DNSAPI.dll
0x00007ffd49c90000 - 0x00007ffd49c97000 	C:\Windows\system32\wshunix.dll
0x0000000070bc0000 - 0x0000000070c9c000 	C:\Users\Asif\AppData\Local\Temp\sqlite-3.36.0-0ad98f54-7b0a-479c-825b-df07a9d1dec7-sqlitejdbc.dll
0x00007ffd71580000 - 0x00007ffd71587000 	C:\Program Files\Android\Android Studio1\jbr\bin\rmi.dll
0x00007ffd838f0000 - 0x00007ffd8390e000 	C:\Users\Asif\AppData\Local\Temp\native-platform10545926637608204359dir\native-platform.dll
0x00007ffd6f670000 - 0x00007ffd6f68e000 	C:\Users\Asif\AppData\Local\Temp\native-platform10653430343971420974dir\native-platform.dll
0x00007ffd8dc10000 - 0x00007ffd8dc43000 	C:\Windows\SYSTEM32\ntmarta.dll
0x00007ffd47a00000 - 0x00007ffd47b98000 	C:\Program Files\Android\Android Studio1\jbr\bin\awt.dll
0x00007ffd91280000 - 0x00007ffd9134d000 	C:\Windows\System32\OLEAUT32.dll
0x00007ffd8bf90000 - 0x00007ffd8bfbf000 	C:\Windows\SYSTEM32\dwmapi.dll
0x00007ffd89710000 - 0x00007ffd897a0000 	C:\Windows\SYSTEM32\apphelp.dll
0x00007ffd8be90000 - 0x00007ffd8bf2e000 	C:\Windows\system32\uxtheme.dll
0x00007ffd90890000 - 0x00007ffd909a5000 	C:\Windows\System32\MSCTF.dll
0x00007ffd90df0000 - 0x00007ffd90f1a000 	C:\Windows\System32\ole32.dll
0x00007ffd521a0000 - 0x00007ffd521be000 	C:\Users\Asif\AppData\Local\Temp\native-platform14528596346585910081dir\native-platform.dll
0x00000000006d0000 - 0x00000000007ac000 	C:\Users\Asif\AppData\Local\Temp\sqlite-3.36.0-3325ccaa-8abc-43bf-bf6f-258a914e1116-sqlitejdbc.dll

dbghelp: loaded successfully - version: 4.0.5 - missing functions: none
symbol engine: initialized successfully - sym options: 0x614 - pdb path: .;C:\Program Files\Android\Android Studio1\jbr\bin;C:\Windows\SYSTEM32;C:\Program Files\Avast Software\Avast;C:\Windows\WinSxS\amd64_microsoft.windows.common-controls_6595b64144ccf1df_6.0.19041.1110_none_60b5254171f9507e;C:\Program Files\Android\Android Studio1\jbr\bin\server;C:\Users\Asif\.gradle\native\e1d6ef7f7dcc3fd88c89a11ec53ec762bb8ba0a96d01ffa2cd45eb1d1d8dd5c5\windows-amd64;C:\Users\Asif\.gradle\native\0d407fdbe67a94daf76414ababcb853783967236a71b16ec16e742cd7a986fd3\windows-amd64;C:\Users\Asif\AppData\Local\Temp;C:\Users\Asif\AppData\Local\Temp\native-platform10545926637608204359dir;C:\Users\Asif\AppData\Local\Temp\native-platform10653430343971420974dir;C:\Users\Asif\AppData\Local\Temp\native-platform14528596346585910081dir

VM Arguments:
jvm_args: --add-opens=java.base/java.util=ALL-UNNAMED --add-opens=java.base/java.lang=ALL-UNNAMED --add-opens=java.base/java.lang.invoke=ALL-UNNAMED --add-opens=java.base/java.util=ALL-UNNAMED --add-opens=java.prefs/java.util.prefs=ALL-UNNAMED --add-opens=java.prefs/java.util.prefs=ALL-UNNAMED --add-opens=java.base/java.nio.charset=ALL-UNNAMED --add-opens=java.base/java.net=ALL-UNNAMED --add-opens=java.base/java.util.concurrent.atomic=ALL-UNNAMED -Xmx4096m -Dfile.encoding=UTF-8 -Duser.country=IN -Duser.language=en -Duser.variant 
java_command: org.gradle.launcher.daemon.bootstrap.GradleDaemon 7.5
java_class_path (initial): C:\Users\Asif\.gradle\wrapper\dists\gradle-7.5-bin\f1w0cc9nuo0eivz97x2xlu9sv\gradle-7.5\lib\gradle-launcher-7.5.jar
Launcher Type: SUN_STANDARD

[Global flags]
     intx CICompilerCount                          = 4                                         {product} {ergonomic}
     uint ConcGCThreads                            = 2                                         {product} {ergonomic}
     uint G1ConcRefinementThreads                  = 8                                         {product} {ergonomic}
   size_t G1HeapRegionSize                         = 2097152                                   {product} {ergonomic}
    uintx GCDrainStackTargetSize                   = 64                                        {product} {ergonomic}
   size_t InitialHeapSize                          = 264241152                                 {product} {ergonomic}
   size_t MarkStackSize                            = 4194304                                   {product} {ergonomic}
   size_t MaxHeapSize                              = 4294967296                                {product} {command line}
   size_t MaxNewSize                               = 2575302656                                {product} {ergonomic}
   size_t MinHeapDeltaBytes                        = 2097152                                   {product} {ergonomic}
   size_t MinHeapSize                              = 8388608                                   {product} {ergonomic}
    uintx NonNMethodCodeHeapSize                   = 5839372                                {pd product} {ergonomic}
    uintx NonProfiledCodeHeapSize                  = 122909434                              {pd product} {ergonomic}
    uintx ProfiledCodeHeapSize                     = 122909434                              {pd product} {ergonomic}
    uintx ReservedCodeCacheSize                    = 251658240                              {pd product} {ergonomic}
     bool SegmentedCodeCache                       = true                                      {product} {ergonomic}
   size_t SoftMaxHeapSize                          = 4294967296                             {manageable} {ergonomic}
     bool UseCompressedClassPointers               = true                           {product lp64_product} {ergonomic}
     bool UseCompressedOops                        = true                           {product lp64_product} {ergonomic}
     bool UseG1GC                                  = true                                      {product} {ergonomic}
     bool UseLargePagesIndividualAllocation        = false                                  {pd product} {ergonomic}

Logging:
Log output configuration:
 #0: stdout all=warning uptime,level,tags
 #1: stderr all=off uptime,level,tags

Environment Variables:
PATH=C:\Windows\system32;C:\Windows;C:\Windows\System32\Wbem;C:\Windows\System32\WindowsPowerShell\v1.0\;C:\Windows\System32\OpenSSH\;C:\Program Files\dotnet\;C:\Program Files\Git\cmd;C:\Users\Asif\AppData\Local\Microsoft\WindowsApps;
USERNAME=Asif
OS=Windows_NT
PROCESSOR_IDENTIFIER=Intel64 Family 6 Model 140 Stepping 1, GenuineIntel
TMP=C:\Users\Asif\AppData\Local\Temp
TEMP=C:\Users\Asif\AppData\Local\Temp


JNI global refs:
JNI global refs: 98, weak refs: 16

JNI global refs memory usage: 1475, weak refs: 1033


---------------  S Y S T E M  ---------------

OS:
 Windows 10 , 64 bit Build 19041 (10.0.19041.2546)
OS uptime: 5 days 1:15 hours

CPU: total 8 (initial active 8) (4 cores per cpu, 2 threads per core) family 6 model 140 stepping 1 microcode 0xa4, cx8, cmov, fxsr, ht, mmx, 3dnowpref, sse, sse2, sse3, ssse3, sse4.1, sse4.2, popcnt, lzcnt, tsc, tscinvbit, avx, avx2, aes, erms, clmul, bmi1, bmi2, adx, avx512f, avx512dq, avx512cd, avx512bw, avx512vl, sha, fma, vzeroupper, avx512_vpopcntdq, avx512_vpclmulqdq, avx512_vaes, avx512_vnni, clflush, clflushopt, clwb, avx512_vbmi2, avx512_vbmi

Memory: 4k page, system-wide physical 16126M (620M free)
TotalPageFile size 47298M (AvailPageFile size 7M)
current process WorkingSet (physical memory assigned to process): 2601M, peak: 2654M
current process commit charge ("private bytes"): 2771M, peak: 2830M

vm_info: OpenJDK 64-Bit Server VM (17.0.6+0-b2043.56-10027231) for windows-amd64 JRE (17.0.6+0-b2043.56-10027231), built on Apr 28 2023 00:43:19 by "androidbuild" with MS VC++ 16.10 / 16.11 (VS2019)

END.
