#
# There is insufficient memory for the Java Runtime Environment to continue.
# Native memory allocation (mmap) failed to map 207618048 bytes for G1 virtual space
# Possible reasons:
#   The system is out of physical RAM or swap space
#   The process is running with CompressedOops enabled, and the Java Heap may be blocking the growth of the native heap
# Possible solutions:
#   Reduce memory load on the system
#   Increase physical memory or swap space
#   Check if swap backing store is full
#   Decrease Java heap size (-Xmx/-Xms)
#   Decrease number of Java threads
#   Decrease Java thread stack sizes (-Xss)
#   Set larger code cache with -XX:ReservedCodeCacheSize=
#   JVM is running with Zero Based Compressed Oops mode in which the Java heap is
#     placed in the first 32GB address space. The Java Heap base address is the
#     maximum limit for the native heap growth. Please use -XX:HeapBaseMinAddress
#     to set the Java Heap base and to place the Java Heap above 32GB virtual address.
# This output file may be truncated or incomplete.
#
#  Out of Memory Error (os_windows.cpp:3769), pid=26696, tid=22828
#
# JRE version: OpenJDK Runtime Environment (17.0.6) (build 17.0.6+0-b2043.56-10027231)
# Java VM: OpenJDK 64-Bit Server VM (17.0.6+0-b2043.56-10027231, mixed mode, tiered, compressed oops, compressed class ptrs, g1 gc, windows-amd64)
# No core dump will be written. Minidumps are not enabled by default on client versions of Windows
#

---------------  S U M M A R Y ------------

Command Line: --add-opens=java.base/java.util=ALL-UNNAMED --add-opens=java.base/java.lang=ALL-UNNAMED --add-opens=java.base/java.lang.invoke=ALL-UNNAMED --add-opens=java.base/java.util=ALL-UNNAMED --add-opens=java.prefs/java.util.prefs=ALL-UNNAMED --add-opens=java.prefs/java.util.prefs=ALL-UNNAMED --add-opens=java.base/java.nio.charset=ALL-UNNAMED --add-opens=java.base/java.net=ALL-UNNAMED --add-opens=java.base/java.util.concurrent.atomic=ALL-UNNAMED -Xmx4096m -Dfile.encoding=UTF-8 -Duser.country=IN -Duser.language=en -Duser.variant org.gradle.launcher.daemon.bootstrap.GradleDaemon 7.5

Host: 11th Gen Intel(R) Core(TM) i7-1165G7 @ 2.80GHz, 8 cores, 15G,  Windows 10 , 64 bit Build 19041 (10.0.19041.2546)
Time: Mon Sep 11 12:23:15 2023 India Standard Time elapsed time: 247.020426 seconds (0d 0h 4m 7s)

---------------  T H R E A D  ---------------

Current thread (0x000001ff3ec50300):  VMThread "VM Thread" [stack: 0x0000009837f00000,0x0000009838000000] [id=22828]

Stack: [0x0000009837f00000,0x0000009838000000]
Native frames: (J=compiled Java code, j=interpreted, Vv=VM code, C=native code)
V  [jvm.dll+0x683c9a]
V  [jvm.dll+0x8427a4]
V  [jvm.dll+0x843f9e]
V  [jvm.dll+0x844603]
V  [jvm.dll+0x249b75]
V  [jvm.dll+0x680b69]
V  [jvm.dll+0x67505a]
V  [jvm.dll+0x309acb]
V  [jvm.dll+0x310f86]
V  [jvm.dll+0x3608ee]
V  [jvm.dll+0x360b1f]
V  [jvm.dll+0x2dfbf8]
V  [jvm.dll+0x2ddec4]
V  [jvm.dll+0x2dd4cc]
V  [jvm.dll+0x321f3b]
V  [jvm.dll+0x848ccb]
V  [jvm.dll+0x849a04]
V  [jvm.dll+0x849f1d]
V  [jvm.dll+0x84a2f4]
V  [jvm.dll+0x84a3c0]
V  [jvm.dll+0x7f274a]
V  [jvm.dll+0x682ad5]
C  [ucrtbase.dll+0x21bb2]
C  [KERNEL32.DLL+0x17614]
C  [ntdll.dll+0x526a1]

VM_Operation (0x00000098430fbba0): G1CollectForAllocation, mode: safepoint, requested by thread 0x000001ff48df5fb0


---------------  P R O C E S S  ---------------

Threads class SMR info:
_java_thread_list=0x000001ff4adb5fe0, length=168, elements={
0x000001ff1f700ae0, 0x000001ff3ec552c0, 0x000001ff3ec55e70, 0x000001ff3ecb54d0,
0x000001ff3ecb5e80, 0x000001ff3ecb6830, 0x000001ff3ecbf1f0, 0x000001ff3ecc3480,
0x000001ff3ecc3f20, 0x000001ff3ecc5830, 0x000001ff3ee66010, 0x000001ff3ee68d00,
0x000001ff414faca0, 0x000001ff41e7a420, 0x000001ff41b2bba0, 0x000001ff4126a1f0,
0x000001ff401830e0, 0x000001ff419c9e00, 0x000001ff419cbfb0, 0x000001ff419ca7a0,
0x000001ff419c9460, 0x000001ff419cb140, 0x000001ff419cbae0, 0x000001ff3f837a00,
0x000001ff3f835850, 0x000001ff3f832360, 0x000001ff3f835d20, 0x000001ff3f834040,
0x000001ff3f834eb0, 0x000001ff3f830b50, 0x000001ff3f8366c0, 0x000001ff44197630,
0x000001ff4419b4c0, 0x000001ff44199310, 0x000001ff44b51570, 0x000001ff49504f70,
0x000001ff4c5dc820, 0x000001ff4c5dd690, 0x000001ff4c5d7180, 0x000001ff495015b0,
0x000001ff495010e0, 0x000001ff49507ac0, 0x000001ff4c5d6cb0, 0x000001ff49504aa0,
0x000001ff4c5d6310, 0x000001ff515c2000, 0x000001ff515bf4b0, 0x000001ff515c1660,
0x000001ff515c4b50, 0x000001ff515c5020, 0x000001ff515bd7d0, 0x000001ff515c9380,
0x000001ff515c6830, 0x000001ff515c71d0, 0x000001ff515c76a0, 0x000001ff515c9850,
0x000001ff515c54f0, 0x000001ff515cbed0, 0x000001ff515cab90, 0x000001ff515cb060,
0x000001ff515c59c0, 0x000001ff515cb530, 0x000001ff515cba00, 0x000001ff515c5e90,
0x000001ff515c7b70, 0x000001ff515c6360, 0x000001ff515c8040, 0x000001ff515c89e0,
0x000001ff515c8eb0, 0x000001ff515c9d20, 0x000001ff515ca6c0, 0x000001ff515ca1f0,
0x000001ff441997e0, 0x000001ff44199cb0, 0x000001ff4419b990, 0x000001ff44197fd0,
0x000001ff4419c330, 0x000001ff44196c90, 0x000001ff4419be60, 0x000001ff44197160,
0x000001ff44197b00, 0x000001ff441962f0, 0x000001ff441984a0, 0x000001ff4419a180,
0x000001ff44198970, 0x000001ff4419c800, 0x000001ff4419a650, 0x000001ff4419ab20,
0x000001ff44198e40, 0x000001ff44194fb0, 0x000001ff44195480, 0x000001ff44195e20,
0x000001ff441967c0, 0x000001ff44b59590, 0x000001ff44b5c5b0, 0x000001ff44b59f30,
0x000001ff44b5cf50, 0x000001ff44b59a60, 0x000001ff44b5e290, 0x000001ff44b5ec30,
0x000001ff44b5ca80, 0x000001ff44b5d420, 0x000001ff44b5a400, 0x000001ff44b5f100,
0x000001ff44b5a8d0, 0x000001ff44b5bc10, 0x000001ff44b5c0e0, 0x000001ff44b5f5d0,
0x000001ff44b5b270, 0x000001ff44b5faa0, 0x000001ff44b60440, 0x000001ff3f834510,
0x000001ff3f8314f0, 0x000001ff3f8349e0, 0x000001ff3f8319c0, 0x000001ff3f835380,
0x000001ff3f8361f0, 0x000001ff3f837ed0, 0x000001ff3f836b90, 0x000001ff3f831e90,
0x000001ff3f837060, 0x000001ff3f837530, 0x000001ff3f830680, 0x000001ff3f8331d0,
0x000001ff49501a80, 0x000001ff49505440, 0x000001ff49508460, 0x000001ff49506c50,
0x000001ff49503c30, 0x000001ff49500c10, 0x000001ff495062b0, 0x000001ff49507120,
0x000001ff49501f50, 0x000001ff495028f0, 0x000001ff49502dc0, 0x000001ff49504100,
0x000001ff4c7b0dc0, 0x000001ff4c7b2100, 0x000001ff4c7b25d0, 0x000001ff4c7ae740,
0x000001ff4c7ae270, 0x000001ff4c7b2aa0, 0x000001ff4c7ab720, 0x000001ff4c7abbf0,
0x000001ff4c7ac0c0, 0x000001ff4c7aca60, 0x000001ff4c7aec10, 0x000001ff44b57a80,
0x000001ff44b53bf0, 0x000001ff44b54f30, 0x000001ff4c5db9b0, 0x000001ff4c5d67e0,
0x000001ff4c7ac590, 0x000001ff4c7b1760, 0x000001ff4c7b0420, 0x000001ff49506780,
0x000001ff44b528b0, 0x000001ff48df9e40, 0x000001ff48df8630, 0x000001ff48df5140,
0x000001ff48df3e00, 0x000001ff48df25f0, 0x000001ff48df8b00, 0x000001ff48df5fb0,
0x000001ff48dfa310, 0x000001ff48df9970, 0x000001ff48df8fd0, 0x000001ff48df3460
}

Java Threads: ( => current thread )
  0x000001ff1f700ae0 JavaThread "main" [_thread_blocked, id=15780, stack(0x0000009837900000,0x0000009837a00000)]
  0x000001ff3ec552c0 JavaThread "Reference Handler" daemon [_thread_blocked, id=3388, stack(0x0000009838000000,0x0000009838100000)]
  0x000001ff3ec55e70 JavaThread "Finalizer" daemon [_thread_blocked, id=4772, stack(0x0000009838100000,0x0000009838200000)]
  0x000001ff3ecb54d0 JavaThread "Signal Dispatcher" daemon [_thread_blocked, id=5132, stack(0x0000009838200000,0x0000009838300000)]
  0x000001ff3ecb5e80 JavaThread "Attach Listener" daemon [_thread_blocked, id=13480, stack(0x0000009838300000,0x0000009838400000)]
  0x000001ff3ecb6830 JavaThread "Service Thread" daemon [_thread_blocked, id=11832, stack(0x0000009838400000,0x0000009838500000)]
  0x000001ff3ecbf1f0 JavaThread "Monitor Deflation Thread" daemon [_thread_blocked, id=26572, stack(0x0000009838500000,0x0000009838600000)]
  0x000001ff3ecc3480 JavaThread "C2 CompilerThread0" daemon [_thread_blocked, id=20376, stack(0x0000009838600000,0x0000009838700000)]
  0x000001ff3ecc3f20 JavaThread "C1 CompilerThread0" daemon [_thread_blocked, id=9812, stack(0x0000009838700000,0x0000009838800000)]
  0x000001ff3ecc5830 JavaThread "Sweeper thread" daemon [_thread_blocked, id=22100, stack(0x0000009838800000,0x0000009838900000)]
  0x000001ff3ee66010 JavaThread "Common-Cleaner" daemon [_thread_blocked, id=4888, stack(0x0000009838900000,0x0000009838a00000)]
  0x000001ff3ee68d00 JavaThread "Notification Thread" daemon [_thread_blocked, id=17244, stack(0x0000009838a00000,0x0000009838b00000)]
  0x000001ff414faca0 JavaThread "Daemon health stats" [_thread_blocked, id=19868, stack(0x0000009838d00000,0x0000009838e00000)]
  0x000001ff41e7a420 JavaThread "Incoming local TCP Connector on port 61123" [_thread_in_native, id=17860, stack(0x0000009838c00000,0x0000009838d00000)]
  0x000001ff41b2bba0 JavaThread "Daemon periodic checks" [_thread_blocked, id=7416, stack(0x0000009839300000,0x0000009839400000)]
  0x000001ff4126a1f0 JavaThread "Daemon" [_thread_blocked, id=24780, stack(0x0000009839400000,0x0000009839500000)]
  0x000001ff401830e0 JavaThread "Daemon worker" [_thread_blocked, id=5584, stack(0x0000009839700000,0x0000009839800000)]
  0x000001ff419c9e00 JavaThread "Cache worker for journal cache (C:\Users\Asif\.gradle\caches\journal-1)" [_thread_blocked, id=19984, stack(0x0000009839c00000,0x0000009839d00000)]
  0x000001ff419cbfb0 JavaThread "File lock request listener" [_thread_in_native, id=21832, stack(0x0000009839d00000,0x0000009839e00000)]
  0x000001ff419ca7a0 JavaThread "Cache worker for file hash cache (C:\Users\Asif\.gradle\caches\7.5\fileHashes)" [_thread_blocked, id=5716, stack(0x000000983a100000,0x000000983a200000)]
  0x000001ff419c9460 JavaThread "File watcher server" daemon [_thread_blocked, id=27272, stack(0x000000983a200000,0x000000983a300000)]
  0x000001ff419cb140 JavaThread "File watcher consumer" daemon [_thread_blocked, id=20388, stack(0x000000983a300000,0x000000983a400000)]
  0x000001ff419cbae0 JavaThread "Cache worker for file content cache (C:\Users\Asif\.gradle\caches\7.5\fileContent)" [_thread_blocked, id=23612, stack(0x000000983a600000,0x000000983a700000)]
  0x000001ff3f837a00 JavaThread "Cache worker for execution history cache (C:\Users\Asif\.gradle\caches\7.5\executionHistory)" [_thread_blocked, id=17596, stack(0x000000983a900000,0x000000983aa00000)]
  0x000001ff3f835850 JavaThread "jar transforms" [_thread_blocked, id=14668, stack(0x0000009839b00000,0x0000009839c00000)]
  0x000001ff3f832360 JavaThread "jar transforms Thread 2" [_thread_blocked, id=8480, stack(0x000000983ab00000,0x000000983ac00000)]
  0x000001ff3f835d20 JavaThread "jar transforms Thread 3" [_thread_blocked, id=9252, stack(0x000000983ae00000,0x000000983af00000)]
  0x000001ff3f834040 JavaThread "jar transforms Thread 4" [_thread_blocked, id=15892, stack(0x000000983af00000,0x000000983b000000)]
  0x000001ff3f834eb0 JavaThread "Memory manager" [_thread_blocked, id=13088, stack(0x000000983b200000,0x000000983b300000)]
  0x000001ff3f830b50 JavaThread "Cache worker for kotlin-dsl (C:\Users\Asif\.gradle\caches\7.5\kotlin-dsl)" [_thread_blocked, id=2464, stack(0x000000983b300000,0x000000983b400000)]
  0x000001ff3f8366c0 JavaThread "jar transforms Thread 5" [_thread_blocked, id=15116, stack(0x000000983b400000,0x000000983b500000)]
  0x000001ff44197630 JavaThread "jar transforms Thread 6" [_thread_blocked, id=20596, stack(0x000000983dd00000,0x000000983de00000)]
  0x000001ff4419b4c0 JavaThread "jar transforms Thread 7" [_thread_blocked, id=21188, stack(0x000000983de00000,0x000000983df00000)]
  0x000001ff44199310 JavaThread "jar transforms Thread 8" [_thread_blocked, id=22900, stack(0x000000983df00000,0x000000983e000000)]
  0x000001ff44b51570 JavaThread "pool-3-thread-1" [_thread_blocked, id=15848, stack(0x0000009841400000,0x0000009841500000)]
  0x000001ff49504f70 JavaThread "pool-6-thread-1" [_thread_blocked, id=21984, stack(0x0000009841800000,0x0000009841900000)]
  0x000001ff4c5dc820 JavaThread "Cache worker for Java compile cache (C:\Users\Asif\.gradle\caches\7.5\javaCompile)" [_thread_blocked, id=23284, stack(0x0000009837700000,0x0000009837800000)]
  0x000001ff4c5dd690 JavaThread "Java2D Disposer" daemon [_thread_blocked, id=25112, stack(0x0000009842400000,0x0000009842500000)]
  0x000001ff4c5d7180 JavaThread "AWT-Windows" daemon [_thread_in_native, id=21024, stack(0x0000009842600000,0x0000009842700000)]
  0x000001ff495015b0 JavaThread "RMI Scheduler(0)" daemon [_thread_blocked, id=26468, stack(0x0000009842100000,0x0000009842200000)]
  0x000001ff495010e0 JavaThread "RMI GC Daemon" daemon [_thread_blocked, id=7780, stack(0x0000009842500000,0x0000009842600000)]
  0x000001ff49507ac0 JavaThread "RMI TCP Accept-0" daemon [_thread_in_native, id=27552, stack(0x0000009842900000,0x0000009842a00000)]
  0x000001ff4c5d6cb0 JavaThread "RMI Reaper" [_thread_blocked, id=9172, stack(0x0000009842a00000,0x0000009842b00000)]
  0x000001ff49504aa0 JavaThread "RMI RenewClean-[127.0.0.1:17390,org.jetbrains.kotlin.daemon.common.LoopbackNetworkInterface$ClientLoopbackSocketFactory@1d43e29d]" daemon [_thread_blocked, id=25176, stack(0x0000009842700000,0x0000009842800000)]
  0x000001ff4c5d6310 JavaThread "RMI TCP Connection(idle)" daemon [_thread_blocked, id=8988, stack(0x0000009843400000,0x0000009843500000)]
  0x000001ff515c2000 JavaThread "Handler for socket connection from /127.0.0.1:61123 to /127.0.0.1:61240" [_thread_in_native, id=22380, stack(0x0000009837600000,0x0000009837700000)]
  0x000001ff515bf4b0 JavaThread "Cancel handler" [_thread_blocked, id=14404, stack(0x0000009839500000,0x0000009839600000)]
  0x000001ff515c1660 JavaThread "Asynchronous log dispatcher for DefaultDaemonConnection: socket connection from /127.0.0.1:61123 to /127.0.0.1:61240" [_thread_blocked, id=6932, stack(0x0000009837800000,0x0000009837900000)]
  0x000001ff515c4b50 JavaThread "Daemon client event forwarder" [_thread_blocked, id=2176, stack(0x0000009839800000,0x0000009839900000)]
  0x000001ff515c5020 JavaThread "Cache worker for checksums cache (D:\WorkspaceAsif\Android\LunaRing\.gradle\7.5\checksums)" [_thread_blocked, id=8272, stack(0x000000983a400000,0x000000983a500000)]
  0x000001ff515bd7d0 JavaThread "Cache worker for cache directory md-rule (C:\Users\Asif\.gradle\caches\7.5\md-rule)" [_thread_blocked, id=5640, stack(0x000000983a500000,0x000000983a600000)]
  0x000001ff515c9380 JavaThread "Cache worker for file hash cache (D:\WorkspaceAsif\Android\LunaRing\.gradle\7.5\fileHashes)" [_thread_blocked, id=18108, stack(0x000000983a700000,0x000000983a800000)]
  0x000001ff515c6830 JavaThread "Cache worker for cache directory md-supplier (C:\Users\Asif\.gradle\caches\7.5\md-supplier)" [_thread_blocked, id=25660, stack(0x000000983a800000,0x000000983a900000)]
  0x000001ff515c71d0 JavaThread "Cache worker for dependencies-accessors (D:\WorkspaceAsif\Android\LunaRing\.gradle\7.5\dependencies-accessors)" [_thread_blocked, id=26436, stack(0x000000983aa00000,0x000000983ab00000)]
  0x000001ff515c76a0 JavaThread "Cache worker for Build Output Cleanup Cache (D:\WorkspaceAsif\Android\LunaRing\buildSrc\.gradle\buildOutputCleanup)" [_thread_blocked, id=27280, stack(0x000000983b000000,0x000000983b100000)]
  0x000001ff515c9850 JavaThread "Unconstrained build operations" [_thread_blocked, id=4508, stack(0x000000983b100000,0x000000983b200000)]
  0x000001ff515c54f0 JavaThread "Unconstrained build operations Thread 2" [_thread_blocked, id=13700, stack(0x000000983b500000,0x000000983b600000)]
  0x000001ff515cbed0 JavaThread "Unconstrained build operations Thread 3" [_thread_blocked, id=25444, stack(0x000000983b600000,0x000000983b700000)]
  0x000001ff515cab90 JavaThread "Unconstrained build operations Thread 4" [_thread_blocked, id=16052, stack(0x000000983b700000,0x000000983b800000)]
  0x000001ff515cb060 JavaThread "Unconstrained build operations Thread 5" [_thread_blocked, id=15336, stack(0x000000983b800000,0x000000983b900000)]
  0x000001ff515c59c0 JavaThread "Unconstrained build operations Thread 6" [_thread_blocked, id=20524, stack(0x000000983b900000,0x000000983ba00000)]
  0x000001ff515cb530 JavaThread "Unconstrained build operations Thread 7" [_thread_blocked, id=18712, stack(0x000000983ba00000,0x000000983bb00000)]
  0x000001ff515cba00 JavaThread "Unconstrained build operations Thread 8" [_thread_blocked, id=25336, stack(0x000000983bb00000,0x000000983bc00000)]
  0x000001ff515c5e90 JavaThread "Unconstrained build operations Thread 9" [_thread_blocked, id=7732, stack(0x000000983bc00000,0x000000983bd00000)]
  0x000001ff515c7b70 JavaThread "Unconstrained build operations Thread 10" [_thread_blocked, id=23876, stack(0x000000983bd00000,0x000000983be00000)]
  0x000001ff515c6360 JavaThread "Unconstrained build operations Thread 11" [_thread_blocked, id=25536, stack(0x000000983be00000,0x000000983bf00000)]
  0x000001ff515c8040 JavaThread "Unconstrained build operations Thread 12" [_thread_blocked, id=20960, stack(0x000000983bf00000,0x000000983c000000)]
  0x000001ff515c89e0 JavaThread "Unconstrained build operations Thread 13" [_thread_blocked, id=25748, stack(0x000000983c000000,0x000000983c100000)]
  0x000001ff515c8eb0 JavaThread "Unconstrained build operations Thread 14" [_thread_blocked, id=23216, stack(0x000000983c100000,0x000000983c200000)]
  0x000001ff515c9d20 JavaThread "Unconstrained build operations Thread 15" [_thread_blocked, id=19244, stack(0x000000983c200000,0x000000983c300000)]
  0x000001ff515ca6c0 JavaThread "Unconstrained build operations Thread 16" [_thread_blocked, id=4252, stack(0x000000983c300000,0x000000983c400000)]
  0x000001ff515ca1f0 JavaThread "Unconstrained build operations Thread 17" [_thread_blocked, id=9276, stack(0x000000983c400000,0x000000983c500000)]
  0x000001ff441997e0 JavaThread "Unconstrained build operations Thread 18" [_thread_blocked, id=26576, stack(0x000000983c500000,0x000000983c600000)]
  0x000001ff44199cb0 JavaThread "Unconstrained build operations Thread 19" [_thread_blocked, id=14220, stack(0x000000983c600000,0x000000983c700000)]
  0x000001ff4419b990 JavaThread "Unconstrained build operations Thread 20" [_thread_blocked, id=10196, stack(0x000000983c700000,0x000000983c800000)]
  0x000001ff44197fd0 JavaThread "Unconstrained build operations Thread 21" [_thread_blocked, id=16300, stack(0x000000983c800000,0x000000983c900000)]
  0x000001ff4419c330 JavaThread "Unconstrained build operations Thread 22" [_thread_blocked, id=23580, stack(0x000000983c900000,0x000000983ca00000)]
  0x000001ff44196c90 JavaThread "Unconstrained build operations Thread 23" [_thread_blocked, id=22152, stack(0x000000983ca00000,0x000000983cb00000)]
  0x000001ff4419be60 JavaThread "Unconstrained build operations Thread 24" [_thread_blocked, id=21800, stack(0x000000983cb00000,0x000000983cc00000)]
  0x000001ff44197160 JavaThread "Unconstrained build operations Thread 25" [_thread_blocked, id=2112, stack(0x000000983cc00000,0x000000983cd00000)]
  0x000001ff44197b00 JavaThread "Unconstrained build operations Thread 26" [_thread_blocked, id=24960, stack(0x000000983cd00000,0x000000983ce00000)]
  0x000001ff441962f0 JavaThread "Unconstrained build operations Thread 27" [_thread_blocked, id=24156, stack(0x000000983ce00000,0x000000983cf00000)]
  0x000001ff441984a0 JavaThread "Unconstrained build operations Thread 28" [_thread_blocked, id=13496, stack(0x000000983cf00000,0x000000983d000000)]
  0x000001ff4419a180 JavaThread "Unconstrained build operations Thread 29" [_thread_blocked, id=4744, stack(0x000000983d000000,0x000000983d100000)]
  0x000001ff44198970 JavaThread "Unconstrained build operations Thread 30" [_thread_blocked, id=9428, stack(0x000000983d100000,0x000000983d200000)]
  0x000001ff4419c800 JavaThread "Unconstrained build operations Thread 31" [_thread_blocked, id=3564, stack(0x000000983d200000,0x000000983d300000)]
  0x000001ff4419a650 JavaThread "Unconstrained build operations Thread 32" [_thread_blocked, id=24300, stack(0x000000983d300000,0x000000983d400000)]
  0x000001ff4419ab20 JavaThread "Unconstrained build operations Thread 33" [_thread_blocked, id=16112, stack(0x000000983d400000,0x000000983d500000)]
  0x000001ff44198e40 JavaThread "Unconstrained build operations Thread 34" [_thread_blocked, id=8240, stack(0x000000983d500000,0x000000983d600000)]
  0x000001ff44194fb0 JavaThread "Unconstrained build operations Thread 35" [_thread_blocked, id=26216, stack(0x000000983d600000,0x000000983d700000)]
  0x000001ff44195480 JavaThread "Unconstrained build operations Thread 36" [_thread_blocked, id=17988, stack(0x000000983d700000,0x000000983d800000)]
  0x000001ff44195e20 JavaThread "Unconstrained build operations Thread 37" [_thread_blocked, id=26048, stack(0x000000983d800000,0x000000983d900000)]
  0x000001ff441967c0 JavaThread "Unconstrained build operations Thread 38" [_thread_blocked, id=21144, stack(0x000000983d900000,0x000000983da00000)]
  0x000001ff44b59590 JavaThread "Unconstrained build operations Thread 39" [_thread_blocked, id=17516, stack(0x000000983da00000,0x000000983db00000)]
  0x000001ff44b5c5b0 JavaThread "Unconstrained build operations Thread 40" [_thread_blocked, id=21036, stack(0x000000983db00000,0x000000983dc00000)]
  0x000001ff44b59f30 JavaThread "included builds" [_thread_blocked, id=20304, stack(0x000000983dc00000,0x000000983dd00000)]
  0x000001ff44b5cf50 JavaThread "Execution worker" [_thread_blocked, id=4652, stack(0x000000983e000000,0x000000983e100000)]
  0x000001ff44b59a60 JavaThread "Execution worker Thread 2" [_thread_blocked, id=12924, stack(0x000000983e100000,0x000000983e200000)]
  0x000001ff44b5e290 JavaThread "Execution worker Thread 3" [_thread_blocked, id=9624, stack(0x000000983e200000,0x000000983e300000)]
  0x000001ff44b5ec30 JavaThread "Execution worker Thread 4" [_thread_blocked, id=20708, stack(0x000000983e500000,0x000000983e600000)]
  0x000001ff44b5ca80 JavaThread "Execution worker Thread 5" [_thread_blocked, id=18812, stack(0x000000983e600000,0x000000983e700000)]
  0x000001ff44b5d420 JavaThread "Execution worker Thread 6" [_thread_blocked, id=18892, stack(0x000000983e700000,0x000000983e800000)]
  0x000001ff44b5a400 JavaThread "Execution worker Thread 7" [_thread_blocked, id=18764, stack(0x000000983e800000,0x000000983e900000)]
  0x000001ff44b5f100 JavaThread "Cache worker for execution history cache (D:\WorkspaceAsif\Android\LunaRing\buildSrc\.gradle\7.5\executionHistory)" [_thread_blocked, id=23916, stack(0x000000983e900000,0x000000983ea00000)]
  0x000001ff44b5a8d0 JavaThread "Unconstrained build operations Thread 41" [_thread_blocked, id=26252, stack(0x000000983ea00000,0x000000983eb00000)]
  0x000001ff44b5bc10 JavaThread "Unconstrained build operations Thread 42" [_thread_blocked, id=24332, stack(0x000000983eb00000,0x000000983ec00000)]
  0x000001ff44b5c0e0 JavaThread "Unconstrained build operations Thread 43" [_thread_blocked, id=12712, stack(0x000000983ec00000,0x000000983ed00000)]
  0x000001ff44b5f5d0 JavaThread "Unconstrained build operations Thread 44" [_thread_blocked, id=12704, stack(0x000000983ed00000,0x000000983ee00000)]
  0x000001ff44b5b270 JavaThread "Unconstrained build operations Thread 45" [_thread_blocked, id=24076, stack(0x000000983ee00000,0x000000983ef00000)]
  0x000001ff44b5faa0 JavaThread "Unconstrained build operations Thread 46" [_thread_blocked, id=22748, stack(0x000000983ef00000,0x000000983f000000)]
  0x000001ff44b60440 JavaThread "Unconstrained build operations Thread 47" [_thread_blocked, id=4148, stack(0x000000983f000000,0x000000983f100000)]
  0x000001ff3f834510 JavaThread "Unconstrained build operations Thread 48" [_thread_blocked, id=1748, stack(0x000000983f100000,0x000000983f200000)]
  0x000001ff3f8314f0 JavaThread "Unconstrained build operations Thread 49" [_thread_blocked, id=22000, stack(0x000000983f200000,0x000000983f300000)]
  0x000001ff3f8349e0 JavaThread "Unconstrained build operations Thread 50" [_thread_blocked, id=25500, stack(0x000000983f300000,0x000000983f400000)]
  0x000001ff3f8319c0 JavaThread "Unconstrained build operations Thread 51" [_thread_blocked, id=19632, stack(0x000000983f400000,0x000000983f500000)]
  0x000001ff3f835380 JavaThread "Unconstrained build operations Thread 52" [_thread_blocked, id=3960, stack(0x000000983f500000,0x000000983f600000)]
  0x000001ff3f8361f0 JavaThread "Unconstrained build operations Thread 53" [_thread_blocked, id=25052, stack(0x000000983f600000,0x000000983f700000)]
  0x000001ff3f837ed0 JavaThread "Unconstrained build operations Thread 54" [_thread_blocked, id=14252, stack(0x000000983f700000,0x000000983f800000)]
  0x000001ff3f836b90 JavaThread "Unconstrained build operations Thread 55" [_thread_blocked, id=27092, stack(0x000000983f800000,0x000000983f900000)]
  0x000001ff3f831e90 JavaThread "Unconstrained build operations Thread 56" [_thread_blocked, id=26144, stack(0x000000983f900000,0x000000983fa00000)]
  0x000001ff3f837060 JavaThread "Unconstrained build operations Thread 57" [_thread_blocked, id=19728, stack(0x000000983fa00000,0x000000983fb00000)]
  0x000001ff3f837530 JavaThread "Unconstrained build operations Thread 58" [_thread_blocked, id=24252, stack(0x000000983fb00000,0x000000983fc00000)]
  0x000001ff3f830680 JavaThread "Unconstrained build operations Thread 59" [_thread_blocked, id=19824, stack(0x000000983fc00000,0x000000983fd00000)]
  0x000001ff3f8331d0 JavaThread "Unconstrained build operations Thread 60" [_thread_blocked, id=25060, stack(0x000000983fd00000,0x000000983fe00000)]
  0x000001ff49501a80 JavaThread "Unconstrained build operations Thread 61" [_thread_blocked, id=24240, stack(0x000000983fe00000,0x000000983ff00000)]
  0x000001ff49505440 JavaThread "Cache worker for Build Output Cleanup Cache (D:\WorkspaceAsif\Android\LunaRing\.gradle\buildOutputCleanup)" [_thread_blocked, id=26560, stack(0x000000983ff00000,0x0000009840000000)]
  0x000001ff49508460 JavaThread "Unconstrained build operations Thread 62" [_thread_blocked, id=19284, stack(0x0000009840000000,0x0000009840100000)]
  0x000001ff49506c50 JavaThread "Unconstrained build operations Thread 63" [_thread_blocked, id=21440, stack(0x0000009840100000,0x0000009840200000)]
  0x000001ff49503c30 JavaThread "Unconstrained build operations Thread 64" [_thread_blocked, id=13816, stack(0x0000009840200000,0x0000009840300000)]
  0x000001ff49500c10 JavaThread "Unconstrained build operations Thread 65" [_thread_blocked, id=19476, stack(0x0000009840300000,0x0000009840400000)]
  0x000001ff495062b0 JavaThread "Unconstrained build operations Thread 66" [_thread_blocked, id=27252, stack(0x0000009840400000,0x0000009840500000)]
  0x000001ff49507120 JavaThread "Unconstrained build operations Thread 67" [_thread_blocked, id=9712, stack(0x0000009840500000,0x0000009840600000)]
  0x000001ff49501f50 JavaThread "Unconstrained build operations Thread 68" [_thread_blocked, id=16952, stack(0x0000009840600000,0x0000009840700000)]
  0x000001ff495028f0 JavaThread "Unconstrained build operations Thread 69" [_thread_blocked, id=16496, stack(0x0000009840700000,0x0000009840800000)]
  0x000001ff49502dc0 JavaThread "Unconstrained build operations Thread 70" [_thread_blocked, id=5568, stack(0x0000009840800000,0x0000009840900000)]
  0x000001ff49504100 JavaThread "Unconstrained build operations Thread 71" [_thread_blocked, id=4376, stack(0x0000009840900000,0x0000009840a00000)]
  0x000001ff4c7b0dc0 JavaThread "Unconstrained build operations Thread 72" [_thread_blocked, id=22952, stack(0x0000009840a00000,0x0000009840b00000)]
  0x000001ff4c7b2100 JavaThread "Unconstrained build operations Thread 73" [_thread_blocked, id=25712, stack(0x0000009840b00000,0x0000009840c00000)]
  0x000001ff4c7b25d0 JavaThread "Unconstrained build operations Thread 74" [_thread_blocked, id=25568, stack(0x0000009840c00000,0x0000009840d00000)]
  0x000001ff4c7ae740 JavaThread "Unconstrained build operations Thread 75" [_thread_blocked, id=22544, stack(0x0000009840d00000,0x0000009840e00000)]
  0x000001ff4c7ae270 JavaThread "Unconstrained build operations Thread 76" [_thread_blocked, id=2024, stack(0x0000009840e00000,0x0000009840f00000)]
  0x000001ff4c7b2aa0 JavaThread "Unconstrained build operations Thread 77" [_thread_blocked, id=24392, stack(0x0000009840f00000,0x0000009841000000)]
  0x000001ff4c7ab720 JavaThread "Unconstrained build operations Thread 78" [_thread_blocked, id=20896, stack(0x0000009841000000,0x0000009841100000)]
  0x000001ff4c7abbf0 JavaThread "Unconstrained build operations Thread 79" [_thread_blocked, id=12928, stack(0x0000009841100000,0x0000009841200000)]
  0x000001ff4c7ac0c0 JavaThread "Unconstrained build operations Thread 80" [_thread_blocked, id=24132, stack(0x0000009841200000,0x0000009841300000)]
  0x000001ff4c7aca60 JavaThread "build event listener" [_thread_blocked, id=17684, stack(0x0000009841300000,0x0000009841400000)]
  0x000001ff4c7aec10 JavaThread "pool-10-thread-1" [_thread_blocked, id=12788, stack(0x0000009841500000,0x0000009841600000)]
  0x000001ff44b57a80 JavaThread "build event listener" [_thread_blocked, id=15648, stack(0x0000009841600000,0x0000009841700000)]
  0x000001ff44b53bf0 JavaThread "Cache worker for execution history cache (D:\WorkspaceAsif\Android\LunaRing\.gradle\7.5\executionHistory)" [_thread_blocked, id=19768, stack(0x0000009841700000,0x0000009841800000)]
  0x000001ff44b54f30 JavaThread "WorkerExecutor Queue" [_thread_blocked, id=1988, stack(0x0000009841900000,0x0000009841a00000)]
  0x000001ff4c5db9b0 JavaThread "WorkerExecutor Queue Thread 2" [_thread_blocked, id=22684, stack(0x0000009841a00000,0x0000009841b00000)]
  0x000001ff4c5d67e0 JavaThread "WorkerExecutor Queue Thread 3" [_thread_blocked, id=25040, stack(0x0000009841b00000,0x0000009841c00000)]
  0x000001ff4c7ac590 JavaThread "RMI TCP Connection(idle)" daemon [_thread_blocked, id=17940, stack(0x0000009839900000,0x0000009839a00000)]
  0x000001ff4c7b1760 JavaThread "RMI TCP Connection(idle)" daemon [_thread_blocked, id=18588, stack(0x0000009839a00000,0x0000009839b00000)]
  0x000001ff4c7b0420 JavaThread "Build operations" [_thread_blocked, id=5620, stack(0x0000009842000000,0x0000009842100000)]
  0x000001ff49506780 JavaThread "Build operations Thread 2" [_thread_blocked, id=22924, stack(0x0000009842200000,0x0000009842300000)]
  0x000001ff44b528b0 JavaThread "Build operations Thread 3" [_thread_blocked, id=23204, stack(0x0000009842300000,0x0000009842400000)]
  0x000001ff48df9e40 JavaThread "Build operations Thread 4" [_thread_blocked, id=21688, stack(0x0000009842800000,0x0000009842900000)]
  0x000001ff48df8630 JavaThread "Build operations Thread 5" [_thread_blocked, id=21428, stack(0x0000009842b00000,0x0000009842c00000)]
  0x000001ff48df5140 JavaThread "Build operations Thread 6" [_thread_blocked, id=24844, stack(0x0000009842c00000,0x0000009842d00000)]
  0x000001ff48df3e00 JavaThread "Build operations Thread 7" [_thread_blocked, id=15292, stack(0x0000009842d00000,0x0000009842e00000)]
  0x000001ff48df25f0 JavaThread "Build operations Thread 8" [_thread_blocked, id=18772, stack(0x0000009842e00000,0x0000009842f00000)]
  0x000001ff48df8b00 JavaThread "WorkerExecutor Queue Thread 4" [_thread_blocked, id=11352, stack(0x0000009842f00000,0x0000009843000000)]
  0x000001ff48df5fb0 JavaThread "WorkerExecutor Queue Thread 5" [_thread_blocked, id=904, stack(0x0000009843000000,0x0000009843100000)]
  0x000001ff48dfa310 JavaThread "WorkerExecutor Queue Thread 6" [_thread_blocked, id=25764, stack(0x0000009843100000,0x0000009843200000)]
  0x000001ff48df9970 JavaThread "WorkerExecutor Queue Thread 7" [_thread_blocked, id=27232, stack(0x0000009843200000,0x0000009843300000)]
  0x000001ff48df8fd0 JavaThread "RMI TCP Connection(idle)" daemon [_thread_blocked, id=27172, stack(0x0000009843700000,0x0000009843800000)]
  0x000001ff48df3460 JavaThread "WorkerExecutor Queue Thread 8" [_thread_blocked, id=25428, stack(0x0000009841d00000,0x0000009841e00000)]

Other Threads:
=>0x000001ff3ec50300 VMThread "VM Thread" [stack: 0x0000009837f00000,0x0000009838000000] [id=22828]
  0x000001ff1f78dc30 WatcherThread [stack: 0x0000009838b00000,0x0000009838c00000] [id=656]
  0x000001ff1f76e610 GCTaskThread "GC Thread#0" [stack: 0x0000009837a00000,0x0000009837b00000] [id=19584]
  0x000001ff3fb93250 GCTaskThread "GC Thread#1" [stack: 0x0000009838e00000,0x0000009838f00000] [id=24540]
  0x000001ff3fb93500 GCTaskThread "GC Thread#2" [stack: 0x0000009838f00000,0x0000009839000000] [id=9072]
  0x000001ff3fe57030 GCTaskThread "GC Thread#3" [stack: 0x0000009839000000,0x0000009839100000] [id=20080]
  0x000001ff3f090ae0 GCTaskThread "GC Thread#4" [stack: 0x0000009839100000,0x0000009839200000] [id=3048]
  0x000001ff3fded7c0 GCTaskThread "GC Thread#5" [stack: 0x0000009839200000,0x0000009839300000] [id=16080]
  0x000001ff41a69160 GCTaskThread "GC Thread#6" [stack: 0x0000009839e00000,0x0000009839f00000] [id=12364]
  0x000001ff413f60c0 GCTaskThread "GC Thread#7" [stack: 0x0000009839f00000,0x000000983a000000] [id=18116]
  0x000001ff1f77f620 ConcurrentGCThread "G1 Main Marker" [stack: 0x0000009837b00000,0x0000009837c00000] [id=23532]
  0x000001ff1f7807d0 ConcurrentGCThread "G1 Conc#0" [stack: 0x0000009837c00000,0x0000009837d00000] [id=18660]
  0x000001ff402bacb0 ConcurrentGCThread "G1 Conc#1" [stack: 0x000000983a000000,0x000000983a100000] [id=16712]
  0x000001ff3dd36100 ConcurrentGCThread "G1 Refine#0" [stack: 0x0000009837d00000,0x0000009837e00000] [id=15328]
  0x000001ff41bd2880 ConcurrentGCThread "G1 Refine#1" [stack: 0x000000983ad00000,0x000000983ae00000] [id=25572]
  0x000001ff449c6ea0 ConcurrentGCThread "G1 Refine#2" [stack: 0x000000983ac00000,0x000000983ad00000] [id=5172]
  0x000001ff4c209cc0 ConcurrentGCThread "G1 Refine#3" [stack: 0x0000009841c00000,0x0000009841d00000] [id=24560]
  0x000001ff41bd2e40 ConcurrentGCThread "G1 Refine#4" [stack: 0x000000983e300000,0x000000983e400000] [id=12620]
  0x000001ff41bd36e0 ConcurrentGCThread "G1 Refine#5" [stack: 0x0000009843500000,0x0000009843600000] [id=11336]
  0x000001ff4c20c7e0 ConcurrentGCThread "G1 Refine#6" [stack: 0x0000009843600000,0x0000009843700000] [id=20916]
  0x000001ff3dd369c0 ConcurrentGCThread "G1 Service" [stack: 0x0000009837e00000,0x0000009837f00000] [id=13832]

Threads with active compile tasks:
C2 CompilerThread0   247053 51262   !   4       com.google.gson.internal.bind.ReflectiveTypeAdapterFactory$Adapter::read (116 bytes)

VM state: at safepoint (normal execution)

VM Mutex/Monitor currently owned by a thread:  ([mutex/lock_event])
[0x000001ff1f6fc970] Threads_lock - owner thread: 0x000001ff3ec50300
[0x000001ff1f6fb650] Heap_lock - owner thread: 0x000001ff48df5fb0

Heap address: 0x0000000700000000, size: 4096 MB, Compressed Oops mode: Zero based, Oop shift amount: 3

CDS archive(s) not mapped
Compressed class space mapped at: 0x0000000800000000-0x0000000840000000, reserved size: 1073741824
Narrow klass base: 0x0000000800000000, Narrow klass shift: 0, Narrow klass range: 0x40000000

GC Precious Log:
 CPUs: 8 total, 8 available
 Memory: 16126M
 Large Page Support: Disabled
 NUMA Support: Disabled
 Compressed Oops: Enabled (Zero based)
 Heap Region Size: 2M
 Heap Min Capacity: 8M
 Heap Initial Capacity: 252M
 Heap Max Capacity: 4G
 Pre-touch: Disabled
 Parallel Workers: 8
 Concurrent Workers: 2
 Concurrent Refinement Workers: 8
 Periodic GC: Disabled

Heap:
 garbage-first heap   total 1658880K, used 1136640K [0x0000000700000000, 0x0000000800000000)
  region size 2048K, 14 young (28672K), 14 survivors (28672K)
 Metaspace       used 230218K, committed 232576K, reserved 1253376K
  class space    used 28943K, committed 30080K, reserved 1048576K

Heap Regions: E=young(eden), S=young(survivor), O=old, HS=humongous(starts), HC=humongous(continues), CS=collection set, F=free, OA=open archive, CA=closed archive, TAMS=top-at-mark-start (previous, next)
|   0|0x0000000700000000, 0x0000000700200000, 0x0000000700200000|100%| O|  |TAMS 0x0000000700200000, 0x0000000700000000| Untracked 
|   1|0x0000000700200000, 0x0000000700400000, 0x0000000700400000|100%| O|  |TAMS 0x0000000700400000, 0x0000000700200000| Untracked 
|   2|0x0000000700400000, 0x0000000700600000, 0x0000000700600000|100%|HS|  |TAMS 0x0000000700600000, 0x0000000700400000| Complete 
|   3|0x0000000700600000, 0x0000000700800000, 0x0000000700800000|100%|HC|  |TAMS 0x0000000700800000, 0x0000000700600000| Complete 
|   4|0x0000000700800000, 0x0000000700a00000, 0x0000000700a00000|100%| O|  |TAMS 0x0000000700a00000, 0x0000000700800000| Untracked 
|   5|0x0000000700a00000, 0x0000000700c00000, 0x0000000700c00000|100%| O|  |TAMS 0x0000000700c00000, 0x0000000700a00000| Untracked 
|   6|0x0000000700c00000, 0x0000000700e00000, 0x0000000700e00000|100%| O|  |TAMS 0x0000000700e00000, 0x0000000700c00000| Untracked 
|   7|0x0000000700e00000, 0x0000000701000000, 0x0000000701000000|100%| O|  |TAMS 0x0000000701000000, 0x0000000700e00000| Untracked 
|   8|0x0000000701000000, 0x0000000701200000, 0x0000000701200000|100%| O|  |TAMS 0x0000000701200000, 0x0000000701000000| Untracked 
|   9|0x0000000701200000, 0x0000000701400000, 0x0000000701400000|100%| O|  |TAMS 0x0000000701400000, 0x0000000701200000| Untracked 
|  10|0x0000000701400000, 0x0000000701600000, 0x0000000701600000|100%| O|  |TAMS 0x0000000701600000, 0x0000000701400000| Untracked 
|  11|0x0000000701600000, 0x0000000701800000, 0x0000000701800000|100%| O|  |TAMS 0x0000000701800000, 0x0000000701600000| Untracked 
|  12|0x0000000701800000, 0x0000000701a00000, 0x0000000701a00000|100%| O|  |TAMS 0x0000000701a00000, 0x0000000701800000| Untracked 
|  13|0x0000000701a00000, 0x0000000701c00000, 0x0000000701c00000|100%| O|  |TAMS 0x0000000701c00000, 0x0000000701a00000| Untracked 
|  14|0x0000000701c00000, 0x0000000701e00000, 0x0000000701e00000|100%| O|  |TAMS 0x0000000701e00000, 0x0000000701c00000| Untracked 
|  15|0x0000000701e00000, 0x0000000702000000, 0x0000000702000000|100%| O|  |TAMS 0x0000000702000000, 0x0000000701e00000| Untracked 
|  16|0x0000000702000000, 0x0000000702200000, 0x0000000702200000|100%| O|  |TAMS 0x0000000702200000, 0x0000000702000000| Untracked 
|  17|0x0000000702200000, 0x0000000702400000, 0x0000000702400000|100%| O|  |TAMS 0x0000000702400000, 0x0000000702200000| Untracked 
|  18|0x0000000702400000, 0x0000000702600000, 0x0000000702600000|100%| O|  |TAMS 0x0000000702600000, 0x0000000702400000| Untracked 
|  19|0x0000000702600000, 0x0000000702800000, 0x0000000702800000|100%|HS|  |TAMS 0x0000000702800000, 0x0000000702600000| Complete 
|  20|0x0000000702800000, 0x0000000702a00000, 0x0000000702a00000|100%|HC|  |TAMS 0x0000000702a00000, 0x0000000702800000| Complete 
|  21|0x0000000702a00000, 0x0000000702c00000, 0x0000000702c00000|100%| O|  |TAMS 0x0000000702c00000, 0x0000000702a00000| Untracked 
|  22|0x0000000702c00000, 0x0000000702e00000, 0x0000000702e00000|100%| O|  |TAMS 0x0000000702e00000, 0x0000000702c00000| Untracked 
|  23|0x0000000702e00000, 0x0000000703000000, 0x0000000703000000|100%| O|  |TAMS 0x0000000703000000, 0x0000000702e00000| Untracked 
|  24|0x0000000703000000, 0x0000000703200000, 0x0000000703200000|100%| O|  |TAMS 0x0000000703200000, 0x0000000703000000| Untracked 
|  25|0x0000000703200000, 0x0000000703400000, 0x0000000703400000|100%| O|  |TAMS 0x0000000703400000, 0x0000000703200000| Untracked 
|  26|0x0000000703400000, 0x0000000703600000, 0x0000000703600000|100%| O|  |TAMS 0x0000000703600000, 0x0000000703400000| Untracked 
|  27|0x0000000703600000, 0x0000000703800000, 0x0000000703800000|100%| O|  |TAMS 0x0000000703800000, 0x0000000703600000| Untracked 
|  28|0x0000000703800000, 0x0000000703a00000, 0x0000000703a00000|100%| O|  |TAMS 0x0000000703a00000, 0x0000000703800000| Untracked 
|  29|0x0000000703a00000, 0x0000000703c00000, 0x0000000703c00000|100%| O|  |TAMS 0x0000000703c00000, 0x0000000703a00000| Untracked 
|  30|0x0000000703c00000, 0x0000000703e00000, 0x0000000703e00000|100%| O|  |TAMS 0x0000000703c00000, 0x0000000703c00000| Untracked 
|  31|0x0000000703e00000, 0x0000000704000000, 0x0000000704000000|100%|HS|  |TAMS 0x0000000704000000, 0x0000000703e00000| Complete 
|  32|0x0000000704000000, 0x0000000704200000, 0x0000000704200000|100%|HC|  |TAMS 0x0000000704200000, 0x0000000704000000| Complete 
|  33|0x0000000704200000, 0x0000000704400000, 0x0000000704400000|100%| O|  |TAMS 0x0000000704200000, 0x0000000704200000| Untracked 
|  34|0x0000000704400000, 0x0000000704600000, 0x0000000704600000|100%| O|  |TAMS 0x0000000704600000, 0x0000000704400000| Untracked 
|  35|0x0000000704600000, 0x0000000704800000, 0x0000000704800000|100%| O|  |TAMS 0x0000000704800000, 0x0000000704600000| Untracked 
|  36|0x0000000704800000, 0x0000000704a00000, 0x0000000704a00000|100%| O|  |TAMS 0x0000000704a00000, 0x0000000704800000| Untracked 
|  37|0x0000000704a00000, 0x0000000704c00000, 0x0000000704c00000|100%| O|  |TAMS 0x0000000704c00000, 0x0000000704a00000| Untracked 
|  38|0x0000000704c00000, 0x0000000704e00000, 0x0000000704e00000|100%| O|  |TAMS 0x0000000704c00000, 0x0000000704c00000| Untracked 
|  39|0x0000000704e00000, 0x0000000705000000, 0x0000000705000000|100%| O|  |TAMS 0x0000000704e00000, 0x0000000704e00000| Untracked 
|  40|0x0000000705000000, 0x0000000705200000, 0x0000000705200000|100%| O|  |TAMS 0x0000000705000000, 0x0000000705000000| Untracked 
|  41|0x0000000705200000, 0x0000000705400000, 0x0000000705400000|100%| O|  |TAMS 0x0000000705400000, 0x0000000705200000| Untracked 
|  42|0x0000000705400000, 0x0000000705600000, 0x0000000705600000|100%| O|  |TAMS 0x0000000705600000, 0x0000000705400000| Untracked 
|  43|0x0000000705600000, 0x0000000705800000, 0x0000000705800000|100%| O|  |TAMS 0x0000000705800000, 0x0000000705600000| Untracked 
|  44|0x0000000705800000, 0x0000000705a00000, 0x0000000705a00000|100%| O|  |TAMS 0x0000000705a00000, 0x0000000705800000| Untracked 
|  45|0x0000000705a00000, 0x0000000705c00000, 0x0000000705c00000|100%| O|  |TAMS 0x0000000705c00000, 0x0000000705a00000| Untracked 
|  46|0x0000000705c00000, 0x0000000705e00000, 0x0000000705e00000|100%| O|  |TAMS 0x0000000705e00000, 0x0000000705c00000| Untracked 
|  47|0x0000000705e00000, 0x0000000706000000, 0x0000000706000000|100%| O|  |TAMS 0x0000000705e00000, 0x0000000705e00000| Untracked 
|  48|0x0000000706000000, 0x0000000706200000, 0x0000000706200000|100%| O|  |TAMS 0x0000000706000000, 0x0000000706000000| Untracked 
|  49|0x0000000706200000, 0x0000000706400000, 0x0000000706400000|100%| O|  |TAMS 0x0000000706400000, 0x0000000706200000| Untracked 
|  50|0x0000000706400000, 0x0000000706600000, 0x0000000706600000|100%| O|  |TAMS 0x0000000706600000, 0x0000000706400000| Untracked 
|  51|0x0000000706600000, 0x0000000706800000, 0x0000000706800000|100%| O|  |TAMS 0x0000000706800000, 0x0000000706600000| Untracked 
|  52|0x0000000706800000, 0x0000000706a00000, 0x0000000706a00000|100%| O|  |TAMS 0x0000000706a00000, 0x0000000706800000| Untracked 
|  53|0x0000000706a00000, 0x0000000706c00000, 0x0000000706c00000|100%| O|  |TAMS 0x0000000706c00000, 0x0000000706a00000| Untracked 
|  54|0x0000000706c00000, 0x0000000706e00000, 0x0000000706e00000|100%| O|  |TAMS 0x0000000706c00000, 0x0000000706c00000| Untracked 
|  55|0x0000000706e00000, 0x0000000707000000, 0x0000000707000000|100%| O|  |TAMS 0x0000000707000000, 0x0000000706e00000| Untracked 
|  56|0x0000000707000000, 0x0000000707200000, 0x0000000707200000|100%| O|  |TAMS 0x0000000707000000, 0x0000000707000000| Untracked 
|  57|0x0000000707200000, 0x0000000707400000, 0x0000000707400000|100%| O|  |TAMS 0x0000000707200000, 0x0000000707200000| Untracked 
|  58|0x0000000707400000, 0x0000000707600000, 0x0000000707600000|100%| O|  |TAMS 0x0000000707400000, 0x0000000707400000| Untracked 
|  59|0x0000000707600000, 0x0000000707800000, 0x0000000707800000|100%| O|  |TAMS 0x0000000707694c08, 0x0000000707600000| Untracked 
|  60|0x0000000707800000, 0x0000000707a00000, 0x0000000707a00000|100%| O|  |TAMS 0x0000000707800000, 0x0000000707800000| Untracked 
|  61|0x0000000707a00000, 0x0000000707c00000, 0x0000000707c00000|100%| O|  |TAMS 0x0000000707a00000, 0x0000000707a00000| Untracked 
|  62|0x0000000707c00000, 0x0000000707e00000, 0x0000000707e00000|100%| O|  |TAMS 0x0000000707e00000, 0x0000000707c00000| Untracked 
|  63|0x0000000707e00000, 0x0000000708000000, 0x0000000708000000|100%| O|  |TAMS 0x0000000708000000, 0x0000000707e00000| Untracked 
|  64|0x0000000708000000, 0x0000000708200000, 0x0000000708200000|100%| O|  |TAMS 0x0000000708000000, 0x0000000708000000| Untracked 
|  65|0x0000000708200000, 0x0000000708400000, 0x0000000708400000|100%| O|  |TAMS 0x0000000708200000, 0x0000000708200000| Untracked 
|  66|0x0000000708400000, 0x0000000708600000, 0x0000000708600000|100%| O|  |TAMS 0x0000000708400000, 0x0000000708400000| Untracked 
|  67|0x0000000708600000, 0x0000000708800000, 0x0000000708800000|100%| O|  |TAMS 0x0000000708600000, 0x0000000708600000| Untracked 
|  68|0x0000000708800000, 0x0000000708a00000, 0x0000000708a00000|100%| O|  |TAMS 0x0000000708a00000, 0x0000000708800000| Untracked 
|  69|0x0000000708a00000, 0x0000000708c00000, 0x0000000708c00000|100%| O|  |TAMS 0x0000000708c00000, 0x0000000708a00000| Untracked 
|  70|0x0000000708c00000, 0x0000000708e00000, 0x0000000708e00000|100%| O|  |TAMS 0x0000000708e00000, 0x0000000708c00000| Untracked 
|  71|0x0000000708e00000, 0x0000000709000000, 0x0000000709000000|100%| O|  |TAMS 0x0000000709000000, 0x0000000708e00000| Untracked 
|  72|0x0000000709000000, 0x0000000709200000, 0x0000000709200000|100%| O|  |TAMS 0x0000000709200000, 0x0000000709000000| Untracked 
|  73|0x0000000709200000, 0x0000000709400000, 0x0000000709400000|100%| O|  |TAMS 0x0000000709400000, 0x0000000709200000| Untracked 
|  74|0x0000000709400000, 0x0000000709600000, 0x0000000709600000|100%| O|  |TAMS 0x0000000709600000, 0x0000000709400000| Untracked 
|  75|0x0000000709600000, 0x0000000709800000, 0x0000000709800000|100%| O|  |TAMS 0x0000000709800000, 0x0000000709600000| Untracked 
|  76|0x0000000709800000, 0x0000000709a00000, 0x0000000709a00000|100%| O|  |TAMS 0x0000000709a00000, 0x0000000709800000| Untracked 
|  77|0x0000000709a00000, 0x0000000709c00000, 0x0000000709c00000|100%| O|  |TAMS 0x0000000709c00000, 0x0000000709a00000| Untracked 
|  78|0x0000000709c00000, 0x0000000709e00000, 0x0000000709e00000|100%| O|  |TAMS 0x0000000709e00000, 0x0000000709c00000| Untracked 
|  79|0x0000000709e00000, 0x000000070a000000, 0x000000070a000000|100%| O|  |TAMS 0x000000070a000000, 0x0000000709e00000| Untracked 
|  80|0x000000070a000000, 0x000000070a200000, 0x000000070a200000|100%| O|  |TAMS 0x000000070a200000, 0x000000070a000000| Untracked 
|  81|0x000000070a200000, 0x000000070a400000, 0x000000070a400000|100%| O|  |TAMS 0x000000070a200000, 0x000000070a200000| Untracked 
|  82|0x000000070a400000, 0x000000070a600000, 0x000000070a600000|100%| O|  |TAMS 0x000000070a600000, 0x000000070a400000| Untracked 
|  83|0x000000070a600000, 0x000000070a800000, 0x000000070a800000|100%| O|  |TAMS 0x000000070a800000, 0x000000070a600000| Untracked 
|  84|0x000000070a800000, 0x000000070aa00000, 0x000000070aa00000|100%| O|  |TAMS 0x000000070aa00000, 0x000000070a800000| Untracked 
|  85|0x000000070aa00000, 0x000000070ac00000, 0x000000070ac00000|100%| O|  |TAMS 0x000000070aa00000, 0x000000070aa00000| Untracked 
|  86|0x000000070ac00000, 0x000000070ae00000, 0x000000070ae00000|100%| O|  |TAMS 0x000000070ac00000, 0x000000070ac00000| Untracked 
|  87|0x000000070ae00000, 0x000000070b000000, 0x000000070b000000|100%| O|  |TAMS 0x000000070b000000, 0x000000070ae00000| Untracked 
|  88|0x000000070b000000, 0x000000070b200000, 0x000000070b200000|100%| O|  |TAMS 0x000000070b200000, 0x000000070b000000| Untracked 
|  89|0x000000070b200000, 0x000000070b400000, 0x000000070b400000|100%| O|  |TAMS 0x000000070b400000, 0x000000070b200000| Untracked 
|  90|0x000000070b400000, 0x000000070b600000, 0x000000070b600000|100%| O|  |TAMS 0x000000070b600000, 0x000000070b400000| Untracked 
|  91|0x000000070b600000, 0x000000070b800000, 0x000000070b800000|100%| O|  |TAMS 0x000000070b800000, 0x000000070b600000| Untracked 
|  92|0x000000070b800000, 0x000000070ba00000, 0x000000070ba00000|100%| O|  |TAMS 0x000000070ba00000, 0x000000070b800000| Untracked 
|  93|0x000000070ba00000, 0x000000070bc00000, 0x000000070bc00000|100%| O|  |TAMS 0x000000070bc00000, 0x000000070ba00000| Untracked 
|  94|0x000000070bc00000, 0x000000070be00000, 0x000000070be00000|100%| O|  |TAMS 0x000000070be00000, 0x000000070bc00000| Untracked 
|  95|0x000000070be00000, 0x000000070c000000, 0x000000070c000000|100%| O|  |TAMS 0x000000070c000000, 0x000000070be00000| Untracked 
|  96|0x000000070c000000, 0x000000070c200000, 0x000000070c200000|100%| O|  |TAMS 0x000000070c000000, 0x000000070c000000| Untracked 
|  97|0x000000070c200000, 0x000000070c400000, 0x000000070c400000|100%| O|  |TAMS 0x000000070c200000, 0x000000070c200000| Untracked 
|  98|0x000000070c400000, 0x000000070c600000, 0x000000070c600000|100%| O|  |TAMS 0x000000070c400000, 0x000000070c400000| Untracked 
|  99|0x000000070c600000, 0x000000070c800000, 0x000000070c800000|100%| O|  |TAMS 0x000000070c600000, 0x000000070c600000| Untracked 
| 100|0x000000070c800000, 0x000000070ca00000, 0x000000070ca00000|100%| O|  |TAMS 0x000000070c800000, 0x000000070c800000| Untracked 
| 101|0x000000070ca00000, 0x000000070cc00000, 0x000000070cc00000|100%| O|  |TAMS 0x000000070ca00000, 0x000000070ca00000| Untracked 
| 102|0x000000070cc00000, 0x000000070ce00000, 0x000000070ce00000|100%| O|  |TAMS 0x000000070ce00000, 0x000000070cc00000| Untracked 
| 103|0x000000070ce00000, 0x000000070d000000, 0x000000070d000000|100%| O|  |TAMS 0x000000070ce00000, 0x000000070ce00000| Untracked 
| 104|0x000000070d000000, 0x000000070d200000, 0x000000070d200000|100%| O|  |TAMS 0x000000070d000000, 0x000000070d000000| Untracked 
| 105|0x000000070d200000, 0x000000070d400000, 0x000000070d400000|100%| O|  |TAMS 0x000000070d200000, 0x000000070d200000| Untracked 
| 106|0x000000070d400000, 0x000000070d600000, 0x000000070d600000|100%| O|  |TAMS 0x000000070d400000, 0x000000070d400000| Untracked 
| 107|0x000000070d600000, 0x000000070d800000, 0x000000070d800000|100%| O|  |TAMS 0x000000070d600000, 0x000000070d600000| Untracked 
| 108|0x000000070d800000, 0x000000070da00000, 0x000000070da00000|100%| O|  |TAMS 0x000000070d800000, 0x000000070d800000| Untracked 
| 109|0x000000070da00000, 0x000000070dc00000, 0x000000070dc00000|100%| O|  |TAMS 0x000000070dc00000, 0x000000070da00000| Untracked 
| 110|0x000000070dc00000, 0x000000070de00000, 0x000000070de00000|100%| O|  |TAMS 0x000000070dc00000, 0x000000070dc00000| Untracked 
| 111|0x000000070de00000, 0x000000070e000000, 0x000000070e000000|100%| O|  |TAMS 0x000000070de00000, 0x000000070de00000| Untracked 
| 112|0x000000070e000000, 0x000000070e200000, 0x000000070e200000|100%| O|  |TAMS 0x000000070e000000, 0x000000070e000000| Untracked 
| 113|0x000000070e200000, 0x000000070e400000, 0x000000070e400000|100%| O|  |TAMS 0x000000070e200000, 0x000000070e200000| Untracked 
| 114|0x000000070e400000, 0x000000070e600000, 0x000000070e600000|100%| O|  |TAMS 0x000000070e600000, 0x000000070e400000| Untracked 
| 115|0x000000070e600000, 0x000000070e800000, 0x000000070e800000|100%|HS|  |TAMS 0x000000070e800000, 0x000000070e600000| Complete 
| 116|0x000000070e800000, 0x000000070ea00000, 0x000000070ea00000|100%| O|  |TAMS 0x000000070ea00000, 0x000000070e800000| Untracked 
| 117|0x000000070ea00000, 0x000000070ec00000, 0x000000070ec00000|100%| O|  |TAMS 0x000000070ec00000, 0x000000070ea00000| Untracked 
| 118|0x000000070ec00000, 0x000000070ee00000, 0x000000070ee00000|100%| O|  |TAMS 0x000000070ec00000, 0x000000070ec00000| Untracked 
| 119|0x000000070ee00000, 0x000000070f000000, 0x000000070f000000|100%| O|  |TAMS 0x000000070f000000, 0x000000070ee00000| Untracked 
| 120|0x000000070f000000, 0x000000070f200000, 0x000000070f200000|100%| O|  |TAMS 0x000000070f200000, 0x000000070f000000| Untracked 
| 121|0x000000070f200000, 0x000000070f400000, 0x000000070f400000|100%| O|  |TAMS 0x000000070f400000, 0x000000070f200000| Untracked 
| 122|0x000000070f400000, 0x000000070f600000, 0x000000070f600000|100%| O|  |TAMS 0x000000070f600000, 0x000000070f400000| Untracked 
| 123|0x000000070f600000, 0x000000070f800000, 0x000000070f800000|100%| O|  |TAMS 0x000000070f600000, 0x000000070f600000| Untracked 
| 124|0x000000070f800000, 0x000000070fa00000, 0x000000070fa00000|100%| O|  |TAMS 0x000000070fa00000, 0x000000070f800000| Untracked 
| 125|0x000000070fa00000, 0x000000070fc00000, 0x000000070fc00000|100%| O|  |TAMS 0x000000070fc00000, 0x000000070fa00000| Untracked 
| 126|0x000000070fc00000, 0x000000070fe00000, 0x000000070fe00000|100%| O|  |TAMS 0x000000070fe00000, 0x000000070fc00000| Untracked 
| 127|0x000000070fe00000, 0x0000000710000000, 0x0000000710000000|100%| O|  |TAMS 0x0000000710000000, 0x000000070fe00000| Untracked 
| 128|0x0000000710000000, 0x0000000710200000, 0x0000000710200000|100%| O|  |TAMS 0x0000000710200000, 0x0000000710000000| Untracked 
| 129|0x0000000710200000, 0x0000000710400000, 0x0000000710400000|100%| O|  |TAMS 0x0000000710200000, 0x0000000710200000| Untracked 
| 130|0x0000000710400000, 0x0000000710600000, 0x0000000710600000|100%|HS|  |TAMS 0x0000000710600000, 0x0000000710400000| Complete 
| 131|0x0000000710600000, 0x0000000710800000, 0x0000000710800000|100%| O|  |TAMS 0x0000000710600000, 0x0000000710600000| Untracked 
| 132|0x0000000710800000, 0x0000000710a00000, 0x0000000710a00000|100%| O|  |TAMS 0x0000000710800000, 0x0000000710800000| Untracked 
| 133|0x0000000710a00000, 0x0000000710c00000, 0x0000000710c00000|100%| O|  |TAMS 0x0000000710a00000, 0x0000000710a00000| Untracked 
| 134|0x0000000710c00000, 0x0000000710e00000, 0x0000000710e00000|100%| O|  |TAMS 0x0000000710c00000, 0x0000000710c00000| Untracked 
| 135|0x0000000710e00000, 0x0000000711000000, 0x0000000711000000|100%|HS|  |TAMS 0x0000000710e00000, 0x0000000710e00000| Complete 
| 136|0x0000000711000000, 0x0000000711200000, 0x0000000711200000|100%| O|  |TAMS 0x0000000711000000, 0x0000000711000000| Untracked 
| 137|0x0000000711200000, 0x0000000711400000, 0x0000000711400000|100%| O|  |TAMS 0x0000000711400000, 0x0000000711200000| Untracked 
| 138|0x0000000711400000, 0x0000000711600000, 0x0000000711600000|100%| O|  |TAMS 0x0000000711600000, 0x0000000711400000| Untracked 
| 139|0x0000000711600000, 0x0000000711800000, 0x0000000711800000|100%| O|  |TAMS 0x0000000711800000, 0x0000000711600000| Untracked 
| 140|0x0000000711800000, 0x0000000711a00000, 0x0000000711a00000|100%| O|  |TAMS 0x0000000711800000, 0x0000000711800000| Untracked 
| 141|0x0000000711a00000, 0x0000000711c00000, 0x0000000711c00000|100%| O|  |TAMS 0x0000000711a00000, 0x0000000711a00000| Untracked 
| 142|0x0000000711c00000, 0x0000000711e00000, 0x0000000711e00000|100%| O|  |TAMS 0x0000000711e00000, 0x0000000711c00000| Untracked 
| 143|0x0000000711e00000, 0x0000000712000000, 0x0000000712000000|100%| O|  |TAMS 0x0000000712000000, 0x0000000711e00000| Untracked 
| 144|0x0000000712000000, 0x0000000712200000, 0x0000000712200000|100%| O|  |TAMS 0x0000000712200000, 0x0000000712000000| Untracked 
| 145|0x0000000712200000, 0x0000000712400000, 0x0000000712400000|100%| O|  |TAMS 0x0000000712400000, 0x0000000712200000| Untracked 
| 146|0x0000000712400000, 0x0000000712600000, 0x0000000712600000|100%| O|  |TAMS 0x0000000712600000, 0x0000000712400000| Untracked 
| 147|0x0000000712600000, 0x0000000712800000, 0x0000000712800000|100%| O|  |TAMS 0x0000000712800000, 0x0000000712600000| Untracked 
| 148|0x0000000712800000, 0x0000000712a00000, 0x0000000712a00000|100%| O|  |TAMS 0x0000000712a00000, 0x0000000712800000| Untracked 
| 149|0x0000000712a00000, 0x0000000712c00000, 0x0000000712c00000|100%| O|  |TAMS 0x0000000712c00000, 0x0000000712a00000| Untracked 
| 150|0x0000000712c00000, 0x0000000712e00000, 0x0000000712e00000|100%| O|  |TAMS 0x0000000712e00000, 0x0000000712c00000| Untracked 
| 151|0x0000000712e00000, 0x0000000713000000, 0x0000000713000000|100%| O|  |TAMS 0x0000000713000000, 0x0000000712e00000| Untracked 
| 152|0x0000000713000000, 0x0000000713200000, 0x0000000713200000|100%| O|  |TAMS 0x0000000713200000, 0x0000000713000000| Untracked 
| 153|0x0000000713200000, 0x0000000713400000, 0x0000000713400000|100%| O|  |TAMS 0x0000000713200000, 0x0000000713200000| Untracked 
| 154|0x0000000713400000, 0x0000000713600000, 0x0000000713600000|100%| O|  |TAMS 0x0000000713600000, 0x0000000713400000| Untracked 
| 155|0x0000000713600000, 0x0000000713800000, 0x0000000713800000|100%| O|  |TAMS 0x0000000713800000, 0x0000000713600000| Untracked 
| 156|0x0000000713800000, 0x0000000713a00000, 0x0000000713a00000|100%| O|  |TAMS 0x0000000713a00000, 0x0000000713800000| Untracked 
| 157|0x0000000713a00000, 0x0000000713c00000, 0x0000000713c00000|100%| O|  |TAMS 0x0000000713a00000, 0x0000000713a00000| Untracked 
| 158|0x0000000713c00000, 0x0000000713e00000, 0x0000000713e00000|100%| O|  |TAMS 0x0000000713c00000, 0x0000000713c00000| Untracked 
| 159|0x0000000713e00000, 0x0000000714000000, 0x0000000714000000|100%| O|  |TAMS 0x0000000713e00000, 0x0000000713e00000| Untracked 
| 160|0x0000000714000000, 0x0000000714200000, 0x0000000714200000|100%| O|  |TAMS 0x0000000714000000, 0x0000000714000000| Untracked 
| 161|0x0000000714200000, 0x0000000714400000, 0x0000000714400000|100%| O|  |TAMS 0x0000000714200000, 0x0000000714200000| Untracked 
| 162|0x0000000714400000, 0x0000000714600000, 0x0000000714600000|100%| O|  |TAMS 0x0000000714400000, 0x0000000714400000| Untracked 
| 163|0x0000000714600000, 0x0000000714800000, 0x0000000714800000|100%| O|  |TAMS 0x0000000714600000, 0x0000000714600000| Untracked 
| 164|0x0000000714800000, 0x0000000714a00000, 0x0000000714a00000|100%| O|  |TAMS 0x0000000714800000, 0x0000000714800000| Untracked 
| 165|0x0000000714a00000, 0x0000000714c00000, 0x0000000714c00000|100%| O|  |TAMS 0x0000000714a00000, 0x0000000714a00000| Untracked 
| 166|0x0000000714c00000, 0x0000000714e00000, 0x0000000714e00000|100%| O|  |TAMS 0x0000000714c00000, 0x0000000714c00000| Untracked 
| 167|0x0000000714e00000, 0x0000000715000000, 0x0000000715000000|100%| O|  |TAMS 0x0000000714e00000, 0x0000000714e00000| Untracked 
| 168|0x0000000715000000, 0x0000000715200000, 0x0000000715200000|100%| O|  |TAMS 0x0000000715000000, 0x0000000715000000| Untracked 
| 169|0x0000000715200000, 0x0000000715400000, 0x0000000715400000|100%| O|  |TAMS 0x0000000715200000, 0x0000000715200000| Untracked 
| 170|0x0000000715400000, 0x0000000715600000, 0x0000000715600000|100%| O|  |TAMS 0x0000000715400000, 0x0000000715400000| Untracked 
| 171|0x0000000715600000, 0x0000000715800000, 0x0000000715800000|100%| O|  |TAMS 0x0000000715600000, 0x0000000715600000| Untracked 
| 172|0x0000000715800000, 0x0000000715a00000, 0x0000000715a00000|100%| O|  |TAMS 0x0000000715800000, 0x0000000715800000| Untracked 
| 173|0x0000000715a00000, 0x0000000715c00000, 0x0000000715c00000|100%| O|  |TAMS 0x0000000715a00000, 0x0000000715a00000| Untracked 
| 174|0x0000000715c00000, 0x0000000715e00000, 0x0000000715e00000|100%| O|  |TAMS 0x0000000715c00000, 0x0000000715c00000| Untracked 
| 175|0x0000000715e00000, 0x0000000716000000, 0x0000000716000000|100%| O|  |TAMS 0x0000000715e00000, 0x0000000715e00000| Untracked 
| 176|0x0000000716000000, 0x0000000716200000, 0x0000000716200000|100%| O|  |TAMS 0x0000000716000000, 0x0000000716000000| Untracked 
| 177|0x0000000716200000, 0x0000000716400000, 0x0000000716400000|100%| O|  |TAMS 0x0000000716200000, 0x0000000716200000| Untracked 
| 178|0x0000000716400000, 0x0000000716600000, 0x0000000716600000|100%| O|  |TAMS 0x0000000716400000, 0x0000000716400000| Untracked 
| 179|0x0000000716600000, 0x0000000716800000, 0x0000000716800000|100%|HS|  |TAMS 0x0000000716600000, 0x0000000716600000| Complete 
| 180|0x0000000716800000, 0x0000000716a00000, 0x0000000716a00000|100%|HC|  |TAMS 0x0000000716800000, 0x0000000716800000| Complete 
| 181|0x0000000716a00000, 0x0000000716c00000, 0x0000000716c00000|100%| O|  |TAMS 0x0000000716a00000, 0x0000000716a00000| Untracked 
| 182|0x0000000716c00000, 0x0000000716e00000, 0x0000000716e00000|100%| O|  |TAMS 0x0000000716c00000, 0x0000000716c00000| Untracked 
| 183|0x0000000716e00000, 0x0000000717000000, 0x0000000717000000|100%| O|  |TAMS 0x0000000716e00000, 0x0000000716e00000| Untracked 
| 184|0x0000000717000000, 0x0000000717200000, 0x0000000717200000|100%| O|  |TAMS 0x0000000717000000, 0x0000000717000000| Untracked 
| 185|0x0000000717200000, 0x0000000717400000, 0x0000000717400000|100%| O|  |TAMS 0x0000000717200000, 0x0000000717200000| Untracked 
| 186|0x0000000717400000, 0x0000000717600000, 0x0000000717600000|100%| O|  |TAMS 0x0000000717400000, 0x0000000717400000| Untracked 
| 187|0x0000000717600000, 0x0000000717800000, 0x0000000717800000|100%| O|  |TAMS 0x0000000717600000, 0x0000000717600000| Untracked 
| 188|0x0000000717800000, 0x0000000717a00000, 0x0000000717a00000|100%| O|  |TAMS 0x0000000717800000, 0x0000000717800000| Untracked 
| 189|0x0000000717a00000, 0x0000000717c00000, 0x0000000717c00000|100%| O|  |TAMS 0x0000000717a00000, 0x0000000717a00000| Untracked 
| 190|0x0000000717c00000, 0x0000000717e00000, 0x0000000717e00000|100%| O|  |TAMS 0x0000000717c00000, 0x0000000717c00000| Untracked 
| 191|0x0000000717e00000, 0x0000000718000000, 0x0000000718000000|100%| O|  |TAMS 0x0000000717e00000, 0x0000000717e00000| Untracked 
| 192|0x0000000718000000, 0x0000000718200000, 0x0000000718200000|100%| O|  |TAMS 0x0000000718000000, 0x0000000718000000| Untracked 
| 193|0x0000000718200000, 0x0000000718400000, 0x0000000718400000|100%| O|  |TAMS 0x0000000718200000, 0x0000000718200000| Untracked 
| 194|0x0000000718400000, 0x0000000718600000, 0x0000000718600000|100%| O|  |TAMS 0x0000000718400000, 0x0000000718400000| Untracked 
| 195|0x0000000718600000, 0x0000000718800000, 0x0000000718800000|100%| O|  |TAMS 0x0000000718600000, 0x0000000718600000| Untracked 
| 196|0x0000000718800000, 0x0000000718a00000, 0x0000000718a00000|100%| O|  |TAMS 0x0000000718800000, 0x0000000718800000| Untracked 
| 197|0x0000000718a00000, 0x0000000718c00000, 0x0000000718c00000|100%| O|  |TAMS 0x0000000718a00000, 0x0000000718a00000| Untracked 
| 198|0x0000000718c00000, 0x0000000718e00000, 0x0000000718e00000|100%| O|  |TAMS 0x0000000718c00000, 0x0000000718c00000| Untracked 
| 199|0x0000000718e00000, 0x0000000719000000, 0x0000000719000000|100%| O|  |TAMS 0x0000000718e00000, 0x0000000718e00000| Untracked 
| 200|0x0000000719000000, 0x0000000719200000, 0x0000000719200000|100%| O|  |TAMS 0x0000000719000000, 0x0000000719000000| Untracked 
| 201|0x0000000719200000, 0x0000000719400000, 0x0000000719400000|100%| O|  |TAMS 0x0000000719200000, 0x0000000719200000| Untracked 
| 202|0x0000000719400000, 0x0000000719600000, 0x0000000719600000|100%| O|  |TAMS 0x0000000719400000, 0x0000000719400000| Untracked 
| 203|0x0000000719600000, 0x0000000719800000, 0x0000000719800000|100%| O|  |TAMS 0x0000000719600000, 0x0000000719600000| Untracked 
| 204|0x0000000719800000, 0x0000000719a00000, 0x0000000719a00000|100%| O|  |TAMS 0x0000000719800000, 0x0000000719800000| Untracked 
| 205|0x0000000719a00000, 0x0000000719c00000, 0x0000000719c00000|100%| O|  |TAMS 0x0000000719a00000, 0x0000000719a00000| Untracked 
| 206|0x0000000719c00000, 0x0000000719e00000, 0x0000000719e00000|100%| O|  |TAMS 0x0000000719c00000, 0x0000000719c00000| Untracked 
| 207|0x0000000719e00000, 0x000000071a000000, 0x000000071a000000|100%| O|  |TAMS 0x0000000719e00000, 0x0000000719e00000| Untracked 
| 208|0x000000071a000000, 0x000000071a200000, 0x000000071a200000|100%| O|  |TAMS 0x000000071a000000, 0x000000071a000000| Untracked 
| 209|0x000000071a200000, 0x000000071a400000, 0x000000071a400000|100%| O|  |TAMS 0x000000071a200000, 0x000000071a200000| Untracked 
| 210|0x000000071a400000, 0x000000071a600000, 0x000000071a600000|100%| O|  |TAMS 0x000000071a400000, 0x000000071a400000| Untracked 
| 211|0x000000071a600000, 0x000000071a800000, 0x000000071a800000|100%| O|  |TAMS 0x000000071a600000, 0x000000071a600000| Untracked 
| 212|0x000000071a800000, 0x000000071aa00000, 0x000000071aa00000|100%| O|  |TAMS 0x000000071a800000, 0x000000071a800000| Untracked 
| 213|0x000000071aa00000, 0x000000071ac00000, 0x000000071ac00000|100%| O|  |TAMS 0x000000071aa00000, 0x000000071aa00000| Untracked 
| 214|0x000000071ac00000, 0x000000071ae00000, 0x000000071ae00000|100%| O|  |TAMS 0x000000071ac00000, 0x000000071ac00000| Untracked 
| 215|0x000000071ae00000, 0x000000071b000000, 0x000000071b000000|100%| O|  |TAMS 0x000000071ae00000, 0x000000071ae00000| Untracked 
| 216|0x000000071b000000, 0x000000071b200000, 0x000000071b200000|100%| O|  |TAMS 0x000000071b000000, 0x000000071b000000| Untracked 
| 217|0x000000071b200000, 0x000000071b400000, 0x000000071b400000|100%| O|  |TAMS 0x000000071b200000, 0x000000071b200000| Untracked 
| 218|0x000000071b400000, 0x000000071b600000, 0x000000071b600000|100%| O|  |TAMS 0x000000071b400000, 0x000000071b400000| Untracked 
| 219|0x000000071b600000, 0x000000071b800000, 0x000000071b800000|100%| O|  |TAMS 0x000000071b600000, 0x000000071b600000| Untracked 
| 220|0x000000071b800000, 0x000000071ba00000, 0x000000071ba00000|100%| O|  |TAMS 0x000000071b800000, 0x000000071b800000| Untracked 
| 221|0x000000071ba00000, 0x000000071bc00000, 0x000000071bc00000|100%| O|  |TAMS 0x000000071ba00000, 0x000000071ba00000| Untracked 
| 222|0x000000071bc00000, 0x000000071be00000, 0x000000071be00000|100%|HS|  |TAMS 0x000000071bc00000, 0x000000071bc00000| Complete 
| 223|0x000000071be00000, 0x000000071c000000, 0x000000071c000000|100%|HC|  |TAMS 0x000000071be00000, 0x000000071be00000| Complete 
| 224|0x000000071c000000, 0x000000071c200000, 0x000000071c200000|100%| O|  |TAMS 0x000000071c000000, 0x000000071c000000| Untracked 
| 225|0x000000071c200000, 0x000000071c400000, 0x000000071c400000|100%| O|  |TAMS 0x000000071c200000, 0x000000071c200000| Untracked 
| 226|0x000000071c400000, 0x000000071c600000, 0x000000071c600000|100%| O|  |TAMS 0x000000071c400000, 0x000000071c400000| Untracked 
| 227|0x000000071c600000, 0x000000071c800000, 0x000000071c800000|100%| O|  |TAMS 0x000000071c600000, 0x000000071c600000| Untracked 
| 228|0x000000071c800000, 0x000000071ca00000, 0x000000071ca00000|100%| O|  |TAMS 0x000000071c800000, 0x000000071c800000| Untracked 
| 229|0x000000071ca00000, 0x000000071cc00000, 0x000000071cc00000|100%| O|  |TAMS 0x000000071ca00000, 0x000000071ca00000| Untracked 
| 230|0x000000071cc00000, 0x000000071ce00000, 0x000000071ce00000|100%| O|  |TAMS 0x000000071cc00000, 0x000000071cc00000| Untracked 
| 231|0x000000071ce00000, 0x000000071d000000, 0x000000071d000000|100%| O|  |TAMS 0x000000071ce00000, 0x000000071ce00000| Untracked 
| 232|0x000000071d000000, 0x000000071d200000, 0x000000071d200000|100%| O|  |TAMS 0x000000071d000000, 0x000000071d000000| Untracked 
| 233|0x000000071d200000, 0x000000071d400000, 0x000000071d400000|100%| O|  |TAMS 0x000000071d200000, 0x000000071d200000| Untracked 
| 234|0x000000071d400000, 0x000000071d600000, 0x000000071d600000|100%| O|  |TAMS 0x000000071d400000, 0x000000071d400000| Untracked 
| 235|0x000000071d600000, 0x000000071d800000, 0x000000071d800000|100%| O|  |TAMS 0x000000071d600000, 0x000000071d600000| Untracked 
| 236|0x000000071d800000, 0x000000071da00000, 0x000000071da00000|100%| O|  |TAMS 0x000000071d800000, 0x000000071d800000| Untracked 
| 237|0x000000071da00000, 0x000000071dc00000, 0x000000071dc00000|100%| O|  |TAMS 0x000000071da00000, 0x000000071da00000| Untracked 
| 238|0x000000071dc00000, 0x000000071de00000, 0x000000071de00000|100%| O|  |TAMS 0x000000071dc00000, 0x000000071dc00000| Untracked 
| 239|0x000000071de00000, 0x000000071e000000, 0x000000071e000000|100%| O|  |TAMS 0x000000071de00000, 0x000000071de00000| Untracked 
| 240|0x000000071e000000, 0x000000071e200000, 0x000000071e200000|100%| O|  |TAMS 0x000000071e000000, 0x000000071e000000| Untracked 
| 241|0x000000071e200000, 0x000000071e400000, 0x000000071e400000|100%| O|  |TAMS 0x000000071e200000, 0x000000071e200000| Untracked 
| 242|0x000000071e400000, 0x000000071e600000, 0x000000071e600000|100%| O|  |TAMS 0x000000071e400000, 0x000000071e400000| Untracked 
| 243|0x000000071e600000, 0x000000071e800000, 0x000000071e800000|100%| O|  |TAMS 0x000000071e600000, 0x000000071e600000| Untracked 
| 244|0x000000071e800000, 0x000000071ea00000, 0x000000071ea00000|100%| O|  |TAMS 0x000000071e800000, 0x000000071e800000| Untracked 
| 245|0x000000071ea00000, 0x000000071ec00000, 0x000000071ec00000|100%| O|  |TAMS 0x000000071ea00000, 0x000000071ea00000| Untracked 
| 246|0x000000071ec00000, 0x000000071ee00000, 0x000000071ee00000|100%| O|  |TAMS 0x000000071ec00000, 0x000000071ec00000| Untracked 
| 247|0x000000071ee00000, 0x000000071f000000, 0x000000071f000000|100%| O|  |TAMS 0x000000071ee00000, 0x000000071ee00000| Untracked 
| 248|0x000000071f000000, 0x000000071f200000, 0x000000071f200000|100%| O|  |TAMS 0x000000071f000000, 0x000000071f000000| Untracked 
| 249|0x000000071f200000, 0x000000071f400000, 0x000000071f400000|100%| O|  |TAMS 0x000000071f200000, 0x000000071f200000| Untracked 
| 250|0x000000071f400000, 0x000000071f600000, 0x000000071f600000|100%| O|  |TAMS 0x000000071f400000, 0x000000071f400000| Untracked 
| 251|0x000000071f600000, 0x000000071f800000, 0x000000071f800000|100%| O|  |TAMS 0x000000071f600000, 0x000000071f600000| Untracked 
| 252|0x000000071f800000, 0x000000071fa00000, 0x000000071fa00000|100%| O|  |TAMS 0x000000071f800000, 0x000000071f800000| Untracked 
| 253|0x000000071fa00000, 0x000000071fc00000, 0x000000071fc00000|100%| O|  |TAMS 0x000000071fa00000, 0x000000071fa00000| Untracked 
| 254|0x000000071fc00000, 0x000000071fe00000, 0x000000071fe00000|100%| O|  |TAMS 0x000000071fc00000, 0x000000071fc00000| Untracked 
| 255|0x000000071fe00000, 0x0000000720000000, 0x0000000720000000|100%| O|  |TAMS 0x000000071fe00000, 0x000000071fe00000| Untracked 
| 256|0x0000000720000000, 0x0000000720200000, 0x0000000720200000|100%| O|  |TAMS 0x0000000720000000, 0x0000000720000000| Untracked 
| 257|0x0000000720200000, 0x0000000720400000, 0x0000000720400000|100%| O|  |TAMS 0x0000000720200000, 0x0000000720200000| Untracked 
| 258|0x0000000720400000, 0x0000000720600000, 0x0000000720600000|100%| O|  |TAMS 0x0000000720400000, 0x0000000720400000| Untracked 
| 259|0x0000000720600000, 0x0000000720800000, 0x0000000720800000|100%| O|  |TAMS 0x0000000720600000, 0x0000000720600000| Untracked 
| 260|0x0000000720800000, 0x0000000720a00000, 0x0000000720a00000|100%| O|  |TAMS 0x0000000720800000, 0x0000000720800000| Untracked 
| 261|0x0000000720a00000, 0x0000000720c00000, 0x0000000720c00000|100%| O|  |TAMS 0x0000000720a00000, 0x0000000720a00000| Untracked 
| 262|0x0000000720c00000, 0x0000000720e00000, 0x0000000720e00000|100%| O|  |TAMS 0x0000000720c00000, 0x0000000720c00000| Untracked 
| 263|0x0000000720e00000, 0x0000000721000000, 0x0000000721000000|100%| O|  |TAMS 0x0000000720e00000, 0x0000000720e00000| Untracked 
| 264|0x0000000721000000, 0x0000000721200000, 0x0000000721200000|100%| O|  |TAMS 0x0000000721000000, 0x0000000721000000| Untracked 
| 265|0x0000000721200000, 0x0000000721400000, 0x0000000721400000|100%| O|  |TAMS 0x0000000721200000, 0x0000000721200000| Untracked 
| 266|0x0000000721400000, 0x0000000721600000, 0x0000000721600000|100%| O|  |TAMS 0x0000000721400000, 0x0000000721400000| Untracked 
| 267|0x0000000721600000, 0x0000000721800000, 0x0000000721800000|100%| O|  |TAMS 0x0000000721600000, 0x0000000721600000| Untracked 
| 268|0x0000000721800000, 0x0000000721a00000, 0x0000000721a00000|100%| O|  |TAMS 0x0000000721800000, 0x0000000721800000| Untracked 
| 269|0x0000000721a00000, 0x0000000721c00000, 0x0000000721c00000|100%| O|  |TAMS 0x0000000721a00000, 0x0000000721a00000| Untracked 
| 270|0x0000000721c00000, 0x0000000721e00000, 0x0000000721e00000|100%| O|  |TAMS 0x0000000721c00000, 0x0000000721c00000| Untracked 
| 271|0x0000000721e00000, 0x0000000722000000, 0x0000000722000000|100%| O|  |TAMS 0x0000000721e00000, 0x0000000721e00000| Untracked 
| 272|0x0000000722000000, 0x0000000722200000, 0x0000000722200000|100%| O|  |TAMS 0x0000000722000000, 0x0000000722000000| Untracked 
| 273|0x0000000722200000, 0x0000000722400000, 0x0000000722400000|100%| O|  |TAMS 0x0000000722200000, 0x0000000722200000| Untracked 
| 274|0x0000000722400000, 0x0000000722600000, 0x0000000722600000|100%| O|  |TAMS 0x0000000722400000, 0x0000000722400000| Untracked 
| 275|0x0000000722600000, 0x0000000722800000, 0x0000000722800000|100%| O|  |TAMS 0x0000000722600000, 0x0000000722600000| Untracked 
| 276|0x0000000722800000, 0x0000000722a00000, 0x0000000722a00000|100%| O|  |TAMS 0x0000000722800000, 0x0000000722800000| Untracked 
| 277|0x0000000722a00000, 0x0000000722c00000, 0x0000000722c00000|100%| O|  |TAMS 0x0000000722a00000, 0x0000000722a00000| Untracked 
| 278|0x0000000722c00000, 0x0000000722e00000, 0x0000000722e00000|100%|HS|  |TAMS 0x0000000722c00000, 0x0000000722c00000| Complete 
| 279|0x0000000722e00000, 0x0000000723000000, 0x0000000723000000|100%|HS|  |TAMS 0x0000000722e00000, 0x0000000722e00000| Complete 
| 280|0x0000000723000000, 0x0000000723200000, 0x0000000723200000|100%| O|  |TAMS 0x0000000723000000, 0x0000000723000000| Untracked 
| 281|0x0000000723200000, 0x0000000723400000, 0x0000000723400000|100%| O|  |TAMS 0x0000000723200000, 0x0000000723200000| Untracked 
| 282|0x0000000723400000, 0x0000000723600000, 0x0000000723600000|100%| O|  |TAMS 0x0000000723400000, 0x0000000723400000| Untracked 
| 283|0x0000000723600000, 0x0000000723800000, 0x0000000723800000|100%| O|  |TAMS 0x0000000723600000, 0x0000000723600000| Untracked 
| 284|0x0000000723800000, 0x0000000723a00000, 0x0000000723a00000|100%|HS|  |TAMS 0x0000000723800000, 0x0000000723800000| Complete 
| 285|0x0000000723a00000, 0x0000000723c00000, 0x0000000723c00000|100%|HC|  |TAMS 0x0000000723a00000, 0x0000000723a00000| Complete 
| 286|0x0000000723c00000, 0x0000000723e00000, 0x0000000723e00000|100%|HC|  |TAMS 0x0000000723c00000, 0x0000000723c00000| Complete 
| 287|0x0000000723e00000, 0x0000000724000000, 0x0000000724000000|100%| O|  |TAMS 0x0000000723e00000, 0x0000000723e00000| Untracked 
| 288|0x0000000724000000, 0x0000000724200000, 0x0000000724200000|100%| O|  |TAMS 0x0000000724000000, 0x0000000724000000| Untracked 
| 289|0x0000000724200000, 0x0000000724400000, 0x0000000724400000|100%| O|  |TAMS 0x0000000724200000, 0x0000000724200000| Untracked 
| 290|0x0000000724400000, 0x0000000724600000, 0x0000000724600000|100%| O|  |TAMS 0x0000000724400000, 0x0000000724400000| Untracked 
| 291|0x0000000724600000, 0x0000000724800000, 0x0000000724800000|100%| O|  |TAMS 0x0000000724600000, 0x0000000724600000| Untracked 
| 292|0x0000000724800000, 0x0000000724a00000, 0x0000000724a00000|100%| O|  |TAMS 0x0000000724800000, 0x0000000724800000| Untracked 
| 293|0x0000000724a00000, 0x0000000724c00000, 0x0000000724c00000|100%| O|  |TAMS 0x0000000724a00000, 0x0000000724a00000| Untracked 
| 294|0x0000000724c00000, 0x0000000724e00000, 0x0000000724e00000|100%| O|  |TAMS 0x0000000724c00000, 0x0000000724c00000| Untracked 
| 295|0x0000000724e00000, 0x0000000725000000, 0x0000000725000000|100%| O|  |TAMS 0x0000000724e00000, 0x0000000724e00000| Untracked 
| 296|0x0000000725000000, 0x0000000725200000, 0x0000000725200000|100%| O|  |TAMS 0x0000000725000000, 0x0000000725000000| Untracked 
| 297|0x0000000725200000, 0x0000000725400000, 0x0000000725400000|100%| O|  |TAMS 0x0000000725200000, 0x0000000725200000| Untracked 
| 298|0x0000000725400000, 0x0000000725600000, 0x0000000725600000|100%| O|  |TAMS 0x0000000725400000, 0x0000000725400000| Untracked 
| 299|0x0000000725600000, 0x0000000725800000, 0x0000000725800000|100%| O|  |TAMS 0x0000000725600000, 0x0000000725600000| Untracked 
| 300|0x0000000725800000, 0x0000000725a00000, 0x0000000725a00000|100%| O|  |TAMS 0x0000000725800000, 0x0000000725800000| Untracked 
| 301|0x0000000725a00000, 0x0000000725c00000, 0x0000000725c00000|100%| O|  |TAMS 0x0000000725a00000, 0x0000000725a00000| Untracked 
| 302|0x0000000725c00000, 0x0000000725e00000, 0x0000000725e00000|100%| O|  |TAMS 0x0000000725c00000, 0x0000000725c00000| Untracked 
| 303|0x0000000725e00000, 0x0000000726000000, 0x0000000726000000|100%| O|  |TAMS 0x0000000725e00000, 0x0000000725e00000| Untracked 
| 304|0x0000000726000000, 0x0000000726200000, 0x0000000726200000|100%| O|  |TAMS 0x0000000726000000, 0x0000000726000000| Untracked 
| 305|0x0000000726200000, 0x0000000726400000, 0x0000000726400000|100%| O|  |TAMS 0x0000000726200000, 0x0000000726200000| Untracked 
| 306|0x0000000726400000, 0x0000000726600000, 0x0000000726600000|100%| O|  |TAMS 0x0000000726400000, 0x0000000726400000| Untracked 
| 307|0x0000000726600000, 0x0000000726800000, 0x0000000726800000|100%| O|  |TAMS 0x0000000726600000, 0x0000000726600000| Untracked 
| 308|0x0000000726800000, 0x0000000726a00000, 0x0000000726a00000|100%| O|  |TAMS 0x0000000726800000, 0x0000000726800000| Untracked 
| 309|0x0000000726a00000, 0x0000000726c00000, 0x0000000726c00000|100%| O|  |TAMS 0x0000000726a00000, 0x0000000726a00000| Untracked 
| 310|0x0000000726c00000, 0x0000000726e00000, 0x0000000726e00000|100%| O|  |TAMS 0x0000000726c00000, 0x0000000726c00000| Untracked 
| 311|0x0000000726e00000, 0x0000000727000000, 0x0000000727000000|100%| O|  |TAMS 0x0000000726e00000, 0x0000000726e00000| Untracked 
| 312|0x0000000727000000, 0x0000000727200000, 0x0000000727200000|100%| O|  |TAMS 0x0000000727000000, 0x0000000727000000| Untracked 
| 313|0x0000000727200000, 0x0000000727400000, 0x0000000727400000|100%| O|  |TAMS 0x0000000727200000, 0x0000000727200000| Untracked 
| 314|0x0000000727400000, 0x0000000727600000, 0x0000000727600000|100%| O|  |TAMS 0x0000000727400000, 0x0000000727400000| Untracked 
| 315|0x0000000727600000, 0x0000000727800000, 0x0000000727800000|100%| O|  |TAMS 0x0000000727600000, 0x0000000727600000| Untracked 
| 316|0x0000000727800000, 0x0000000727a00000, 0x0000000727a00000|100%| O|  |TAMS 0x0000000727800000, 0x0000000727800000| Untracked 
| 317|0x0000000727a00000, 0x0000000727c00000, 0x0000000727c00000|100%| O|  |TAMS 0x0000000727a00000, 0x0000000727a00000| Untracked 
| 318|0x0000000727c00000, 0x0000000727e00000, 0x0000000727e00000|100%| O|  |TAMS 0x0000000727c00000, 0x0000000727c00000| Untracked 
| 319|0x0000000727e00000, 0x0000000728000000, 0x0000000728000000|100%| O|  |TAMS 0x0000000727e00000, 0x0000000727e00000| Untracked 
| 320|0x0000000728000000, 0x0000000728200000, 0x0000000728200000|100%| O|  |TAMS 0x0000000728000000, 0x0000000728000000| Untracked 
| 321|0x0000000728200000, 0x0000000728400000, 0x0000000728400000|100%| O|  |TAMS 0x0000000728200000, 0x0000000728200000| Untracked 
| 322|0x0000000728400000, 0x0000000728600000, 0x0000000728600000|100%| O|  |TAMS 0x0000000728400000, 0x0000000728400000| Untracked 
| 323|0x0000000728600000, 0x0000000728800000, 0x0000000728800000|100%| O|  |TAMS 0x0000000728600000, 0x0000000728600000| Untracked 
| 324|0x0000000728800000, 0x0000000728a00000, 0x0000000728a00000|100%| O|  |TAMS 0x0000000728800000, 0x0000000728800000| Untracked 
| 325|0x0000000728a00000, 0x0000000728c00000, 0x0000000728c00000|100%| O|  |TAMS 0x0000000728a00000, 0x0000000728a00000| Untracked 
| 326|0x0000000728c00000, 0x0000000728e00000, 0x0000000728e00000|100%| O|  |TAMS 0x0000000728c00000, 0x0000000728c00000| Untracked 
| 327|0x0000000728e00000, 0x0000000729000000, 0x0000000729000000|100%| O|  |TAMS 0x0000000728e00000, 0x0000000728e00000| Untracked 
| 328|0x0000000729000000, 0x0000000729200000, 0x0000000729200000|100%| O|  |TAMS 0x0000000729000000, 0x0000000729000000| Untracked 
| 329|0x0000000729200000, 0x0000000729400000, 0x0000000729400000|100%| O|  |TAMS 0x0000000729200000, 0x0000000729200000| Untracked 
| 330|0x0000000729400000, 0x0000000729600000, 0x0000000729600000|100%| O|  |TAMS 0x0000000729400000, 0x0000000729400000| Untracked 
| 331|0x0000000729600000, 0x0000000729800000, 0x0000000729800000|100%| O|  |TAMS 0x0000000729600000, 0x0000000729600000| Untracked 
| 332|0x0000000729800000, 0x0000000729a00000, 0x0000000729a00000|100%| O|  |TAMS 0x0000000729800000, 0x0000000729800000| Untracked 
| 333|0x0000000729a00000, 0x0000000729c00000, 0x0000000729c00000|100%| O|  |TAMS 0x0000000729a00000, 0x0000000729a00000| Untracked 
| 334|0x0000000729c00000, 0x0000000729e00000, 0x0000000729e00000|100%| O|  |TAMS 0x0000000729c00000, 0x0000000729c00000| Untracked 
| 335|0x0000000729e00000, 0x000000072a000000, 0x000000072a000000|100%| O|  |TAMS 0x0000000729e00000, 0x0000000729e00000| Untracked 
| 336|0x000000072a000000, 0x000000072a200000, 0x000000072a200000|100%| O|  |TAMS 0x000000072a000000, 0x000000072a000000| Untracked 
| 337|0x000000072a200000, 0x000000072a400000, 0x000000072a400000|100%| O|  |TAMS 0x000000072a200000, 0x000000072a200000| Untracked 
| 338|0x000000072a400000, 0x000000072a600000, 0x000000072a600000|100%| O|  |TAMS 0x000000072a400000, 0x000000072a400000| Untracked 
| 339|0x000000072a600000, 0x000000072a800000, 0x000000072a800000|100%| O|  |TAMS 0x000000072a600000, 0x000000072a600000| Untracked 
| 340|0x000000072a800000, 0x000000072aa00000, 0x000000072aa00000|100%| O|  |TAMS 0x000000072a800000, 0x000000072a800000| Untracked 
| 341|0x000000072aa00000, 0x000000072ac00000, 0x000000072ac00000|100%| O|  |TAMS 0x000000072aa00000, 0x000000072aa00000| Untracked 
| 342|0x000000072ac00000, 0x000000072ae00000, 0x000000072ae00000|100%| O|  |TAMS 0x000000072ac00000, 0x000000072ac00000| Untracked 
| 343|0x000000072ae00000, 0x000000072b000000, 0x000000072b000000|100%| O|  |TAMS 0x000000072ae00000, 0x000000072ae00000| Untracked 
| 344|0x000000072b000000, 0x000000072b200000, 0x000000072b200000|100%| O|  |TAMS 0x000000072b000000, 0x000000072b000000| Untracked 
| 345|0x000000072b200000, 0x000000072b400000, 0x000000072b400000|100%| O|  |TAMS 0x000000072b200000, 0x000000072b200000| Untracked 
| 346|0x000000072b400000, 0x000000072b600000, 0x000000072b600000|100%| O|  |TAMS 0x000000072b400000, 0x000000072b400000| Untracked 
| 347|0x000000072b600000, 0x000000072b800000, 0x000000072b800000|100%| O|  |TAMS 0x000000072b600000, 0x000000072b600000| Untracked 
| 348|0x000000072b800000, 0x000000072ba00000, 0x000000072ba00000|100%| O|  |TAMS 0x000000072b800000, 0x000000072b800000| Untracked 
| 349|0x000000072ba00000, 0x000000072bc00000, 0x000000072bc00000|100%| O|  |TAMS 0x000000072ba00000, 0x000000072ba00000| Untracked 
| 350|0x000000072bc00000, 0x000000072be00000, 0x000000072be00000|100%| O|  |TAMS 0x000000072bc00000, 0x000000072bc00000| Untracked 
| 351|0x000000072be00000, 0x000000072c000000, 0x000000072c000000|100%| O|  |TAMS 0x000000072be00000, 0x000000072be00000| Untracked 
| 352|0x000000072c000000, 0x000000072c200000, 0x000000072c200000|100%| O|  |TAMS 0x000000072c000000, 0x000000072c000000| Untracked 
| 353|0x000000072c200000, 0x000000072c400000, 0x000000072c400000|100%| O|  |TAMS 0x000000072c200000, 0x000000072c200000| Untracked 
| 354|0x000000072c400000, 0x000000072c600000, 0x000000072c600000|100%| O|  |TAMS 0x000000072c400000, 0x000000072c400000| Untracked 
| 355|0x000000072c600000, 0x000000072c800000, 0x000000072c800000|100%| O|  |TAMS 0x000000072c600000, 0x000000072c600000| Untracked 
| 356|0x000000072c800000, 0x000000072ca00000, 0x000000072ca00000|100%| O|  |TAMS 0x000000072c800000, 0x000000072c800000| Untracked 
| 357|0x000000072ca00000, 0x000000072cc00000, 0x000000072cc00000|100%| O|  |TAMS 0x000000072ca00000, 0x000000072ca00000| Untracked 
| 358|0x000000072cc00000, 0x000000072ce00000, 0x000000072ce00000|100%| O|  |TAMS 0x000000072cc00000, 0x000000072cc00000| Untracked 
| 359|0x000000072ce00000, 0x000000072d000000, 0x000000072d000000|100%| O|  |TAMS 0x000000072ce00000, 0x000000072ce00000| Untracked 
| 360|0x000000072d000000, 0x000000072d200000, 0x000000072d200000|100%| O|  |TAMS 0x000000072d000000, 0x000000072d000000| Untracked 
| 361|0x000000072d200000, 0x000000072d400000, 0x000000072d400000|100%| O|  |TAMS 0x000000072d200000, 0x000000072d200000| Untracked 
| 362|0x000000072d400000, 0x000000072d600000, 0x000000072d600000|100%| O|  |TAMS 0x000000072d400000, 0x000000072d400000| Untracked 
| 363|0x000000072d600000, 0x000000072d800000, 0x000000072d800000|100%| O|  |TAMS 0x000000072d600000, 0x000000072d600000| Untracked 
| 364|0x000000072d800000, 0x000000072da00000, 0x000000072da00000|100%| O|  |TAMS 0x000000072d800000, 0x000000072d800000| Untracked 
| 365|0x000000072da00000, 0x000000072dc00000, 0x000000072dc00000|100%| O|  |TAMS 0x000000072da00000, 0x000000072da00000| Untracked 
| 366|0x000000072dc00000, 0x000000072de00000, 0x000000072de00000|100%| O|  |TAMS 0x000000072dc00000, 0x000000072dc00000| Untracked 
| 367|0x000000072de00000, 0x000000072e000000, 0x000000072e000000|100%| O|  |TAMS 0x000000072de00000, 0x000000072de00000| Untracked 
| 368|0x000000072e000000, 0x000000072e200000, 0x000000072e200000|100%| O|  |TAMS 0x000000072e000000, 0x000000072e000000| Untracked 
| 369|0x000000072e200000, 0x000000072e400000, 0x000000072e400000|100%| O|  |TAMS 0x000000072e200000, 0x000000072e200000| Untracked 
| 370|0x000000072e400000, 0x000000072e600000, 0x000000072e600000|100%| O|  |TAMS 0x000000072e400000, 0x000000072e400000| Untracked 
| 371|0x000000072e600000, 0x000000072e800000, 0x000000072e800000|100%| O|  |TAMS 0x000000072e600000, 0x000000072e600000| Untracked 
| 372|0x000000072e800000, 0x000000072ea00000, 0x000000072ea00000|100%| O|  |TAMS 0x000000072e800000, 0x000000072e800000| Untracked 
| 373|0x000000072ea00000, 0x000000072ec00000, 0x000000072ec00000|100%| O|  |TAMS 0x000000072ea00000, 0x000000072ea00000| Untracked 
| 374|0x000000072ec00000, 0x000000072ee00000, 0x000000072ee00000|100%| O|  |TAMS 0x000000072ec00000, 0x000000072ec00000| Untracked 
| 375|0x000000072ee00000, 0x000000072f000000, 0x000000072f000000|100%| O|  |TAMS 0x000000072ee00000, 0x000000072ee00000| Untracked 
| 376|0x000000072f000000, 0x000000072f200000, 0x000000072f200000|100%| O|  |TAMS 0x000000072f000000, 0x000000072f000000| Untracked 
| 377|0x000000072f200000, 0x000000072f400000, 0x000000072f400000|100%| O|  |TAMS 0x000000072f200000, 0x000000072f200000| Untracked 
| 378|0x000000072f400000, 0x000000072f600000, 0x000000072f600000|100%| O|  |TAMS 0x000000072f400000, 0x000000072f400000| Untracked 
| 379|0x000000072f600000, 0x000000072f800000, 0x000000072f800000|100%| O|  |TAMS 0x000000072f600000, 0x000000072f600000| Untracked 
| 380|0x000000072f800000, 0x000000072fa00000, 0x000000072fa00000|100%| O|  |TAMS 0x000000072f800000, 0x000000072f800000| Untracked 
| 381|0x000000072fa00000, 0x000000072fc00000, 0x000000072fc00000|100%| O|  |TAMS 0x000000072fa00000, 0x000000072fa00000| Untracked 
| 382|0x000000072fc00000, 0x000000072fe00000, 0x000000072fe00000|100%| O|  |TAMS 0x000000072fc00000, 0x000000072fc00000| Untracked 
| 383|0x000000072fe00000, 0x0000000730000000, 0x0000000730000000|100%| O|  |TAMS 0x000000072fe00000, 0x000000072fe00000| Untracked 
| 384|0x0000000730000000, 0x0000000730200000, 0x0000000730200000|100%| O|  |TAMS 0x0000000730000000, 0x0000000730000000| Untracked 
| 385|0x0000000730200000, 0x0000000730400000, 0x0000000730400000|100%| O|  |TAMS 0x0000000730200000, 0x0000000730200000| Untracked 
| 386|0x0000000730400000, 0x0000000730600000, 0x0000000730600000|100%| O|  |TAMS 0x0000000730400000, 0x0000000730400000| Untracked 
| 387|0x0000000730600000, 0x0000000730800000, 0x0000000730800000|100%| O|  |TAMS 0x0000000730600000, 0x0000000730600000| Untracked 
| 388|0x0000000730800000, 0x0000000730a00000, 0x0000000730a00000|100%| O|  |TAMS 0x0000000730800000, 0x0000000730800000| Untracked 
| 389|0x0000000730a00000, 0x0000000730c00000, 0x0000000730c00000|100%| O|  |TAMS 0x0000000730a00000, 0x0000000730a00000| Untracked 
| 390|0x0000000730c00000, 0x0000000730e00000, 0x0000000730e00000|100%| O|  |TAMS 0x0000000730c00000, 0x0000000730c00000| Untracked 
| 391|0x0000000730e00000, 0x0000000731000000, 0x0000000731000000|100%| O|  |TAMS 0x0000000730e00000, 0x0000000730e00000| Untracked 
| 392|0x0000000731000000, 0x0000000731200000, 0x0000000731200000|100%| O|  |TAMS 0x0000000731000000, 0x0000000731000000| Untracked 
| 393|0x0000000731200000, 0x0000000731400000, 0x0000000731400000|100%| O|  |TAMS 0x0000000731200000, 0x0000000731200000| Untracked 
| 394|0x0000000731400000, 0x0000000731600000, 0x0000000731600000|100%| O|  |TAMS 0x0000000731400000, 0x0000000731400000| Untracked 
| 395|0x0000000731600000, 0x0000000731800000, 0x0000000731800000|100%| O|  |TAMS 0x0000000731600000, 0x0000000731600000| Untracked 
| 396|0x0000000731800000, 0x0000000731a00000, 0x0000000731a00000|100%| O|  |TAMS 0x0000000731800000, 0x0000000731800000| Untracked 
| 397|0x0000000731a00000, 0x0000000731c00000, 0x0000000731c00000|100%| O|  |TAMS 0x0000000731a00000, 0x0000000731a00000| Untracked 
| 398|0x0000000731c00000, 0x0000000731e00000, 0x0000000731e00000|100%| O|  |TAMS 0x0000000731c00000, 0x0000000731c00000| Untracked 
| 399|0x0000000731e00000, 0x0000000732000000, 0x0000000732000000|100%| O|  |TAMS 0x0000000731e00000, 0x0000000731e00000| Untracked 
| 400|0x0000000732000000, 0x0000000732200000, 0x0000000732200000|100%| O|  |TAMS 0x0000000732000000, 0x0000000732000000| Untracked 
| 401|0x0000000732200000, 0x0000000732400000, 0x0000000732400000|100%| O|  |TAMS 0x0000000732200000, 0x0000000732200000| Untracked 
| 402|0x0000000732400000, 0x0000000732600000, 0x0000000732600000|100%| O|  |TAMS 0x0000000732400000, 0x0000000732400000| Untracked 
| 403|0x0000000732600000, 0x0000000732800000, 0x0000000732800000|100%| O|  |TAMS 0x0000000732600000, 0x0000000732600000| Untracked 
| 404|0x0000000732800000, 0x0000000732a00000, 0x0000000732a00000|100%| O|  |TAMS 0x0000000732800000, 0x0000000732800000| Untracked 
| 405|0x0000000732a00000, 0x0000000732c00000, 0x0000000732c00000|100%| O|  |TAMS 0x0000000732a00000, 0x0000000732a00000| Untracked 
| 406|0x0000000732c00000, 0x0000000732e00000, 0x0000000732e00000|100%| O|  |TAMS 0x0000000732c00000, 0x0000000732c00000| Untracked 
| 407|0x0000000732e00000, 0x0000000733000000, 0x0000000733000000|100%| O|  |TAMS 0x0000000732e00000, 0x0000000732e00000| Untracked 
| 408|0x0000000733000000, 0x0000000733200000, 0x0000000733200000|100%| O|  |TAMS 0x0000000733000000, 0x0000000733000000| Untracked 
| 409|0x0000000733200000, 0x0000000733400000, 0x0000000733400000|100%| O|  |TAMS 0x0000000733200000, 0x0000000733200000| Untracked 
| 410|0x0000000733400000, 0x0000000733600000, 0x0000000733600000|100%| O|  |TAMS 0x0000000733400000, 0x0000000733400000| Untracked 
| 411|0x0000000733600000, 0x0000000733800000, 0x0000000733800000|100%| O|  |TAMS 0x0000000733600000, 0x0000000733600000| Untracked 
| 412|0x0000000733800000, 0x0000000733a00000, 0x0000000733a00000|100%| O|  |TAMS 0x0000000733800000, 0x0000000733800000| Untracked 
| 413|0x0000000733a00000, 0x0000000733c00000, 0x0000000733c00000|100%| O|  |TAMS 0x0000000733a00000, 0x0000000733a00000| Untracked 
| 414|0x0000000733c00000, 0x0000000733e00000, 0x0000000733e00000|100%| O|  |TAMS 0x0000000733c00000, 0x0000000733c00000| Untracked 
| 415|0x0000000733e00000, 0x0000000734000000, 0x0000000734000000|100%| O|  |TAMS 0x0000000733e00000, 0x0000000733e00000| Untracked 
| 416|0x0000000734000000, 0x0000000734200000, 0x0000000734200000|100%| O|  |TAMS 0x0000000734000000, 0x0000000734000000| Untracked 
| 417|0x0000000734200000, 0x0000000734400000, 0x0000000734400000|100%| O|  |TAMS 0x0000000734200000, 0x0000000734200000| Untracked 
| 418|0x0000000734400000, 0x0000000734600000, 0x0000000734600000|100%| O|  |TAMS 0x0000000734400000, 0x0000000734400000| Untracked 
| 419|0x0000000734600000, 0x0000000734800000, 0x0000000734800000|100%| O|  |TAMS 0x0000000734600000, 0x0000000734600000| Untracked 
| 420|0x0000000734800000, 0x0000000734a00000, 0x0000000734a00000|100%| O|  |TAMS 0x0000000734800000, 0x0000000734800000| Untracked 
| 421|0x0000000734a00000, 0x0000000734c00000, 0x0000000734c00000|100%| O|  |TAMS 0x0000000734a00000, 0x0000000734a00000| Untracked 
| 422|0x0000000734c00000, 0x0000000734e00000, 0x0000000734e00000|100%| O|  |TAMS 0x0000000734c00000, 0x0000000734c00000| Untracked 
| 423|0x0000000734e00000, 0x0000000735000000, 0x0000000735000000|100%| O|  |TAMS 0x0000000734e00000, 0x0000000734e00000| Untracked 
| 424|0x0000000735000000, 0x0000000735200000, 0x0000000735200000|100%| O|  |TAMS 0x0000000735000000, 0x0000000735000000| Untracked 
| 425|0x0000000735200000, 0x0000000735400000, 0x0000000735400000|100%| O|  |TAMS 0x0000000735200000, 0x0000000735200000| Untracked 
| 426|0x0000000735400000, 0x0000000735600000, 0x0000000735600000|100%| O|  |TAMS 0x0000000735400000, 0x0000000735400000| Untracked 
| 427|0x0000000735600000, 0x0000000735800000, 0x0000000735800000|100%| O|  |TAMS 0x0000000735600000, 0x0000000735600000| Untracked 
| 428|0x0000000735800000, 0x0000000735a00000, 0x0000000735a00000|100%| O|  |TAMS 0x0000000735800000, 0x0000000735800000| Untracked 
| 429|0x0000000735a00000, 0x0000000735c00000, 0x0000000735c00000|100%| O|  |TAMS 0x0000000735a00000, 0x0000000735a00000| Untracked 
| 430|0x0000000735c00000, 0x0000000735e00000, 0x0000000735e00000|100%| O|  |TAMS 0x0000000735c00000, 0x0000000735c00000| Untracked 
| 431|0x0000000735e00000, 0x0000000736000000, 0x0000000736000000|100%| O|  |TAMS 0x0000000735e00000, 0x0000000735e00000| Untracked 
| 432|0x0000000736000000, 0x0000000736200000, 0x0000000736200000|100%| O|  |TAMS 0x0000000736000000, 0x0000000736000000| Untracked 
| 433|0x0000000736200000, 0x0000000736400000, 0x0000000736400000|100%| O|  |TAMS 0x0000000736200000, 0x0000000736200000| Untracked 
| 434|0x0000000736400000, 0x0000000736600000, 0x0000000736600000|100%| O|  |TAMS 0x0000000736400000, 0x0000000736400000| Untracked 
| 435|0x0000000736600000, 0x0000000736800000, 0x0000000736800000|100%| O|  |TAMS 0x0000000736600000, 0x0000000736600000| Untracked 
| 436|0x0000000736800000, 0x0000000736a00000, 0x0000000736a00000|100%| O|  |TAMS 0x0000000736800000, 0x0000000736800000| Untracked 
| 437|0x0000000736a00000, 0x0000000736c00000, 0x0000000736c00000|100%| O|  |TAMS 0x0000000736a00000, 0x0000000736a00000| Untracked 
| 438|0x0000000736c00000, 0x0000000736e00000, 0x0000000736e00000|100%| O|  |TAMS 0x0000000736c00000, 0x0000000736c00000| Untracked 
| 439|0x0000000736e00000, 0x0000000737000000, 0x0000000737000000|100%| O|  |TAMS 0x0000000736e00000, 0x0000000736e00000| Untracked 
| 440|0x0000000737000000, 0x0000000737200000, 0x0000000737200000|100%| O|  |TAMS 0x0000000737000000, 0x0000000737000000| Untracked 
| 441|0x0000000737200000, 0x0000000737400000, 0x0000000737400000|100%| O|  |TAMS 0x0000000737200000, 0x0000000737200000| Untracked 
| 442|0x0000000737400000, 0x0000000737600000, 0x0000000737600000|100%| O|  |TAMS 0x0000000737400000, 0x0000000737400000| Untracked 
| 443|0x0000000737600000, 0x0000000737800000, 0x0000000737800000|100%| O|  |TAMS 0x0000000737600000, 0x0000000737600000| Untracked 
| 444|0x0000000737800000, 0x0000000737a00000, 0x0000000737a00000|100%| O|  |TAMS 0x0000000737800000, 0x0000000737800000| Untracked 
| 445|0x0000000737a00000, 0x0000000737c00000, 0x0000000737c00000|100%| O|  |TAMS 0x0000000737a00000, 0x0000000737a00000| Untracked 
| 446|0x0000000737c00000, 0x0000000737e00000, 0x0000000737e00000|100%| O|  |TAMS 0x0000000737c00000, 0x0000000737c00000| Untracked 
| 447|0x0000000737e00000, 0x0000000738000000, 0x0000000738000000|100%| O|  |TAMS 0x0000000737e00000, 0x0000000737e00000| Untracked 
| 448|0x0000000738000000, 0x0000000738200000, 0x0000000738200000|100%| O|  |TAMS 0x0000000738000000, 0x0000000738000000| Untracked 
| 449|0x0000000738200000, 0x0000000738400000, 0x0000000738400000|100%| O|  |TAMS 0x0000000738200000, 0x0000000738200000| Untracked 
| 450|0x0000000738400000, 0x0000000738600000, 0x0000000738600000|100%| O|  |TAMS 0x0000000738400000, 0x0000000738400000| Untracked 
| 451|0x0000000738600000, 0x0000000738800000, 0x0000000738800000|100%| O|  |TAMS 0x0000000738600000, 0x0000000738600000| Untracked 
| 452|0x0000000738800000, 0x0000000738a00000, 0x0000000738a00000|100%| O|  |TAMS 0x0000000738800000, 0x0000000738800000| Untracked 
| 453|0x0000000738a00000, 0x0000000738c00000, 0x0000000738c00000|100%| O|  |TAMS 0x0000000738a00000, 0x0000000738a00000| Untracked 
| 454|0x0000000738c00000, 0x0000000738e00000, 0x0000000738e00000|100%| O|  |TAMS 0x0000000738c00000, 0x0000000738c00000| Untracked 
| 455|0x0000000738e00000, 0x0000000739000000, 0x0000000739000000|100%| O|  |TAMS 0x0000000738e00000, 0x0000000738e00000| Untracked 
| 456|0x0000000739000000, 0x0000000739200000, 0x0000000739200000|100%| O|  |TAMS 0x0000000739000000, 0x0000000739000000| Untracked 
| 457|0x0000000739200000, 0x0000000739400000, 0x0000000739400000|100%| O|  |TAMS 0x0000000739200000, 0x0000000739200000| Untracked 
| 458|0x0000000739400000, 0x0000000739600000, 0x0000000739600000|100%| O|  |TAMS 0x0000000739400000, 0x0000000739400000| Untracked 
| 459|0x0000000739600000, 0x0000000739800000, 0x0000000739800000|100%| O|  |TAMS 0x0000000739600000, 0x0000000739600000| Untracked 
| 460|0x0000000739800000, 0x0000000739a00000, 0x0000000739a00000|100%| O|  |TAMS 0x0000000739800000, 0x0000000739800000| Untracked 
| 461|0x0000000739a00000, 0x0000000739c00000, 0x0000000739c00000|100%| O|  |TAMS 0x0000000739a00000, 0x0000000739a00000| Untracked 
| 462|0x0000000739c00000, 0x0000000739e00000, 0x0000000739e00000|100%| O|  |TAMS 0x0000000739c00000, 0x0000000739c00000| Untracked 
| 463|0x0000000739e00000, 0x000000073a000000, 0x000000073a000000|100%| O|  |TAMS 0x0000000739e00000, 0x0000000739e00000| Untracked 
| 464|0x000000073a000000, 0x000000073a200000, 0x000000073a200000|100%| O|  |TAMS 0x000000073a000000, 0x000000073a000000| Untracked 
| 465|0x000000073a200000, 0x000000073a400000, 0x000000073a400000|100%| O|  |TAMS 0x000000073a200000, 0x000000073a200000| Untracked 
| 466|0x000000073a400000, 0x000000073a600000, 0x000000073a600000|100%| O|  |TAMS 0x000000073a400000, 0x000000073a400000| Untracked 
| 467|0x000000073a600000, 0x000000073a800000, 0x000000073a800000|100%| O|  |TAMS 0x000000073a600000, 0x000000073a600000| Untracked 
| 468|0x000000073a800000, 0x000000073aa00000, 0x000000073aa00000|100%| O|  |TAMS 0x000000073a800000, 0x000000073a800000| Untracked 
| 469|0x000000073aa00000, 0x000000073ac00000, 0x000000073ac00000|100%| O|  |TAMS 0x000000073aa00000, 0x000000073aa00000| Untracked 
| 470|0x000000073ac00000, 0x000000073ae00000, 0x000000073ae00000|100%| O|  |TAMS 0x000000073ac00000, 0x000000073ac00000| Untracked 
| 471|0x000000073ae00000, 0x000000073b000000, 0x000000073b000000|100%| O|  |TAMS 0x000000073ae00000, 0x000000073ae00000| Untracked 
| 472|0x000000073b000000, 0x000000073b200000, 0x000000073b200000|100%| O|  |TAMS 0x000000073b000000, 0x000000073b000000| Untracked 
| 473|0x000000073b200000, 0x000000073b400000, 0x000000073b400000|100%| O|  |TAMS 0x000000073b200000, 0x000000073b200000| Untracked 
| 474|0x000000073b400000, 0x000000073b600000, 0x000000073b600000|100%| O|  |TAMS 0x000000073b400000, 0x000000073b400000| Untracked 
| 475|0x000000073b600000, 0x000000073b800000, 0x000000073b800000|100%| O|  |TAMS 0x000000073b600000, 0x000000073b600000| Untracked 
| 476|0x000000073b800000, 0x000000073ba00000, 0x000000073ba00000|100%| O|  |TAMS 0x000000073b800000, 0x000000073b800000| Untracked 
| 477|0x000000073ba00000, 0x000000073bc00000, 0x000000073bc00000|100%| O|  |TAMS 0x000000073ba00000, 0x000000073ba00000| Untracked 
| 478|0x000000073bc00000, 0x000000073be00000, 0x000000073be00000|100%| O|  |TAMS 0x000000073bc00000, 0x000000073bc00000| Untracked 
| 479|0x000000073be00000, 0x000000073c000000, 0x000000073c000000|100%| O|  |TAMS 0x000000073be00000, 0x000000073be00000| Untracked 
| 480|0x000000073c000000, 0x000000073c200000, 0x000000073c200000|100%| O|  |TAMS 0x000000073c000000, 0x000000073c000000| Untracked 
| 481|0x000000073c200000, 0x000000073c400000, 0x000000073c400000|100%| O|  |TAMS 0x000000073c200000, 0x000000073c200000| Untracked 
| 482|0x000000073c400000, 0x000000073c600000, 0x000000073c600000|100%| O|  |TAMS 0x000000073c400000, 0x000000073c400000| Untracked 
| 483|0x000000073c600000, 0x000000073c800000, 0x000000073c800000|100%| O|  |TAMS 0x000000073c600000, 0x000000073c600000| Untracked 
| 484|0x000000073c800000, 0x000000073ca00000, 0x000000073ca00000|100%| O|  |TAMS 0x000000073c800000, 0x000000073c800000| Untracked 
| 485|0x000000073ca00000, 0x000000073cc00000, 0x000000073cc00000|100%| O|  |TAMS 0x000000073ca00000, 0x000000073ca00000| Untracked 
| 486|0x000000073cc00000, 0x000000073ce00000, 0x000000073ce00000|100%| O|  |TAMS 0x000000073cc00000, 0x000000073cc00000| Untracked 
| 487|0x000000073ce00000, 0x000000073d000000, 0x000000073d000000|100%| O|  |TAMS 0x000000073ce00000, 0x000000073ce00000| Untracked 
| 488|0x000000073d000000, 0x000000073d200000, 0x000000073d200000|100%| O|  |TAMS 0x000000073d000000, 0x000000073d000000| Untracked 
| 489|0x000000073d200000, 0x000000073d400000, 0x000000073d400000|100%| O|  |TAMS 0x000000073d200000, 0x000000073d200000| Untracked 
| 490|0x000000073d400000, 0x000000073d600000, 0x000000073d600000|100%| O|  |TAMS 0x000000073d400000, 0x000000073d400000| Untracked 
| 491|0x000000073d600000, 0x000000073d800000, 0x000000073d800000|100%| O|  |TAMS 0x000000073d600000, 0x000000073d600000| Untracked 
| 492|0x000000073d800000, 0x000000073da00000, 0x000000073da00000|100%| O|  |TAMS 0x000000073d800000, 0x000000073d800000| Untracked 
| 493|0x000000073da00000, 0x000000073dc00000, 0x000000073dc00000|100%| O|  |TAMS 0x000000073da00000, 0x000000073da00000| Untracked 
| 494|0x000000073dc00000, 0x000000073de00000, 0x000000073de00000|100%| O|  |TAMS 0x000000073dc00000, 0x000000073dc00000| Untracked 
| 495|0x000000073de00000, 0x000000073e000000, 0x000000073e000000|100%| O|  |TAMS 0x000000073de00000, 0x000000073de00000| Untracked 
| 496|0x000000073e000000, 0x000000073e200000, 0x000000073e200000|100%| O|  |TAMS 0x000000073e000000, 0x000000073e000000| Untracked 
| 497|0x000000073e200000, 0x000000073e400000, 0x000000073e400000|100%| O|  |TAMS 0x000000073e200000, 0x000000073e200000| Untracked 
| 498|0x000000073e400000, 0x000000073e600000, 0x000000073e600000|100%| O|  |TAMS 0x000000073e400000, 0x000000073e400000| Untracked 
| 499|0x000000073e600000, 0x000000073e800000, 0x000000073e800000|100%| O|  |TAMS 0x000000073e600000, 0x000000073e600000| Untracked 
| 500|0x000000073e800000, 0x000000073ea00000, 0x000000073ea00000|100%| O|  |TAMS 0x000000073e800000, 0x000000073e800000| Untracked 
| 501|0x000000073ea00000, 0x000000073ec00000, 0x000000073ec00000|100%| O|  |TAMS 0x000000073ea00000, 0x000000073ea00000| Untracked 
| 502|0x000000073ec00000, 0x000000073ee00000, 0x000000073ee00000|100%| O|  |TAMS 0x000000073ec00000, 0x000000073ec00000| Untracked 
| 503|0x000000073ee00000, 0x000000073f000000, 0x000000073f000000|100%| O|  |TAMS 0x000000073ee00000, 0x000000073ee00000| Untracked 
| 504|0x000000073f000000, 0x000000073f200000, 0x000000073f200000|100%| O|  |TAMS 0x000000073f000000, 0x000000073f000000| Untracked 
| 505|0x000000073f200000, 0x000000073f400000, 0x000000073f400000|100%| O|  |TAMS 0x000000073f200000, 0x000000073f200000| Untracked 
| 506|0x000000073f400000, 0x000000073f600000, 0x000000073f600000|100%| O|  |TAMS 0x000000073f400000, 0x000000073f400000| Untracked 
| 507|0x000000073f600000, 0x000000073f800000, 0x000000073f800000|100%| O|  |TAMS 0x000000073f600000, 0x000000073f600000| Untracked 
| 508|0x000000073f800000, 0x000000073fa00000, 0x000000073fa00000|100%| O|  |TAMS 0x000000073f800000, 0x000000073f800000| Untracked 
| 509|0x000000073fa00000, 0x000000073fc00000, 0x000000073fc00000|100%| O|  |TAMS 0x000000073fa00000, 0x000000073fa00000| Untracked 
| 510|0x000000073fc00000, 0x000000073fe00000, 0x000000073fe00000|100%| O|  |TAMS 0x000000073fc00000, 0x000000073fc00000| Untracked 
| 511|0x000000073fe00000, 0x0000000740000000, 0x0000000740000000|100%| O|  |TAMS 0x000000073fe00000, 0x000000073fe00000| Untracked 
| 512|0x0000000740000000, 0x0000000740200000, 0x0000000740200000|100%| O|  |TAMS 0x0000000740000000, 0x0000000740000000| Untracked 
| 513|0x0000000740200000, 0x0000000740400000, 0x0000000740400000|100%| O|  |TAMS 0x0000000740200000, 0x0000000740200000| Untracked 
| 514|0x0000000740400000, 0x0000000740600000, 0x0000000740600000|100%| O|  |TAMS 0x0000000740400000, 0x0000000740400000| Untracked 
| 515|0x0000000740600000, 0x0000000740800000, 0x0000000740800000|100%| O|  |TAMS 0x0000000740600000, 0x0000000740600000| Untracked 
| 516|0x0000000740800000, 0x0000000740a00000, 0x0000000740a00000|100%| O|  |TAMS 0x0000000740800000, 0x0000000740800000| Untracked 
| 517|0x0000000740a00000, 0x0000000740c00000, 0x0000000740c00000|100%| O|  |TAMS 0x0000000740a00000, 0x0000000740a00000| Untracked 
| 518|0x0000000740c00000, 0x0000000740e00000, 0x0000000740e00000|100%| O|  |TAMS 0x0000000740c00000, 0x0000000740c00000| Untracked 
| 519|0x0000000740e00000, 0x0000000741000000, 0x0000000741000000|100%| O|  |TAMS 0x0000000740e00000, 0x0000000740e00000| Untracked 
| 520|0x0000000741000000, 0x0000000741200000, 0x0000000741200000|100%| O|  |TAMS 0x0000000741000000, 0x0000000741000000| Untracked 
| 521|0x0000000741200000, 0x0000000741400000, 0x0000000741400000|100%| O|  |TAMS 0x0000000741200000, 0x0000000741200000| Untracked 
| 522|0x0000000741400000, 0x0000000741600000, 0x0000000741600000|100%| O|  |TAMS 0x0000000741400000, 0x0000000741400000| Untracked 
| 523|0x0000000741600000, 0x0000000741800000, 0x0000000741800000|100%| O|  |TAMS 0x0000000741600000, 0x0000000741600000| Untracked 
| 524|0x0000000741800000, 0x0000000741a00000, 0x0000000741a00000|100%| O|  |TAMS 0x0000000741800000, 0x0000000741800000| Untracked 
| 525|0x0000000741a00000, 0x0000000741c00000, 0x0000000741c00000|100%| O|  |TAMS 0x0000000741a00000, 0x0000000741a00000| Untracked 
| 526|0x0000000741c00000, 0x0000000741e00000, 0x0000000741e00000|100%| O|  |TAMS 0x0000000741c00000, 0x0000000741c00000| Untracked 
| 527|0x0000000741e00000, 0x0000000742000000, 0x0000000742000000|100%| O|  |TAMS 0x0000000741e00000, 0x0000000741e00000| Untracked 
| 528|0x0000000742000000, 0x0000000742200000, 0x0000000742200000|100%| O|  |TAMS 0x0000000742000000, 0x0000000742000000| Untracked 
| 529|0x0000000742200000, 0x0000000742400000, 0x0000000742400000|100%| O|  |TAMS 0x0000000742200000, 0x0000000742200000| Untracked 
| 530|0x0000000742400000, 0x0000000742600000, 0x0000000742600000|100%| O|  |TAMS 0x0000000742400000, 0x0000000742400000| Untracked 
| 531|0x0000000742600000, 0x0000000742800000, 0x0000000742800000|100%| O|  |TAMS 0x0000000742600000, 0x0000000742600000| Untracked 
| 532|0x0000000742800000, 0x0000000742a00000, 0x0000000742a00000|100%| O|  |TAMS 0x0000000742800000, 0x0000000742800000| Untracked 
| 533|0x0000000742a00000, 0x0000000742c00000, 0x0000000742c00000|100%| O|  |TAMS 0x0000000742a00000, 0x0000000742a00000| Untracked 
| 534|0x0000000742c00000, 0x0000000742e00000, 0x0000000742e00000|100%| O|  |TAMS 0x0000000742c00000, 0x0000000742c00000| Untracked 
| 535|0x0000000742e00000, 0x0000000743000000, 0x0000000743000000|100%| O|  |TAMS 0x0000000742e00000, 0x0000000742e00000| Untracked 
| 536|0x0000000743000000, 0x0000000743200000, 0x0000000743200000|100%| O|  |TAMS 0x0000000743000000, 0x0000000743000000| Untracked 
| 537|0x0000000743200000, 0x0000000743400000, 0x0000000743400000|100%| O|  |TAMS 0x0000000743200000, 0x0000000743200000| Untracked 
| 538|0x0000000743400000, 0x0000000743600000, 0x0000000743600000|100%| O|  |TAMS 0x0000000743400000, 0x0000000743400000| Untracked 
| 539|0x0000000743600000, 0x0000000743800000, 0x0000000743800000|100%| O|  |TAMS 0x0000000743600000, 0x0000000743600000| Untracked 
| 540|0x0000000743800000, 0x0000000743a00000, 0x0000000743a00000|100%| O|  |TAMS 0x0000000743800000, 0x0000000743800000| Untracked 
| 541|0x0000000743a00000, 0x0000000743b00000, 0x0000000743c00000| 50%| O|  |TAMS 0x0000000743a00000, 0x0000000743a00000| Untracked 
| 542|0x0000000743c00000, 0x0000000743c00000, 0x0000000743e00000|  0%| F|  |TAMS 0x0000000743c00000, 0x0000000743c00000| Untracked 
| 543|0x0000000743e00000, 0x0000000743e00000, 0x0000000744000000|  0%| F|  |TAMS 0x0000000743e00000, 0x0000000743e00000| Untracked 
| 544|0x0000000744000000, 0x0000000744000000, 0x0000000744200000|  0%| F|  |TAMS 0x0000000744000000, 0x0000000744000000| Untracked 
| 545|0x0000000744200000, 0x0000000744200000, 0x0000000744400000|  0%| F|  |TAMS 0x0000000744200000, 0x0000000744200000| Untracked 
| 546|0x0000000744400000, 0x0000000744400000, 0x0000000744600000|  0%| F|  |TAMS 0x0000000744400000, 0x0000000744400000| Untracked 
| 547|0x0000000744600000, 0x0000000744600000, 0x0000000744800000|  0%| F|  |TAMS 0x0000000744600000, 0x0000000744600000| Untracked 
| 548|0x0000000744800000, 0x0000000744800000, 0x0000000744a00000|  0%| F|  |TAMS 0x0000000744800000, 0x0000000744800000| Untracked 
| 549|0x0000000744a00000, 0x0000000744a00000, 0x0000000744c00000|  0%| F|  |TAMS 0x0000000744a00000, 0x0000000744a00000| Untracked 
| 550|0x0000000744c00000, 0x0000000744c00000, 0x0000000744e00000|  0%| F|  |TAMS 0x0000000744c00000, 0x0000000744c00000| Untracked 
| 551|0x0000000744e00000, 0x0000000744e00000, 0x0000000745000000|  0%| F|  |TAMS 0x0000000744e00000, 0x0000000744e00000| Untracked 
| 552|0x0000000745000000, 0x0000000745000000, 0x0000000745200000|  0%| F|  |TAMS 0x0000000745000000, 0x0000000745000000| Untracked 
| 553|0x0000000745200000, 0x0000000745200000, 0x0000000745400000|  0%| F|  |TAMS 0x0000000745200000, 0x0000000745200000| Untracked 
| 554|0x0000000745400000, 0x0000000745400000, 0x0000000745600000|  0%| F|  |TAMS 0x0000000745400000, 0x0000000745400000| Untracked 
| 555|0x0000000745600000, 0x0000000745600000, 0x0000000745800000|  0%| F|  |TAMS 0x0000000745600000, 0x0000000745600000| Untracked 
| 556|0x0000000745800000, 0x0000000745800000, 0x0000000745a00000|  0%| F|  |TAMS 0x0000000745800000, 0x0000000745800000| Untracked 
| 557|0x0000000745a00000, 0x0000000745a00000, 0x0000000745c00000|  0%| F|  |TAMS 0x0000000745a00000, 0x0000000745a00000| Untracked 
| 558|0x0000000745c00000, 0x0000000745c00000, 0x0000000745e00000|  0%| F|  |TAMS 0x0000000745c00000, 0x0000000745c00000| Untracked 
| 559|0x0000000745e00000, 0x0000000745e00000, 0x0000000746000000|  0%| F|  |TAMS 0x0000000745e00000, 0x0000000745e00000| Untracked 
| 560|0x0000000746000000, 0x0000000746000000, 0x0000000746200000|  0%| F|  |TAMS 0x0000000746000000, 0x0000000746000000| Untracked 
| 561|0x0000000746200000, 0x0000000746200000, 0x0000000746400000|  0%| F|  |TAMS 0x0000000746200000, 0x0000000746200000| Untracked 
| 562|0x0000000746400000, 0x0000000746400000, 0x0000000746600000|  0%| F|  |TAMS 0x0000000746400000, 0x0000000746400000| Untracked 
| 563|0x0000000746600000, 0x0000000746600000, 0x0000000746800000|  0%| F|  |TAMS 0x0000000746600000, 0x0000000746600000| Untracked 
| 564|0x0000000746800000, 0x0000000746800000, 0x0000000746a00000|  0%| F|  |TAMS 0x0000000746800000, 0x0000000746800000| Untracked 
| 565|0x0000000746a00000, 0x0000000746a00000, 0x0000000746c00000|  0%| F|  |TAMS 0x0000000746a00000, 0x0000000746a00000| Untracked 
| 566|0x0000000746c00000, 0x0000000746c00000, 0x0000000746e00000|  0%| F|  |TAMS 0x0000000746c00000, 0x0000000746c00000| Untracked 
| 567|0x0000000746e00000, 0x0000000746e00000, 0x0000000747000000|  0%| F|  |TAMS 0x0000000746e00000, 0x0000000746e00000| Untracked 
| 568|0x0000000747000000, 0x0000000747000000, 0x0000000747200000|  0%| F|  |TAMS 0x0000000747000000, 0x0000000747000000| Untracked 
| 569|0x0000000747200000, 0x0000000747200000, 0x0000000747400000|  0%| F|  |TAMS 0x0000000747200000, 0x0000000747200000| Untracked 
| 570|0x0000000747400000, 0x0000000747400000, 0x0000000747600000|  0%| F|  |TAMS 0x0000000747400000, 0x0000000747400000| Untracked 
| 571|0x0000000747600000, 0x0000000747600000, 0x0000000747800000|  0%| F|  |TAMS 0x0000000747600000, 0x0000000747600000| Untracked 
| 572|0x0000000747800000, 0x0000000747800000, 0x0000000747a00000|  0%| F|  |TAMS 0x0000000747800000, 0x0000000747800000| Untracked 
| 573|0x0000000747a00000, 0x0000000747a00000, 0x0000000747c00000|  0%| F|  |TAMS 0x0000000747a00000, 0x0000000747a00000| Untracked 
| 574|0x0000000747c00000, 0x0000000747c00000, 0x0000000747e00000|  0%| F|  |TAMS 0x0000000747c00000, 0x0000000747c00000| Untracked 
| 575|0x0000000747e00000, 0x0000000747e00000, 0x0000000748000000|  0%| F|  |TAMS 0x0000000747e00000, 0x0000000747e00000| Untracked 
| 576|0x0000000748000000, 0x0000000748000000, 0x0000000748200000|  0%| F|  |TAMS 0x0000000748000000, 0x0000000748000000| Untracked 
| 577|0x0000000748200000, 0x0000000748200000, 0x0000000748400000|  0%| F|  |TAMS 0x0000000748200000, 0x0000000748200000| Untracked 
| 578|0x0000000748400000, 0x0000000748400000, 0x0000000748600000|  0%| F|  |TAMS 0x0000000748400000, 0x0000000748400000| Untracked 
| 579|0x0000000748600000, 0x0000000748600000, 0x0000000748800000|  0%| F|  |TAMS 0x0000000748600000, 0x0000000748600000| Untracked 
| 580|0x0000000748800000, 0x0000000748800000, 0x0000000748a00000|  0%| F|  |TAMS 0x0000000748800000, 0x0000000748800000| Untracked 
| 581|0x0000000748a00000, 0x0000000748a00000, 0x0000000748c00000|  0%| F|  |TAMS 0x0000000748a00000, 0x0000000748a00000| Untracked 
| 582|0x0000000748c00000, 0x0000000748c00000, 0x0000000748e00000|  0%| F|  |TAMS 0x0000000748c00000, 0x0000000748c00000| Untracked 
| 583|0x0000000748e00000, 0x0000000748e00000, 0x0000000749000000|  0%| F|  |TAMS 0x0000000748e00000, 0x0000000748e00000| Untracked 
| 584|0x0000000749000000, 0x0000000749000000, 0x0000000749200000|  0%| F|  |TAMS 0x0000000749000000, 0x0000000749000000| Untracked 
| 585|0x0000000749200000, 0x0000000749200000, 0x0000000749400000|  0%| F|  |TAMS 0x0000000749200000, 0x0000000749200000| Untracked 
| 586|0x0000000749400000, 0x0000000749400000, 0x0000000749600000|  0%| F|  |TAMS 0x0000000749400000, 0x0000000749400000| Untracked 
| 587|0x0000000749600000, 0x0000000749600000, 0x0000000749800000|  0%| F|  |TAMS 0x0000000749600000, 0x0000000749600000| Untracked 
| 588|0x0000000749800000, 0x0000000749800000, 0x0000000749a00000|  0%| F|  |TAMS 0x0000000749800000, 0x0000000749800000| Untracked 
| 589|0x0000000749a00000, 0x0000000749a00000, 0x0000000749c00000|  0%| F|  |TAMS 0x0000000749a00000, 0x0000000749a00000| Untracked 
| 590|0x0000000749c00000, 0x0000000749c00000, 0x0000000749e00000|  0%| F|  |TAMS 0x0000000749c00000, 0x0000000749c00000| Untracked 
| 591|0x0000000749e00000, 0x0000000749e00000, 0x000000074a000000|  0%| F|  |TAMS 0x0000000749e00000, 0x0000000749e00000| Untracked 
| 592|0x000000074a000000, 0x000000074a000000, 0x000000074a200000|  0%| F|  |TAMS 0x000000074a000000, 0x000000074a000000| Untracked 
| 593|0x000000074a200000, 0x000000074a200000, 0x000000074a400000|  0%| F|  |TAMS 0x000000074a200000, 0x000000074a200000| Untracked 
| 594|0x000000074a400000, 0x000000074a400000, 0x000000074a600000|  0%| F|  |TAMS 0x000000074a400000, 0x000000074a400000| Untracked 
| 595|0x000000074a600000, 0x000000074a600000, 0x000000074a800000|  0%| F|  |TAMS 0x000000074a600000, 0x000000074a600000| Untracked 
| 596|0x000000074a800000, 0x000000074a800000, 0x000000074aa00000|  0%| F|  |TAMS 0x000000074a800000, 0x000000074a800000| Untracked 
| 597|0x000000074aa00000, 0x000000074aa00000, 0x000000074ac00000|  0%| F|  |TAMS 0x000000074aa00000, 0x000000074aa00000| Untracked 
| 598|0x000000074ac00000, 0x000000074ac00000, 0x000000074ae00000|  0%| F|  |TAMS 0x000000074ac00000, 0x000000074ac00000| Untracked 
| 599|0x000000074ae00000, 0x000000074ae00000, 0x000000074b000000|  0%| F|  |TAMS 0x000000074ae00000, 0x000000074ae00000| Untracked 
| 600|0x000000074b000000, 0x000000074b000000, 0x000000074b200000|  0%| F|  |TAMS 0x000000074b000000, 0x000000074b000000| Untracked 
| 601|0x000000074b200000, 0x000000074b200000, 0x000000074b400000|  0%| F|  |TAMS 0x000000074b200000, 0x000000074b200000| Untracked 
| 602|0x000000074b400000, 0x000000074b400000, 0x000000074b600000|  0%| F|  |TAMS 0x000000074b400000, 0x000000074b400000| Untracked 
| 603|0x000000074b600000, 0x000000074b600000, 0x000000074b800000|  0%| F|  |TAMS 0x000000074b600000, 0x000000074b600000| Untracked 
| 604|0x000000074b800000, 0x000000074b800000, 0x000000074ba00000|  0%| F|  |TAMS 0x000000074b800000, 0x000000074b800000| Untracked 
| 605|0x000000074ba00000, 0x000000074ba00000, 0x000000074bc00000|  0%| F|  |TAMS 0x000000074ba00000, 0x000000074ba00000| Untracked 
| 606|0x000000074bc00000, 0x000000074bc00000, 0x000000074be00000|  0%| F|  |TAMS 0x000000074bc00000, 0x000000074bc00000| Untracked 
| 607|0x000000074be00000, 0x000000074be00000, 0x000000074c000000|  0%| F|  |TAMS 0x000000074be00000, 0x000000074be00000| Untracked 
| 608|0x000000074c000000, 0x000000074c000000, 0x000000074c200000|  0%| F|  |TAMS 0x000000074c000000, 0x000000074c000000| Untracked 
| 609|0x000000074c200000, 0x000000074c200000, 0x000000074c400000|  0%| F|  |TAMS 0x000000074c200000, 0x000000074c200000| Untracked 
| 610|0x000000074c400000, 0x000000074c400000, 0x000000074c600000|  0%| F|  |TAMS 0x000000074c400000, 0x000000074c400000| Untracked 
| 611|0x000000074c600000, 0x000000074c600000, 0x000000074c800000|  0%| F|  |TAMS 0x000000074c600000, 0x000000074c600000| Untracked 
| 612|0x000000074c800000, 0x000000074c800000, 0x000000074ca00000|  0%| F|  |TAMS 0x000000074c800000, 0x000000074c800000| Untracked 
| 613|0x000000074ca00000, 0x000000074ca00000, 0x000000074cc00000|  0%| F|  |TAMS 0x000000074ca00000, 0x000000074ca00000| Untracked 
| 614|0x000000074cc00000, 0x000000074cc00000, 0x000000074ce00000|  0%| F|  |TAMS 0x000000074cc00000, 0x000000074cc00000| Untracked 
| 615|0x000000074ce00000, 0x000000074ce00000, 0x000000074d000000|  0%| F|  |TAMS 0x000000074ce00000, 0x000000074ce00000| Untracked 
| 616|0x000000074d000000, 0x000000074d000000, 0x000000074d200000|  0%| F|  |TAMS 0x000000074d000000, 0x000000074d000000| Untracked 
| 617|0x000000074d200000, 0x000000074d200000, 0x000000074d400000|  0%| F|  |TAMS 0x000000074d200000, 0x000000074d200000| Untracked 
| 618|0x000000074d400000, 0x000000074d400000, 0x000000074d600000|  0%| F|  |TAMS 0x000000074d400000, 0x000000074d400000| Untracked 
| 619|0x000000074d600000, 0x000000074d600000, 0x000000074d800000|  0%| F|  |TAMS 0x000000074d600000, 0x000000074d600000| Untracked 
| 620|0x000000074d800000, 0x000000074d800000, 0x000000074da00000|  0%| F|  |TAMS 0x000000074d800000, 0x000000074d800000| Untracked 
| 621|0x000000074da00000, 0x000000074da00000, 0x000000074dc00000|  0%| F|  |TAMS 0x000000074da00000, 0x000000074da00000| Untracked 
| 622|0x000000074dc00000, 0x000000074dc00000, 0x000000074de00000|  0%| F|  |TAMS 0x000000074dc00000, 0x000000074dc00000| Untracked 
| 623|0x000000074de00000, 0x000000074de00000, 0x000000074e000000|  0%| F|  |TAMS 0x000000074de00000, 0x000000074de00000| Untracked 
| 624|0x000000074e000000, 0x000000074e000000, 0x000000074e200000|  0%| F|  |TAMS 0x000000074e000000, 0x000000074e000000| Untracked 
| 625|0x000000074e200000, 0x000000074e200000, 0x000000074e400000|  0%| F|  |TAMS 0x000000074e200000, 0x000000074e200000| Untracked 
| 626|0x000000074e400000, 0x000000074e400000, 0x000000074e600000|  0%| F|  |TAMS 0x000000074e400000, 0x000000074e400000| Untracked 
| 627|0x000000074e600000, 0x000000074e600000, 0x000000074e800000|  0%| F|  |TAMS 0x000000074e600000, 0x000000074e600000| Untracked 
| 628|0x000000074e800000, 0x000000074e800000, 0x000000074ea00000|  0%| F|  |TAMS 0x000000074e800000, 0x000000074e800000| Untracked 
| 629|0x000000074ea00000, 0x000000074ea00000, 0x000000074ec00000|  0%| F|  |TAMS 0x000000074ea00000, 0x000000074ea00000| Untracked 
| 630|0x000000074ec00000, 0x000000074ec00000, 0x000000074ee00000|  0%| F|  |TAMS 0x000000074ec00000, 0x000000074ec00000| Untracked 
| 631|0x000000074ee00000, 0x000000074ee00000, 0x000000074f000000|  0%| F|  |TAMS 0x000000074ee00000, 0x000000074ee00000| Untracked 
| 632|0x000000074f000000, 0x000000074f000000, 0x000000074f200000|  0%| F|  |TAMS 0x000000074f000000, 0x000000074f000000| Untracked 
| 633|0x000000074f200000, 0x000000074f200000, 0x000000074f400000|  0%| F|  |TAMS 0x000000074f200000, 0x000000074f200000| Untracked 
| 634|0x000000074f400000, 0x000000074f400000, 0x000000074f600000|  0%| F|  |TAMS 0x000000074f400000, 0x000000074f400000| Untracked 
| 635|0x000000074f600000, 0x000000074f600000, 0x000000074f800000|  0%| F|  |TAMS 0x000000074f600000, 0x000000074f600000| Untracked 
| 636|0x000000074f800000, 0x000000074f800000, 0x000000074fa00000|  0%| F|  |TAMS 0x000000074f800000, 0x000000074f800000| Untracked 
| 637|0x000000074fa00000, 0x000000074fa00000, 0x000000074fc00000|  0%| F|  |TAMS 0x000000074fa00000, 0x000000074fa00000| Untracked 
| 638|0x000000074fc00000, 0x000000074fc00000, 0x000000074fe00000|  0%| F|  |TAMS 0x000000074fc00000, 0x000000074fc00000| Untracked 
| 639|0x000000074fe00000, 0x000000074fe00000, 0x0000000750000000|  0%| F|  |TAMS 0x000000074fe00000, 0x000000074fe00000| Untracked 
| 640|0x0000000750000000, 0x0000000750000000, 0x0000000750200000|  0%| F|  |TAMS 0x0000000750000000, 0x0000000750000000| Untracked 
| 641|0x0000000750200000, 0x0000000750200000, 0x0000000750400000|  0%| F|  |TAMS 0x0000000750200000, 0x0000000750200000| Untracked 
| 642|0x0000000750400000, 0x0000000750400000, 0x0000000750600000|  0%| F|  |TAMS 0x0000000750400000, 0x0000000750400000| Untracked 
| 643|0x0000000750600000, 0x0000000750600000, 0x0000000750800000|  0%| F|  |TAMS 0x0000000750600000, 0x0000000750600000| Untracked 
| 644|0x0000000750800000, 0x0000000750800000, 0x0000000750a00000|  0%| F|  |TAMS 0x0000000750800000, 0x0000000750800000| Untracked 
| 645|0x0000000750a00000, 0x0000000750a00000, 0x0000000750c00000|  0%| F|  |TAMS 0x0000000750a00000, 0x0000000750a00000| Untracked 
| 646|0x0000000750c00000, 0x0000000750c00000, 0x0000000750e00000|  0%| F|  |TAMS 0x0000000750c00000, 0x0000000750c00000| Untracked 
| 647|0x0000000750e00000, 0x0000000750e00000, 0x0000000751000000|  0%| F|  |TAMS 0x0000000750e00000, 0x0000000750e00000| Untracked 
| 648|0x0000000751000000, 0x0000000751000000, 0x0000000751200000|  0%| F|  |TAMS 0x0000000751000000, 0x0000000751000000| Untracked 
| 649|0x0000000751200000, 0x0000000751200000, 0x0000000751400000|  0%| F|  |TAMS 0x0000000751200000, 0x0000000751200000| Untracked 
| 650|0x0000000751400000, 0x0000000751400000, 0x0000000751600000|  0%| F|  |TAMS 0x0000000751400000, 0x0000000751400000| Untracked 
| 651|0x0000000751600000, 0x0000000751600000, 0x0000000751800000|  0%| F|  |TAMS 0x0000000751600000, 0x0000000751600000| Untracked 
| 652|0x0000000751800000, 0x0000000751800000, 0x0000000751a00000|  0%| F|  |TAMS 0x0000000751800000, 0x0000000751800000| Untracked 
| 653|0x0000000751a00000, 0x0000000751a00000, 0x0000000751c00000|  0%| F|  |TAMS 0x0000000751a00000, 0x0000000751a00000| Untracked 
| 654|0x0000000751c00000, 0x0000000751c00000, 0x0000000751e00000|  0%| F|  |TAMS 0x0000000751c00000, 0x0000000751c00000| Untracked 
| 655|0x0000000751e00000, 0x0000000751e00000, 0x0000000752000000|  0%| F|  |TAMS 0x0000000751e00000, 0x0000000751e00000| Untracked 
| 656|0x0000000752000000, 0x0000000752000000, 0x0000000752200000|  0%| F|  |TAMS 0x0000000752000000, 0x0000000752000000| Untracked 
| 657|0x0000000752200000, 0x0000000752200000, 0x0000000752400000|  0%| F|  |TAMS 0x0000000752200000, 0x0000000752200000| Untracked 
| 658|0x0000000752400000, 0x0000000752400000, 0x0000000752600000|  0%| F|  |TAMS 0x0000000752400000, 0x0000000752400000| Untracked 
| 659|0x0000000752600000, 0x0000000752600000, 0x0000000752800000|  0%| F|  |TAMS 0x0000000752600000, 0x0000000752600000| Untracked 
| 660|0x0000000752800000, 0x0000000752800000, 0x0000000752a00000|  0%| F|  |TAMS 0x0000000752800000, 0x0000000752800000| Untracked 
| 661|0x0000000752a00000, 0x0000000752a00000, 0x0000000752c00000|  0%| F|  |TAMS 0x0000000752a00000, 0x0000000752a00000| Untracked 
| 662|0x0000000752c00000, 0x0000000752c00000, 0x0000000752e00000|  0%| F|  |TAMS 0x0000000752c00000, 0x0000000752c00000| Untracked 
| 663|0x0000000752e00000, 0x0000000752e00000, 0x0000000753000000|  0%| F|  |TAMS 0x0000000752e00000, 0x0000000752e00000| Untracked 
| 664|0x0000000753000000, 0x0000000753000000, 0x0000000753200000|  0%| F|  |TAMS 0x0000000753000000, 0x0000000753000000| Untracked 
| 665|0x0000000753200000, 0x0000000753200000, 0x0000000753400000|  0%| F|  |TAMS 0x0000000753200000, 0x0000000753200000| Untracked 
| 666|0x0000000753400000, 0x0000000753400000, 0x0000000753600000|  0%| F|  |TAMS 0x0000000753400000, 0x0000000753400000| Untracked 
| 667|0x0000000753600000, 0x0000000753600000, 0x0000000753800000|  0%| F|  |TAMS 0x0000000753600000, 0x0000000753600000| Untracked 
| 668|0x0000000753800000, 0x0000000753800000, 0x0000000753a00000|  0%| F|  |TAMS 0x0000000753800000, 0x0000000753800000| Untracked 
| 669|0x0000000753a00000, 0x0000000753a00000, 0x0000000753c00000|  0%| F|  |TAMS 0x0000000753a00000, 0x0000000753a00000| Untracked 
| 670|0x0000000753c00000, 0x0000000753c00000, 0x0000000753e00000|  0%| F|  |TAMS 0x0000000753c00000, 0x0000000753c00000| Untracked 
| 671|0x0000000753e00000, 0x0000000753e00000, 0x0000000754000000|  0%| F|  |TAMS 0x0000000753e00000, 0x0000000753e00000| Untracked 
| 672|0x0000000754000000, 0x0000000754000000, 0x0000000754200000|  0%| F|  |TAMS 0x0000000754000000, 0x0000000754000000| Untracked 
| 673|0x0000000754200000, 0x0000000754200000, 0x0000000754400000|  0%| F|  |TAMS 0x0000000754200000, 0x0000000754200000| Untracked 
| 674|0x0000000754400000, 0x0000000754500000, 0x0000000754600000| 50%| S|CS|TAMS 0x0000000754400000, 0x0000000754400000| Complete 
| 675|0x0000000754600000, 0x0000000754800000, 0x0000000754800000|100%| S|CS|TAMS 0x0000000754600000, 0x0000000754600000| Complete 
| 676|0x0000000754800000, 0x0000000754a00000, 0x0000000754a00000|100%| S|CS|TAMS 0x0000000754800000, 0x0000000754800000| Complete 
| 677|0x0000000754a00000, 0x0000000754c00000, 0x0000000754c00000|100%| S|CS|TAMS 0x0000000754a00000, 0x0000000754a00000| Complete 
| 678|0x0000000754c00000, 0x0000000754e00000, 0x0000000754e00000|100%| S|CS|TAMS 0x0000000754c00000, 0x0000000754c00000| Complete 
| 679|0x0000000754e00000, 0x0000000755000000, 0x0000000755000000|100%| S|CS|TAMS 0x0000000754e00000, 0x0000000754e00000| Complete 
| 680|0x0000000755000000, 0x0000000755200000, 0x0000000755200000|100%| S|CS|TAMS 0x0000000755000000, 0x0000000755000000| Complete 
| 681|0x0000000755200000, 0x0000000755400000, 0x0000000755400000|100%| S|CS|TAMS 0x0000000755200000, 0x0000000755200000| Complete 
| 682|0x0000000755400000, 0x0000000755600000, 0x0000000755600000|100%| S|CS|TAMS 0x0000000755400000, 0x0000000755400000| Complete 
| 683|0x0000000755600000, 0x0000000755800000, 0x0000000755800000|100%| S|CS|TAMS 0x0000000755600000, 0x0000000755600000| Complete 
| 684|0x0000000755800000, 0x0000000755a00000, 0x0000000755a00000|100%| S|CS|TAMS 0x0000000755800000, 0x0000000755800000| Complete 
| 685|0x0000000755a00000, 0x0000000755c00000, 0x0000000755c00000|100%| S|CS|TAMS 0x0000000755a00000, 0x0000000755a00000| Complete 
| 686|0x0000000755c00000, 0x0000000755e00000, 0x0000000755e00000|100%| S|CS|TAMS 0x0000000755c00000, 0x0000000755c00000| Complete 
| 687|0x0000000755e00000, 0x0000000756000000, 0x0000000756000000|100%| S|CS|TAMS 0x0000000755e00000, 0x0000000755e00000| Complete 
| 688|0x0000000756000000, 0x0000000756000000, 0x0000000756200000|  0%| F|  |TAMS 0x0000000756000000, 0x0000000756000000| Untracked 
| 689|0x0000000756200000, 0x0000000756200000, 0x0000000756400000|  0%| F|  |TAMS 0x0000000756200000, 0x0000000756200000| Untracked 
| 690|0x0000000756400000, 0x0000000756400000, 0x0000000756600000|  0%| F|  |TAMS 0x0000000756400000, 0x0000000756400000| Untracked 
| 691|0x0000000756600000, 0x0000000756600000, 0x0000000756800000|  0%| F|  |TAMS 0x0000000756600000, 0x0000000756600000| Untracked 
| 692|0x0000000756800000, 0x0000000756800000, 0x0000000756a00000|  0%| F|  |TAMS 0x0000000756800000, 0x0000000756800000| Untracked 
| 693|0x0000000756a00000, 0x0000000756a00000, 0x0000000756c00000|  0%| F|  |TAMS 0x0000000756a00000, 0x0000000756a00000| Untracked 
| 694|0x0000000756c00000, 0x0000000756c00000, 0x0000000756e00000|  0%| F|  |TAMS 0x0000000756c00000, 0x0000000756c00000| Untracked 
| 695|0x0000000756e00000, 0x0000000756e00000, 0x0000000757000000|  0%| F|  |TAMS 0x0000000756e00000, 0x0000000756e00000| Untracked 
| 696|0x0000000757000000, 0x0000000757000000, 0x0000000757200000|  0%| F|  |TAMS 0x0000000757000000, 0x0000000757000000| Untracked 
| 697|0x0000000757200000, 0x0000000757200000, 0x0000000757400000|  0%| F|  |TAMS 0x0000000757200000, 0x0000000757200000| Untracked 
| 698|0x0000000757400000, 0x0000000757400000, 0x0000000757600000|  0%| F|  |TAMS 0x0000000757400000, 0x0000000757400000| Untracked 
| 699|0x0000000757600000, 0x0000000757600000, 0x0000000757800000|  0%| F|  |TAMS 0x0000000757600000, 0x0000000757600000| Untracked 
| 700|0x0000000757800000, 0x0000000757800000, 0x0000000757a00000|  0%| F|  |TAMS 0x0000000757800000, 0x0000000757800000| Untracked 
| 701|0x0000000757a00000, 0x0000000757a00000, 0x0000000757c00000|  0%| F|  |TAMS 0x0000000757a00000, 0x0000000757a00000| Untracked 
| 702|0x0000000757c00000, 0x0000000757c00000, 0x0000000757e00000|  0%| F|  |TAMS 0x0000000757c00000, 0x0000000757c00000| Untracked 
| 703|0x0000000757e00000, 0x0000000757e00000, 0x0000000758000000|  0%| F|  |TAMS 0x0000000757e00000, 0x0000000757e00000| Untracked 
| 704|0x0000000758000000, 0x0000000758000000, 0x0000000758200000|  0%| F|  |TAMS 0x0000000758000000, 0x0000000758000000| Untracked 
| 705|0x0000000758200000, 0x0000000758200000, 0x0000000758400000|  0%| F|  |TAMS 0x0000000758200000, 0x0000000758200000| Untracked 
| 706|0x0000000758400000, 0x0000000758400000, 0x0000000758600000|  0%| F|  |TAMS 0x0000000758400000, 0x0000000758400000| Untracked 
| 707|0x0000000758600000, 0x0000000758600000, 0x0000000758800000|  0%| F|  |TAMS 0x0000000758600000, 0x0000000758600000| Untracked 
| 708|0x0000000758800000, 0x0000000758800000, 0x0000000758a00000|  0%| F|  |TAMS 0x0000000758800000, 0x0000000758800000| Untracked 
| 709|0x0000000758a00000, 0x0000000758a00000, 0x0000000758c00000|  0%| F|  |TAMS 0x0000000758a00000, 0x0000000758a00000| Untracked 
| 710|0x0000000758c00000, 0x0000000758c00000, 0x0000000758e00000|  0%| F|  |TAMS 0x0000000758c00000, 0x0000000758c00000| Untracked 
| 711|0x0000000758e00000, 0x0000000758e00000, 0x0000000759000000|  0%| F|  |TAMS 0x0000000758e00000, 0x0000000758e00000| Untracked 
| 712|0x0000000759000000, 0x0000000759000000, 0x0000000759200000|  0%| F|  |TAMS 0x0000000759000000, 0x0000000759000000| Untracked 
| 713|0x0000000759200000, 0x0000000759200000, 0x0000000759400000|  0%| F|  |TAMS 0x0000000759200000, 0x0000000759200000| Untracked 
| 714|0x0000000759400000, 0x0000000759400000, 0x0000000759600000|  0%| F|  |TAMS 0x0000000759400000, 0x0000000759400000| Untracked 
| 715|0x0000000759600000, 0x0000000759600000, 0x0000000759800000|  0%| F|  |TAMS 0x0000000759600000, 0x0000000759600000| Untracked 
| 716|0x0000000759800000, 0x0000000759800000, 0x0000000759a00000|  0%| F|  |TAMS 0x0000000759800000, 0x0000000759800000| Untracked 
| 717|0x0000000759a00000, 0x0000000759a00000, 0x0000000759c00000|  0%| F|  |TAMS 0x0000000759a00000, 0x0000000759a00000| Untracked 
| 718|0x0000000759c00000, 0x0000000759c00000, 0x0000000759e00000|  0%| F|  |TAMS 0x0000000759c00000, 0x0000000759c00000| Untracked 
| 719|0x0000000759e00000, 0x0000000759e00000, 0x000000075a000000|  0%| F|  |TAMS 0x0000000759e00000, 0x0000000759e00000| Untracked 
| 720|0x000000075a000000, 0x000000075a000000, 0x000000075a200000|  0%| F|  |TAMS 0x000000075a000000, 0x000000075a000000| Untracked 
| 721|0x000000075a200000, 0x000000075a200000, 0x000000075a400000|  0%| F|  |TAMS 0x000000075a200000, 0x000000075a200000| Untracked 
| 722|0x000000075a400000, 0x000000075a400000, 0x000000075a600000|  0%| F|  |TAMS 0x000000075a400000, 0x000000075a400000| Untracked 
| 723|0x000000075a600000, 0x000000075a600000, 0x000000075a800000|  0%| F|  |TAMS 0x000000075a600000, 0x000000075a600000| Untracked 
| 724|0x000000075a800000, 0x000000075a800000, 0x000000075aa00000|  0%| F|  |TAMS 0x000000075a800000, 0x000000075a800000| Untracked 
| 725|0x000000075aa00000, 0x000000075aa00000, 0x000000075ac00000|  0%| F|  |TAMS 0x000000075aa00000, 0x000000075aa00000| Untracked 
| 726|0x000000075ac00000, 0x000000075ac00000, 0x000000075ae00000|  0%| F|  |TAMS 0x000000075ac00000, 0x000000075ac00000| Untracked 
| 727|0x000000075ae00000, 0x000000075ae00000, 0x000000075b000000|  0%| F|  |TAMS 0x000000075ae00000, 0x000000075ae00000| Untracked 
| 728|0x000000075b000000, 0x000000075b000000, 0x000000075b200000|  0%| F|  |TAMS 0x000000075b000000, 0x000000075b000000| Untracked 
| 729|0x000000075b200000, 0x000000075b200000, 0x000000075b400000|  0%| F|  |TAMS 0x000000075b200000, 0x000000075b200000| Untracked 
| 730|0x000000075b400000, 0x000000075b400000, 0x000000075b600000|  0%| F|  |TAMS 0x000000075b400000, 0x000000075b400000| Untracked 
| 731|0x000000075b600000, 0x000000075b600000, 0x000000075b800000|  0%| F|  |TAMS 0x000000075b600000, 0x000000075b600000| Untracked 
| 732|0x000000075b800000, 0x000000075b800000, 0x000000075ba00000|  0%| F|  |TAMS 0x000000075b800000, 0x000000075b800000| Untracked 
| 733|0x000000075ba00000, 0x000000075ba00000, 0x000000075bc00000|  0%| F|  |TAMS 0x000000075ba00000, 0x000000075ba00000| Untracked 
| 734|0x000000075bc00000, 0x000000075bc00000, 0x000000075be00000|  0%| F|  |TAMS 0x000000075bc00000, 0x000000075bc00000| Untracked 
| 735|0x000000075be00000, 0x000000075be00000, 0x000000075c000000|  0%| F|  |TAMS 0x000000075be00000, 0x000000075be00000| Untracked 
| 736|0x000000075c000000, 0x000000075c000000, 0x000000075c200000|  0%| F|  |TAMS 0x000000075c000000, 0x000000075c000000| Untracked 
| 737|0x000000075c200000, 0x000000075c200000, 0x000000075c400000|  0%| F|  |TAMS 0x000000075c200000, 0x000000075c200000| Untracked 
| 738|0x000000075c400000, 0x000000075c400000, 0x000000075c600000|  0%| F|  |TAMS 0x000000075c400000, 0x000000075c400000| Untracked 
| 739|0x000000075c600000, 0x000000075c600000, 0x000000075c800000|  0%| F|  |TAMS 0x000000075c600000, 0x000000075c600000| Untracked 
| 740|0x000000075c800000, 0x000000075c800000, 0x000000075ca00000|  0%| F|  |TAMS 0x000000075c800000, 0x000000075c800000| Untracked 
| 741|0x000000075ca00000, 0x000000075ca00000, 0x000000075cc00000|  0%| F|  |TAMS 0x000000075ca00000, 0x000000075ca00000| Untracked 
| 742|0x000000075cc00000, 0x000000075cc00000, 0x000000075ce00000|  0%| F|  |TAMS 0x000000075cc00000, 0x000000075cc00000| Untracked 
| 743|0x000000075ce00000, 0x000000075ce00000, 0x000000075d000000|  0%| F|  |TAMS 0x000000075ce00000, 0x000000075ce00000| Untracked 
| 744|0x000000075d000000, 0x000000075d000000, 0x000000075d200000|  0%| F|  |TAMS 0x000000075d000000, 0x000000075d000000| Untracked 
| 745|0x000000075d200000, 0x000000075d200000, 0x000000075d400000|  0%| F|  |TAMS 0x000000075d200000, 0x000000075d200000| Untracked 
| 746|0x000000075d400000, 0x000000075d400000, 0x000000075d600000|  0%| F|  |TAMS 0x000000075d400000, 0x000000075d400000| Untracked 
| 747|0x000000075d600000, 0x000000075d600000, 0x000000075d800000|  0%| F|  |TAMS 0x000000075d600000, 0x000000075d600000| Untracked 
| 748|0x000000075d800000, 0x000000075d800000, 0x000000075da00000|  0%| F|  |TAMS 0x000000075d800000, 0x000000075d800000| Untracked 
| 749|0x000000075da00000, 0x000000075da00000, 0x000000075dc00000|  0%| F|  |TAMS 0x000000075da00000, 0x000000075da00000| Untracked 
| 750|0x000000075dc00000, 0x000000075dc00000, 0x000000075de00000|  0%| F|  |TAMS 0x000000075dc00000, 0x000000075dc00000| Untracked 
| 751|0x000000075de00000, 0x000000075de00000, 0x000000075e000000|  0%| F|  |TAMS 0x000000075de00000, 0x000000075de00000| Untracked 
| 752|0x000000075e000000, 0x000000075e000000, 0x000000075e200000|  0%| F|  |TAMS 0x000000075e000000, 0x000000075e000000| Untracked 
| 753|0x000000075e200000, 0x000000075e200000, 0x000000075e400000|  0%| F|  |TAMS 0x000000075e200000, 0x000000075e200000| Untracked 
| 754|0x000000075e400000, 0x000000075e400000, 0x000000075e600000|  0%| F|  |TAMS 0x000000075e400000, 0x000000075e400000| Untracked 
| 755|0x000000075e600000, 0x000000075e600000, 0x000000075e800000|  0%| F|  |TAMS 0x000000075e600000, 0x000000075e600000| Untracked 
| 756|0x000000075e800000, 0x000000075e800000, 0x000000075ea00000|  0%| F|  |TAMS 0x000000075e800000, 0x000000075e800000| Untracked 
| 757|0x000000075ea00000, 0x000000075ea00000, 0x000000075ec00000|  0%| F|  |TAMS 0x000000075ea00000, 0x000000075ea00000| Untracked 
| 758|0x000000075ec00000, 0x000000075ec00000, 0x000000075ee00000|  0%| F|  |TAMS 0x000000075ec00000, 0x000000075ec00000| Untracked 
| 759|0x000000075ee00000, 0x000000075ee00000, 0x000000075f000000|  0%| F|  |TAMS 0x000000075ee00000, 0x000000075ee00000| Untracked 
| 760|0x000000075f000000, 0x000000075f000000, 0x000000075f200000|  0%| F|  |TAMS 0x000000075f000000, 0x000000075f000000| Untracked 
| 761|0x000000075f200000, 0x000000075f200000, 0x000000075f400000|  0%| F|  |TAMS 0x000000075f200000, 0x000000075f200000| Untracked 
| 762|0x000000075f400000, 0x000000075f400000, 0x000000075f600000|  0%| F|  |TAMS 0x000000075f400000, 0x000000075f400000| Untracked 
| 763|0x000000075f600000, 0x000000075f600000, 0x000000075f800000|  0%| F|  |TAMS 0x000000075f600000, 0x000000075f600000| Untracked 
| 764|0x000000075f800000, 0x000000075f800000, 0x000000075fa00000|  0%| F|  |TAMS 0x000000075f800000, 0x000000075f800000| Untracked 
| 765|0x000000075fa00000, 0x000000075fa00000, 0x000000075fc00000|  0%| F|  |TAMS 0x000000075fa00000, 0x000000075fa00000| Untracked 
| 766|0x000000075fc00000, 0x000000075fc00000, 0x000000075fe00000|  0%| F|  |TAMS 0x000000075fc00000, 0x000000075fc00000| Untracked 
| 767|0x000000075fe00000, 0x000000075fe00000, 0x0000000760000000|  0%| F|  |TAMS 0x000000075fe00000, 0x000000075fe00000| Untracked 
| 768|0x0000000760000000, 0x0000000760000000, 0x0000000760200000|  0%| F|  |TAMS 0x0000000760000000, 0x0000000760000000| Untracked 
| 769|0x0000000760200000, 0x0000000760200000, 0x0000000760400000|  0%| F|  |TAMS 0x0000000760200000, 0x0000000760200000| Untracked 
| 770|0x0000000760400000, 0x0000000760400000, 0x0000000760600000|  0%| F|  |TAMS 0x0000000760400000, 0x0000000760400000| Untracked 
| 771|0x0000000760600000, 0x0000000760600000, 0x0000000760800000|  0%| F|  |TAMS 0x0000000760600000, 0x0000000760600000| Untracked 
| 772|0x0000000760800000, 0x0000000760800000, 0x0000000760a00000|  0%| F|  |TAMS 0x0000000760800000, 0x0000000760800000| Untracked 
| 773|0x0000000760a00000, 0x0000000760a00000, 0x0000000760c00000|  0%| F|  |TAMS 0x0000000760a00000, 0x0000000760a00000| Untracked 
| 774|0x0000000760c00000, 0x0000000760c00000, 0x0000000760e00000|  0%| F|  |TAMS 0x0000000760c00000, 0x0000000760c00000| Untracked 
| 775|0x0000000760e00000, 0x0000000760e00000, 0x0000000761000000|  0%| F|  |TAMS 0x0000000760e00000, 0x0000000760e00000| Untracked 
| 776|0x0000000761000000, 0x0000000761000000, 0x0000000761200000|  0%| F|  |TAMS 0x0000000761000000, 0x0000000761000000| Untracked 
| 777|0x0000000761200000, 0x0000000761200000, 0x0000000761400000|  0%| F|  |TAMS 0x0000000761200000, 0x0000000761200000| Untracked 
| 778|0x0000000761400000, 0x0000000761400000, 0x0000000761600000|  0%| F|  |TAMS 0x0000000761400000, 0x0000000761400000| Untracked 
| 779|0x0000000761600000, 0x0000000761600000, 0x0000000761800000|  0%| F|  |TAMS 0x0000000761600000, 0x0000000761600000| Untracked 
| 780|0x0000000761800000, 0x0000000761800000, 0x0000000761a00000|  0%| F|  |TAMS 0x0000000761800000, 0x0000000761800000| Untracked 
| 781|0x0000000761a00000, 0x0000000761a00000, 0x0000000761c00000|  0%| F|  |TAMS 0x0000000761a00000, 0x0000000761a00000| Untracked 
| 782|0x0000000761c00000, 0x0000000761c00000, 0x0000000761e00000|  0%| F|  |TAMS 0x0000000761c00000, 0x0000000761c00000| Untracked 
| 783|0x0000000761e00000, 0x0000000761e00000, 0x0000000762000000|  0%| F|  |TAMS 0x0000000761e00000, 0x0000000761e00000| Untracked 
| 784|0x0000000762000000, 0x0000000762000000, 0x0000000762200000|  0%| F|  |TAMS 0x0000000762000000, 0x0000000762000000| Untracked 
| 785|0x0000000762200000, 0x0000000762200000, 0x0000000762400000|  0%| F|  |TAMS 0x0000000762200000, 0x0000000762200000| Untracked 
| 786|0x0000000762400000, 0x0000000762400000, 0x0000000762600000|  0%| F|  |TAMS 0x0000000762400000, 0x0000000762400000| Untracked 
| 787|0x0000000762600000, 0x0000000762600000, 0x0000000762800000|  0%| F|  |TAMS 0x0000000762600000, 0x0000000762600000| Untracked 
| 788|0x0000000762800000, 0x0000000762800000, 0x0000000762a00000|  0%| F|  |TAMS 0x0000000762800000, 0x0000000762800000| Untracked 
| 789|0x0000000762a00000, 0x0000000762a00000, 0x0000000762c00000|  0%| F|  |TAMS 0x0000000762a00000, 0x0000000762a00000| Untracked 
| 790|0x0000000762c00000, 0x0000000762c00000, 0x0000000762e00000|  0%| F|  |TAMS 0x0000000762c00000, 0x0000000762c00000| Untracked 
| 791|0x0000000762e00000, 0x0000000762e00000, 0x0000000763000000|  0%| F|  |TAMS 0x0000000762e00000, 0x0000000762e00000| Untracked 
| 792|0x0000000763000000, 0x0000000763000000, 0x0000000763200000|  0%| F|  |TAMS 0x0000000763000000, 0x0000000763000000| Untracked 
| 793|0x0000000763200000, 0x0000000763200000, 0x0000000763400000|  0%| F|  |TAMS 0x0000000763200000, 0x0000000763200000| Untracked 
| 794|0x0000000763400000, 0x0000000763400000, 0x0000000763600000|  0%| F|  |TAMS 0x0000000763400000, 0x0000000763400000| Untracked 
| 795|0x0000000763600000, 0x0000000763600000, 0x0000000763800000|  0%| F|  |TAMS 0x0000000763600000, 0x0000000763600000| Untracked 
| 796|0x0000000763800000, 0x0000000763800000, 0x0000000763a00000|  0%| F|  |TAMS 0x0000000763800000, 0x0000000763800000| Untracked 
| 797|0x0000000763a00000, 0x0000000763a00000, 0x0000000763c00000|  0%| F|  |TAMS 0x0000000763a00000, 0x0000000763a00000| Untracked 
| 798|0x0000000763c00000, 0x0000000763c00000, 0x0000000763e00000|  0%| F|  |TAMS 0x0000000763c00000, 0x0000000763c00000| Untracked 
| 799|0x0000000763e00000, 0x0000000763e00000, 0x0000000764000000|  0%| F|  |TAMS 0x0000000763e00000, 0x0000000763e00000| Untracked 
| 800|0x0000000764000000, 0x0000000764000000, 0x0000000764200000|  0%| F|  |TAMS 0x0000000764000000, 0x0000000764000000| Untracked 
| 801|0x0000000764200000, 0x0000000764200000, 0x0000000764400000|  0%| F|  |TAMS 0x0000000764200000, 0x0000000764200000| Untracked 
| 802|0x0000000764400000, 0x0000000764400000, 0x0000000764600000|  0%| F|  |TAMS 0x0000000764400000, 0x0000000764400000| Untracked 
| 803|0x0000000764600000, 0x0000000764600000, 0x0000000764800000|  0%| F|  |TAMS 0x0000000764600000, 0x0000000764600000| Untracked 
| 804|0x0000000764800000, 0x0000000764800000, 0x0000000764a00000|  0%| F|  |TAMS 0x0000000764800000, 0x0000000764800000| Untracked 
| 805|0x0000000764a00000, 0x0000000764a00000, 0x0000000764c00000|  0%| F|  |TAMS 0x0000000764a00000, 0x0000000764a00000| Untracked 
| 806|0x0000000764c00000, 0x0000000764c00000, 0x0000000764e00000|  0%| F|  |TAMS 0x0000000764c00000, 0x0000000764c00000| Untracked 
| 807|0x0000000764e00000, 0x0000000764e00000, 0x0000000765000000|  0%| F|  |TAMS 0x0000000764e00000, 0x0000000764e00000| Untracked 
| 808|0x0000000765000000, 0x0000000765000000, 0x0000000765200000|  0%| F|  |TAMS 0x0000000765000000, 0x0000000765000000| Untracked 
| 809|0x0000000765200000, 0x0000000765200000, 0x0000000765400000|  0%| F|  |TAMS 0x0000000765200000, 0x0000000765200000| Untracked 

Card table byte_map: [0x000001ff32710000,0x000001ff32f10000] _byte_map_base: 0x000001ff2ef10000

Marking Bits (Prev, Next): (CMBitMap*) 0x000001ff1f76ec60, (CMBitMap*) 0x000001ff1f76ec20
 Prev Bits: [0x000001ff37710000, 0x000001ff3b710000)
 Next Bits: [0x000001ff33710000, 0x000001ff37710000)

Polling page: 0x000001ff1eed0000

Metaspace:

Usage:
  Non-class:    196.56 MB used.
      Class:     28.27 MB used.
       Both:    224.82 MB used.

Virtual space:
  Non-class space:      200.00 MB reserved,     197.75 MB ( 99%) committed,  25 nodes.
      Class space:        1.00 GB reserved,      29.38 MB (  3%) committed,  1 nodes.
             Both:        1.20 GB reserved,     227.12 MB ( 19%) committed. 

Chunk freelists:
   Non-Class:  2.03 MB
       Class:  2.66 MB
        Both:  4.69 MB

MaxMetaspaceSize: unlimited
CompressedClassSpaceSize: 1.00 GB
Initial GC threshold: 21.00 MB
Current GC threshold: 243.38 MB
CDS: off
MetaspaceReclaimPolicy: balanced
 - commit_granule_bytes: 65536.
 - commit_granule_words: 8192.
 - virtual_space_node_default_size: 1048576.
 - enlarge_chunks_in_place: 1.
 - new_chunks_are_fully_committed: 0.
 - uncommit_free_chunks: 1.
 - use_allocation_guard: 0.
 - handle_deallocations: 1.


Internal statistics:

num_allocs_failed_limit: 15.
num_arena_births: 3906.
num_arena_deaths: 252.
num_vsnodes_births: 26.
num_vsnodes_deaths: 0.
num_space_committed: 3633.
num_space_uncommitted: 0.
num_chunks_returned_to_freelist: 364.
num_chunks_taken_from_freelist: 13940.
num_chunk_merges: 134.
num_chunk_splits: 8859.
num_chunks_enlarged: 5420.
num_purges: 2.
num_inconsistent_stats: 0.

CodeHeap 'non-profiled nmethods': size=120000Kb used=40500Kb max_used=40500Kb free=79499Kb
 bounds [0x000001ff2a6a0000, 0x000001ff2ce30000, 0x000001ff31bd0000]
CodeHeap 'profiled nmethods': size=120000Kb used=80316Kb max_used=80539Kb free=39683Kb
 bounds [0x000001ff22bd0000, 0x000001ff27a80000, 0x000001ff2a100000]
CodeHeap 'non-nmethods': size=5760Kb used=2637Kb max_used=2719Kb free=3122Kb
 bounds [0x000001ff2a100000, 0x000001ff2a3c0000, 0x000001ff2a6a0000]
 total_blobs=39692 nmethods=38487 adapters=1112
 compilation: enabled
              stopped_count=0, restarted_count=0
 full_count=0

Compilation events (20 events):
Event: 246.829 Thread 0x000001ff3ecc3480 nmethod 51253 0x000001ff2ce2bf90 code [0x000001ff2ce2c140, 0x000001ff2ce2c398]
Event: 246.829 Thread 0x000001ff3ecc3480 51254       4       com.sun.tools.javac.code.Type$WildcardType::accept (9 bytes)
Event: 246.829 Thread 0x000001ff3ecc3480 nmethod 51254 0x000001ff2ce2c690 code [0x000001ff2ce2c800, 0x000001ff2ce2c898]
Event: 246.929 Thread 0x000001ff3ecc3480 51255       4       com.sun.tools.javac.comp.Attr$TypeAnnotationsValidator::visitBlock (16 bytes)
Event: 246.930 Thread 0x000001ff3ecc3480 nmethod 51255 0x000001ff2ce2c990 code [0x000001ff2ce2cb20, 0x000001ff2ce2cc78]
Event: 246.958 Thread 0x000001ff3ecc3f20 51256       3       com.google.gson.internal.$Gson$Types::checkNotPrimitive (26 bytes)
Event: 246.959 Thread 0x000001ff3ecc3f20 nmethod 51256 0x000001ff277dcf90 code [0x000001ff277dd160, 0x000001ff277dd668]
Event: 246.959 Thread 0x000001ff3ecc3f20 51257       3       com.google.gson.internal.$Gson$Types::declaringClassOf (23 bytes)
Event: 246.959 Thread 0x000001ff3ecc3480 51260       4       com.google.gson.stream.JsonReader::peek (144 bytes)
Event: 246.959 Thread 0x000001ff3ecc3f20 nmethod 51257 0x000001ff277dc890 code [0x000001ff277dca60, 0x000001ff277dce88]
Event: 246.959 Thread 0x000001ff3ecc3f20 51261   !   3       java.io.BufferedReader::read (112 bytes)
Event: 246.960 Thread 0x000001ff3ecc3f20 nmethod 51261 0x000001ff27357410 code [0x000001ff27357660, 0x000001ff27357fc8]
Event: 246.960 Thread 0x000001ff3ecc3f20 51258       3       com.google.gson.internal.$Gson$Types::resolve (14 bytes)
Event: 246.960 Thread 0x000001ff3ecc3f20 nmethod 51258 0x000001ff27356e90 code [0x000001ff27357040, 0x000001ff273572e8]
Event: 246.960 Thread 0x000001ff3ecc3f20 51259       3       com.google.gson.internal.Excluder::excludeField (226 bytes)
Event: 246.960 Thread 0x000001ff3ecc3480 nmethod 51260 0x000001ff2ce2ce10 code [0x000001ff2ce2cfa0, 0x000001ff2ce2d128]
Event: 246.960 Thread 0x000001ff3ecc3480 51262   !   4       com.google.gson.internal.bind.ReflectiveTypeAdapterFactory$Adapter::read (116 bytes)
Event: 246.961 Thread 0x000001ff3ecc3f20 nmethod 51259 0x000001ff27353190 code [0x000001ff27353700, 0x000001ff27356388]
Event: 246.961 Thread 0x000001ff3ecc3f20 51263       3       android.databinding.tool.store.SetterStore$AccessorKey::hashCode (22 bytes)
Event: 246.961 Thread 0x000001ff3ecc3f20 nmethod 51263 0x000001ff2751b490 code [0x000001ff2751b660, 0x000001ff2751bbc8]

GC Heap History (20 events):
Event: 229.655 GC heap after
{Heap after GC invocations=80 (full 0):
 garbage-first heap   total 1658880K, used 662149K [0x0000000700000000, 0x0000000800000000)
  region size 2048K, 41 young (83968K), 41 survivors (83968K)
 Metaspace       used 205780K, committed 208064K, reserved 1236992K
  class space    used 25996K, committed 27072K, reserved 1048576K
}
Event: 233.490 GC heap before
{Heap before GC invocations=80 (full 0):
 garbage-first heap   total 1658880K, used 1356421K [0x0000000700000000, 0x0000000800000000)
  region size 2048K, 377 young (772096K), 41 survivors (83968K)
 Metaspace       used 206619K, committed 208896K, reserved 1236992K
  class space    used 26087K, committed 27136K, reserved 1048576K
}
Event: 233.573 GC heap after
{Heap after GC invocations=81 (full 0):
 garbage-first heap   total 1658880K, used 736541K [0x0000000700000000, 0x0000000800000000)
  region size 2048K, 48 young (98304K), 48 survivors (98304K)
 Metaspace       used 206619K, committed 208896K, reserved 1236992K
  class space    used 26087K, committed 27136K, reserved 1048576K
}
Event: 236.795 GC heap before
{Heap before GC invocations=81 (full 0):
 garbage-first heap   total 1658880K, used 1320221K [0x0000000700000000, 0x0000000800000000)
  region size 2048K, 333 young (681984K), 48 survivors (98304K)
 Metaspace       used 220227K, committed 222464K, reserved 1245184K
  class space    used 27648K, committed 28736K, reserved 1048576K
}
Event: 236.877 GC heap after
{Heap after GC invocations=82 (full 0):
 garbage-first heap   total 1658880K, used 812032K [0x0000000700000000, 0x0000000800000000)
  region size 2048K, 35 young (71680K), 35 survivors (71680K)
 Metaspace       used 220227K, committed 222464K, reserved 1245184K
  class space    used 27648K, committed 28736K, reserved 1048576K
}
Event: 239.543 GC heap before
{Heap before GC invocations=82 (full 0):
 garbage-first heap   total 1658880K, used 1317888K [0x0000000700000000, 0x0000000800000000)
  region size 2048K, 282 young (577536K), 35 survivors (71680K)
 Metaspace       used 225540K, committed 227840K, reserved 1253376K
  class space    used 28338K, committed 29440K, reserved 1048576K
}
Event: 239.597 GC heap after
{Heap after GC invocations=83 (full 0):
 garbage-first heap   total 1658880K, used 836608K [0x0000000700000000, 0x0000000800000000)
  region size 2048K, 13 young (26624K), 13 survivors (26624K)
 Metaspace       used 225540K, committed 227840K, reserved 1253376K
  class space    used 28338K, committed 29440K, reserved 1048576K
}
Event: 241.421 GC heap before
{Heap before GC invocations=83 (full 0):
 garbage-first heap   total 1658880K, used 1342464K [0x0000000700000000, 0x0000000800000000)
  region size 2048K, 260 young (532480K), 13 survivors (26624K)
 Metaspace       used 229735K, committed 232064K, reserved 1253376K
  class space    used 28901K, committed 30016K, reserved 1048576K
}
Event: 241.449 GC heap after
{Heap after GC invocations=84 (full 0):
 garbage-first heap   total 1658880K, used 842752K [0x0000000700000000, 0x0000000800000000)
  region size 2048K, 16 young (32768K), 16 survivors (32768K)
 Metaspace       used 229735K, committed 232064K, reserved 1253376K
  class space    used 28901K, committed 30016K, reserved 1048576K
}
Event: 242.913 GC heap before
{Heap before GC invocations=84 (full 0):
 garbage-first heap   total 1658880K, used 1364992K [0x0000000700000000, 0x0000000800000000)
  region size 2048K, 271 young (555008K), 16 survivors (32768K)
 Metaspace       used 229886K, committed 232192K, reserved 1253376K
  class space    used 28917K, committed 30016K, reserved 1048576K
}
Event: 243.003 GC heap after
{Heap after GC invocations=85 (full 0):
 garbage-first heap   total 1658880K, used 907704K [0x0000000700000000, 0x0000000800000000)
  region size 2048K, 34 young (69632K), 34 survivors (69632K)
 Metaspace       used 229886K, committed 232192K, reserved 1253376K
  class space    used 28917K, committed 30016K, reserved 1048576K
}
Event: 244.058 GC heap before
{Heap before GC invocations=85 (full 0):
 garbage-first heap   total 1658880K, used 1348024K [0x0000000700000000, 0x0000000800000000)
  region size 2048K, 249 young (509952K), 34 survivors (69632K)
 Metaspace       used 229970K, committed 232256K, reserved 1253376K
  class space    used 28918K, committed 30016K, reserved 1048576K
}
Event: 244.146 GC heap after
{Heap after GC invocations=86 (full 0):
 garbage-first heap   total 1658880K, used 981596K [0x0000000700000000, 0x0000000800000000)
  region size 2048K, 32 young (65536K), 32 survivors (65536K)
 Metaspace       used 229970K, committed 232256K, reserved 1253376K
  class space    used 28918K, committed 30016K, reserved 1048576K
}
Event: 245.105 GC heap before
{Heap before GC invocations=86 (full 0):
 garbage-first heap   total 1658880K, used 1342044K [0x0000000700000000, 0x0000000800000000)
  region size 2048K, 208 young (425984K), 32 survivors (65536K)
 Metaspace       used 230203K, committed 232576K, reserved 1253376K
  class space    used 28943K, committed 30080K, reserved 1048576K
}
Event: 245.185 GC heap after
{Heap after GC invocations=87 (full 0):
 garbage-first heap   total 1658880K, used 1020928K [0x0000000700000000, 0x0000000800000000)
  region size 2048K, 19 young (38912K), 19 survivors (38912K)
 Metaspace       used 230203K, committed 232576K, reserved 1253376K
  class space    used 28943K, committed 30080K, reserved 1048576K
}
Event: 245.744 GC heap before
{Heap before GC invocations=87 (full 0):
 garbage-first heap   total 1658880K, used 1356800K [0x0000000700000000, 0x0000000800000000)
  region size 2048K, 183 young (374784K), 19 survivors (38912K)
 Metaspace       used 230215K, committed 232576K, reserved 1253376K
  class space    used 28943K, committed 30080K, reserved 1048576K
}
Event: 245.805 GC heap after
{Heap after GC invocations=88 (full 0):
 garbage-first heap   total 1658880K, used 1071104K [0x0000000700000000, 0x0000000800000000)
  region size 2048K, 23 young (47104K), 23 survivors (47104K)
 Metaspace       used 230215K, committed 232576K, reserved 1253376K
  class space    used 28943K, committed 30080K, reserved 1048576K
}
Event: 246.515 GC heap before
{Heap before GC invocations=88 (full 0):
 garbage-first heap   total 1658880K, used 1351680K [0x0000000700000000, 0x0000000800000000)
  region size 2048K, 160 young (327680K), 23 survivors (47104K)
 Metaspace       used 230215K, committed 232576K, reserved 1253376K
  class space    used 28943K, committed 30080K, reserved 1048576K
}
Event: 246.604 GC heap after
{Heap after GC invocations=89 (full 0):
 garbage-first heap   total 1658880K, used 1114112K [0x0000000700000000, 0x0000000800000000)
  region size 2048K, 20 young (40960K), 20 survivors (40960K)
 Metaspace       used 230215K, committed 232576K, reserved 1253376K
  class space    used 28943K, committed 30080K, reserved 1048576K
}
Event: 246.982 GC heap before
{Heap before GC invocations=89 (full 0):
 garbage-first heap   total 1658880K, used 1363968K [0x0000000700000000, 0x0000000800000000)
  region size 2048K, 142 young (290816K), 20 survivors (40960K)
 Metaspace       used 230218K, committed 232576K, reserved 1253376K
  class space    used 28943K, committed 30080K, reserved 1048576K
}

Dll operation events (2 events):
Event: 0.006 Loaded shared library C:\Program Files\Android\Android Studio1\jbr\bin\java.dll
Event: 0.689 Loaded shared library C:\Program Files\Android\Android Studio1\jbr\bin\verify.dll

Deoptimization events (20 events):
Event: 245.698 Thread 0x000001ff48df5fb0 DEOPT PACKING pc=0x000001ff2754afb4 sp=0x00000098430fc1a0
Event: 245.698 Thread 0x000001ff48df5fb0 DEOPT UNPACKING pc=0x000001ff2a15ace3 sp=0x00000098430fb778 mode 0
Event: 245.731 Thread 0x000001ff48df5fb0 DEOPT PACKING pc=0x000001ff277d5d1e sp=0x00000098430fc030
Event: 245.731 Thread 0x000001ff48df5fb0 DEOPT UNPACKING pc=0x000001ff2a15ace3 sp=0x00000098430fb628 mode 0
Event: 245.738 Thread 0x000001ff48df5fb0 DEOPT PACKING pc=0x000001ff277d5d1e sp=0x00000098430fc030
Event: 245.738 Thread 0x000001ff48df5fb0 DEOPT UNPACKING pc=0x000001ff2a15ace3 sp=0x00000098430fb628 mode 0
Event: 245.742 Thread 0x000001ff48df5fb0 DEOPT PACKING pc=0x000001ff277d5d1e sp=0x00000098430fc030
Event: 245.742 Thread 0x000001ff48df5fb0 DEOPT UNPACKING pc=0x000001ff2a15ace3 sp=0x00000098430fb628 mode 0
Event: 245.824 Thread 0x000001ff48df5fb0 DEOPT PACKING pc=0x000001ff277d5d1e sp=0x00000098430fc030
Event: 245.824 Thread 0x000001ff48df5fb0 DEOPT UNPACKING pc=0x000001ff2a15ace3 sp=0x00000098430fb628 mode 0
Event: 245.833 Thread 0x000001ff48df5fb0 DEOPT PACKING pc=0x000001ff277d5d1e sp=0x00000098430fc030
Event: 245.833 Thread 0x000001ff48df5fb0 DEOPT UNPACKING pc=0x000001ff2a15ace3 sp=0x00000098430fb628 mode 0
Event: 245.845 Thread 0x000001ff48df5fb0 DEOPT PACKING pc=0x000001ff277d5d1e sp=0x00000098430fc030
Event: 245.845 Thread 0x000001ff48df5fb0 DEOPT UNPACKING pc=0x000001ff2a15ace3 sp=0x00000098430fb628 mode 0
Event: 245.853 Thread 0x000001ff48df5fb0 DEOPT PACKING pc=0x000001ff277d5d1e sp=0x00000098430fc030
Event: 245.853 Thread 0x000001ff48df5fb0 DEOPT UNPACKING pc=0x000001ff2a15ace3 sp=0x00000098430fb628 mode 0
Event: 246.323 Thread 0x000001ff48df5fb0 Uncommon trap: trap_request=0xffffffde fr.pc=0x000001ff2b8e9048 relative=0x0000000000001e68
Event: 246.323 Thread 0x000001ff48df5fb0 Uncommon trap: reason=class_check action=maybe_recompile pc=0x000001ff2b8e9048 method=com.sun.tools.javac.comp.MemberEnter.signature(Lcom/sun/tools/javac/code/Symbol$MethodSymbol;Lcom/sun/tools/javac/util/List;Lcom/sun/tools/javac/util/List;Lcom/sun/tools
Event: 246.323 Thread 0x000001ff48df5fb0 DEOPT PACKING pc=0x000001ff2b8e9048 sp=0x00000098430fbf80
Event: 246.323 Thread 0x000001ff48df5fb0 DEOPT UNPACKING pc=0x000001ff2a15a1a3 sp=0x00000098430fbf20 mode 2

Classes unloaded (20 events):
Event: 72.996 Thread 0x000001ff3ec50300 Unloading class 0x000000080121f800 'java/lang/invoke/LambdaForm$MH+0x000000080121f800'
Event: 72.996 Thread 0x000001ff3ec50300 Unloading class 0x000000080121f400 'java/lang/invoke/LambdaForm$MH+0x000000080121f400'
Event: 72.996 Thread 0x000001ff3ec50300 Unloading class 0x000000080121f000 'java/lang/invoke/LambdaForm$MH+0x000000080121f000'
Event: 72.996 Thread 0x000001ff3ec50300 Unloading class 0x000000080121e800 'java/lang/invoke/LambdaForm$MH+0x000000080121e800'
Event: 72.996 Thread 0x000001ff3ec50300 Unloading class 0x000000080102b800 'java/lang/invoke/LambdaForm$MH+0x000000080102b800'
Event: 72.996 Thread 0x000001ff3ec50300 Unloading class 0x000000080102b000 'java/lang/invoke/LambdaForm$MH+0x000000080102b000'
Event: 72.996 Thread 0x000001ff3ec50300 Unloading class 0x000000080102a800 'java/lang/invoke/LambdaForm$MH+0x000000080102a800'
Event: 72.996 Thread 0x000001ff3ec50300 Unloading class 0x000000080102a000 'java/lang/invoke/LambdaForm$MH+0x000000080102a000'
Event: 72.996 Thread 0x000001ff3ec50300 Unloading class 0x0000000801029c00 'java/lang/invoke/LambdaForm$MH+0x0000000801029c00'
Event: 72.996 Thread 0x000001ff3ec50300 Unloading class 0x0000000801029400 'java/lang/invoke/LambdaForm$MH+0x0000000801029400'
Event: 72.996 Thread 0x000001ff3ec50300 Unloading class 0x0000000801028800 'java/lang/invoke/LambdaForm$MH+0x0000000801028800'
Event: 72.996 Thread 0x000001ff3ec50300 Unloading class 0x0000000801028400 'java/lang/invoke/LambdaForm$MH+0x0000000801028400'
Event: 72.996 Thread 0x000001ff3ec50300 Unloading class 0x0000000801021800 'java/lang/invoke/LambdaForm$MH+0x0000000801021800'
Event: 72.996 Thread 0x000001ff3ec50300 Unloading class 0x0000000801021000 'java/lang/invoke/LambdaForm$MH+0x0000000801021000'
Event: 72.996 Thread 0x000001ff3ec50300 Unloading class 0x0000000801020800 'java/lang/invoke/LambdaForm$MH+0x0000000801020800'
Event: 72.996 Thread 0x000001ff3ec50300 Unloading class 0x0000000800eb1400 'java/lang/invoke/LambdaForm$DMH+0x0000000800eb1400'
Event: 72.996 Thread 0x000001ff3ec50300 Unloading class 0x0000000800eb1000 'java/lang/invoke/LambdaForm$DMH+0x0000000800eb1000'
Event: 72.996 Thread 0x000001ff3ec50300 Unloading class 0x0000000800eb0c00 'java/lang/invoke/LambdaForm$DMH+0x0000000800eb0c00'
Event: 72.996 Thread 0x000001ff3ec50300 Unloading class 0x0000000800eb0800 'java/lang/invoke/LambdaForm$DMH+0x0000000800eb0800'
Event: 72.996 Thread 0x000001ff3ec50300 Unloading class 0x0000000800eb0000 'java/lang/invoke/LambdaForm$DMH+0x0000000800eb0000'

Classes redefined (0 events):
No events

Internal exceptions (20 events):
Event: 244.413 Thread 0x000001ff48df5fb0 Exception <a 'sun/nio/fs/WindowsException'{0x000000075f61bb88}> (0x000000075f61bb88) 
thrown [s\src\hotspot\share\prims\jni.cpp, line 517]
Event: 244.413 Thread 0x000001ff48df5fb0 Exception <a 'sun/nio/fs/WindowsException'{0x000000075f61c650}> (0x000000075f61c650) 
thrown [s\src\hotspot\share\prims\jni.cpp, line 517]
Event: 244.418 Thread 0x000001ff48df5fb0 Exception <a 'sun/nio/fs/WindowsException'{0x000000075f4bfb80}> (0x000000075f4bfb80) 
thrown [s\src\hotspot\share\prims\jni.cpp, line 517]
Event: 244.419 Thread 0x000001ff48df5fb0 Exception <a 'sun/nio/fs/WindowsException'{0x000000075f4c0650}> (0x000000075f4c0650) 
thrown [s\src\hotspot\share\prims\jni.cpp, line 517]
Event: 244.426 Thread 0x000001ff48df5fb0 Exception <a 'sun/nio/fs/WindowsException'{0x000000075f360db0}> (0x000000075f360db0) 
thrown [s\src\hotspot\share\prims\jni.cpp, line 517]
Event: 244.427 Thread 0x000001ff48df5fb0 Exception <a 'sun/nio/fs/WindowsException'{0x000000075f361878}> (0x000000075f361878) 
thrown [s\src\hotspot\share\prims\jni.cpp, line 517]
Event: 244.433 Thread 0x000001ff48df5fb0 Exception <a 'sun/nio/fs/WindowsException'{0x000000075ee155d0}> (0x000000075ee155d0) 
thrown [s\src\hotspot\share\prims\jni.cpp, line 517]
Event: 244.433 Thread 0x000001ff48df5fb0 Exception <a 'sun/nio/fs/WindowsException'{0x000000075ee160a0}> (0x000000075ee160a0) 
thrown [s\src\hotspot\share\prims\jni.cpp, line 517]
Event: 244.440 Thread 0x000001ff48df5fb0 Exception <a 'sun/nio/fs/WindowsException'{0x000000075ecb7e80}> (0x000000075ecb7e80) 
thrown [s\src\hotspot\share\prims\jni.cpp, line 517]
Event: 244.440 Thread 0x000001ff48df5fb0 Exception <a 'sun/nio/fs/WindowsException'{0x000000075ecb8940}> (0x000000075ecb8940) 
thrown [s\src\hotspot\share\prims\jni.cpp, line 517]
Event: 244.448 Thread 0x000001ff48df5fb0 Exception <a 'sun/nio/fs/WindowsException'{0x000000075eb6c288}> (0x000000075eb6c288) 
thrown [s\src\hotspot\share\prims\jni.cpp, line 517]
Event: 244.449 Thread 0x000001ff48df5fb0 Exception <a 'sun/nio/fs/WindowsException'{0x000000075eb6cd58}> (0x000000075eb6cd58) 
thrown [s\src\hotspot\share\prims\jni.cpp, line 517]
Event: 244.456 Thread 0x000001ff48df5fb0 Exception <a 'sun/nio/fs/WindowsException'{0x000000075e621a10}> (0x000000075e621a10) 
thrown [s\src\hotspot\share\prims\jni.cpp, line 517]
Event: 244.456 Thread 0x000001ff48df5fb0 Exception <a 'sun/nio/fs/WindowsException'{0x000000075e6224f0}> (0x000000075e6224f0) 
thrown [s\src\hotspot\share\prims\jni.cpp, line 517]
Event: 244.464 Thread 0x000001ff48df5fb0 Exception <a 'sun/nio/fs/WindowsException'{0x000000075e4d8d38}> (0x000000075e4d8d38) 
thrown [s\src\hotspot\share\prims\jni.cpp, line 517]
Event: 244.464 Thread 0x000001ff48df5fb0 Exception <a 'sun/nio/fs/WindowsException'{0x000000075e4d9810}> (0x000000075e4d9810) 
thrown [s\src\hotspot\share\prims\jni.cpp, line 517]
Event: 244.569 Thread 0x000001ff48df5fb0 Exception <a 'sun/nio/fs/WindowsException'{0x000000075cf3c4e8}> (0x000000075cf3c4e8) 
thrown [s\src\hotspot\share\prims\jni.cpp, line 517]
Event: 244.569 Thread 0x000001ff48df5fb0 Exception <a 'sun/nio/fs/WindowsException'{0x000000075cf3c6d0}> (0x000000075cf3c6d0) 
thrown [s\src\hotspot\share\prims\jni.cpp, line 517]
Event: 245.909 Thread 0x000001ff48df5fb0 Exception <a 'sun/nio/fs/WindowsException'{0x0000000763e81de0}> (0x0000000763e81de0) 
thrown [s\src\hotspot\share\prims\jni.cpp, line 517]
Event: 245.909 Thread 0x000001ff48df5fb0 Exception <a 'sun/nio/fs/WindowsException'{0x0000000763e81fc8}> (0x0000000763e81fc8) 
thrown [s\src\hotspot\share\prims\jni.cpp, line 517]

VM Operations (20 events):
Event: 241.294 Executing VM operation: HandshakeAllThreads done
Event: 241.375 Executing VM operation: ICBufferFull
Event: 241.375 Executing VM operation: ICBufferFull done
Event: 241.421 Executing VM operation: G1CollectForAllocation
Event: 241.449 Executing VM operation: G1CollectForAllocation done
Event: 242.235 Executing VM operation: HandshakeAllThreads
Event: 242.235 Executing VM operation: HandshakeAllThreads done
Event: 242.913 Executing VM operation: G1CollectForAllocation
Event: 243.003 Executing VM operation: G1CollectForAllocation done
Event: 243.561 Executing VM operation: HandshakeAllThreads
Event: 243.561 Executing VM operation: HandshakeAllThreads done
Event: 244.058 Executing VM operation: G1CollectForAllocation
Event: 244.147 Executing VM operation: G1CollectForAllocation done
Event: 245.104 Executing VM operation: G1CollectForAllocation
Event: 245.185 Executing VM operation: G1CollectForAllocation done
Event: 245.744 Executing VM operation: G1CollectForAllocation
Event: 245.805 Executing VM operation: G1CollectForAllocation done
Event: 246.515 Executing VM operation: G1CollectForAllocation
Event: 246.604 Executing VM operation: G1CollectForAllocation done
Event: 246.982 Executing VM operation: G1CollectForAllocation

Events (20 events):
Event: 243.629 Thread 0x000001ff3ecc5830 flushing nmethod 0x000001ff27820d90
Event: 243.629 Thread 0x000001ff3ecc5830 flushing nmethod 0x000001ff27824010
Event: 243.629 Thread 0x000001ff3ecc5830 flushing nmethod 0x000001ff27827f90
Event: 243.629 Thread 0x000001ff3ecc5830 flushing nmethod 0x000001ff27843d90
Event: 243.629 Thread 0x000001ff3ecc5830 flushing nmethod 0x000001ff27844290
Event: 243.629 Thread 0x000001ff3ecc5830 flushing nmethod 0x000001ff27851d90
Event: 243.630 Thread 0x000001ff3ecc5830 flushing nmethod 0x000001ff27868d10
Event: 243.630 Thread 0x000001ff3ecc5830 flushing nmethod 0x000001ff27880e10
Event: 243.630 Thread 0x000001ff3ecc5830 flushing nmethod 0x000001ff278d1810
Event: 243.630 Thread 0x000001ff3ecc5830 flushing nmethod 0x000001ff278d1b90
Event: 243.630 Thread 0x000001ff3ecc5830 flushing nmethod 0x000001ff2793b890
Event: 243.630 Thread 0x000001ff3ecc5830 flushing nmethod 0x000001ff2793ed90
Event: 243.630 Thread 0x000001ff3ecc5830 flushing nmethod 0x000001ff2793fc10
Event: 243.630 Thread 0x000001ff3ecc5830 flushing nmethod 0x000001ff27945d10
Event: 244.888 Thread 0x000001ff50f4e550 Thread exited: 0x000001ff50f4e550
Event: 245.489 Thread 0x000001ff50f4e040 Thread exited: 0x000001ff50f4e040
Event: 245.637 Thread 0x000001ff503b35b0 Thread added: 0x000001ff503b35b0
Event: 245.637 Thread 0x000001ff503b2680 Thread added: 0x000001ff503b2680
Event: 246.684 Thread 0x000001ff503b2680 Thread exited: 0x000001ff503b2680
Event: 246.684 Thread 0x000001ff503b35b0 Thread exited: 0x000001ff503b35b0


Dynamic libraries:
0x00007ff67d150000 - 0x00007ff67d15a000 	C:\Program Files\Android\Android Studio1\jbr\bin\java.exe
0x00007ffd91390000 - 0x00007ffd91588000 	C:\Windows\SYSTEM32\ntdll.dll
0x00007ffd6eed0000 - 0x00007ffd6eee9000 	C:\Program Files\Avast Software\Avast\aswhook.dll
0x00007ffd8f9e0000 - 0x00007ffd8fa9f000 	C:\Windows\System32\KERNEL32.DLL
0x00007ffd8f0f0000 - 0x00007ffd8f3c2000 	C:\Windows\System32\KERNELBASE.dll
0x00007ffd8ee20000 - 0x00007ffd8ef20000 	C:\Windows\System32\ucrtbase.dll
0x00007ffd71550000 - 0x00007ffd71567000 	C:\Program Files\Android\Android Studio1\jbr\bin\jli.dll
0x00007ffd71130000 - 0x00007ffd7114b000 	C:\Program Files\Android\Android Studio1\jbr\bin\VCRUNTIME140.dll
0x00007ffd8fb70000 - 0x00007ffd8fd11000 	C:\Windows\System32\USER32.dll
0x00007ffd8ec50000 - 0x00007ffd8ec72000 	C:\Windows\System32\win32u.dll
0x00007ffd90af0000 - 0x00007ffd90b1b000 	C:\Windows\System32\GDI32.dll
0x00007ffd77110000 - 0x00007ffd773aa000 	C:\Windows\WinSxS\amd64_microsoft.windows.common-controls_6595b64144ccf1df_6.0.19041.1110_none_60b5254171f9507e\COMCTL32.dll
0x00007ffd8efe0000 - 0x00007ffd8f0ef000 	C:\Windows\System32\gdi32full.dll
0x00007ffd90590000 - 0x00007ffd9062e000 	C:\Windows\System32\msvcrt.dll
0x00007ffd8ed30000 - 0x00007ffd8edcd000 	C:\Windows\System32\msvcp_win.dll
0x00007ffd8fe00000 - 0x00007ffd8fe32000 	C:\Windows\System32\IMM32.DLL
0x00007ffd6f830000 - 0x00007ffd6f83c000 	C:\Program Files\Android\Android Studio1\jbr\bin\vcruntime140_1.dll
0x00007ffd52040000 - 0x00007ffd520cd000 	C:\Program Files\Android\Android Studio1\jbr\bin\msvcp140.dll
0x00007ffd087e0000 - 0x00007ffd0944e000 	C:\Program Files\Android\Android Studio1\jbr\bin\server\jvm.dll
0x00007ffd909b0000 - 0x00007ffd90a5e000 	C:\Windows\System32\ADVAPI32.dll
0x00007ffd90d50000 - 0x00007ffd90dec000 	C:\Windows\System32\sechost.dll
0x00007ffd906a0000 - 0x00007ffd907c5000 	C:\Windows\System32\RPCRT4.dll
0x00007ffd7be80000 - 0x00007ffd7be89000 	C:\Windows\SYSTEM32\WSOCK32.dll
0x00007ffd90ce0000 - 0x00007ffd90d4b000 	C:\Windows\System32\WS2_32.dll
0x00007ffd83100000 - 0x00007ffd83127000 	C:\Windows\SYSTEM32\WINMM.dll
0x00007ffd83720000 - 0x00007ffd8372a000 	C:\Windows\SYSTEM32\VERSION.dll
0x00007ffd8d2d0000 - 0x00007ffd8d2e2000 	C:\Windows\SYSTEM32\kernel.appcore.dll
0x00007ffd88320000 - 0x00007ffd8832a000 	C:\Program Files\Android\Android Studio1\jbr\bin\jimage.dll
0x00007ffd8c850000 - 0x00007ffd8ca34000 	C:\Windows\SYSTEM32\DBGHELP.DLL
0x00007ffd7bfe0000 - 0x00007ffd7c015000 	C:\Windows\SYSTEM32\dbgcore.DLL
0x00007ffd8ef20000 - 0x00007ffd8efa2000 	C:\Windows\System32\bcryptPrimitives.dll
0x00007ffd71d10000 - 0x00007ffd71d35000 	C:\Program Files\Android\Android Studio1\jbr\bin\java.dll
0x00007ffd71eb0000 - 0x00007ffd71ec8000 	C:\Program Files\Android\Android Studio1\jbr\bin\zip.dll
0x00007ffd8fe40000 - 0x00007ffd90585000 	C:\Windows\System32\SHELL32.dll
0x00007ffd8ca40000 - 0x00007ffd8d1d2000 	C:\Windows\SYSTEM32\windows.storage.dll
0x00007ffd90f20000 - 0x00007ffd91275000 	C:\Windows\System32\combase.dll
0x00007ffd8e4e0000 - 0x00007ffd8e510000 	C:\Windows\SYSTEM32\Wldp.dll
0x00007ffd8f3d0000 - 0x00007ffd8f47d000 	C:\Windows\System32\SHCORE.dll
0x00007ffd907d0000 - 0x00007ffd90825000 	C:\Windows\System32\shlwapi.dll
0x00007ffd8e9c0000 - 0x00007ffd8e9df000 	C:\Windows\SYSTEM32\profapi.dll
0x00007ffd71cf0000 - 0x00007ffd71d09000 	C:\Program Files\Android\Android Studio1\jbr\bin\net.dll
0x00007ffd87260000 - 0x00007ffd8736c000 	C:\Windows\SYSTEM32\WINHTTP.dll
0x00007ffd8e240000 - 0x00007ffd8e2aa000 	C:\Windows\system32\mswsock.dll
0x00007ffd71a50000 - 0x00007ffd71a66000 	C:\Program Files\Android\Android Studio1\jbr\bin\nio.dll
0x00007ffd85630000 - 0x00007ffd85640000 	C:\Program Files\Android\Android Studio1\jbr\bin\verify.dll
0x00007ffd59d80000 - 0x00007ffd59da7000 	C:\Users\Asif\.gradle\native\e1d6ef7f7dcc3fd88c89a11ec53ec762bb8ba0a96d01ffa2cd45eb1d1d8dd5c5\windows-amd64\native-platform.dll
0x00007ffd52400000 - 0x00007ffd52544000 	C:\Users\Asif\.gradle\native\0d407fdbe67a94daf76414ababcb853783967236a71b16ec16e742cd7a986fd3\windows-amd64\native-platform-file-events.dll
0x00007ffd84260000 - 0x00007ffd84269000 	C:\Program Files\Android\Android Studio1\jbr\bin\management.dll
0x00007ffd72150000 - 0x00007ffd7215b000 	C:\Program Files\Android\Android Studio1\jbr\bin\management_ext.dll
0x00007ffd8f500000 - 0x00007ffd8f508000 	C:\Windows\System32\PSAPI.DLL
0x00007ffd8e430000 - 0x00007ffd8e448000 	C:\Windows\SYSTEM32\CRYPTSP.dll
0x00007ffd8daf0000 - 0x00007ffd8db24000 	C:\Windows\system32\rsaenh.dll
0x00007ffd8efb0000 - 0x00007ffd8efd7000 	C:\Windows\System32\bcrypt.dll
0x00007ffd8e940000 - 0x00007ffd8e96e000 	C:\Windows\SYSTEM32\USERENV.dll
0x00007ffd8e450000 - 0x00007ffd8e45c000 	C:\Windows\SYSTEM32\CRYPTBASE.dll
0x00007ffd8dee0000 - 0x00007ffd8df1b000 	C:\Windows\SYSTEM32\IPHLPAPI.DLL
0x00007ffd90cd0000 - 0x00007ffd90cd8000 	C:\Windows\System32\NSI.dll
0x00007ffd83930000 - 0x00007ffd83947000 	C:\Windows\SYSTEM32\dhcpcsvc6.DLL
0x00007ffd83910000 - 0x00007ffd8392d000 	C:\Windows\SYSTEM32\dhcpcsvc.DLL
0x00007ffd8df30000 - 0x00007ffd8dffb000 	C:\Windows\SYSTEM32\DNSAPI.dll
0x00007ffd49c90000 - 0x00007ffd49c97000 	C:\Windows\system32\wshunix.dll
0x00007ffd8dc10000 - 0x00007ffd8dc43000 	C:\Windows\SYSTEM32\ntmarta.dll
0x00007ffd47a00000 - 0x00007ffd47b98000 	C:\Program Files\Android\Android Studio1\jbr\bin\awt.dll
0x00007ffd91280000 - 0x00007ffd9134d000 	C:\Windows\System32\OLEAUT32.dll
0x00007ffd8bf90000 - 0x00007ffd8bfbf000 	C:\Windows\SYSTEM32\dwmapi.dll
0x00007ffd89710000 - 0x00007ffd897a0000 	C:\Windows\SYSTEM32\apphelp.dll
0x00007ffd8be90000 - 0x00007ffd8bf2e000 	C:\Windows\system32\uxtheme.dll
0x00007ffd90890000 - 0x00007ffd909a5000 	C:\Windows\System32\MSCTF.dll
0x00007ffd90df0000 - 0x00007ffd90f1a000 	C:\Windows\System32\ole32.dll
0x00007ffd71580000 - 0x00007ffd71587000 	C:\Program Files\Android\Android Studio1\jbr\bin\rmi.dll
0x0000000070bc0000 - 0x0000000070c9c000 	C:\Users\Asif\AppData\Local\Temp\sqlite-3.36.0-7d44e2c0-efb8-499b-9b49-0e4b317f8faa-sqlitejdbc.dll

dbghelp: loaded successfully - version: 4.0.5 - missing functions: none
symbol engine: initialized successfully - sym options: 0x614 - pdb path: .;C:\Program Files\Android\Android Studio1\jbr\bin;C:\Windows\SYSTEM32;C:\Program Files\Avast Software\Avast;C:\Windows\WinSxS\amd64_microsoft.windows.common-controls_6595b64144ccf1df_6.0.19041.1110_none_60b5254171f9507e;C:\Program Files\Android\Android Studio1\jbr\bin\server;C:\Users\Asif\.gradle\native\e1d6ef7f7dcc3fd88c89a11ec53ec762bb8ba0a96d01ffa2cd45eb1d1d8dd5c5\windows-amd64;C:\Users\Asif\.gradle\native\0d407fdbe67a94daf76414ababcb853783967236a71b16ec16e742cd7a986fd3\windows-amd64;C:\Users\Asif\AppData\Local\Temp

VM Arguments:
jvm_args: --add-opens=java.base/java.util=ALL-UNNAMED --add-opens=java.base/java.lang=ALL-UNNAMED --add-opens=java.base/java.lang.invoke=ALL-UNNAMED --add-opens=java.base/java.util=ALL-UNNAMED --add-opens=java.prefs/java.util.prefs=ALL-UNNAMED --add-opens=java.prefs/java.util.prefs=ALL-UNNAMED --add-opens=java.base/java.nio.charset=ALL-UNNAMED --add-opens=java.base/java.net=ALL-UNNAMED --add-opens=java.base/java.util.concurrent.atomic=ALL-UNNAMED -Xmx4096m -Dfile.encoding=UTF-8 -Duser.country=IN -Duser.language=en -Duser.variant 
java_command: org.gradle.launcher.daemon.bootstrap.GradleDaemon 7.5
java_class_path (initial): C:\Users\Asif\.gradle\wrapper\dists\gradle-7.5-bin\f1w0cc9nuo0eivz97x2xlu9sv\gradle-7.5\lib\gradle-launcher-7.5.jar
Launcher Type: SUN_STANDARD

[Global flags]
     intx CICompilerCount                          = 4                                         {product} {ergonomic}
     uint ConcGCThreads                            = 2                                         {product} {ergonomic}
     uint G1ConcRefinementThreads                  = 8                                         {product} {ergonomic}
   size_t G1HeapRegionSize                         = 2097152                                   {product} {ergonomic}
    uintx GCDrainStackTargetSize                   = 64                                        {product} {ergonomic}
   size_t InitialHeapSize                          = 264241152                                 {product} {ergonomic}
   size_t MarkStackSize                            = 4194304                                   {product} {ergonomic}
   size_t MaxHeapSize                              = 4294967296                                {product} {command line}
   size_t MaxNewSize                               = 2575302656                                {product} {ergonomic}
   size_t MinHeapDeltaBytes                        = 2097152                                   {product} {ergonomic}
   size_t MinHeapSize                              = 8388608                                   {product} {ergonomic}
    uintx NonNMethodCodeHeapSize                   = 5839372                                {pd product} {ergonomic}
    uintx NonProfiledCodeHeapSize                  = 122909434                              {pd product} {ergonomic}
    uintx ProfiledCodeHeapSize                     = 122909434                              {pd product} {ergonomic}
    uintx ReservedCodeCacheSize                    = 251658240                              {pd product} {ergonomic}
     bool SegmentedCodeCache                       = true                                      {product} {ergonomic}
   size_t SoftMaxHeapSize                          = 4294967296                             {manageable} {ergonomic}
     bool UseCompressedClassPointers               = true                           {product lp64_product} {ergonomic}
     bool UseCompressedOops                        = true                           {product lp64_product} {ergonomic}
     bool UseG1GC                                  = true                                      {product} {ergonomic}
     bool UseLargePagesIndividualAllocation        = false                                  {pd product} {ergonomic}

Logging:
Log output configuration:
 #0: stdout all=warning uptime,level,tags
 #1: stderr all=off uptime,level,tags

Environment Variables:
PATH=C:\Windows\system32;C:\Windows;C:\Windows\System32\Wbem;C:\Windows\System32\WindowsPowerShell\v1.0\;C:\Windows\System32\OpenSSH\;C:\Program Files\dotnet\;C:\Program Files\Git\cmd;C:\Users\Asif\AppData\Local\Microsoft\WindowsApps;
USERNAME=Asif
OS=Windows_NT
PROCESSOR_IDENTIFIER=Intel64 Family 6 Model 140 Stepping 1, GenuineIntel
TMP=C:\Users\Asif\AppData\Local\Temp
TEMP=C:\Users\Asif\AppData\Local\Temp


JNI global refs:
JNI global refs: 95, weak refs: 7

JNI global refs memory usage: 1475, weak refs: 1033


---------------  S Y S T E M  ---------------

OS:
 Windows 10 , 64 bit Build 19041 (10.0.19041.2546)
OS uptime: 5 days 1:24 hours

CPU: total 8 (initial active 8) (4 cores per cpu, 2 threads per core) family 6 model 140 stepping 1 microcode 0xa4, cx8, cmov, fxsr, ht, mmx, 3dnowpref, sse, sse2, sse3, ssse3, sse4.1, sse4.2, popcnt, lzcnt, tsc, tscinvbit, avx, avx2, aes, erms, clmul, bmi1, bmi2, adx, avx512f, avx512dq, avx512cd, avx512bw, avx512vl, sha, fma, vzeroupper, avx512_vpopcntdq, avx512_vpclmulqdq, avx512_vaes, avx512_vnni, clflush, clflushopt, clwb, avx512_vbmi2, avx512_vbmi

Memory: 4k page, system-wide physical 16126M (873M free)
TotalPageFile size 47298M (AvailPageFile size 151M)
current process WorkingSet (physical memory assigned to process): 2224M, peak: 2230M
current process commit charge ("private bytes"): 2294M, peak: 2492M

vm_info: OpenJDK 64-Bit Server VM (17.0.6+0-b2043.56-10027231) for windows-amd64 JRE (17.0.6+0-b2043.56-10027231), built on Apr 28 2023 00:43:19 by "androidbuild" with MS VC++ 16.10 / 16.11 (VS2019)

END.
