#
# There is insufficient memory for the Java Runtime Environment to continue.
# Native memory allocation (mmap) failed to map 419430400 bytes for G1 virtual space
# Possible reasons:
#   The system is out of physical RAM or swap space
#   The process is running with CompressedOops enabled, and the Java Heap may be blocking the growth of the native heap
# Possible solutions:
#   Reduce memory load on the system
#   Increase physical memory or swap space
#   Check if swap backing store is full
#   Decrease Java heap size (-Xmx/-Xms)
#   Decrease number of Java threads
#   Decrease Java thread stack sizes (-Xss)
#   Set larger code cache with -XX:ReservedCodeCacheSize=
#   JVM is running with Zero Based Compressed Oops mode in which the Java heap is
#     placed in the first 32GB address space. The Java Heap base address is the
#     maximum limit for the native heap growth. Please use -XX:HeapBaseMinAddress
#     to set the Java Heap base and to place the Java Heap above 32GB virtual address.
# This output file may be truncated or incomplete.
#
#  Out of Memory Error (os_windows.cpp:3769), pid=22308, tid=18336
#
# JRE version: OpenJDK Runtime Environment (17.0.6) (build 17.0.6+0-b2043.56-10027231)
# Java VM: OpenJDK 64-Bit Server VM (17.0.6+0-b2043.56-10027231, mixed mode, tiered, compressed oops, compressed class ptrs, g1 gc, windows-amd64)
# No core dump will be written. Minidumps are not enabled by default on client versions of Windows
#

---------------  S U M M A R Y ------------

Command Line: --add-opens=java.base/java.util=ALL-UNNAMED --add-opens=java.base/java.lang=ALL-UNNAMED --add-opens=java.base/java.lang.invoke=ALL-UNNAMED --add-opens=java.base/java.util=ALL-UNNAMED --add-opens=java.prefs/java.util.prefs=ALL-UNNAMED --add-opens=java.prefs/java.util.prefs=ALL-UNNAMED --add-opens=java.base/java.nio.charset=ALL-UNNAMED --add-opens=java.base/java.net=ALL-UNNAMED --add-opens=java.base/java.util.concurrent.atomic=ALL-UNNAMED -Xmx4096m -Dfile.encoding=UTF-8 -Duser.country=IN -Duser.language=en -Duser.variant org.gradle.launcher.daemon.bootstrap.GradleDaemon 7.5

Host: 11th Gen Intel(R) Core(TM) i7-1165G7 @ 2.80GHz, 8 cores, 15G,  Windows 10 , 64 bit Build 19041 (10.0.19041.2546)
Time: Mon Sep 11 12:38:51 2023 India Standard Time elapsed time: 120.065781 seconds (0d 0h 2m 0s)

---------------  T H R E A D  ---------------

Current thread (0x0000020ab1c42990):  VMThread "VM Thread" [stack: 0x000000b7f7700000,0x000000b7f7800000] [id=18336]

Stack: [0x000000b7f7700000,0x000000b7f7800000]
Native frames: (J=compiled Java code, j=interpreted, Vv=VM code, C=native code)
V  [jvm.dll+0x683c9a]
V  [jvm.dll+0x8427a4]
V  [jvm.dll+0x843f9e]
V  [jvm.dll+0x844603]
V  [jvm.dll+0x249b75]
V  [jvm.dll+0x680b69]
V  [jvm.dll+0x67505a]
V  [jvm.dll+0x309acb]
V  [jvm.dll+0x310f86]
V  [jvm.dll+0x3608ee]
V  [jvm.dll+0x360b1f]
V  [jvm.dll+0x2dfbf8]
V  [jvm.dll+0x2ddec4]
V  [jvm.dll+0x2dd4cc]
V  [jvm.dll+0x321f3b]
V  [jvm.dll+0x848ccb]
V  [jvm.dll+0x849a04]
V  [jvm.dll+0x849f1d]
V  [jvm.dll+0x84a2f4]
V  [jvm.dll+0x84a3c0]
V  [jvm.dll+0x7f274a]
V  [jvm.dll+0x682ad5]
C  [ucrtbase.dll+0x21bb2]
C  [KERNEL32.DLL+0x17614]
C  [ntdll.dll+0x526a1]

VM_Operation (0x000000b7871fbfb0): G1CollectForAllocation, mode: safepoint, requested by thread 0x0000020ab36a7fb0


---------------  P R O C E S S  ---------------

Threads class SMR info:
_java_thread_list=0x0000020ac31a6200, length=169, elements={
0x0000020a9104df90, 0x0000020ab1c49460, 0x0000020ab1c4a010, 0x0000020ab1c9d3b0,
0x0000020ab1c9dd60, 0x0000020ab1c9e710, 0x0000020ab1c9f0c0, 0x0000020ab1c9fe50,
0x0000020ab1ca8900, 0x0000020ab1caff30, 0x0000020ab1e2e460, 0x0000020ab1e31160,
0x0000020ab50db870, 0x0000020ab50dc210, 0x0000020ab50dbd40, 0x0000020ab50de890,
0x0000020ab50dd080, 0x0000020ab50de3c0, 0x0000020ab50dd550, 0x0000020ab50df230,
0x0000020ab80f0c90, 0x0000020ab80ef480, 0x0000020ab80f1160, 0x0000020ab80eeae0,
0x0000020ab80f1b00, 0x0000020ab80eefb0, 0x0000020ab80ef950, 0x0000020ab80f1fd0,
0x0000020ab80f1630, 0x0000020ab80f2970, 0x0000020ab80ed7a0, 0x0000020aba012250,
0x0000020aba012720, 0x0000020aba00f230, 0x0000020ab7b8f870, 0x0000020abf4478a0,
0x0000020abf446090, 0x0000020aba446970, 0x0000020abf2cd030, 0x0000020abf2cd500,
0x0000020abf2cd9d0, 0x0000020ab7e3fa20, 0x0000020abf4f2220, 0x0000020abf4f26f0,
0x0000020abf4f2bc0, 0x0000020ab7c47230, 0x0000020ab7c480a0, 0x0000020ab7c45ef0,
0x0000020ab7c46890, 0x0000020ab7c48570, 0x0000020ab7c463c0, 0x0000020ab7c45550,
0x0000020ab7c48a40, 0x0000020ab7c45a20, 0x0000020ab7c46d60, 0x0000020ab7c47700,
0x0000020ab7c47bd0, 0x0000020ab7c45080, 0x0000020ab9a83590, 0x0000020ab9a84400,
0x0000020ab9a830c0, 0x0000020ab9a83f30, 0x0000020ab9a848d0, 0x0000020ab9a83a60,
0x0000020ab4dce050, 0x0000020ab4dceec0, 0x0000020ab4dcf390, 0x0000020ab4dce520,
0x0000020ab4dce9f0, 0x0000020ab4dcf860, 0x0000020ab5591ea0, 0x0000020ab558f820,
0x0000020ab558fcf0, 0x0000020ab55901c0, 0x0000020ab5592370, 0x0000020ab5590690,
0x0000020ab5592d10, 0x0000020ab5590b60, 0x0000020ab5592840, 0x0000020ab5591030,
0x0000020ab55931e0, 0x0000020ab5591500, 0x0000020ab55919d0, 0x0000020ab36aafd0,
0x0000020ab36aa160, 0x0000020ab7e3c060, 0x0000020ab7e3ca00, 0x0000020ab7e3d870,
0x0000020ab7e3ced0, 0x0000020ab7e3d3a0, 0x0000020ab7e3dd40, 0x0000020ab7e3e210,
0x0000020ab7e3ebb0, 0x0000020ab7e3e6e0, 0x0000020ab7e3f080, 0x0000020ab7e3f550,
0x0000020ab83bca60, 0x0000020ab83bd400, 0x0000020ab83be270, 0x0000020ab83ba8b0,
0x0000020ab83bad80, 0x0000020ab83bd8d0, 0x0000020ab83bc0c0, 0x0000020ab83bb250,
0x0000020ab83bb720, 0x0000020ab83bcf30, 0x0000020ab83bbbf0, 0x0000020ab83bc590,
0x0000020ab83bdda0, 0x0000020abc1a99b0, 0x0000020abc1aa350, 0x0000020abc1aacf0,
0x0000020abc1a9e80, 0x0000020abf446560, 0x0000020abf446f00, 0x0000020ab5001250,
0x0000020ab5001720, 0x0000020ab5001bf0, 0x0000020abf0371b0, 0x0000020abf034b30,
0x0000020abf035e70, 0x0000020abf035000, 0x0000020abf0337f0, 0x0000020abf0354d0,
0x0000020abf036810, 0x0000020abf034660, 0x0000020abf036340, 0x0000020abf0359a0,
0x0000020abf036ce0, 0x0000020abf033cc0, 0x0000020abf034190, 0x0000020ab76ba2d0,
0x0000020ab76bbfb0, 0x0000020ab76bce20, 0x0000020ab76bbae0, 0x0000020abf3c5f80,
0x0000020abf448be0, 0x0000020abf448710, 0x0000020abf3c55e0, 0x0000020ab36a7fb0,
0x0000020ac0538b00, 0x0000020abc1aa820, 0x0000020abf448240, 0x0000020ac0fd7cb0,
0x0000020ac06c8870, 0x0000020abc1ac030, 0x0000020ac06c83a0, 0x0000020ab36a8e20,
0x0000020abc518e40, 0x0000020ab76bd2f0, 0x0000020ab36a97c0, 0x0000020abbeba630,
0x0000020aba442ae0, 0x0000020ac0fd8650, 0x0000020aba440e00, 0x0000020aba445b00,
0x0000020aba441c70, 0x0000020aba444c90, 0x0000020aba445160, 0x0000020aba4442f0,
0x0000020aba447310, 0x0000020aba43fac0, 0x0000020ac13c9a30, 0x0000020ac053bb20,
0x0000020abbeb9c90, 0x0000020ac0fd6970, 0x0000020ac0fd5160, 0x0000020ac0539e40,
0x0000020aba446e40
}

Java Threads: ( => current thread )
  0x0000020a9104df90 JavaThread "main" [_thread_blocked, id=27152, stack(0x000000b7f7100000,0x000000b7f7200000)]
  0x0000020ab1c49460 JavaThread "Reference Handler" daemon [_thread_blocked, id=24472, stack(0x000000b7f7800000,0x000000b7f7900000)]
  0x0000020ab1c4a010 JavaThread "Finalizer" daemon [_thread_blocked, id=19448, stack(0x000000b7f7900000,0x000000b7f7a00000)]
  0x0000020ab1c9d3b0 JavaThread "Signal Dispatcher" daemon [_thread_blocked, id=18600, stack(0x000000b7f7a00000,0x000000b7f7b00000)]
  0x0000020ab1c9dd60 JavaThread "Attach Listener" daemon [_thread_blocked, id=24188, stack(0x000000b7f7b00000,0x000000b7f7c00000)]
  0x0000020ab1c9e710 JavaThread "Service Thread" daemon [_thread_blocked, id=12876, stack(0x000000b7f7c00000,0x000000b7f7d00000)]
  0x0000020ab1c9f0c0 JavaThread "Monitor Deflation Thread" daemon [_thread_blocked, id=17124, stack(0x000000b7f7d00000,0x000000b7f7e00000)]
  0x0000020ab1c9fe50 JavaThread "C2 CompilerThread0" daemon [_thread_blocked, id=20736, stack(0x000000b7f7e00000,0x000000b7f7f00000)]
  0x0000020ab1ca8900 JavaThread "C1 CompilerThread0" daemon [_thread_blocked, id=20020, stack(0x000000b7f7f00000,0x000000b7f8000000)]
  0x0000020ab1caff30 JavaThread "Sweeper thread" daemon [_thread_blocked, id=16340, stack(0x000000b7f8000000,0x000000b7f8100000)]
  0x0000020ab1e2e460 JavaThread "Common-Cleaner" daemon [_thread_blocked, id=16868, stack(0x000000b7f8100000,0x000000b7f8200000)]
  0x0000020ab1e31160 JavaThread "Notification Thread" daemon [_thread_blocked, id=13440, stack(0x000000b7f8200000,0x000000b7f8300000)]
  0x0000020ab50db870 JavaThread "Daemon health stats" [_thread_blocked, id=21016, stack(0x000000b7f8a00000,0x000000b7f8b00000)]
  0x0000020ab50dc210 JavaThread "Incoming local TCP Connector on port 61918" [_thread_in_native, id=25396, stack(0x000000b7f8b00000,0x000000b7f8c00000)]
  0x0000020ab50dbd40 JavaThread "Daemon periodic checks" [_thread_blocked, id=24280, stack(0x000000b7f8c00000,0x000000b7f8d00000)]
  0x0000020ab50de890 JavaThread "Daemon" [_thread_blocked, id=27472, stack(0x000000b7f8d00000,0x000000b7f8e00000)]
  0x0000020ab50dd080 JavaThread "Daemon worker" [_thread_blocked, id=10928, stack(0x000000b7f9000000,0x000000b7f9100000)]
  0x0000020ab50de3c0 JavaThread "Cache worker for journal cache (C:\Users\Asif\.gradle\caches\journal-1)" [_thread_blocked, id=25092, stack(0x000000b7f9400000,0x000000b7f9500000)]
  0x0000020ab50dd550 JavaThread "File lock request listener" [_thread_in_native, id=23188, stack(0x000000b7f9500000,0x000000b7f9600000)]
  0x0000020ab50df230 JavaThread "Cache worker for file hash cache (C:\Users\Asif\.gradle\caches\7.5\fileHashes)" [_thread_blocked, id=24180, stack(0x000000b7f9900000,0x000000b7f9a00000)]
  0x0000020ab80f0c90 JavaThread "File watcher server" daemon [_thread_blocked, id=12156, stack(0x000000b7f9b00000,0x000000b7f9c00000)]
  0x0000020ab80ef480 JavaThread "File watcher consumer" daemon [_thread_blocked, id=1944, stack(0x000000b7f9c00000,0x000000b7f9d00000)]
  0x0000020ab80f1160 JavaThread "Cache worker for file content cache (C:\Users\Asif\.gradle\caches\7.5\fileContent)" [_thread_blocked, id=16664, stack(0x000000b7f9f00000,0x000000b7fa000000)]
  0x0000020ab80eeae0 JavaThread "Cache worker for execution history cache (C:\Users\Asif\.gradle\caches\7.5\executionHistory)" [_thread_blocked, id=15260, stack(0x000000b7fa200000,0x000000b7fa300000)]
  0x0000020ab80f1b00 JavaThread "jar transforms" [_thread_blocked, id=19704, stack(0x000000b7fa300000,0x000000b7fa400000)]
  0x0000020ab80eefb0 JavaThread "jar transforms Thread 2" [_thread_blocked, id=5756, stack(0x000000b7fa400000,0x000000b7fa500000)]
  0x0000020ab80ef950 JavaThread "jar transforms Thread 3" [_thread_blocked, id=5360, stack(0x000000b7fa700000,0x000000b7fa800000)]
  0x0000020ab80f1fd0 JavaThread "jar transforms Thread 4" [_thread_blocked, id=25032, stack(0x000000b7fa800000,0x000000b7fa900000)]
  0x0000020ab80f1630 JavaThread "Memory manager" [_thread_blocked, id=5084, stack(0x000000b7fab00000,0x000000b7fac00000)]
  0x0000020ab80f2970 JavaThread "Cache worker for kotlin-dsl (C:\Users\Asif\.gradle\caches\7.5\kotlin-dsl)" [_thread_blocked, id=18848, stack(0x000000b7fac00000,0x000000b7fad00000)]
  0x0000020ab80ed7a0 JavaThread "jar transforms Thread 5" [_thread_blocked, id=24096, stack(0x000000b7fad00000,0x000000b7fae00000)]
  0x0000020aba012250 JavaThread "jar transforms Thread 6" [_thread_blocked, id=11104, stack(0x000000b7fd600000,0x000000b7fd700000)]
  0x0000020aba012720 JavaThread "jar transforms Thread 7" [_thread_blocked, id=23208, stack(0x000000b7fd700000,0x000000b7fd800000)]
  0x0000020aba00f230 JavaThread "jar transforms Thread 8" [_thread_blocked, id=8920, stack(0x000000b7fd800000,0x000000b7fd900000)]
  0x0000020ab7b8f870 JavaThread "pool-3-thread-1" [_thread_blocked, id=16428, stack(0x000000b780c00000,0x000000b780d00000)]
  0x0000020abf4478a0 JavaThread "Handler for socket connection from /127.0.0.1:61918 to /127.0.0.1:61923" [_thread_in_native, id=27300, stack(0x000000b780000000,0x000000b780100000)]
  0x0000020abf446090 JavaThread "Cancel handler" [_thread_blocked, id=13176, stack(0x000000b780100000,0x000000b780200000)]
  0x0000020aba446970 JavaThread "Asynchronous log dispatcher for DefaultDaemonConnection: socket connection from /127.0.0.1:61918 to /127.0.0.1:61923" [_thread_blocked, id=26532, stack(0x000000b780200000,0x000000b780300000)]
  0x0000020abf2cd030 JavaThread "Daemon client event forwarder" [_thread_blocked, id=19656, stack(0x000000b780500000,0x000000b780600000)]
  0x0000020abf2cd500 JavaThread "Cache worker for checksums cache (D:\WorkspaceAsif\Android\LunaRing\.gradle\7.5\checksums)" [_thread_blocked, id=23656, stack(0x000000b780600000,0x000000b780700000)]
  0x0000020abf2cd9d0 JavaThread "Cache worker for cache directory md-rule (C:\Users\Asif\.gradle\caches\7.5\md-rule)" [_thread_blocked, id=14264, stack(0x000000b780700000,0x000000b780800000)]
  0x0000020ab7e3fa20 JavaThread "Cache worker for file hash cache (D:\WorkspaceAsif\Android\LunaRing\.gradle\7.5\fileHashes)" [_thread_blocked, id=8040, stack(0x000000b780800000,0x000000b780900000)]
  0x0000020abf4f2220 JavaThread "Cache worker for cache directory md-supplier (C:\Users\Asif\.gradle\caches\7.5\md-supplier)" [_thread_blocked, id=18176, stack(0x000000b780900000,0x000000b780a00000)]
  0x0000020abf4f26f0 JavaThread "Cache worker for dependencies-accessors (D:\WorkspaceAsif\Android\LunaRing\.gradle\7.5\dependencies-accessors)" [_thread_blocked, id=18316, stack(0x000000b780b00000,0x000000b780c00000)]
  0x0000020abf4f2bc0 JavaThread "Cache worker for Build Output Cleanup Cache (D:\WorkspaceAsif\Android\LunaRing\buildSrc\.gradle\buildOutputCleanup)" [_thread_blocked, id=26140, stack(0x000000b780d00000,0x000000b780e00000)]
  0x0000020ab7c47230 JavaThread "Unconstrained build operations" [_thread_blocked, id=17216, stack(0x000000b780e00000,0x000000b780f00000)]
  0x0000020ab7c480a0 JavaThread "Unconstrained build operations Thread 2" [_thread_blocked, id=16604, stack(0x000000b780f00000,0x000000b781000000)]
  0x0000020ab7c45ef0 JavaThread "Unconstrained build operations Thread 3" [_thread_blocked, id=12544, stack(0x000000b781000000,0x000000b781100000)]
  0x0000020ab7c46890 JavaThread "Unconstrained build operations Thread 4" [_thread_blocked, id=23372, stack(0x000000b781100000,0x000000b781200000)]
  0x0000020ab7c48570 JavaThread "Unconstrained build operations Thread 5" [_thread_blocked, id=2372, stack(0x000000b781200000,0x000000b781300000)]
  0x0000020ab7c463c0 JavaThread "Unconstrained build operations Thread 6" [_thread_blocked, id=24480, stack(0x000000b781300000,0x000000b781400000)]
  0x0000020ab7c45550 JavaThread "Unconstrained build operations Thread 7" [_thread_blocked, id=19624, stack(0x000000b781400000,0x000000b781500000)]
  0x0000020ab7c48a40 JavaThread "Unconstrained build operations Thread 8" [_thread_blocked, id=23224, stack(0x000000b781500000,0x000000b781600000)]
  0x0000020ab7c45a20 JavaThread "Unconstrained build operations Thread 9" [_thread_blocked, id=19208, stack(0x000000b781600000,0x000000b781700000)]
  0x0000020ab7c46d60 JavaThread "Unconstrained build operations Thread 10" [_thread_blocked, id=14536, stack(0x000000b781700000,0x000000b781800000)]
  0x0000020ab7c47700 JavaThread "Unconstrained build operations Thread 11" [_thread_blocked, id=3840, stack(0x000000b781800000,0x000000b781900000)]
  0x0000020ab7c47bd0 JavaThread "Unconstrained build operations Thread 12" [_thread_blocked, id=26440, stack(0x000000b781900000,0x000000b781a00000)]
  0x0000020ab7c45080 JavaThread "Unconstrained build operations Thread 13" [_thread_blocked, id=16184, stack(0x000000b781a00000,0x000000b781b00000)]
  0x0000020ab9a83590 JavaThread "Unconstrained build operations Thread 14" [_thread_blocked, id=25424, stack(0x000000b781b00000,0x000000b781c00000)]
  0x0000020ab9a84400 JavaThread "Unconstrained build operations Thread 15" [_thread_blocked, id=13436, stack(0x000000b781c00000,0x000000b781d00000)]
  0x0000020ab9a830c0 JavaThread "Unconstrained build operations Thread 16" [_thread_blocked, id=22580, stack(0x000000b781d00000,0x000000b781e00000)]
  0x0000020ab9a83f30 JavaThread "Unconstrained build operations Thread 17" [_thread_blocked, id=19020, stack(0x000000b781e00000,0x000000b781f00000)]
  0x0000020ab9a848d0 JavaThread "Unconstrained build operations Thread 18" [_thread_blocked, id=20560, stack(0x000000b781f00000,0x000000b782000000)]
  0x0000020ab9a83a60 JavaThread "Unconstrained build operations Thread 19" [_thread_blocked, id=14020, stack(0x000000b782000000,0x000000b782100000)]
  0x0000020ab4dce050 JavaThread "Unconstrained build operations Thread 20" [_thread_blocked, id=23692, stack(0x000000b782100000,0x000000b782200000)]
  0x0000020ab4dceec0 JavaThread "Unconstrained build operations Thread 21" [_thread_blocked, id=12988, stack(0x000000b782200000,0x000000b782300000)]
  0x0000020ab4dcf390 JavaThread "Unconstrained build operations Thread 22" [_thread_blocked, id=14432, stack(0x000000b782300000,0x000000b782400000)]
  0x0000020ab4dce520 JavaThread "Unconstrained build operations Thread 23" [_thread_blocked, id=7748, stack(0x000000b782400000,0x000000b782500000)]
  0x0000020ab4dce9f0 JavaThread "Unconstrained build operations Thread 24" [_thread_blocked, id=18092, stack(0x000000b782500000,0x000000b782600000)]
  0x0000020ab4dcf860 JavaThread "Unconstrained build operations Thread 25" [_thread_blocked, id=15992, stack(0x000000b782600000,0x000000b782700000)]
  0x0000020ab5591ea0 JavaThread "Unconstrained build operations Thread 26" [_thread_blocked, id=13740, stack(0x000000b782700000,0x000000b782800000)]
  0x0000020ab558f820 JavaThread "Unconstrained build operations Thread 27" [_thread_blocked, id=9660, stack(0x000000b782800000,0x000000b782900000)]
  0x0000020ab558fcf0 JavaThread "Unconstrained build operations Thread 28" [_thread_blocked, id=21312, stack(0x000000b782900000,0x000000b782a00000)]
  0x0000020ab55901c0 JavaThread "Unconstrained build operations Thread 29" [_thread_blocked, id=14152, stack(0x000000b782a00000,0x000000b782b00000)]
  0x0000020ab5592370 JavaThread "Unconstrained build operations Thread 30" [_thread_blocked, id=3500, stack(0x000000b782b00000,0x000000b782c00000)]
  0x0000020ab5590690 JavaThread "Unconstrained build operations Thread 31" [_thread_blocked, id=27348, stack(0x000000b782c00000,0x000000b782d00000)]
  0x0000020ab5592d10 JavaThread "Unconstrained build operations Thread 32" [_thread_blocked, id=24956, stack(0x000000b782d00000,0x000000b782e00000)]
  0x0000020ab5590b60 JavaThread "Unconstrained build operations Thread 33" [_thread_blocked, id=26360, stack(0x000000b782e00000,0x000000b782f00000)]
  0x0000020ab5592840 JavaThread "Unconstrained build operations Thread 34" [_thread_blocked, id=15160, stack(0x000000b782f00000,0x000000b783000000)]
  0x0000020ab5591030 JavaThread "Unconstrained build operations Thread 35" [_thread_blocked, id=15664, stack(0x000000b783000000,0x000000b783100000)]
  0x0000020ab55931e0 JavaThread "Unconstrained build operations Thread 36" [_thread_blocked, id=13840, stack(0x000000b783100000,0x000000b783200000)]
  0x0000020ab5591500 JavaThread "Unconstrained build operations Thread 37" [_thread_blocked, id=26616, stack(0x000000b783200000,0x000000b783300000)]
  0x0000020ab55919d0 JavaThread "Unconstrained build operations Thread 38" [_thread_blocked, id=18792, stack(0x000000b783300000,0x000000b783400000)]
  0x0000020ab36aafd0 JavaThread "Unconstrained build operations Thread 39" [_thread_blocked, id=15316, stack(0x000000b783400000,0x000000b783500000)]
  0x0000020ab36aa160 JavaThread "Unconstrained build operations Thread 40" [_thread_blocked, id=21204, stack(0x000000b783500000,0x000000b783600000)]
  0x0000020ab7e3c060 JavaThread "included builds" [_thread_blocked, id=26608, stack(0x000000b783600000,0x000000b783700000)]
  0x0000020ab7e3ca00 JavaThread "Execution worker" [_thread_blocked, id=17844, stack(0x000000b783700000,0x000000b783800000)]
  0x0000020ab7e3d870 JavaThread "Execution worker Thread 2" [_thread_blocked, id=5212, stack(0x000000b783800000,0x000000b783900000)]
  0x0000020ab7e3ced0 JavaThread "Execution worker Thread 3" [_thread_blocked, id=25584, stack(0x000000b783900000,0x000000b783a00000)]
  0x0000020ab7e3d3a0 JavaThread "Execution worker Thread 4" [_thread_blocked, id=23136, stack(0x000000b783a00000,0x000000b783b00000)]
  0x0000020ab7e3dd40 JavaThread "Execution worker Thread 5" [_thread_blocked, id=21528, stack(0x000000b783b00000,0x000000b783c00000)]
  0x0000020ab7e3e210 JavaThread "Execution worker Thread 6" [_thread_blocked, id=24408, stack(0x000000b783c00000,0x000000b783d00000)]
  0x0000020ab7e3ebb0 JavaThread "Execution worker Thread 7" [_thread_blocked, id=27256, stack(0x000000b783d00000,0x000000b783e00000)]
  0x0000020ab7e3e6e0 JavaThread "Cache worker for execution history cache (D:\WorkspaceAsif\Android\LunaRing\buildSrc\.gradle\7.5\executionHistory)" [_thread_blocked, id=16564, stack(0x000000b783e00000,0x000000b783f00000)]
  0x0000020ab7e3f080 JavaThread "Unconstrained build operations Thread 41" [_thread_blocked, id=19204, stack(0x000000b783f00000,0x000000b784000000)]
  0x0000020ab7e3f550 JavaThread "Unconstrained build operations Thread 42" [_thread_blocked, id=22052, stack(0x000000b784000000,0x000000b784100000)]
  0x0000020ab83bca60 JavaThread "Unconstrained build operations Thread 43" [_thread_blocked, id=24848, stack(0x000000b784100000,0x000000b784200000)]
  0x0000020ab83bd400 JavaThread "Unconstrained build operations Thread 44" [_thread_blocked, id=16848, stack(0x000000b784200000,0x000000b784300000)]
  0x0000020ab83be270 JavaThread "Unconstrained build operations Thread 45" [_thread_blocked, id=23868, stack(0x000000b784300000,0x000000b784400000)]
  0x0000020ab83ba8b0 JavaThread "Unconstrained build operations Thread 46" [_thread_blocked, id=21752, stack(0x000000b784400000,0x000000b784500000)]
  0x0000020ab83bad80 JavaThread "Unconstrained build operations Thread 47" [_thread_blocked, id=15920, stack(0x000000b784500000,0x000000b784600000)]
  0x0000020ab83bd8d0 JavaThread "Unconstrained build operations Thread 48" [_thread_blocked, id=23172, stack(0x000000b784600000,0x000000b784700000)]
  0x0000020ab83bc0c0 JavaThread "Unconstrained build operations Thread 49" [_thread_blocked, id=13248, stack(0x000000b784700000,0x000000b784800000)]
  0x0000020ab83bb250 JavaThread "Unconstrained build operations Thread 50" [_thread_blocked, id=14572, stack(0x000000b784800000,0x000000b784900000)]
  0x0000020ab83bb720 JavaThread "Unconstrained build operations Thread 51" [_thread_blocked, id=16768, stack(0x000000b784900000,0x000000b784a00000)]
  0x0000020ab83bcf30 JavaThread "Unconstrained build operations Thread 52" [_thread_blocked, id=12728, stack(0x000000b784a00000,0x000000b784b00000)]
  0x0000020ab83bbbf0 JavaThread "Unconstrained build operations Thread 53" [_thread_blocked, id=24500, stack(0x000000b784b00000,0x000000b784c00000)]
  0x0000020ab83bc590 JavaThread "Unconstrained build operations Thread 54" [_thread_blocked, id=18768, stack(0x000000b784c00000,0x000000b784d00000)]
  0x0000020ab83bdda0 JavaThread "Unconstrained build operations Thread 55" [_thread_blocked, id=21424, stack(0x000000b784d00000,0x000000b784e00000)]
  0x0000020abc1a99b0 JavaThread "Unconstrained build operations Thread 56" [_thread_blocked, id=11036, stack(0x000000b784e00000,0x000000b784f00000)]
  0x0000020abc1aa350 JavaThread "Unconstrained build operations Thread 57" [_thread_blocked, id=8140, stack(0x000000b784f00000,0x000000b785000000)]
  0x0000020abc1aacf0 JavaThread "Unconstrained build operations Thread 58" [_thread_blocked, id=5720, stack(0x000000b785000000,0x000000b785100000)]
  0x0000020abc1a9e80 JavaThread "Unconstrained build operations Thread 59" [_thread_blocked, id=21996, stack(0x000000b785100000,0x000000b785200000)]
  0x0000020abf446560 JavaThread "Unconstrained build operations Thread 60" [_thread_blocked, id=18492, stack(0x000000b785200000,0x000000b785300000)]
  0x0000020abf446f00 JavaThread "Unconstrained build operations Thread 61" [_thread_blocked, id=23356, stack(0x000000b785300000,0x000000b785400000)]
  0x0000020ab5001250 JavaThread "Cache worker for Build Output Cleanup Cache (D:\WorkspaceAsif\Android\LunaRing\.gradle\buildOutputCleanup)" [_thread_blocked, id=5324, stack(0x000000b785400000,0x000000b785500000)]
  0x0000020ab5001720 JavaThread "Unconstrained build operations Thread 62" [_thread_blocked, id=9144, stack(0x000000b785500000,0x000000b785600000)]
  0x0000020ab5001bf0 JavaThread "Unconstrained build operations Thread 63" [_thread_blocked, id=14324, stack(0x000000b785600000,0x000000b785700000)]
  0x0000020abf0371b0 JavaThread "Unconstrained build operations Thread 64" [_thread_blocked, id=18512, stack(0x000000b785700000,0x000000b785800000)]
  0x0000020abf034b30 JavaThread "Unconstrained build operations Thread 65" [_thread_blocked, id=24800, stack(0x000000b785800000,0x000000b785900000)]
  0x0000020abf035e70 JavaThread "Unconstrained build operations Thread 66" [_thread_blocked, id=24160, stack(0x000000b785900000,0x000000b785a00000)]
  0x0000020abf035000 JavaThread "Unconstrained build operations Thread 67" [_thread_blocked, id=24636, stack(0x000000b785a00000,0x000000b785b00000)]
  0x0000020abf0337f0 JavaThread "Unconstrained build operations Thread 68" [_thread_blocked, id=17364, stack(0x000000b785b00000,0x000000b785c00000)]
  0x0000020abf0354d0 JavaThread "Unconstrained build operations Thread 69" [_thread_blocked, id=14656, stack(0x000000b785c00000,0x000000b785d00000)]
  0x0000020abf036810 JavaThread "Unconstrained build operations Thread 70" [_thread_blocked, id=25380, stack(0x000000b785d00000,0x000000b785e00000)]
  0x0000020abf034660 JavaThread "Unconstrained build operations Thread 71" [_thread_blocked, id=25400, stack(0x000000b785e00000,0x000000b785f00000)]
  0x0000020abf036340 JavaThread "Unconstrained build operations Thread 72" [_thread_blocked, id=9864, stack(0x000000b785f00000,0x000000b786000000)]
  0x0000020abf0359a0 JavaThread "Unconstrained build operations Thread 73" [_thread_blocked, id=648, stack(0x000000b786000000,0x000000b786100000)]
  0x0000020abf036ce0 JavaThread "Unconstrained build operations Thread 74" [_thread_blocked, id=18996, stack(0x000000b786100000,0x000000b786200000)]
  0x0000020abf033cc0 JavaThread "Unconstrained build operations Thread 75" [_thread_blocked, id=23780, stack(0x000000b786200000,0x000000b786300000)]
  0x0000020abf034190 JavaThread "Unconstrained build operations Thread 76" [_thread_blocked, id=23772, stack(0x000000b786300000,0x000000b786400000)]
  0x0000020ab76ba2d0 JavaThread "Unconstrained build operations Thread 77" [_thread_blocked, id=21616, stack(0x000000b786400000,0x000000b786500000)]
  0x0000020ab76bbfb0 JavaThread "Unconstrained build operations Thread 78" [_thread_blocked, id=22940, stack(0x000000b786500000,0x000000b786600000)]
  0x0000020ab76bce20 JavaThread "Unconstrained build operations Thread 79" [_thread_blocked, id=11404, stack(0x000000b786600000,0x000000b786700000)]
  0x0000020ab76bbae0 JavaThread "Unconstrained build operations Thread 80" [_thread_blocked, id=21552, stack(0x000000b786700000,0x000000b786800000)]
  0x0000020abf3c5f80 JavaThread "build event listener" [_thread_blocked, id=18120, stack(0x000000b786800000,0x000000b786900000)]
  0x0000020abf448be0 JavaThread "pool-6-thread-1" [_thread_blocked, id=5668, stack(0x000000b786c00000,0x000000b786d00000)]
  0x0000020abf448710 JavaThread "build event listener" [_thread_blocked, id=27560, stack(0x000000b786d00000,0x000000b786e00000)]
  0x0000020abf3c55e0 JavaThread "Cache worker for execution history cache (D:\WorkspaceAsif\Android\LunaRing\.gradle\7.5\executionHistory)" [_thread_blocked, id=23448, stack(0x000000b786e00000,0x000000b786f00000)]
  0x0000020ab36a7fb0 JavaThread "WorkerExecutor Queue Thread 3" [_thread_blocked, id=24016, stack(0x000000b787100000,0x000000b787200000)]
  0x0000020ac0538b00 JavaThread "WorkerExecutor Queue Thread 4" [_thread_blocked, id=23872, stack(0x000000b787200000,0x000000b787300000)]
  0x0000020abc1aa820 JavaThread "WorkerExecutor Queue Thread 5" [_thread_blocked, id=26084, stack(0x000000b787300000,0x000000b787400000)]
  0x0000020abf448240 JavaThread "WorkerExecutor Queue Thread 6" [_thread_blocked, id=17516, stack(0x000000b787400000,0x000000b787500000)]
  0x0000020ac0fd7cb0 JavaThread "WorkerExecutor Queue Thread 7" [_thread_blocked, id=22596, stack(0x000000b787500000,0x000000b787600000)]
  0x0000020ac06c8870 JavaThread "WorkerExecutor Queue Thread 8" [_thread_blocked, id=24752, stack(0x000000b787600000,0x000000b787700000)]
  0x0000020abc1ac030 JavaThread "Cache worker for Java compile cache (C:\Users\Asif\.gradle\caches\7.5\javaCompile)" [_thread_blocked, id=15136, stack(0x000000b787800000,0x000000b787900000)]
  0x0000020ac06c83a0 JavaThread "Java2D Disposer" daemon [_thread_blocked, id=7612, stack(0x000000b787900000,0x000000b787a00000)]
  0x0000020ab36a8e20 JavaThread "RMI Scheduler(0)" daemon [_thread_blocked, id=24612, stack(0x000000b787a00000,0x000000b787b00000)]
  0x0000020abc518e40 JavaThread "RMI GC Daemon" daemon [_thread_blocked, id=25828, stack(0x000000b787d00000,0x000000b787e00000)]
  0x0000020ab76bd2f0 JavaThread "AWT-Windows" daemon [_thread_in_native, id=10956, stack(0x000000b787e00000,0x000000b787f00000)]
  0x0000020ab36a97c0 JavaThread "RMI TCP Accept-0" daemon [_thread_in_native, id=7620, stack(0x000000b787f00000,0x000000b788000000)]
  0x0000020abbeba630 JavaThread "RMI Reaper" [_thread_blocked, id=26896, stack(0x000000b788000000,0x000000b788100000)]
  0x0000020aba442ae0 JavaThread "RMI TCP Connection(idle)" daemon [_thread_blocked, id=21724, stack(0x000000b787000000,0x000000b787100000)]
  0x0000020ac0fd8650 JavaThread "WorkerExecutor Queue Thread 10" [_thread_blocked, id=20556, stack(0x000000b787c00000,0x000000b787d00000)]
  0x0000020aba440e00 JavaThread "Build operations" [_thread_blocked, id=24580, stack(0x000000b788100000,0x000000b788200000)]
  0x0000020aba445b00 JavaThread "Build operations Thread 2" [_thread_blocked, id=16696, stack(0x000000b788200000,0x000000b788300000)]
  0x0000020aba441c70 JavaThread "Build operations Thread 3" [_thread_blocked, id=25368, stack(0x000000b788300000,0x000000b788400000)]
  0x0000020aba444c90 JavaThread "Build operations Thread 4" [_thread_blocked, id=8024, stack(0x000000b788400000,0x000000b788500000)]
  0x0000020aba445160 JavaThread "Build operations Thread 5" [_thread_blocked, id=26692, stack(0x000000b788500000,0x000000b788600000)]
  0x0000020aba4442f0 JavaThread "Build operations Thread 6" [_thread_blocked, id=18028, stack(0x000000b788600000,0x000000b788700000)]
  0x0000020aba447310 JavaThread "Build operations Thread 7" [_thread_blocked, id=17332, stack(0x000000b788700000,0x000000b788800000)]
  0x0000020aba43fac0 JavaThread "Build operations Thread 8" [_thread_blocked, id=11800, stack(0x000000b788800000,0x000000b788900000)]
  0x0000020ac13c9a30 JavaThread "RMI TCP Connection(idle)" daemon [_thread_blocked, id=12420, stack(0x000000b788900000,0x000000b788a00000)]
  0x0000020ac053bb20 JavaThread "WorkerExecutor Queue Thread 11" [_thread_blocked, id=18928, stack(0x000000b788c00000,0x000000b788d00000)]
  0x0000020abbeb9c90 JavaThread "pool-7-thread-1" [_thread_blocked, id=17452, stack(0x000000b788d00000,0x000000b788e00000)]
  0x0000020ac0fd6970 JavaThread "stderr" [_thread_in_native, id=1828, stack(0x000000b788e00000,0x000000b788f00000)]
  0x0000020ac0fd5160 JavaThread "stdout" [_thread_in_native, id=10300, stack(0x000000b788f00000,0x000000b789000000)]
  0x0000020ac0539e40 JavaThread "RMI TCP Connection(idle)" daemon [_thread_blocked, id=19888, stack(0x000000b786f00000,0x000000b787000000)]
  0x0000020aba446e40 JavaThread "RMI TCP Connection(8)-127.0.0.1" daemon [_thread_in_native, id=24644, stack(0x000000b787700000,0x000000b787800000)]

Other Threads:
=>0x0000020ab1c42990 VMThread "VM Thread" [stack: 0x000000b7f7700000,0x000000b7f7800000] [id=18336]
  0x0000020ab1e31630 WatcherThread [stack: 0x000000b7f8300000,0x000000b7f8400000] [id=8936]
  0x0000020a9121d020 GCTaskThread "GC Thread#0" [stack: 0x000000b7f7200000,0x000000b7f7300000] [id=6180]
  0x0000020ab31f71d0 GCTaskThread "GC Thread#1" [stack: 0x000000b7f8500000,0x000000b7f8600000] [id=19864]
  0x0000020ab31f7480 GCTaskThread "GC Thread#2" [stack: 0x000000b7f8600000,0x000000b7f8700000] [id=21248]
  0x0000020ab31f7730 GCTaskThread "GC Thread#3" [stack: 0x000000b7f8700000,0x000000b7f8800000] [id=27640]
  0x0000020ab33118d0 GCTaskThread "GC Thread#4" [stack: 0x000000b7f8800000,0x000000b7f8900000] [id=2356]
  0x0000020ab3311b80 GCTaskThread "GC Thread#5" [stack: 0x000000b7f8900000,0x000000b7f8a00000] [id=15500]
  0x0000020ab3e043f0 GCTaskThread "GC Thread#6" [stack: 0x000000b7f9600000,0x000000b7f9700000] [id=6608]
  0x0000020ab3e046a0 GCTaskThread "GC Thread#7" [stack: 0x000000b7f9700000,0x000000b7f9800000] [id=12780]
  0x0000020a9122de00 ConcurrentGCThread "G1 Main Marker" [stack: 0x000000b7f7300000,0x000000b7f7400000] [id=24260]
  0x0000020a9122e6b0 ConcurrentGCThread "G1 Conc#0" [stack: 0x000000b7f7400000,0x000000b7f7500000] [id=3628]
  0x0000020ab507be60 ConcurrentGCThread "G1 Conc#1" [stack: 0x000000b7f9800000,0x000000b7f9900000] [id=16596]
  0x0000020ab1876090 ConcurrentGCThread "G1 Refine#0" [stack: 0x000000b7f7500000,0x000000b7f7600000] [id=16244]
  0x0000020ab54a9fc0 ConcurrentGCThread "G1 Refine#1" [stack: 0x000000b7fa500000,0x000000b7fa600000] [id=6200]
  0x0000020ab54aa2a0 ConcurrentGCThread "G1 Refine#2" [stack: 0x000000b7fa600000,0x000000b7fa700000] [id=9188]
  0x0000020ab8616ae0 ConcurrentGCThread "G1 Refine#3" [stack: 0x000000b786b00000,0x000000b786c00000] [id=16464]
  0x0000020ab7778c90 ConcurrentGCThread "G1 Refine#4" [stack: 0x000000b788a00000,0x000000b788b00000] [id=11288]
  0x0000020ab777b7b0 ConcurrentGCThread "G1 Refine#5" [stack: 0x000000b788b00000,0x000000b788c00000] [id=14388]
  0x0000020ab1876950 ConcurrentGCThread "G1 Service" [stack: 0x000000b7f7600000,0x000000b7f7700000] [id=16392]

Threads with active compile tasks:

VM state: at safepoint (normal execution)

VM Mutex/Monitor currently owned by a thread:  ([mutex/lock_event])
[0x0000020a9104a560] Threads_lock - owner thread: 0x0000020ab1c42990
[0x0000020a9104ab00] Heap_lock - owner thread: 0x0000020ab36a7fb0

Heap address: 0x0000000700000000, size: 4096 MB, Compressed Oops mode: Zero based, Oop shift amount: 3

CDS archive(s) not mapped
Compressed class space mapped at: 0x0000000800000000-0x0000000840000000, reserved size: 1073741824
Narrow klass base: 0x0000000800000000, Narrow klass shift: 0, Narrow klass range: 0x40000000

GC Precious Log:
 CPUs: 8 total, 8 available
 Memory: 16126M
 Large Page Support: Disabled
 NUMA Support: Disabled
 Compressed Oops: Enabled (Zero based)
 Heap Region Size: 2M
 Heap Min Capacity: 8M
 Heap Initial Capacity: 252M
 Heap Max Capacity: 4G
 Pre-touch: Disabled
 Parallel Workers: 8
 Concurrent Workers: 2
 Concurrent Refinement Workers: 8
 Periodic GC: Disabled

Heap:
 garbage-first heap   total 1447936K, used 1002304K [0x0000000700000000, 0x0000000800000000)
  region size 2048K, 11 young (22528K), 11 survivors (22528K)
 Metaspace       used 227213K, committed 229248K, reserved 1253376K
  class space    used 28625K, committed 29568K, reserved 1048576K

Heap Regions: E=young(eden), S=young(survivor), O=old, HS=humongous(starts), HC=humongous(continues), CS=collection set, F=free, OA=open archive, CA=closed archive, TAMS=top-at-mark-start (previous, next)
|   0|0x0000000700000000, 0x0000000700200000, 0x0000000700200000|100%| O|  |TAMS 0x0000000700200000, 0x0000000700000000| Untracked 
|   1|0x0000000700200000, 0x00000007003d0200, 0x0000000700400000| 90%| O|  |TAMS 0x00000007003d0200, 0x0000000700200000| Untracked 
|   2|0x0000000700400000, 0x0000000700600000, 0x0000000700600000|100%|HS|  |TAMS 0x0000000700600000, 0x0000000700400000| Complete 
|   3|0x0000000700600000, 0x0000000700800000, 0x0000000700800000|100%|HC|  |TAMS 0x0000000700800000, 0x0000000700600000| Complete 
|   4|0x0000000700800000, 0x0000000700a00000, 0x0000000700a00000|100%| O|  |TAMS 0x0000000700a00000, 0x0000000700800000| Untracked 
|   5|0x0000000700a00000, 0x0000000700c00000, 0x0000000700c00000|100%| O|  |TAMS 0x0000000700c00000, 0x0000000700a00000| Untracked 
|   6|0x0000000700c00000, 0x0000000700e00000, 0x0000000700e00000|100%| O|  |TAMS 0x0000000700e00000, 0x0000000700c00000| Untracked 
|   7|0x0000000700e00000, 0x0000000701000000, 0x0000000701000000|100%| O|  |TAMS 0x0000000701000000, 0x0000000700e00000| Untracked 
|   8|0x0000000701000000, 0x0000000701200000, 0x0000000701200000|100%| O|  |TAMS 0x0000000701200000, 0x0000000701000000| Untracked 
|   9|0x0000000701200000, 0x0000000701400000, 0x0000000701400000|100%| O|  |TAMS 0x0000000701400000, 0x0000000701200000| Untracked 
|  10|0x0000000701400000, 0x0000000701600000, 0x0000000701600000|100%| O|  |TAMS 0x0000000701600000, 0x0000000701400000| Untracked 
|  11|0x0000000701600000, 0x0000000701800000, 0x0000000701800000|100%| O|  |TAMS 0x0000000701800000, 0x0000000701600000| Untracked 
|  12|0x0000000701800000, 0x0000000701a00000, 0x0000000701a00000|100%| O|  |TAMS 0x0000000701a00000, 0x0000000701800000| Untracked 
|  13|0x0000000701a00000, 0x0000000701c00000, 0x0000000701c00000|100%| O|  |TAMS 0x0000000701c00000, 0x0000000701a00000| Untracked 
|  14|0x0000000701c00000, 0x0000000701e00000, 0x0000000701e00000|100%| O|  |TAMS 0x0000000701e00000, 0x0000000701c00000| Untracked 
|  15|0x0000000701e00000, 0x0000000702000000, 0x0000000702000000|100%|HS|  |TAMS 0x0000000702000000, 0x0000000701e00000| Complete 
|  16|0x0000000702000000, 0x0000000702200000, 0x0000000702200000|100%|HC|  |TAMS 0x0000000702200000, 0x0000000702000000| Complete 
|  17|0x0000000702200000, 0x0000000702400000, 0x0000000702400000|100%| O|  |TAMS 0x0000000702400000, 0x0000000702200000| Untracked 
|  18|0x0000000702400000, 0x0000000702600000, 0x0000000702600000|100%| O|  |TAMS 0x0000000702600000, 0x0000000702400000| Untracked 
|  19|0x0000000702600000, 0x0000000702800000, 0x0000000702800000|100%| O|  |TAMS 0x0000000702800000, 0x0000000702600000| Untracked 
|  20|0x0000000702800000, 0x0000000702a00000, 0x0000000702a00000|100%| O|  |TAMS 0x0000000702a00000, 0x0000000702800000| Untracked 
|  21|0x0000000702a00000, 0x0000000702c00000, 0x0000000702c00000|100%| O|  |TAMS 0x0000000702c00000, 0x0000000702a00000| Untracked 
|  22|0x0000000702c00000, 0x0000000702e00000, 0x0000000702e00000|100%|HS|  |TAMS 0x0000000702e00000, 0x0000000702c00000| Complete 
|  23|0x0000000702e00000, 0x0000000703000000, 0x0000000703000000|100%|HC|  |TAMS 0x0000000703000000, 0x0000000702e00000| Complete 
|  24|0x0000000703000000, 0x0000000703200000, 0x0000000703200000|100%| O|  |TAMS 0x0000000703000000, 0x0000000703000000| Untracked 
|  25|0x0000000703200000, 0x0000000703400000, 0x0000000703400000|100%| O|  |TAMS 0x0000000703400000, 0x0000000703200000| Untracked 
|  26|0x0000000703400000, 0x0000000703600000, 0x0000000703600000|100%| O|  |TAMS 0x0000000703600000, 0x0000000703400000| Untracked 
|  27|0x0000000703600000, 0x0000000703800000, 0x0000000703800000|100%| O|  |TAMS 0x0000000703600000, 0x0000000703600000| Untracked 
|  28|0x0000000703800000, 0x0000000703a00000, 0x0000000703a00000|100%|HS|  |TAMS 0x0000000703a00000, 0x0000000703800000| Complete 
|  29|0x0000000703a00000, 0x0000000703c00000, 0x0000000703c00000|100%|HC|  |TAMS 0x0000000703c00000, 0x0000000703a00000| Complete 
|  30|0x0000000703c00000, 0x0000000703e00000, 0x0000000703e00000|100%| O|  |TAMS 0x0000000703e00000, 0x0000000703c00000| Untracked 
|  31|0x0000000703e00000, 0x0000000704000000, 0x0000000704000000|100%| O|  |TAMS 0x0000000704000000, 0x0000000703e00000| Untracked 
|  32|0x0000000704000000, 0x0000000704200000, 0x0000000704200000|100%| O|  |TAMS 0x0000000704200000, 0x0000000704000000| Untracked 
|  33|0x0000000704200000, 0x0000000704400000, 0x0000000704400000|100%| O|  |TAMS 0x0000000704200000, 0x0000000704200000| Untracked 
|  34|0x0000000704400000, 0x0000000704600000, 0x0000000704600000|100%| O|  |TAMS 0x0000000704600000, 0x0000000704400000| Untracked 
|  35|0x0000000704600000, 0x0000000704800000, 0x0000000704800000|100%| O|  |TAMS 0x0000000704800000, 0x0000000704600000| Untracked 
|  36|0x0000000704800000, 0x0000000704a00000, 0x0000000704a00000|100%| O|  |TAMS 0x0000000704a00000, 0x0000000704800000| Untracked 
|  37|0x0000000704a00000, 0x0000000704c00000, 0x0000000704c00000|100%| O|  |TAMS 0x0000000704c00000, 0x0000000704a00000| Untracked 
|  38|0x0000000704c00000, 0x0000000704e00000, 0x0000000704e00000|100%| O|  |TAMS 0x0000000704e00000, 0x0000000704c00000| Untracked 
|  39|0x0000000704e00000, 0x0000000705000000, 0x0000000705000000|100%| O|  |TAMS 0x0000000705000000, 0x0000000704e00000| Untracked 
|  40|0x0000000705000000, 0x0000000705200000, 0x0000000705200000|100%| O|  |TAMS 0x0000000705200000, 0x0000000705000000| Untracked 
|  41|0x0000000705200000, 0x0000000705400000, 0x0000000705400000|100%| O|  |TAMS 0x0000000705400000, 0x0000000705200000| Untracked 
|  42|0x0000000705400000, 0x0000000705600000, 0x0000000705600000|100%| O|  |TAMS 0x0000000705600000, 0x0000000705400000| Untracked 
|  43|0x0000000705600000, 0x0000000705800000, 0x0000000705800000|100%| O|  |TAMS 0x0000000705800000, 0x0000000705600000| Untracked 
|  44|0x0000000705800000, 0x0000000705a00000, 0x0000000705a00000|100%| O|  |TAMS 0x0000000705a00000, 0x0000000705800000| Untracked 
|  45|0x0000000705a00000, 0x0000000705c00000, 0x0000000705c00000|100%| O|  |TAMS 0x0000000705c00000, 0x0000000705a00000| Untracked 
|  46|0x0000000705c00000, 0x0000000705e00000, 0x0000000705e00000|100%| O|  |TAMS 0x0000000705e00000, 0x0000000705c00000| Untracked 
|  47|0x0000000705e00000, 0x0000000706000000, 0x0000000706000000|100%| O|  |TAMS 0x0000000705e00000, 0x0000000705e00000| Untracked 
|  48|0x0000000706000000, 0x0000000706200000, 0x0000000706200000|100%| O|  |TAMS 0x0000000706000000, 0x0000000706000000| Untracked 
|  49|0x0000000706200000, 0x0000000706400000, 0x0000000706400000|100%| O|  |TAMS 0x0000000706400000, 0x0000000706200000| Untracked 
|  50|0x0000000706400000, 0x0000000706600000, 0x0000000706600000|100%| O|  |TAMS 0x0000000706600000, 0x0000000706400000| Untracked 
|  51|0x0000000706600000, 0x0000000706800000, 0x0000000706800000|100%| O|  |TAMS 0x0000000706800000, 0x0000000706600000| Untracked 
|  52|0x0000000706800000, 0x0000000706a00000, 0x0000000706a00000|100%| O|  |TAMS 0x0000000706a00000, 0x0000000706800000| Untracked 
|  53|0x0000000706a00000, 0x0000000706c00000, 0x0000000706c00000|100%| O|  |TAMS 0x0000000706c00000, 0x0000000706a00000| Untracked 
|  54|0x0000000706c00000, 0x0000000706e00000, 0x0000000706e00000|100%| O|  |TAMS 0x0000000706e00000, 0x0000000706c00000| Untracked 
|  55|0x0000000706e00000, 0x0000000707000000, 0x0000000707000000|100%| O|  |TAMS 0x0000000707000000, 0x0000000706e00000| Untracked 
|  56|0x0000000707000000, 0x0000000707200000, 0x0000000707200000|100%| O|  |TAMS 0x0000000707200000, 0x0000000707000000| Untracked 
|  57|0x0000000707200000, 0x0000000707400000, 0x0000000707400000|100%| O|  |TAMS 0x0000000707200000, 0x0000000707200000| Untracked 
|  58|0x0000000707400000, 0x0000000707600000, 0x0000000707600000|100%| O|  |TAMS 0x0000000707400000, 0x0000000707400000| Untracked 
|  59|0x0000000707600000, 0x0000000707800000, 0x0000000707800000|100%| O|  |TAMS 0x0000000707800000, 0x0000000707600000| Untracked 
|  60|0x0000000707800000, 0x0000000707a00000, 0x0000000707a00000|100%| O|  |TAMS 0x0000000707800000, 0x0000000707800000| Untracked 
|  61|0x0000000707a00000, 0x0000000707c00000, 0x0000000707c00000|100%| O|  |TAMS 0x0000000707c00000, 0x0000000707a00000| Untracked 
|  62|0x0000000707c00000, 0x0000000707e00000, 0x0000000707e00000|100%| O|  |TAMS 0x0000000707e00000, 0x0000000707c00000| Untracked 
|  63|0x0000000707e00000, 0x0000000708000000, 0x0000000708000000|100%| O|  |TAMS 0x0000000708000000, 0x0000000707e00000| Untracked 
|  64|0x0000000708000000, 0x0000000708200000, 0x0000000708200000|100%| O|  |TAMS 0x0000000708200000, 0x0000000708000000| Untracked 
|  65|0x0000000708200000, 0x0000000708400000, 0x0000000708400000|100%| O|  |TAMS 0x0000000708200000, 0x0000000708200000| Untracked 
|  66|0x0000000708400000, 0x0000000708600000, 0x0000000708600000|100%| O|  |TAMS 0x0000000708600000, 0x0000000708400000| Untracked 
|  67|0x0000000708600000, 0x0000000708800000, 0x0000000708800000|100%| O|  |TAMS 0x0000000708800000, 0x0000000708600000| Untracked 
|  68|0x0000000708800000, 0x0000000708a00000, 0x0000000708a00000|100%| O|  |TAMS 0x0000000708a00000, 0x0000000708800000| Untracked 
|  69|0x0000000708a00000, 0x0000000708c00000, 0x0000000708c00000|100%| O|  |TAMS 0x0000000708c00000, 0x0000000708a00000| Untracked 
|  70|0x0000000708c00000, 0x0000000708e00000, 0x0000000708e00000|100%| O|  |TAMS 0x0000000708e00000, 0x0000000708c00000| Untracked 
|  71|0x0000000708e00000, 0x0000000709000000, 0x0000000709000000|100%| O|  |TAMS 0x0000000709000000, 0x0000000708e00000| Untracked 
|  72|0x0000000709000000, 0x0000000709200000, 0x0000000709200000|100%| O|  |TAMS 0x0000000709200000, 0x0000000709000000| Untracked 
|  73|0x0000000709200000, 0x0000000709400000, 0x0000000709400000|100%| O|  |TAMS 0x0000000709400000, 0x0000000709200000| Untracked 
|  74|0x0000000709400000, 0x0000000709600000, 0x0000000709600000|100%| O|  |TAMS 0x0000000709600000, 0x0000000709400000| Untracked 
|  75|0x0000000709600000, 0x0000000709800000, 0x0000000709800000|100%| O|  |TAMS 0x0000000709800000, 0x0000000709600000| Untracked 
|  76|0x0000000709800000, 0x0000000709a00000, 0x0000000709a00000|100%| O|  |TAMS 0x0000000709a00000, 0x0000000709800000| Untracked 
|  77|0x0000000709a00000, 0x0000000709c00000, 0x0000000709c00000|100%| O|  |TAMS 0x0000000709c00000, 0x0000000709a00000| Untracked 
|  78|0x0000000709c00000, 0x0000000709e00000, 0x0000000709e00000|100%| O|  |TAMS 0x0000000709e00000, 0x0000000709c00000| Untracked 
|  79|0x0000000709e00000, 0x000000070a000000, 0x000000070a000000|100%| O|  |TAMS 0x000000070a000000, 0x0000000709e00000| Untracked 
|  80|0x000000070a000000, 0x000000070a200000, 0x000000070a200000|100%| O|  |TAMS 0x000000070a200000, 0x000000070a000000| Untracked 
|  81|0x000000070a200000, 0x000000070a400000, 0x000000070a400000|100%| O|  |TAMS 0x000000070a400000, 0x000000070a200000| Untracked 
|  82|0x000000070a400000, 0x000000070a600000, 0x000000070a600000|100%| O|  |TAMS 0x000000070a400000, 0x000000070a400000| Untracked 
|  83|0x000000070a600000, 0x000000070a800000, 0x000000070a800000|100%| O|  |TAMS 0x000000070a800000, 0x000000070a600000| Untracked 
|  84|0x000000070a800000, 0x000000070aa00000, 0x000000070aa00000|100%| O|  |TAMS 0x000000070aa00000, 0x000000070a800000| Untracked 
|  85|0x000000070aa00000, 0x000000070ac00000, 0x000000070ac00000|100%| O|  |TAMS 0x000000070ac00000, 0x000000070aa00000| Untracked 
|  86|0x000000070ac00000, 0x000000070ae00000, 0x000000070ae00000|100%| O|  |TAMS 0x000000070ae00000, 0x000000070ac00000| Untracked 
|  87|0x000000070ae00000, 0x000000070b000000, 0x000000070b000000|100%| O|  |TAMS 0x000000070b000000, 0x000000070ae00000| Untracked 
|  88|0x000000070b000000, 0x000000070b200000, 0x000000070b200000|100%| O|  |TAMS 0x000000070b200000, 0x000000070b000000| Untracked 
|  89|0x000000070b200000, 0x000000070b400000, 0x000000070b400000|100%| O|  |TAMS 0x000000070b400000, 0x000000070b200000| Untracked 
|  90|0x000000070b400000, 0x000000070b600000, 0x000000070b600000|100%| O|  |TAMS 0x000000070b600000, 0x000000070b400000| Untracked 
|  91|0x000000070b600000, 0x000000070b800000, 0x000000070b800000|100%| O|  |TAMS 0x000000070b800000, 0x000000070b600000| Untracked 
|  92|0x000000070b800000, 0x000000070ba00000, 0x000000070ba00000|100%| O|  |TAMS 0x000000070ba00000, 0x000000070b800000| Untracked 
|  93|0x000000070ba00000, 0x000000070bc00000, 0x000000070bc00000|100%| O|  |TAMS 0x000000070bc00000, 0x000000070ba00000| Untracked 
|  94|0x000000070bc00000, 0x000000070be00000, 0x000000070be00000|100%| O|  |TAMS 0x000000070be00000, 0x000000070bc00000| Untracked 
|  95|0x000000070be00000, 0x000000070c000000, 0x000000070c000000|100%| O|  |TAMS 0x000000070c000000, 0x000000070be00000| Untracked 
|  96|0x000000070c000000, 0x000000070c200000, 0x000000070c200000|100%| O|  |TAMS 0x000000070c000000, 0x000000070c000000| Untracked 
|  97|0x000000070c200000, 0x000000070c400000, 0x000000070c400000|100%| O|  |TAMS 0x000000070c400000, 0x000000070c200000| Untracked 
|  98|0x000000070c400000, 0x000000070c600000, 0x000000070c600000|100%| O|  |TAMS 0x000000070c600000, 0x000000070c400000| Untracked 
|  99|0x000000070c600000, 0x000000070c800000, 0x000000070c800000|100%| O|  |TAMS 0x000000070c600000, 0x000000070c600000| Untracked 
| 100|0x000000070c800000, 0x000000070ca00000, 0x000000070ca00000|100%| O|  |TAMS 0x000000070c800000, 0x000000070c800000| Untracked 
| 101|0x000000070ca00000, 0x000000070cc00000, 0x000000070cc00000|100%| O|  |TAMS 0x000000070cc00000, 0x000000070ca00000| Untracked 
| 102|0x000000070cc00000, 0x000000070ce00000, 0x000000070ce00000|100%| O|  |TAMS 0x000000070ce00000, 0x000000070cc00000| Untracked 
| 103|0x000000070ce00000, 0x000000070d000000, 0x000000070d000000|100%| O|  |TAMS 0x000000070d000000, 0x000000070ce00000| Untracked 
| 104|0x000000070d000000, 0x000000070d200000, 0x000000070d200000|100%| O|  |TAMS 0x000000070d200000, 0x000000070d000000| Untracked 
| 105|0x000000070d200000, 0x000000070d400000, 0x000000070d400000|100%| O|  |TAMS 0x000000070d400000, 0x000000070d200000| Untracked 
| 106|0x000000070d400000, 0x000000070d600000, 0x000000070d600000|100%| O|  |TAMS 0x000000070d600000, 0x000000070d400000| Untracked 
| 107|0x000000070d600000, 0x000000070d800000, 0x000000070d800000|100%| O|  |TAMS 0x000000070d800000, 0x000000070d600000| Untracked 
| 108|0x000000070d800000, 0x000000070da00000, 0x000000070da00000|100%| O|  |TAMS 0x000000070d800000, 0x000000070d800000| Untracked 
| 109|0x000000070da00000, 0x000000070dc00000, 0x000000070dc00000|100%| O|  |TAMS 0x000000070dc00000, 0x000000070da00000| Untracked 
| 110|0x000000070dc00000, 0x000000070de00000, 0x000000070de00000|100%| O|  |TAMS 0x000000070de00000, 0x000000070dc00000| Untracked 
| 111|0x000000070de00000, 0x000000070e000000, 0x000000070e000000|100%| O|  |TAMS 0x000000070e000000, 0x000000070de00000| Untracked 
| 112|0x000000070e000000, 0x000000070e200000, 0x000000070e200000|100%| O|  |TAMS 0x000000070e200000, 0x000000070e000000| Untracked 
| 113|0x000000070e200000, 0x000000070e400000, 0x000000070e400000|100%| O|  |TAMS 0x000000070e400000, 0x000000070e200000| Untracked 
| 114|0x000000070e400000, 0x000000070e600000, 0x000000070e600000|100%| O|  |TAMS 0x000000070e600000, 0x000000070e400000| Untracked 
| 115|0x000000070e600000, 0x000000070e800000, 0x000000070e800000|100%| O|  |TAMS 0x000000070e600000, 0x000000070e600000| Untracked 
| 116|0x000000070e800000, 0x000000070ea00000, 0x000000070ea00000|100%| O|  |TAMS 0x000000070ea00000, 0x000000070e800000| Untracked 
| 117|0x000000070ea00000, 0x000000070ec00000, 0x000000070ec00000|100%|HS|  |TAMS 0x000000070ea00000, 0x000000070ea00000| Complete 
| 118|0x000000070ec00000, 0x000000070ee00000, 0x000000070ee00000|100%| O|  |TAMS 0x000000070ee00000, 0x000000070ec00000| Untracked 
| 119|0x000000070ee00000, 0x000000070f000000, 0x000000070f000000|100%| O|  |TAMS 0x000000070ef27a00, 0x000000070ee00000| Untracked 
| 120|0x000000070f000000, 0x000000070f200000, 0x000000070f200000|100%| O|  |TAMS 0x000000070f000000, 0x000000070f000000| Untracked 
| 121|0x000000070f200000, 0x000000070f400000, 0x000000070f400000|100%| O|  |TAMS 0x000000070f200000, 0x000000070f200000| Untracked 
| 122|0x000000070f400000, 0x000000070f600000, 0x000000070f600000|100%| O|  |TAMS 0x000000070f400000, 0x000000070f400000| Untracked 
| 123|0x000000070f600000, 0x000000070f800000, 0x000000070f800000|100%| O|  |TAMS 0x000000070f600000, 0x000000070f600000| Untracked 
| 124|0x000000070f800000, 0x000000070fa00000, 0x000000070fa00000|100%| O|  |TAMS 0x000000070f800000, 0x000000070f800000| Untracked 
| 125|0x000000070fa00000, 0x000000070fc00000, 0x000000070fc00000|100%| O|  |TAMS 0x000000070fa00000, 0x000000070fa00000| Untracked 
| 126|0x000000070fc00000, 0x000000070fe00000, 0x000000070fe00000|100%| O|  |TAMS 0x000000070fc00000, 0x000000070fc00000| Untracked 
| 127|0x000000070fe00000, 0x0000000710000000, 0x0000000710000000|100%| O|  |TAMS 0x000000070fe00000, 0x000000070fe00000| Untracked 
| 128|0x0000000710000000, 0x0000000710200000, 0x0000000710200000|100%| O|  |TAMS 0x0000000710000000, 0x0000000710000000| Untracked 
| 129|0x0000000710200000, 0x0000000710400000, 0x0000000710400000|100%| O|  |TAMS 0x0000000710200000, 0x0000000710200000| Untracked 
| 130|0x0000000710400000, 0x0000000710600000, 0x0000000710600000|100%| O|  |TAMS 0x0000000710400000, 0x0000000710400000| Untracked 
| 131|0x0000000710600000, 0x0000000710800000, 0x0000000710800000|100%| O|  |TAMS 0x0000000710600000, 0x0000000710600000| Untracked 
| 132|0x0000000710800000, 0x0000000710a00000, 0x0000000710a00000|100%| O|  |TAMS 0x0000000710a00000, 0x0000000710800000| Untracked 
| 133|0x0000000710a00000, 0x0000000710c00000, 0x0000000710c00000|100%| O|  |TAMS 0x0000000710c00000, 0x0000000710a00000| Untracked 
| 134|0x0000000710c00000, 0x0000000710e00000, 0x0000000710e00000|100%| O|  |TAMS 0x0000000710e00000, 0x0000000710c00000| Untracked 
| 135|0x0000000710e00000, 0x0000000711000000, 0x0000000711000000|100%| O|  |TAMS 0x0000000711000000, 0x0000000710e00000| Untracked 
| 136|0x0000000711000000, 0x0000000711200000, 0x0000000711200000|100%| O|  |TAMS 0x0000000711200000, 0x0000000711000000| Untracked 
| 137|0x0000000711200000, 0x0000000711400000, 0x0000000711400000|100%| O|  |TAMS 0x0000000711200000, 0x0000000711200000| Untracked 
| 138|0x0000000711400000, 0x0000000711600000, 0x0000000711600000|100%| O|  |TAMS 0x0000000711400000, 0x0000000711400000| Untracked 
| 139|0x0000000711600000, 0x0000000711800000, 0x0000000711800000|100%| O|  |TAMS 0x0000000711800000, 0x0000000711600000| Untracked 
| 140|0x0000000711800000, 0x0000000711a00000, 0x0000000711a00000|100%| O|  |TAMS 0x0000000711800000, 0x0000000711800000| Untracked 
| 141|0x0000000711a00000, 0x0000000711c00000, 0x0000000711c00000|100%| O|  |TAMS 0x0000000711c00000, 0x0000000711a00000| Untracked 
| 142|0x0000000711c00000, 0x0000000711e00000, 0x0000000711e00000|100%| O|  |TAMS 0x0000000711c00000, 0x0000000711c00000| Untracked 
| 143|0x0000000711e00000, 0x0000000712000000, 0x0000000712000000|100%|HS|  |TAMS 0x0000000711e00000, 0x0000000711e00000| Complete 
| 144|0x0000000712000000, 0x0000000712200000, 0x0000000712200000|100%| O|  |TAMS 0x0000000712000000, 0x0000000712000000| Untracked 
| 145|0x0000000712200000, 0x0000000712400000, 0x0000000712400000|100%| O|  |TAMS 0x0000000712400000, 0x0000000712200000| Untracked 
| 146|0x0000000712400000, 0x0000000712600000, 0x0000000712600000|100%|HS|  |TAMS 0x0000000712400000, 0x0000000712400000| Complete 
| 147|0x0000000712600000, 0x0000000712800000, 0x0000000712800000|100%|HC|  |TAMS 0x0000000712600000, 0x0000000712600000| Complete 
| 148|0x0000000712800000, 0x0000000712a00000, 0x0000000712a00000|100%| O|  |TAMS 0x0000000712a00000, 0x0000000712800000| Untracked 
| 149|0x0000000712a00000, 0x0000000712c00000, 0x0000000712c00000|100%| O|  |TAMS 0x0000000712a00000, 0x0000000712a00000| Untracked 
| 150|0x0000000712c00000, 0x0000000712e00000, 0x0000000712e00000|100%| O|  |TAMS 0x0000000712c00000, 0x0000000712c00000| Untracked 
| 151|0x0000000712e00000, 0x0000000713000000, 0x0000000713000000|100%| O|  |TAMS 0x0000000712e00000, 0x0000000712e00000| Untracked 
| 152|0x0000000713000000, 0x0000000713200000, 0x0000000713200000|100%| O|  |TAMS 0x0000000713000000, 0x0000000713000000| Untracked 
| 153|0x0000000713200000, 0x0000000713400000, 0x0000000713400000|100%| O|  |TAMS 0x0000000713400000, 0x0000000713200000| Untracked 
| 154|0x0000000713400000, 0x0000000713600000, 0x0000000713600000|100%| O|  |TAMS 0x0000000713400000, 0x0000000713400000| Untracked 
| 155|0x0000000713600000, 0x0000000713800000, 0x0000000713800000|100%| O|  |TAMS 0x0000000713800000, 0x0000000713600000| Untracked 
| 156|0x0000000713800000, 0x0000000713a00000, 0x0000000713a00000|100%| O|  |TAMS 0x0000000713800000, 0x0000000713800000| Untracked 
| 157|0x0000000713a00000, 0x0000000713c00000, 0x0000000713c00000|100%| O|  |TAMS 0x0000000713a00000, 0x0000000713a00000| Untracked 
| 158|0x0000000713c00000, 0x0000000713e00000, 0x0000000713e00000|100%| O|  |TAMS 0x0000000713c00000, 0x0000000713c00000| Untracked 
| 159|0x0000000713e00000, 0x0000000714000000, 0x0000000714000000|100%| O|  |TAMS 0x0000000713e00000, 0x0000000713e00000| Untracked 
| 160|0x0000000714000000, 0x0000000714200000, 0x0000000714200000|100%| O|  |TAMS 0x0000000714000000, 0x0000000714000000| Untracked 
| 161|0x0000000714200000, 0x0000000714400000, 0x0000000714400000|100%| O|  |TAMS 0x0000000714400000, 0x0000000714200000| Untracked 
| 162|0x0000000714400000, 0x0000000714600000, 0x0000000714600000|100%| O|  |TAMS 0x0000000714600000, 0x0000000714400000| Untracked 
| 163|0x0000000714600000, 0x0000000714800000, 0x0000000714800000|100%| O|  |TAMS 0x0000000714800000, 0x0000000714600000| Untracked 
| 164|0x0000000714800000, 0x0000000714a00000, 0x0000000714a00000|100%| O|  |TAMS 0x0000000714a00000, 0x0000000714800000| Untracked 
| 165|0x0000000714a00000, 0x0000000714c00000, 0x0000000714c00000|100%| O|  |TAMS 0x0000000714c00000, 0x0000000714a00000| Untracked 
| 166|0x0000000714c00000, 0x0000000714e00000, 0x0000000714e00000|100%| O|  |TAMS 0x0000000714e00000, 0x0000000714c00000| Untracked 
| 167|0x0000000714e00000, 0x0000000715000000, 0x0000000715000000|100%| O|  |TAMS 0x0000000715000000, 0x0000000714e00000| Untracked 
| 168|0x0000000715000000, 0x0000000715200000, 0x0000000715200000|100%| O|  |TAMS 0x0000000715000000, 0x0000000715000000| Untracked 
| 169|0x0000000715200000, 0x0000000715400000, 0x0000000715400000|100%| O|  |TAMS 0x0000000715200000, 0x0000000715200000| Untracked 
| 170|0x0000000715400000, 0x0000000715600000, 0x0000000715600000|100%| O|  |TAMS 0x0000000715400000, 0x0000000715400000| Untracked 
| 171|0x0000000715600000, 0x0000000715800000, 0x0000000715800000|100%| O|  |TAMS 0x0000000715600000, 0x0000000715600000| Untracked 
| 172|0x0000000715800000, 0x0000000715a00000, 0x0000000715a00000|100%| O|  |TAMS 0x0000000715800000, 0x0000000715800000| Untracked 
| 173|0x0000000715a00000, 0x0000000715c00000, 0x0000000715c00000|100%| O|  |TAMS 0x0000000715a00000, 0x0000000715a00000| Untracked 
| 174|0x0000000715c00000, 0x0000000715e00000, 0x0000000715e00000|100%| O|  |TAMS 0x0000000715c00000, 0x0000000715c00000| Untracked 
| 175|0x0000000715e00000, 0x0000000716000000, 0x0000000716000000|100%| O|  |TAMS 0x0000000715e00000, 0x0000000715e00000| Untracked 
| 176|0x0000000716000000, 0x0000000716200000, 0x0000000716200000|100%| O|  |TAMS 0x0000000716000000, 0x0000000716000000| Untracked 
| 177|0x0000000716200000, 0x0000000716400000, 0x0000000716400000|100%| O|  |TAMS 0x0000000716200000, 0x0000000716200000| Untracked 
| 178|0x0000000716400000, 0x0000000716600000, 0x0000000716600000|100%| O|  |TAMS 0x0000000716400000, 0x0000000716400000| Untracked 
| 179|0x0000000716600000, 0x0000000716800000, 0x0000000716800000|100%| O|  |TAMS 0x0000000716600000, 0x0000000716600000| Untracked 
| 180|0x0000000716800000, 0x0000000716a00000, 0x0000000716a00000|100%| O|  |TAMS 0x0000000716800000, 0x0000000716800000| Untracked 
| 181|0x0000000716a00000, 0x0000000716c00000, 0x0000000716c00000|100%| O|  |TAMS 0x0000000716a00000, 0x0000000716a00000| Untracked 
| 182|0x0000000716c00000, 0x0000000716e00000, 0x0000000716e00000|100%| O|  |TAMS 0x0000000716c00000, 0x0000000716c00000| Untracked 
| 183|0x0000000716e00000, 0x0000000717000000, 0x0000000717000000|100%| O|  |TAMS 0x0000000716e00000, 0x0000000716e00000| Untracked 
| 184|0x0000000717000000, 0x0000000717200000, 0x0000000717200000|100%| O|  |TAMS 0x0000000717000000, 0x0000000717000000| Untracked 
| 185|0x0000000717200000, 0x0000000717400000, 0x0000000717400000|100%| O|  |TAMS 0x0000000717200000, 0x0000000717200000| Untracked 
| 186|0x0000000717400000, 0x0000000717600000, 0x0000000717600000|100%| O|  |TAMS 0x0000000717400000, 0x0000000717400000| Untracked 
| 187|0x0000000717600000, 0x0000000717800000, 0x0000000717800000|100%| O|  |TAMS 0x0000000717600000, 0x0000000717600000| Untracked 
| 188|0x0000000717800000, 0x0000000717a00000, 0x0000000717a00000|100%| O|  |TAMS 0x0000000717800000, 0x0000000717800000| Untracked 
| 189|0x0000000717a00000, 0x0000000717c00000, 0x0000000717c00000|100%| O|  |TAMS 0x0000000717a00000, 0x0000000717a00000| Untracked 
| 190|0x0000000717c00000, 0x0000000717e00000, 0x0000000717e00000|100%| O|  |TAMS 0x0000000717c00000, 0x0000000717c00000| Untracked 
| 191|0x0000000717e00000, 0x0000000718000000, 0x0000000718000000|100%| O|  |TAMS 0x0000000717e00000, 0x0000000717e00000| Untracked 
| 192|0x0000000718000000, 0x0000000718200000, 0x0000000718200000|100%| O|  |TAMS 0x0000000718000000, 0x0000000718000000| Untracked 
| 193|0x0000000718200000, 0x0000000718400000, 0x0000000718400000|100%| O|  |TAMS 0x0000000718200000, 0x0000000718200000| Untracked 
| 194|0x0000000718400000, 0x0000000718600000, 0x0000000718600000|100%| O|  |TAMS 0x0000000718400000, 0x0000000718400000| Untracked 
| 195|0x0000000718600000, 0x0000000718800000, 0x0000000718800000|100%| O|  |TAMS 0x0000000718600000, 0x0000000718600000| Untracked 
| 196|0x0000000718800000, 0x0000000718a00000, 0x0000000718a00000|100%| O|  |TAMS 0x0000000718800000, 0x0000000718800000| Untracked 
| 197|0x0000000718a00000, 0x0000000718c00000, 0x0000000718c00000|100%| O|  |TAMS 0x0000000718a00000, 0x0000000718a00000| Untracked 
| 198|0x0000000718c00000, 0x0000000718e00000, 0x0000000718e00000|100%| O|  |TAMS 0x0000000718c00000, 0x0000000718c00000| Untracked 
| 199|0x0000000718e00000, 0x0000000719000000, 0x0000000719000000|100%| O|  |TAMS 0x0000000718e00000, 0x0000000718e00000| Untracked 
| 200|0x0000000719000000, 0x0000000719200000, 0x0000000719200000|100%| O|  |TAMS 0x0000000719000000, 0x0000000719000000| Untracked 
| 201|0x0000000719200000, 0x0000000719400000, 0x0000000719400000|100%| O|  |TAMS 0x0000000719200000, 0x0000000719200000| Untracked 
| 202|0x0000000719400000, 0x0000000719600000, 0x0000000719600000|100%| O|  |TAMS 0x0000000719400000, 0x0000000719400000| Untracked 
| 203|0x0000000719600000, 0x0000000719800000, 0x0000000719800000|100%| O|  |TAMS 0x0000000719600000, 0x0000000719600000| Untracked 
| 204|0x0000000719800000, 0x0000000719a00000, 0x0000000719a00000|100%| O|  |TAMS 0x0000000719800000, 0x0000000719800000| Untracked 
| 205|0x0000000719a00000, 0x0000000719c00000, 0x0000000719c00000|100%| O|  |TAMS 0x0000000719a00000, 0x0000000719a00000| Untracked 
| 206|0x0000000719c00000, 0x0000000719e00000, 0x0000000719e00000|100%| O|  |TAMS 0x0000000719c00000, 0x0000000719c00000| Untracked 
| 207|0x0000000719e00000, 0x000000071a000000, 0x000000071a000000|100%| O|  |TAMS 0x0000000719e00000, 0x0000000719e00000| Untracked 
| 208|0x000000071a000000, 0x000000071a200000, 0x000000071a200000|100%|HS|  |TAMS 0x000000071a000000, 0x000000071a000000| Complete 
| 209|0x000000071a200000, 0x000000071a400000, 0x000000071a400000|100%| O|  |TAMS 0x000000071a200000, 0x000000071a200000| Untracked 
| 210|0x000000071a400000, 0x000000071a600000, 0x000000071a600000|100%| O|  |TAMS 0x000000071a400000, 0x000000071a400000| Untracked 
| 211|0x000000071a600000, 0x000000071a800000, 0x000000071a800000|100%| O|  |TAMS 0x000000071a600000, 0x000000071a600000| Untracked 
| 212|0x000000071a800000, 0x000000071aa00000, 0x000000071aa00000|100%| O|  |TAMS 0x000000071a800000, 0x000000071a800000| Untracked 
| 213|0x000000071aa00000, 0x000000071ac00000, 0x000000071ac00000|100%| O|  |TAMS 0x000000071aa00000, 0x000000071aa00000| Untracked 
| 214|0x000000071ac00000, 0x000000071ae00000, 0x000000071ae00000|100%| O|  |TAMS 0x000000071ac00000, 0x000000071ac00000| Untracked 
| 215|0x000000071ae00000, 0x000000071b000000, 0x000000071b000000|100%| O|  |TAMS 0x000000071ae00000, 0x000000071ae00000| Untracked 
| 216|0x000000071b000000, 0x000000071b200000, 0x000000071b200000|100%| O|  |TAMS 0x000000071b000000, 0x000000071b000000| Untracked 
| 217|0x000000071b200000, 0x000000071b400000, 0x000000071b400000|100%| O|  |TAMS 0x000000071b200000, 0x000000071b200000| Untracked 
| 218|0x000000071b400000, 0x000000071b600000, 0x000000071b600000|100%| O|  |TAMS 0x000000071b400000, 0x000000071b400000| Untracked 
| 219|0x000000071b600000, 0x000000071b800000, 0x000000071b800000|100%| O|  |TAMS 0x000000071b600000, 0x000000071b600000| Untracked 
| 220|0x000000071b800000, 0x000000071ba00000, 0x000000071ba00000|100%| O|  |TAMS 0x000000071b800000, 0x000000071b800000| Untracked 
| 221|0x000000071ba00000, 0x000000071bc00000, 0x000000071bc00000|100%| O|  |TAMS 0x000000071ba00000, 0x000000071ba00000| Untracked 
| 222|0x000000071bc00000, 0x000000071be00000, 0x000000071be00000|100%| O|  |TAMS 0x000000071bc00000, 0x000000071bc00000| Untracked 
| 223|0x000000071be00000, 0x000000071c000000, 0x000000071c000000|100%| O|  |TAMS 0x000000071be00000, 0x000000071be00000| Untracked 
| 224|0x000000071c000000, 0x000000071c200000, 0x000000071c200000|100%| O|  |TAMS 0x000000071c000000, 0x000000071c000000| Untracked 
| 225|0x000000071c200000, 0x000000071c400000, 0x000000071c400000|100%| O|  |TAMS 0x000000071c200000, 0x000000071c200000| Untracked 
| 226|0x000000071c400000, 0x000000071c600000, 0x000000071c600000|100%| O|  |TAMS 0x000000071c400000, 0x000000071c400000| Untracked 
| 227|0x000000071c600000, 0x000000071c800000, 0x000000071c800000|100%| O|  |TAMS 0x000000071c600000, 0x000000071c600000| Untracked 
| 228|0x000000071c800000, 0x000000071ca00000, 0x000000071ca00000|100%| O|  |TAMS 0x000000071c800000, 0x000000071c800000| Untracked 
| 229|0x000000071ca00000, 0x000000071cc00000, 0x000000071cc00000|100%| O|  |TAMS 0x000000071ca00000, 0x000000071ca00000| Untracked 
| 230|0x000000071cc00000, 0x000000071ce00000, 0x000000071ce00000|100%| O|  |TAMS 0x000000071cc00000, 0x000000071cc00000| Untracked 
| 231|0x000000071ce00000, 0x000000071d000000, 0x000000071d000000|100%| O|  |TAMS 0x000000071ce00000, 0x000000071ce00000| Untracked 
| 232|0x000000071d000000, 0x000000071d200000, 0x000000071d200000|100%| O|  |TAMS 0x000000071d000000, 0x000000071d000000| Untracked 
| 233|0x000000071d200000, 0x000000071d400000, 0x000000071d400000|100%| O|  |TAMS 0x000000071d200000, 0x000000071d200000| Untracked 
| 234|0x000000071d400000, 0x000000071d600000, 0x000000071d600000|100%| O|  |TAMS 0x000000071d400000, 0x000000071d400000| Untracked 
| 235|0x000000071d600000, 0x000000071d800000, 0x000000071d800000|100%|HS|  |TAMS 0x000000071d600000, 0x000000071d600000| Complete 
| 236|0x000000071d800000, 0x000000071da00000, 0x000000071da00000|100%|HC|  |TAMS 0x000000071d800000, 0x000000071d800000| Complete 
| 237|0x000000071da00000, 0x000000071dc00000, 0x000000071dc00000|100%|HC|  |TAMS 0x000000071da00000, 0x000000071da00000| Complete 
| 238|0x000000071dc00000, 0x000000071de00000, 0x000000071de00000|100%| O|  |TAMS 0x000000071dc00000, 0x000000071dc00000| Untracked 
| 239|0x000000071de00000, 0x000000071e000000, 0x000000071e000000|100%| O|  |TAMS 0x000000071de00000, 0x000000071de00000| Untracked 
| 240|0x000000071e000000, 0x000000071e200000, 0x000000071e200000|100%| O|  |TAMS 0x000000071e000000, 0x000000071e000000| Untracked 
| 241|0x000000071e200000, 0x000000071e400000, 0x000000071e400000|100%| O|  |TAMS 0x000000071e200000, 0x000000071e200000| Untracked 
| 242|0x000000071e400000, 0x000000071e600000, 0x000000071e600000|100%| O|  |TAMS 0x000000071e400000, 0x000000071e400000| Untracked 
| 243|0x000000071e600000, 0x000000071e800000, 0x000000071e800000|100%| O|  |TAMS 0x000000071e600000, 0x000000071e600000| Untracked 
| 244|0x000000071e800000, 0x000000071ea00000, 0x000000071ea00000|100%| O|  |TAMS 0x000000071e800000, 0x000000071e800000| Untracked 
| 245|0x000000071ea00000, 0x000000071ec00000, 0x000000071ec00000|100%| O|  |TAMS 0x000000071ea00000, 0x000000071ea00000| Untracked 
| 246|0x000000071ec00000, 0x000000071ee00000, 0x000000071ee00000|100%| O|  |TAMS 0x000000071ec00000, 0x000000071ec00000| Untracked 
| 247|0x000000071ee00000, 0x000000071f000000, 0x000000071f000000|100%| O|  |TAMS 0x000000071ee00000, 0x000000071ee00000| Untracked 
| 248|0x000000071f000000, 0x000000071f200000, 0x000000071f200000|100%| O|  |TAMS 0x000000071f000000, 0x000000071f000000| Untracked 
| 249|0x000000071f200000, 0x000000071f400000, 0x000000071f400000|100%| O|  |TAMS 0x000000071f200000, 0x000000071f200000| Untracked 
| 250|0x000000071f400000, 0x000000071f600000, 0x000000071f600000|100%| O|  |TAMS 0x000000071f400000, 0x000000071f400000| Untracked 
| 251|0x000000071f600000, 0x000000071f800000, 0x000000071f800000|100%| O|  |TAMS 0x000000071f600000, 0x000000071f600000| Untracked 
| 252|0x000000071f800000, 0x000000071fa00000, 0x000000071fa00000|100%| O|  |TAMS 0x000000071f800000, 0x000000071f800000| Untracked 
| 253|0x000000071fa00000, 0x000000071fc00000, 0x000000071fc00000|100%| O|  |TAMS 0x000000071fc00000, 0x000000071fa00000| Untracked 
| 254|0x000000071fc00000, 0x000000071fe00000, 0x000000071fe00000|100%| O|  |TAMS 0x000000071fc00000, 0x000000071fc00000| Untracked 
| 255|0x000000071fe00000, 0x0000000720000000, 0x0000000720000000|100%| O|  |TAMS 0x000000071fe00000, 0x000000071fe00000| Untracked 
| 256|0x0000000720000000, 0x0000000720200000, 0x0000000720200000|100%| O|  |TAMS 0x0000000720200000, 0x0000000720000000| Untracked 
| 257|0x0000000720200000, 0x0000000720400000, 0x0000000720400000|100%| O|  |TAMS 0x0000000720400000, 0x0000000720200000| Untracked 
| 258|0x0000000720400000, 0x0000000720600000, 0x0000000720600000|100%| O|  |TAMS 0x0000000720400000, 0x0000000720400000| Untracked 
| 259|0x0000000720600000, 0x0000000720800000, 0x0000000720800000|100%| O|  |TAMS 0x0000000720800000, 0x0000000720600000| Untracked 
| 260|0x0000000720800000, 0x0000000720a00000, 0x0000000720a00000|100%| O|  |TAMS 0x0000000720a00000, 0x0000000720800000| Untracked 
| 261|0x0000000720a00000, 0x0000000720c00000, 0x0000000720c00000|100%| O|  |TAMS 0x0000000720c00000, 0x0000000720a00000| Untracked 
| 262|0x0000000720c00000, 0x0000000720e00000, 0x0000000720e00000|100%| O|  |TAMS 0x0000000720e00000, 0x0000000720c00000| Untracked 
| 263|0x0000000720e00000, 0x0000000721000000, 0x0000000721000000|100%| O|  |TAMS 0x0000000720e00000, 0x0000000720e00000| Untracked 
| 264|0x0000000721000000, 0x0000000721200000, 0x0000000721200000|100%| O|  |TAMS 0x0000000721200000, 0x0000000721000000| Untracked 
| 265|0x0000000721200000, 0x0000000721400000, 0x0000000721400000|100%| O|  |TAMS 0x0000000721400000, 0x0000000721200000| Untracked 
| 266|0x0000000721400000, 0x0000000721600000, 0x0000000721600000|100%| O|  |TAMS 0x0000000721600000, 0x0000000721400000| Untracked 
| 267|0x0000000721600000, 0x0000000721800000, 0x0000000721800000|100%| O|  |TAMS 0x0000000721800000, 0x0000000721600000| Untracked 
| 268|0x0000000721800000, 0x0000000721a00000, 0x0000000721a00000|100%| O|  |TAMS 0x0000000721a00000, 0x0000000721800000| Untracked 
| 269|0x0000000721a00000, 0x0000000721c00000, 0x0000000721c00000|100%| O|  |TAMS 0x0000000721a00000, 0x0000000721a00000| Untracked 
| 270|0x0000000721c00000, 0x0000000721e00000, 0x0000000721e00000|100%| O|  |TAMS 0x0000000721e00000, 0x0000000721c00000| Untracked 
| 271|0x0000000721e00000, 0x0000000722000000, 0x0000000722000000|100%| O|  |TAMS 0x0000000722000000, 0x0000000721e00000| Untracked 
| 272|0x0000000722000000, 0x0000000722200000, 0x0000000722200000|100%| O|  |TAMS 0x0000000722000000, 0x0000000722000000| Untracked 
| 273|0x0000000722200000, 0x0000000722400000, 0x0000000722400000|100%| O|  |TAMS 0x0000000722400000, 0x0000000722200000| Untracked 
| 274|0x0000000722400000, 0x0000000722600000, 0x0000000722600000|100%| O|  |TAMS 0x0000000722400000, 0x0000000722400000| Untracked 
| 275|0x0000000722600000, 0x0000000722800000, 0x0000000722800000|100%| O|  |TAMS 0x0000000722600000, 0x0000000722600000| Untracked 
| 276|0x0000000722800000, 0x0000000722a00000, 0x0000000722a00000|100%| O|  |TAMS 0x0000000722800000, 0x0000000722800000| Untracked 
| 277|0x0000000722a00000, 0x0000000722c00000, 0x0000000722c00000|100%| O|  |TAMS 0x0000000722a00000, 0x0000000722a00000| Untracked 
| 278|0x0000000722c00000, 0x0000000722e00000, 0x0000000722e00000|100%| O|  |TAMS 0x0000000722c00000, 0x0000000722c00000| Untracked 
| 279|0x0000000722e00000, 0x0000000723000000, 0x0000000723000000|100%| O|  |TAMS 0x0000000722e00000, 0x0000000722e00000| Untracked 
| 280|0x0000000723000000, 0x0000000723200000, 0x0000000723200000|100%| O|  |TAMS 0x0000000723000000, 0x0000000723000000| Untracked 
| 281|0x0000000723200000, 0x0000000723400000, 0x0000000723400000|100%| O|  |TAMS 0x0000000723200000, 0x0000000723200000| Untracked 
| 282|0x0000000723400000, 0x0000000723600000, 0x0000000723600000|100%| O|  |TAMS 0x0000000723400000, 0x0000000723400000| Untracked 
| 283|0x0000000723600000, 0x0000000723800000, 0x0000000723800000|100%| O|  |TAMS 0x0000000723600000, 0x0000000723600000| Untracked 
| 284|0x0000000723800000, 0x0000000723a00000, 0x0000000723a00000|100%| O|  |TAMS 0x0000000723800000, 0x0000000723800000| Untracked 
| 285|0x0000000723a00000, 0x0000000723c00000, 0x0000000723c00000|100%| O|  |TAMS 0x0000000723a00000, 0x0000000723a00000| Untracked 
| 286|0x0000000723c00000, 0x0000000723e00000, 0x0000000723e00000|100%| O|  |TAMS 0x0000000723c00000, 0x0000000723c00000| Untracked 
| 287|0x0000000723e00000, 0x0000000724000000, 0x0000000724000000|100%| O|  |TAMS 0x0000000723e00000, 0x0000000723e00000| Untracked 
| 288|0x0000000724000000, 0x0000000724200000, 0x0000000724200000|100%| O|  |TAMS 0x0000000724000000, 0x0000000724000000| Untracked 
| 289|0x0000000724200000, 0x0000000724400000, 0x0000000724400000|100%| O|  |TAMS 0x0000000724200000, 0x0000000724200000| Untracked 
| 290|0x0000000724400000, 0x0000000724600000, 0x0000000724600000|100%| O|  |TAMS 0x0000000724400000, 0x0000000724400000| Untracked 
| 291|0x0000000724600000, 0x0000000724800000, 0x0000000724800000|100%| O|  |TAMS 0x0000000724600000, 0x0000000724600000| Untracked 
| 292|0x0000000724800000, 0x0000000724a00000, 0x0000000724a00000|100%| O|  |TAMS 0x0000000724800000, 0x0000000724800000| Untracked 
| 293|0x0000000724a00000, 0x0000000724c00000, 0x0000000724c00000|100%| O|  |TAMS 0x0000000724a00000, 0x0000000724a00000| Untracked 
| 294|0x0000000724c00000, 0x0000000724e00000, 0x0000000724e00000|100%| O|  |TAMS 0x0000000724c00000, 0x0000000724c00000| Untracked 
| 295|0x0000000724e00000, 0x0000000725000000, 0x0000000725000000|100%| O|  |TAMS 0x0000000724e00000, 0x0000000724e00000| Untracked 
| 296|0x0000000725000000, 0x0000000725200000, 0x0000000725200000|100%| O|  |TAMS 0x0000000725000000, 0x0000000725000000| Untracked 
| 297|0x0000000725200000, 0x0000000725400000, 0x0000000725400000|100%| O|  |TAMS 0x0000000725200000, 0x0000000725200000| Untracked 
| 298|0x0000000725400000, 0x0000000725600000, 0x0000000725600000|100%| O|  |TAMS 0x0000000725400000, 0x0000000725400000| Untracked 
| 299|0x0000000725600000, 0x0000000725800000, 0x0000000725800000|100%| O|  |TAMS 0x0000000725600000, 0x0000000725600000| Untracked 
| 300|0x0000000725800000, 0x0000000725a00000, 0x0000000725a00000|100%| O|  |TAMS 0x0000000725800000, 0x0000000725800000| Untracked 
| 301|0x0000000725a00000, 0x0000000725c00000, 0x0000000725c00000|100%| O|  |TAMS 0x0000000725a00000, 0x0000000725a00000| Untracked 
| 302|0x0000000725c00000, 0x0000000725e00000, 0x0000000725e00000|100%| O|  |TAMS 0x0000000725c00000, 0x0000000725c00000| Untracked 
| 303|0x0000000725e00000, 0x0000000726000000, 0x0000000726000000|100%| O|  |TAMS 0x0000000725e00000, 0x0000000725e00000| Untracked 
| 304|0x0000000726000000, 0x0000000726200000, 0x0000000726200000|100%| O|  |TAMS 0x0000000726000000, 0x0000000726000000| Untracked 
| 305|0x0000000726200000, 0x0000000726400000, 0x0000000726400000|100%| O|  |TAMS 0x0000000726200000, 0x0000000726200000| Untracked 
| 306|0x0000000726400000, 0x0000000726600000, 0x0000000726600000|100%| O|  |TAMS 0x0000000726400000, 0x0000000726400000| Untracked 
| 307|0x0000000726600000, 0x0000000726800000, 0x0000000726800000|100%| O|  |TAMS 0x0000000726600000, 0x0000000726600000| Untracked 
| 308|0x0000000726800000, 0x0000000726a00000, 0x0000000726a00000|100%| O|  |TAMS 0x0000000726800000, 0x0000000726800000| Untracked 
| 309|0x0000000726a00000, 0x0000000726c00000, 0x0000000726c00000|100%| O|  |TAMS 0x0000000726a00000, 0x0000000726a00000| Untracked 
| 310|0x0000000726c00000, 0x0000000726e00000, 0x0000000726e00000|100%| O|  |TAMS 0x0000000726c00000, 0x0000000726c00000| Untracked 
| 311|0x0000000726e00000, 0x0000000727000000, 0x0000000727000000|100%| O|  |TAMS 0x0000000726e00000, 0x0000000726e00000| Untracked 
| 312|0x0000000727000000, 0x0000000727200000, 0x0000000727200000|100%| O|  |TAMS 0x0000000727000000, 0x0000000727000000| Untracked 
| 313|0x0000000727200000, 0x0000000727400000, 0x0000000727400000|100%| O|  |TAMS 0x0000000727200000, 0x0000000727200000| Untracked 
| 314|0x0000000727400000, 0x0000000727600000, 0x0000000727600000|100%| O|  |TAMS 0x0000000727400000, 0x0000000727400000| Untracked 
| 315|0x0000000727600000, 0x0000000727800000, 0x0000000727800000|100%| O|  |TAMS 0x0000000727600000, 0x0000000727600000| Untracked 
| 316|0x0000000727800000, 0x0000000727a00000, 0x0000000727a00000|100%| O|  |TAMS 0x0000000727800000, 0x0000000727800000| Untracked 
| 317|0x0000000727a00000, 0x0000000727c00000, 0x0000000727c00000|100%| O|  |TAMS 0x0000000727a00000, 0x0000000727a00000| Untracked 
| 318|0x0000000727c00000, 0x0000000727e00000, 0x0000000727e00000|100%| O|  |TAMS 0x0000000727c00000, 0x0000000727c00000| Untracked 
| 319|0x0000000727e00000, 0x0000000728000000, 0x0000000728000000|100%| O|  |TAMS 0x0000000727e00000, 0x0000000727e00000| Untracked 
| 320|0x0000000728000000, 0x0000000728200000, 0x0000000728200000|100%| O|  |TAMS 0x0000000728000000, 0x0000000728000000| Untracked 
| 321|0x0000000728200000, 0x0000000728400000, 0x0000000728400000|100%| O|  |TAMS 0x0000000728200000, 0x0000000728200000| Untracked 
| 322|0x0000000728400000, 0x0000000728600000, 0x0000000728600000|100%| O|  |TAMS 0x0000000728400000, 0x0000000728400000| Untracked 
| 323|0x0000000728600000, 0x0000000728800000, 0x0000000728800000|100%| O|  |TAMS 0x0000000728600000, 0x0000000728600000| Untracked 
| 324|0x0000000728800000, 0x0000000728a00000, 0x0000000728a00000|100%| O|  |TAMS 0x0000000728800000, 0x0000000728800000| Untracked 
| 325|0x0000000728a00000, 0x0000000728c00000, 0x0000000728c00000|100%| O|  |TAMS 0x0000000728a00000, 0x0000000728a00000| Untracked 
| 326|0x0000000728c00000, 0x0000000728e00000, 0x0000000728e00000|100%| O|  |TAMS 0x0000000728c00000, 0x0000000728c00000| Untracked 
| 327|0x0000000728e00000, 0x0000000729000000, 0x0000000729000000|100%| O|  |TAMS 0x0000000728e00000, 0x0000000728e00000| Untracked 
| 328|0x0000000729000000, 0x0000000729200000, 0x0000000729200000|100%| O|  |TAMS 0x0000000729000000, 0x0000000729000000| Untracked 
| 329|0x0000000729200000, 0x0000000729400000, 0x0000000729400000|100%| O|  |TAMS 0x0000000729200000, 0x0000000729200000| Untracked 
| 330|0x0000000729400000, 0x0000000729600000, 0x0000000729600000|100%| O|  |TAMS 0x0000000729400000, 0x0000000729400000| Untracked 
| 331|0x0000000729600000, 0x0000000729800000, 0x0000000729800000|100%| O|  |TAMS 0x0000000729600000, 0x0000000729600000| Untracked 
| 332|0x0000000729800000, 0x0000000729a00000, 0x0000000729a00000|100%| O|  |TAMS 0x0000000729800000, 0x0000000729800000| Untracked 
| 333|0x0000000729a00000, 0x0000000729c00000, 0x0000000729c00000|100%| O|  |TAMS 0x0000000729a00000, 0x0000000729a00000| Untracked 
| 334|0x0000000729c00000, 0x0000000729e00000, 0x0000000729e00000|100%| O|  |TAMS 0x0000000729c00000, 0x0000000729c00000| Untracked 
| 335|0x0000000729e00000, 0x000000072a000000, 0x000000072a000000|100%| O|  |TAMS 0x0000000729e00000, 0x0000000729e00000| Untracked 
| 336|0x000000072a000000, 0x000000072a200000, 0x000000072a200000|100%| O|  |TAMS 0x000000072a000000, 0x000000072a000000| Untracked 
| 337|0x000000072a200000, 0x000000072a400000, 0x000000072a400000|100%| O|  |TAMS 0x000000072a200000, 0x000000072a200000| Untracked 
| 338|0x000000072a400000, 0x000000072a600000, 0x000000072a600000|100%| O|  |TAMS 0x000000072a400000, 0x000000072a400000| Untracked 
| 339|0x000000072a600000, 0x000000072a800000, 0x000000072a800000|100%| O|  |TAMS 0x000000072a600000, 0x000000072a600000| Untracked 
| 340|0x000000072a800000, 0x000000072aa00000, 0x000000072aa00000|100%| O|  |TAMS 0x000000072a800000, 0x000000072a800000| Untracked 
| 341|0x000000072aa00000, 0x000000072ac00000, 0x000000072ac00000|100%| O|  |TAMS 0x000000072aa00000, 0x000000072aa00000| Untracked 
| 342|0x000000072ac00000, 0x000000072ae00000, 0x000000072ae00000|100%| O|  |TAMS 0x000000072ac00000, 0x000000072ac00000| Untracked 
| 343|0x000000072ae00000, 0x000000072b000000, 0x000000072b000000|100%| O|  |TAMS 0x000000072ae00000, 0x000000072ae00000| Untracked 
| 344|0x000000072b000000, 0x000000072b200000, 0x000000072b200000|100%| O|  |TAMS 0x000000072b000000, 0x000000072b000000| Untracked 
| 345|0x000000072b200000, 0x000000072b400000, 0x000000072b400000|100%| O|  |TAMS 0x000000072b200000, 0x000000072b200000| Untracked 
| 346|0x000000072b400000, 0x000000072b600000, 0x000000072b600000|100%| O|  |TAMS 0x000000072b400000, 0x000000072b400000| Untracked 
| 347|0x000000072b600000, 0x000000072b800000, 0x000000072b800000|100%| O|  |TAMS 0x000000072b600000, 0x000000072b600000| Untracked 
| 348|0x000000072b800000, 0x000000072ba00000, 0x000000072ba00000|100%| O|  |TAMS 0x000000072b800000, 0x000000072b800000| Untracked 
| 349|0x000000072ba00000, 0x000000072bc00000, 0x000000072bc00000|100%| O|  |TAMS 0x000000072ba00000, 0x000000072ba00000| Untracked 
| 350|0x000000072bc00000, 0x000000072be00000, 0x000000072be00000|100%| O|  |TAMS 0x000000072bc00000, 0x000000072bc00000| Untracked 
| 351|0x000000072be00000, 0x000000072c000000, 0x000000072c000000|100%| O|  |TAMS 0x000000072be00000, 0x000000072be00000| Untracked 
| 352|0x000000072c000000, 0x000000072c200000, 0x000000072c200000|100%| O|  |TAMS 0x000000072c000000, 0x000000072c000000| Untracked 
| 353|0x000000072c200000, 0x000000072c400000, 0x000000072c400000|100%| O|  |TAMS 0x000000072c200000, 0x000000072c200000| Untracked 
| 354|0x000000072c400000, 0x000000072c600000, 0x000000072c600000|100%| O|  |TAMS 0x000000072c400000, 0x000000072c400000| Untracked 
| 355|0x000000072c600000, 0x000000072c800000, 0x000000072c800000|100%| O|  |TAMS 0x000000072c600000, 0x000000072c600000| Untracked 
| 356|0x000000072c800000, 0x000000072ca00000, 0x000000072ca00000|100%| O|  |TAMS 0x000000072c800000, 0x000000072c800000| Untracked 
| 357|0x000000072ca00000, 0x000000072cc00000, 0x000000072cc00000|100%| O|  |TAMS 0x000000072ca00000, 0x000000072ca00000| Untracked 
| 358|0x000000072cc00000, 0x000000072ce00000, 0x000000072ce00000|100%| O|  |TAMS 0x000000072cc00000, 0x000000072cc00000| Untracked 
| 359|0x000000072ce00000, 0x000000072d000000, 0x000000072d000000|100%| O|  |TAMS 0x000000072ce00000, 0x000000072ce00000| Untracked 
| 360|0x000000072d000000, 0x000000072d200000, 0x000000072d200000|100%| O|  |TAMS 0x000000072d000000, 0x000000072d000000| Untracked 
| 361|0x000000072d200000, 0x000000072d400000, 0x000000072d400000|100%| O|  |TAMS 0x000000072d200000, 0x000000072d200000| Untracked 
| 362|0x000000072d400000, 0x000000072d600000, 0x000000072d600000|100%| O|  |TAMS 0x000000072d400000, 0x000000072d400000| Untracked 
| 363|0x000000072d600000, 0x000000072d800000, 0x000000072d800000|100%| O|  |TAMS 0x000000072d600000, 0x000000072d600000| Untracked 
| 364|0x000000072d800000, 0x000000072da00000, 0x000000072da00000|100%| O|  |TAMS 0x000000072d800000, 0x000000072d800000| Untracked 
| 365|0x000000072da00000, 0x000000072dc00000, 0x000000072dc00000|100%| O|  |TAMS 0x000000072da00000, 0x000000072da00000| Untracked 
| 366|0x000000072dc00000, 0x000000072de00000, 0x000000072de00000|100%| O|  |TAMS 0x000000072dc00000, 0x000000072dc00000| Untracked 
| 367|0x000000072de00000, 0x000000072e000000, 0x000000072e000000|100%| O|  |TAMS 0x000000072de00000, 0x000000072de00000| Untracked 
| 368|0x000000072e000000, 0x000000072e200000, 0x000000072e200000|100%| O|  |TAMS 0x000000072e000000, 0x000000072e000000| Untracked 
| 369|0x000000072e200000, 0x000000072e400000, 0x000000072e400000|100%| O|  |TAMS 0x000000072e200000, 0x000000072e200000| Untracked 
| 370|0x000000072e400000, 0x000000072e600000, 0x000000072e600000|100%| O|  |TAMS 0x000000072e400000, 0x000000072e400000| Untracked 
| 371|0x000000072e600000, 0x000000072e800000, 0x000000072e800000|100%| O|  |TAMS 0x000000072e600000, 0x000000072e600000| Untracked 
| 372|0x000000072e800000, 0x000000072ea00000, 0x000000072ea00000|100%| O|  |TAMS 0x000000072e800000, 0x000000072e800000| Untracked 
| 373|0x000000072ea00000, 0x000000072ec00000, 0x000000072ec00000|100%| O|  |TAMS 0x000000072ea00000, 0x000000072ea00000| Untracked 
| 374|0x000000072ec00000, 0x000000072ee00000, 0x000000072ee00000|100%| O|  |TAMS 0x000000072ec00000, 0x000000072ec00000| Untracked 
| 375|0x000000072ee00000, 0x000000072f000000, 0x000000072f000000|100%| O|  |TAMS 0x000000072ee00000, 0x000000072ee00000| Untracked 
| 376|0x000000072f000000, 0x000000072f200000, 0x000000072f200000|100%| O|  |TAMS 0x000000072f000000, 0x000000072f000000| Untracked 
| 377|0x000000072f200000, 0x000000072f400000, 0x000000072f400000|100%| O|  |TAMS 0x000000072f200000, 0x000000072f200000| Untracked 
| 378|0x000000072f400000, 0x000000072f600000, 0x000000072f600000|100%| O|  |TAMS 0x000000072f400000, 0x000000072f400000| Untracked 
| 379|0x000000072f600000, 0x000000072f800000, 0x000000072f800000|100%| O|  |TAMS 0x000000072f600000, 0x000000072f600000| Untracked 
| 380|0x000000072f800000, 0x000000072fa00000, 0x000000072fa00000|100%| O|  |TAMS 0x000000072f800000, 0x000000072f800000| Untracked 
| 381|0x000000072fa00000, 0x000000072fc00000, 0x000000072fc00000|100%| O|  |TAMS 0x000000072fa00000, 0x000000072fa00000| Untracked 
| 382|0x000000072fc00000, 0x000000072fe00000, 0x000000072fe00000|100%| O|  |TAMS 0x000000072fc00000, 0x000000072fc00000| Untracked 
| 383|0x000000072fe00000, 0x0000000730000000, 0x0000000730000000|100%| O|  |TAMS 0x000000072fe00000, 0x000000072fe00000| Untracked 
| 384|0x0000000730000000, 0x0000000730200000, 0x0000000730200000|100%| O|  |TAMS 0x0000000730000000, 0x0000000730000000| Untracked 
| 385|0x0000000730200000, 0x0000000730400000, 0x0000000730400000|100%| O|  |TAMS 0x0000000730200000, 0x0000000730200000| Untracked 
| 386|0x0000000730400000, 0x0000000730600000, 0x0000000730600000|100%| O|  |TAMS 0x0000000730400000, 0x0000000730400000| Untracked 
| 387|0x0000000730600000, 0x0000000730800000, 0x0000000730800000|100%| O|  |TAMS 0x0000000730600000, 0x0000000730600000| Untracked 
| 388|0x0000000730800000, 0x0000000730a00000, 0x0000000730a00000|100%| O|  |TAMS 0x0000000730800000, 0x0000000730800000| Untracked 
| 389|0x0000000730a00000, 0x0000000730c00000, 0x0000000730c00000|100%| O|  |TAMS 0x0000000730a00000, 0x0000000730a00000| Untracked 
| 390|0x0000000730c00000, 0x0000000730e00000, 0x0000000730e00000|100%| O|  |TAMS 0x0000000730c00000, 0x0000000730c00000| Untracked 
| 391|0x0000000730e00000, 0x0000000731000000, 0x0000000731000000|100%| O|  |TAMS 0x0000000730e00000, 0x0000000730e00000| Untracked 
| 392|0x0000000731000000, 0x0000000731200000, 0x0000000731200000|100%| O|  |TAMS 0x0000000731000000, 0x0000000731000000| Untracked 
| 393|0x0000000731200000, 0x0000000731400000, 0x0000000731400000|100%| O|  |TAMS 0x0000000731200000, 0x0000000731200000| Untracked 
| 394|0x0000000731400000, 0x0000000731600000, 0x0000000731600000|100%| O|  |TAMS 0x0000000731400000, 0x0000000731400000| Untracked 
| 395|0x0000000731600000, 0x0000000731800000, 0x0000000731800000|100%| O|  |TAMS 0x0000000731600000, 0x0000000731600000| Untracked 
| 396|0x0000000731800000, 0x0000000731a00000, 0x0000000731a00000|100%| O|  |TAMS 0x0000000731800000, 0x0000000731800000| Untracked 
| 397|0x0000000731a00000, 0x0000000731c00000, 0x0000000731c00000|100%| O|  |TAMS 0x0000000731a00000, 0x0000000731a00000| Untracked 
| 398|0x0000000731c00000, 0x0000000731e00000, 0x0000000731e00000|100%| O|  |TAMS 0x0000000731c00000, 0x0000000731c00000| Untracked 
| 399|0x0000000731e00000, 0x0000000732000000, 0x0000000732000000|100%| O|  |TAMS 0x0000000731e00000, 0x0000000731e00000| Untracked 
| 400|0x0000000732000000, 0x0000000732200000, 0x0000000732200000|100%| O|  |TAMS 0x0000000732000000, 0x0000000732000000| Untracked 
| 401|0x0000000732200000, 0x0000000732400000, 0x0000000732400000|100%| O|  |TAMS 0x0000000732200000, 0x0000000732200000| Untracked 
| 402|0x0000000732400000, 0x0000000732600000, 0x0000000732600000|100%| O|  |TAMS 0x0000000732400000, 0x0000000732400000| Untracked 
| 403|0x0000000732600000, 0x0000000732800000, 0x0000000732800000|100%| O|  |TAMS 0x0000000732600000, 0x0000000732600000| Untracked 
| 404|0x0000000732800000, 0x0000000732a00000, 0x0000000732a00000|100%| O|  |TAMS 0x0000000732800000, 0x0000000732800000| Untracked 
| 405|0x0000000732a00000, 0x0000000732c00000, 0x0000000732c00000|100%| O|  |TAMS 0x0000000732a00000, 0x0000000732a00000| Untracked 
| 406|0x0000000732c00000, 0x0000000732e00000, 0x0000000732e00000|100%| O|  |TAMS 0x0000000732c00000, 0x0000000732c00000| Untracked 
| 407|0x0000000732e00000, 0x0000000733000000, 0x0000000733000000|100%| O|  |TAMS 0x0000000732e00000, 0x0000000732e00000| Untracked 
| 408|0x0000000733000000, 0x0000000733200000, 0x0000000733200000|100%| O|  |TAMS 0x0000000733000000, 0x0000000733000000| Untracked 
| 409|0x0000000733200000, 0x0000000733400000, 0x0000000733400000|100%| O|  |TAMS 0x0000000733200000, 0x0000000733200000| Untracked 
| 410|0x0000000733400000, 0x0000000733600000, 0x0000000733600000|100%| O|  |TAMS 0x0000000733400000, 0x0000000733400000| Untracked 
| 411|0x0000000733600000, 0x0000000733800000, 0x0000000733800000|100%| O|  |TAMS 0x0000000733600000, 0x0000000733600000| Untracked 
| 412|0x0000000733800000, 0x0000000733a00000, 0x0000000733a00000|100%| O|  |TAMS 0x0000000733800000, 0x0000000733800000| Untracked 
| 413|0x0000000733a00000, 0x0000000733c00000, 0x0000000733c00000|100%| O|  |TAMS 0x0000000733a00000, 0x0000000733a00000| Untracked 
| 414|0x0000000733c00000, 0x0000000733e00000, 0x0000000733e00000|100%| O|  |TAMS 0x0000000733c00000, 0x0000000733c00000| Untracked 
| 415|0x0000000733e00000, 0x0000000734000000, 0x0000000734000000|100%| O|  |TAMS 0x0000000733e00000, 0x0000000733e00000| Untracked 
| 416|0x0000000734000000, 0x0000000734200000, 0x0000000734200000|100%| O|  |TAMS 0x0000000734000000, 0x0000000734000000| Untracked 
| 417|0x0000000734200000, 0x0000000734400000, 0x0000000734400000|100%| O|  |TAMS 0x0000000734200000, 0x0000000734200000| Untracked 
| 418|0x0000000734400000, 0x0000000734600000, 0x0000000734600000|100%| O|  |TAMS 0x0000000734400000, 0x0000000734400000| Untracked 
| 419|0x0000000734600000, 0x0000000734800000, 0x0000000734800000|100%| O|  |TAMS 0x0000000734600000, 0x0000000734600000| Untracked 
| 420|0x0000000734800000, 0x0000000734a00000, 0x0000000734a00000|100%| O|  |TAMS 0x0000000734800000, 0x0000000734800000| Untracked 
| 421|0x0000000734a00000, 0x0000000734c00000, 0x0000000734c00000|100%| O|  |TAMS 0x0000000734a00000, 0x0000000734a00000| Untracked 
| 422|0x0000000734c00000, 0x0000000734e00000, 0x0000000734e00000|100%| O|  |TAMS 0x0000000734c00000, 0x0000000734c00000| Untracked 
| 423|0x0000000734e00000, 0x0000000735000000, 0x0000000735000000|100%| O|  |TAMS 0x0000000734e00000, 0x0000000734e00000| Untracked 
| 424|0x0000000735000000, 0x0000000735200000, 0x0000000735200000|100%| O|  |TAMS 0x0000000735000000, 0x0000000735000000| Untracked 
| 425|0x0000000735200000, 0x0000000735400000, 0x0000000735400000|100%| O|  |TAMS 0x0000000735200000, 0x0000000735200000| Untracked 
| 426|0x0000000735400000, 0x0000000735600000, 0x0000000735600000|100%| O|  |TAMS 0x0000000735400000, 0x0000000735400000| Untracked 
| 427|0x0000000735600000, 0x0000000735800000, 0x0000000735800000|100%| O|  |TAMS 0x0000000735600000, 0x0000000735600000| Untracked 
| 428|0x0000000735800000, 0x0000000735a00000, 0x0000000735a00000|100%| O|  |TAMS 0x0000000735800000, 0x0000000735800000| Untracked 
| 429|0x0000000735a00000, 0x0000000735c00000, 0x0000000735c00000|100%| O|  |TAMS 0x0000000735a00000, 0x0000000735a00000| Untracked 
| 430|0x0000000735c00000, 0x0000000735e00000, 0x0000000735e00000|100%| O|  |TAMS 0x0000000735c00000, 0x0000000735c00000| Untracked 
| 431|0x0000000735e00000, 0x0000000736000000, 0x0000000736000000|100%| O|  |TAMS 0x0000000735e00000, 0x0000000735e00000| Untracked 
| 432|0x0000000736000000, 0x0000000736200000, 0x0000000736200000|100%| O|  |TAMS 0x0000000736000000, 0x0000000736000000| Untracked 
| 433|0x0000000736200000, 0x0000000736400000, 0x0000000736400000|100%| O|  |TAMS 0x0000000736200000, 0x0000000736200000| Untracked 
| 434|0x0000000736400000, 0x0000000736600000, 0x0000000736600000|100%| O|  |TAMS 0x0000000736400000, 0x0000000736400000| Untracked 
| 435|0x0000000736600000, 0x0000000736800000, 0x0000000736800000|100%| O|  |TAMS 0x0000000736600000, 0x0000000736600000| Untracked 
| 436|0x0000000736800000, 0x0000000736a00000, 0x0000000736a00000|100%| O|  |TAMS 0x0000000736800000, 0x0000000736800000| Untracked 
| 437|0x0000000736a00000, 0x0000000736c00000, 0x0000000736c00000|100%| O|  |TAMS 0x0000000736a00000, 0x0000000736a00000| Untracked 
| 438|0x0000000736c00000, 0x0000000736e00000, 0x0000000736e00000|100%| O|  |TAMS 0x0000000736c00000, 0x0000000736c00000| Untracked 
| 439|0x0000000736e00000, 0x0000000737000000, 0x0000000737000000|100%| O|  |TAMS 0x0000000736e00000, 0x0000000736e00000| Untracked 
| 440|0x0000000737000000, 0x0000000737200000, 0x0000000737200000|100%| O|  |TAMS 0x0000000737000000, 0x0000000737000000| Untracked 
| 441|0x0000000737200000, 0x0000000737400000, 0x0000000737400000|100%| O|  |TAMS 0x0000000737200000, 0x0000000737200000| Untracked 
| 442|0x0000000737400000, 0x0000000737600000, 0x0000000737600000|100%| O|  |TAMS 0x0000000737400000, 0x0000000737400000| Untracked 
| 443|0x0000000737600000, 0x0000000737800000, 0x0000000737800000|100%| O|  |TAMS 0x0000000737600000, 0x0000000737600000| Untracked 
| 444|0x0000000737800000, 0x0000000737a00000, 0x0000000737a00000|100%| O|  |TAMS 0x0000000737800000, 0x0000000737800000| Untracked 
| 445|0x0000000737a00000, 0x0000000737c00000, 0x0000000737c00000|100%| O|  |TAMS 0x0000000737a00000, 0x0000000737a00000| Untracked 
| 446|0x0000000737c00000, 0x0000000737e00000, 0x0000000737e00000|100%| O|  |TAMS 0x0000000737c00000, 0x0000000737c00000| Untracked 
| 447|0x0000000737e00000, 0x0000000738000000, 0x0000000738000000|100%| O|  |TAMS 0x0000000737e00000, 0x0000000737e00000| Untracked 
| 448|0x0000000738000000, 0x0000000738200000, 0x0000000738200000|100%| O|  |TAMS 0x0000000738000000, 0x0000000738000000| Untracked 
| 449|0x0000000738200000, 0x0000000738400000, 0x0000000738400000|100%| O|  |TAMS 0x0000000738200000, 0x0000000738200000| Untracked 
| 450|0x0000000738400000, 0x0000000738600000, 0x0000000738600000|100%| O|  |TAMS 0x0000000738400000, 0x0000000738400000| Untracked 
| 451|0x0000000738600000, 0x0000000738800000, 0x0000000738800000|100%| O|  |TAMS 0x0000000738600000, 0x0000000738600000| Untracked 
| 452|0x0000000738800000, 0x0000000738a00000, 0x0000000738a00000|100%| O|  |TAMS 0x0000000738800000, 0x0000000738800000| Untracked 
| 453|0x0000000738a00000, 0x0000000738c00000, 0x0000000738c00000|100%| O|  |TAMS 0x0000000738a00000, 0x0000000738a00000| Untracked 
| 454|0x0000000738c00000, 0x0000000738e00000, 0x0000000738e00000|100%| O|  |TAMS 0x0000000738c00000, 0x0000000738c00000| Untracked 
| 455|0x0000000738e00000, 0x0000000739000000, 0x0000000739000000|100%| O|  |TAMS 0x0000000738e00000, 0x0000000738e00000| Untracked 
| 456|0x0000000739000000, 0x0000000739200000, 0x0000000739200000|100%| O|  |TAMS 0x0000000739000000, 0x0000000739000000| Untracked 
| 457|0x0000000739200000, 0x0000000739400000, 0x0000000739400000|100%| O|  |TAMS 0x0000000739200000, 0x0000000739200000| Untracked 
| 458|0x0000000739400000, 0x0000000739600000, 0x0000000739600000|100%| O|  |TAMS 0x0000000739400000, 0x0000000739400000| Untracked 
| 459|0x0000000739600000, 0x0000000739800000, 0x0000000739800000|100%| O|  |TAMS 0x0000000739600000, 0x0000000739600000| Untracked 
| 460|0x0000000739800000, 0x0000000739a00000, 0x0000000739a00000|100%| O|  |TAMS 0x0000000739800000, 0x0000000739800000| Untracked 
| 461|0x0000000739a00000, 0x0000000739c00000, 0x0000000739c00000|100%| O|  |TAMS 0x0000000739a00000, 0x0000000739a00000| Untracked 
| 462|0x0000000739c00000, 0x0000000739e00000, 0x0000000739e00000|100%| O|  |TAMS 0x0000000739c00000, 0x0000000739c00000| Untracked 
| 463|0x0000000739e00000, 0x000000073a000000, 0x000000073a000000|100%| O|  |TAMS 0x0000000739e00000, 0x0000000739e00000| Untracked 
| 464|0x000000073a000000, 0x000000073a200000, 0x000000073a200000|100%| O|  |TAMS 0x000000073a000000, 0x000000073a000000| Untracked 
| 465|0x000000073a200000, 0x000000073a400000, 0x000000073a400000|100%| O|  |TAMS 0x000000073a200000, 0x000000073a200000| Untracked 
| 466|0x000000073a400000, 0x000000073a600000, 0x000000073a600000|100%| O|  |TAMS 0x000000073a400000, 0x000000073a400000| Untracked 
| 467|0x000000073a600000, 0x000000073a800000, 0x000000073a800000|100%| O|  |TAMS 0x000000073a600000, 0x000000073a600000| Untracked 
| 468|0x000000073a800000, 0x000000073aa00000, 0x000000073aa00000|100%| O|  |TAMS 0x000000073a800000, 0x000000073a800000| Untracked 
| 469|0x000000073aa00000, 0x000000073ac00000, 0x000000073ac00000|100%| O|  |TAMS 0x000000073aa00000, 0x000000073aa00000| Untracked 
| 470|0x000000073ac00000, 0x000000073ae00000, 0x000000073ae00000|100%| O|  |TAMS 0x000000073ac00000, 0x000000073ac00000| Untracked 
| 471|0x000000073ae00000, 0x000000073b000000, 0x000000073b000000|100%| O|  |TAMS 0x000000073ae00000, 0x000000073ae00000| Untracked 
| 472|0x000000073b000000, 0x000000073b200000, 0x000000073b200000|100%| O|  |TAMS 0x000000073b000000, 0x000000073b000000| Untracked 
| 473|0x000000073b200000, 0x000000073b400000, 0x000000073b400000|100%| O|  |TAMS 0x000000073b200000, 0x000000073b200000| Untracked 
| 474|0x000000073b400000, 0x000000073b600000, 0x000000073b600000|100%| O|  |TAMS 0x000000073b400000, 0x000000073b400000| Untracked 
| 475|0x000000073b600000, 0x000000073b800000, 0x000000073b800000|100%| O|  |TAMS 0x000000073b600000, 0x000000073b600000| Untracked 
| 476|0x000000073b800000, 0x000000073ba00000, 0x000000073ba00000|100%| O|  |TAMS 0x000000073b800000, 0x000000073b800000| Untracked 
| 477|0x000000073ba00000, 0x000000073bc00000, 0x000000073bc00000|100%| O|  |TAMS 0x000000073ba00000, 0x000000073ba00000| Untracked 
| 478|0x000000073bc00000, 0x000000073bd00000, 0x000000073be00000| 50%| O|  |TAMS 0x000000073bc00000, 0x000000073bc00000| Untracked 
| 479|0x000000073be00000, 0x000000073be00000, 0x000000073c000000|  0%| F|  |TAMS 0x000000073be00000, 0x000000073be00000| Untracked 
| 480|0x000000073c000000, 0x000000073c000000, 0x000000073c200000|  0%| F|  |TAMS 0x000000073c000000, 0x000000073c000000| Untracked 
| 481|0x000000073c200000, 0x000000073c200000, 0x000000073c400000|  0%| F|  |TAMS 0x000000073c200000, 0x000000073c200000| Untracked 
| 482|0x000000073c400000, 0x000000073c400000, 0x000000073c600000|  0%| F|  |TAMS 0x000000073c400000, 0x000000073c400000| Untracked 
| 483|0x000000073c600000, 0x000000073c600000, 0x000000073c800000|  0%| F|  |TAMS 0x000000073c600000, 0x000000073c600000| Untracked 
| 484|0x000000073c800000, 0x000000073c800000, 0x000000073ca00000|  0%| F|  |TAMS 0x000000073c800000, 0x000000073c800000| Untracked 
| 485|0x000000073ca00000, 0x000000073ca00000, 0x000000073cc00000|  0%| F|  |TAMS 0x000000073ca00000, 0x000000073ca00000| Untracked 
| 486|0x000000073cc00000, 0x000000073cc00000, 0x000000073ce00000|  0%| F|  |TAMS 0x000000073cc00000, 0x000000073cc00000| Untracked 
| 487|0x000000073ce00000, 0x000000073ce00000, 0x000000073d000000|  0%| F|  |TAMS 0x000000073ce00000, 0x000000073ce00000| Untracked 
| 488|0x000000073d000000, 0x000000073d000000, 0x000000073d200000|  0%| F|  |TAMS 0x000000073d000000, 0x000000073d000000| Untracked 
| 489|0x000000073d200000, 0x000000073d200000, 0x000000073d400000|  0%| F|  |TAMS 0x000000073d200000, 0x000000073d200000| Untracked 
| 490|0x000000073d400000, 0x000000073d400000, 0x000000073d600000|  0%| F|  |TAMS 0x000000073d400000, 0x000000073d400000| Untracked 
| 491|0x000000073d600000, 0x000000073d600000, 0x000000073d800000|  0%| F|  |TAMS 0x000000073d600000, 0x000000073d600000| Untracked 
| 492|0x000000073d800000, 0x000000073d800000, 0x000000073da00000|  0%| F|  |TAMS 0x000000073d800000, 0x000000073d800000| Untracked 
| 493|0x000000073da00000, 0x000000073da00000, 0x000000073dc00000|  0%| F|  |TAMS 0x000000073da00000, 0x000000073da00000| Untracked 
| 494|0x000000073dc00000, 0x000000073dc00000, 0x000000073de00000|  0%| F|  |TAMS 0x000000073dc00000, 0x000000073dc00000| Untracked 
| 495|0x000000073de00000, 0x000000073de00000, 0x000000073e000000|  0%| F|  |TAMS 0x000000073de00000, 0x000000073de00000| Untracked 
| 496|0x000000073e000000, 0x000000073e000000, 0x000000073e200000|  0%| F|  |TAMS 0x000000073e000000, 0x000000073e000000| Untracked 
| 497|0x000000073e200000, 0x000000073e200000, 0x000000073e400000|  0%| F|  |TAMS 0x000000073e200000, 0x000000073e200000| Untracked 
| 498|0x000000073e400000, 0x000000073e400000, 0x000000073e600000|  0%| F|  |TAMS 0x000000073e400000, 0x000000073e400000| Untracked 
| 499|0x000000073e600000, 0x000000073e600000, 0x000000073e800000|  0%| F|  |TAMS 0x000000073e600000, 0x000000073e600000| Untracked 
| 500|0x000000073e800000, 0x000000073e800000, 0x000000073ea00000|  0%| F|  |TAMS 0x000000073e800000, 0x000000073e800000| Untracked 
| 501|0x000000073ea00000, 0x000000073ea00000, 0x000000073ec00000|  0%| F|  |TAMS 0x000000073ea00000, 0x000000073ea00000| Untracked 
| 502|0x000000073ec00000, 0x000000073ec00000, 0x000000073ee00000|  0%| F|  |TAMS 0x000000073ec00000, 0x000000073ec00000| Untracked 
| 503|0x000000073ee00000, 0x000000073ee00000, 0x000000073f000000|  0%| F|  |TAMS 0x000000073ee00000, 0x000000073ee00000| Untracked 
| 504|0x000000073f000000, 0x000000073f000000, 0x000000073f200000|  0%| F|  |TAMS 0x000000073f000000, 0x000000073f000000| Untracked 
| 505|0x000000073f200000, 0x000000073f200000, 0x000000073f400000|  0%| F|  |TAMS 0x000000073f200000, 0x000000073f200000| Untracked 
| 506|0x000000073f400000, 0x000000073f400000, 0x000000073f600000|  0%| F|  |TAMS 0x000000073f400000, 0x000000073f400000| Untracked 
| 507|0x000000073f600000, 0x000000073f600000, 0x000000073f800000|  0%| F|  |TAMS 0x000000073f600000, 0x000000073f600000| Untracked 
| 508|0x000000073f800000, 0x000000073f800000, 0x000000073fa00000|  0%| F|  |TAMS 0x000000073f800000, 0x000000073f800000| Untracked 
| 509|0x000000073fa00000, 0x000000073fa00000, 0x000000073fc00000|  0%| F|  |TAMS 0x000000073fa00000, 0x000000073fa00000| Untracked 
| 510|0x000000073fc00000, 0x000000073fc00000, 0x000000073fe00000|  0%| F|  |TAMS 0x000000073fc00000, 0x000000073fc00000| Untracked 
| 511|0x000000073fe00000, 0x000000073fe00000, 0x0000000740000000|  0%| F|  |TAMS 0x000000073fe00000, 0x000000073fe00000| Untracked 
| 512|0x0000000740000000, 0x0000000740000000, 0x0000000740200000|  0%| F|  |TAMS 0x0000000740000000, 0x0000000740000000| Untracked 
| 513|0x0000000740200000, 0x0000000740200000, 0x0000000740400000|  0%| F|  |TAMS 0x0000000740200000, 0x0000000740200000| Untracked 
| 514|0x0000000740400000, 0x0000000740400000, 0x0000000740600000|  0%| F|  |TAMS 0x0000000740400000, 0x0000000740400000| Untracked 
| 515|0x0000000740600000, 0x0000000740600000, 0x0000000740800000|  0%| F|  |TAMS 0x0000000740600000, 0x0000000740600000| Untracked 
| 516|0x0000000740800000, 0x0000000740800000, 0x0000000740a00000|  0%| F|  |TAMS 0x0000000740800000, 0x0000000740800000| Untracked 
| 517|0x0000000740a00000, 0x0000000740a00000, 0x0000000740c00000|  0%| F|  |TAMS 0x0000000740a00000, 0x0000000740a00000| Untracked 
| 518|0x0000000740c00000, 0x0000000740c00000, 0x0000000740e00000|  0%| F|  |TAMS 0x0000000740c00000, 0x0000000740c00000| Untracked 
| 519|0x0000000740e00000, 0x0000000740e00000, 0x0000000741000000|  0%| F|  |TAMS 0x0000000740e00000, 0x0000000740e00000| Untracked 
| 520|0x0000000741000000, 0x0000000741000000, 0x0000000741200000|  0%| F|  |TAMS 0x0000000741000000, 0x0000000741000000| Untracked 
| 521|0x0000000741200000, 0x0000000741200000, 0x0000000741400000|  0%| F|  |TAMS 0x0000000741200000, 0x0000000741200000| Untracked 
| 522|0x0000000741400000, 0x0000000741400000, 0x0000000741600000|  0%| F|  |TAMS 0x0000000741400000, 0x0000000741400000| Untracked 
| 523|0x0000000741600000, 0x0000000741600000, 0x0000000741800000|  0%| F|  |TAMS 0x0000000741600000, 0x0000000741600000| Untracked 
| 524|0x0000000741800000, 0x0000000741800000, 0x0000000741a00000|  0%| F|  |TAMS 0x0000000741800000, 0x0000000741800000| Untracked 
| 525|0x0000000741a00000, 0x0000000741a00000, 0x0000000741c00000|  0%| F|  |TAMS 0x0000000741a00000, 0x0000000741a00000| Untracked 
| 526|0x0000000741c00000, 0x0000000741c00000, 0x0000000741e00000|  0%| F|  |TAMS 0x0000000741c00000, 0x0000000741c00000| Untracked 
| 527|0x0000000741e00000, 0x0000000741e00000, 0x0000000742000000|  0%| F|  |TAMS 0x0000000741e00000, 0x0000000741e00000| Untracked 
| 528|0x0000000742000000, 0x0000000742000000, 0x0000000742200000|  0%| F|  |TAMS 0x0000000742000000, 0x0000000742000000| Untracked 
| 529|0x0000000742200000, 0x0000000742200000, 0x0000000742400000|  0%| F|  |TAMS 0x0000000742200000, 0x0000000742200000| Untracked 
| 530|0x0000000742400000, 0x0000000742400000, 0x0000000742600000|  0%| F|  |TAMS 0x0000000742400000, 0x0000000742400000| Untracked 
| 531|0x0000000742600000, 0x0000000742600000, 0x0000000742800000|  0%| F|  |TAMS 0x0000000742600000, 0x0000000742600000| Untracked 
| 532|0x0000000742800000, 0x0000000742800000, 0x0000000742a00000|  0%| F|  |TAMS 0x0000000742800000, 0x0000000742800000| Untracked 
| 533|0x0000000742a00000, 0x0000000742a00000, 0x0000000742c00000|  0%| F|  |TAMS 0x0000000742a00000, 0x0000000742a00000| Untracked 
| 534|0x0000000742c00000, 0x0000000742c00000, 0x0000000742e00000|  0%| F|  |TAMS 0x0000000742c00000, 0x0000000742c00000| Untracked 
| 535|0x0000000742e00000, 0x0000000742e00000, 0x0000000743000000|  0%| F|  |TAMS 0x0000000742e00000, 0x0000000742e00000| Untracked 
| 536|0x0000000743000000, 0x0000000743000000, 0x0000000743200000|  0%| F|  |TAMS 0x0000000743000000, 0x0000000743000000| Untracked 
| 537|0x0000000743200000, 0x0000000743200000, 0x0000000743400000|  0%| F|  |TAMS 0x0000000743200000, 0x0000000743200000| Untracked 
| 538|0x0000000743400000, 0x0000000743400000, 0x0000000743600000|  0%| F|  |TAMS 0x0000000743400000, 0x0000000743400000| Untracked 
| 539|0x0000000743600000, 0x0000000743600000, 0x0000000743800000|  0%| F|  |TAMS 0x0000000743600000, 0x0000000743600000| Untracked 
| 540|0x0000000743800000, 0x0000000743800000, 0x0000000743a00000|  0%| F|  |TAMS 0x0000000743800000, 0x0000000743800000| Untracked 
| 541|0x0000000743a00000, 0x0000000743a00000, 0x0000000743c00000|  0%| F|  |TAMS 0x0000000743a00000, 0x0000000743a00000| Untracked 
| 542|0x0000000743c00000, 0x0000000743c00000, 0x0000000743e00000|  0%| F|  |TAMS 0x0000000743c00000, 0x0000000743c00000| Untracked 
| 543|0x0000000743e00000, 0x0000000743e00000, 0x0000000744000000|  0%| F|  |TAMS 0x0000000743e00000, 0x0000000743e00000| Untracked 
| 544|0x0000000744000000, 0x0000000744000000, 0x0000000744200000|  0%| F|  |TAMS 0x0000000744000000, 0x0000000744000000| Untracked 
| 545|0x0000000744200000, 0x0000000744200000, 0x0000000744400000|  0%| F|  |TAMS 0x0000000744200000, 0x0000000744200000| Untracked 
| 546|0x0000000744400000, 0x0000000744400000, 0x0000000744600000|  0%| F|  |TAMS 0x0000000744400000, 0x0000000744400000| Untracked 
| 547|0x0000000744600000, 0x0000000744600000, 0x0000000744800000|  0%| F|  |TAMS 0x0000000744600000, 0x0000000744600000| Untracked 
| 548|0x0000000744800000, 0x0000000744800000, 0x0000000744a00000|  0%| F|  |TAMS 0x0000000744800000, 0x0000000744800000| Untracked 
| 549|0x0000000744a00000, 0x0000000744a00000, 0x0000000744c00000|  0%| F|  |TAMS 0x0000000744a00000, 0x0000000744a00000| Untracked 
| 550|0x0000000744c00000, 0x0000000744c00000, 0x0000000744e00000|  0%| F|  |TAMS 0x0000000744c00000, 0x0000000744c00000| Untracked 
| 551|0x0000000744e00000, 0x0000000744e00000, 0x0000000745000000|  0%| F|  |TAMS 0x0000000744e00000, 0x0000000744e00000| Untracked 
| 552|0x0000000745000000, 0x0000000745000000, 0x0000000745200000|  0%| F|  |TAMS 0x0000000745000000, 0x0000000745000000| Untracked 
| 553|0x0000000745200000, 0x0000000745200000, 0x0000000745400000|  0%| F|  |TAMS 0x0000000745200000, 0x0000000745200000| Untracked 
| 554|0x0000000745400000, 0x0000000745400000, 0x0000000745600000|  0%| F|  |TAMS 0x0000000745400000, 0x0000000745400000| Untracked 
| 555|0x0000000745600000, 0x0000000745600000, 0x0000000745800000|  0%| F|  |TAMS 0x0000000745600000, 0x0000000745600000| Untracked 
| 556|0x0000000745800000, 0x0000000745800000, 0x0000000745a00000|  0%| F|  |TAMS 0x0000000745800000, 0x0000000745800000| Untracked 
| 557|0x0000000745a00000, 0x0000000745a00000, 0x0000000745c00000|  0%| F|  |TAMS 0x0000000745a00000, 0x0000000745a00000| Untracked 
| 558|0x0000000745c00000, 0x0000000745c00000, 0x0000000745e00000|  0%| F|  |TAMS 0x0000000745c00000, 0x0000000745c00000| Untracked 
| 559|0x0000000745e00000, 0x0000000745e00000, 0x0000000746000000|  0%| F|  |TAMS 0x0000000745e00000, 0x0000000745e00000| Untracked 
| 560|0x0000000746000000, 0x0000000746000000, 0x0000000746200000|  0%| F|  |TAMS 0x0000000746000000, 0x0000000746000000| Untracked 
| 561|0x0000000746200000, 0x0000000746200000, 0x0000000746400000|  0%| F|  |TAMS 0x0000000746200000, 0x0000000746200000| Untracked 
| 562|0x0000000746400000, 0x0000000746400000, 0x0000000746600000|  0%| F|  |TAMS 0x0000000746400000, 0x0000000746400000| Untracked 
| 563|0x0000000746600000, 0x0000000746600000, 0x0000000746800000|  0%| F|  |TAMS 0x0000000746600000, 0x0000000746600000| Untracked 
| 564|0x0000000746800000, 0x0000000746800000, 0x0000000746a00000|  0%| F|  |TAMS 0x0000000746800000, 0x0000000746800000| Untracked 
| 565|0x0000000746a00000, 0x0000000746a00000, 0x0000000746c00000|  0%| F|  |TAMS 0x0000000746a00000, 0x0000000746a00000| Untracked 
| 566|0x0000000746c00000, 0x0000000746c00000, 0x0000000746e00000|  0%| F|  |TAMS 0x0000000746c00000, 0x0000000746c00000| Untracked 
| 567|0x0000000746e00000, 0x0000000746e00000, 0x0000000747000000|  0%| F|  |TAMS 0x0000000746e00000, 0x0000000746e00000| Untracked 
| 568|0x0000000747000000, 0x0000000747000000, 0x0000000747200000|  0%| F|  |TAMS 0x0000000747000000, 0x0000000747000000| Untracked 
| 569|0x0000000747200000, 0x0000000747200000, 0x0000000747400000|  0%| F|  |TAMS 0x0000000747200000, 0x0000000747200000| Untracked 
| 570|0x0000000747400000, 0x0000000747400000, 0x0000000747600000|  0%| F|  |TAMS 0x0000000747400000, 0x0000000747400000| Untracked 
| 571|0x0000000747600000, 0x0000000747600000, 0x0000000747800000|  0%| F|  |TAMS 0x0000000747600000, 0x0000000747600000| Untracked 
| 572|0x0000000747800000, 0x0000000747800000, 0x0000000747a00000|  0%| F|  |TAMS 0x0000000747800000, 0x0000000747800000| Untracked 
| 573|0x0000000747a00000, 0x0000000747a00000, 0x0000000747c00000|  0%| F|  |TAMS 0x0000000747a00000, 0x0000000747a00000| Untracked 
| 574|0x0000000747c00000, 0x0000000747c00000, 0x0000000747e00000|  0%| F|  |TAMS 0x0000000747c00000, 0x0000000747c00000| Untracked 
| 575|0x0000000747e00000, 0x0000000747e00000, 0x0000000748000000|  0%| F|  |TAMS 0x0000000747e00000, 0x0000000747e00000| Untracked 
| 576|0x0000000748000000, 0x0000000748000000, 0x0000000748200000|  0%| F|  |TAMS 0x0000000748000000, 0x0000000748000000| Untracked 
| 577|0x0000000748200000, 0x0000000748200000, 0x0000000748400000|  0%| F|  |TAMS 0x0000000748200000, 0x0000000748200000| Untracked 
| 578|0x0000000748400000, 0x0000000748400000, 0x0000000748600000|  0%| F|  |TAMS 0x0000000748400000, 0x0000000748400000| Untracked 
| 579|0x0000000748600000, 0x0000000748600000, 0x0000000748800000|  0%| F|  |TAMS 0x0000000748600000, 0x0000000748600000| Untracked 
| 580|0x0000000748800000, 0x0000000748800000, 0x0000000748a00000|  0%| F|  |TAMS 0x0000000748800000, 0x0000000748800000| Untracked 
| 581|0x0000000748a00000, 0x0000000748a00000, 0x0000000748c00000|  0%| F|  |TAMS 0x0000000748a00000, 0x0000000748a00000| Untracked 
| 582|0x0000000748c00000, 0x0000000748c00000, 0x0000000748e00000|  0%| F|  |TAMS 0x0000000748c00000, 0x0000000748c00000| Untracked 
| 583|0x0000000748e00000, 0x0000000748e00000, 0x0000000749000000|  0%| F|  |TAMS 0x0000000748e00000, 0x0000000748e00000| Untracked 
| 584|0x0000000749000000, 0x0000000749000000, 0x0000000749200000|  0%| F|  |TAMS 0x0000000749000000, 0x0000000749000000| Untracked 
| 585|0x0000000749200000, 0x0000000749200000, 0x0000000749400000|  0%| F|  |TAMS 0x0000000749200000, 0x0000000749200000| Untracked 
| 586|0x0000000749400000, 0x0000000749400000, 0x0000000749600000|  0%| F|  |TAMS 0x0000000749400000, 0x0000000749400000| Untracked 
| 587|0x0000000749600000, 0x0000000749800000, 0x0000000749800000|100%| S|CS|TAMS 0x0000000749600000, 0x0000000749600000| Complete 
| 588|0x0000000749800000, 0x0000000749a00000, 0x0000000749a00000|100%| S|CS|TAMS 0x0000000749800000, 0x0000000749800000| Complete 
| 589|0x0000000749a00000, 0x0000000749c00000, 0x0000000749c00000|100%| S|CS|TAMS 0x0000000749a00000, 0x0000000749a00000| Complete 
| 590|0x0000000749c00000, 0x0000000749e00000, 0x0000000749e00000|100%| S|CS|TAMS 0x0000000749c00000, 0x0000000749c00000| Complete 
| 591|0x0000000749e00000, 0x000000074a000000, 0x000000074a000000|100%| S|CS|TAMS 0x0000000749e00000, 0x0000000749e00000| Complete 
| 592|0x000000074a000000, 0x000000074a200000, 0x000000074a200000|100%| S|CS|TAMS 0x000000074a000000, 0x000000074a000000| Complete 
| 593|0x000000074a200000, 0x000000074a400000, 0x000000074a400000|100%| S|CS|TAMS 0x000000074a200000, 0x000000074a200000| Complete 
| 594|0x000000074a400000, 0x000000074a600000, 0x000000074a600000|100%| S|CS|TAMS 0x000000074a400000, 0x000000074a400000| Complete 
| 595|0x000000074a600000, 0x000000074a800000, 0x000000074a800000|100%| S|CS|TAMS 0x000000074a600000, 0x000000074a600000| Complete 
| 596|0x000000074a800000, 0x000000074aa00000, 0x000000074aa00000|100%| S|CS|TAMS 0x000000074a800000, 0x000000074a800000| Complete 
| 597|0x000000074aa00000, 0x000000074ac00000, 0x000000074ac00000|100%| S|CS|TAMS 0x000000074aa00000, 0x000000074aa00000| Complete 
| 598|0x000000074ac00000, 0x000000074ac00000, 0x000000074ae00000|  0%| F|  |TAMS 0x000000074ac00000, 0x000000074ac00000| Untracked 
| 599|0x000000074ae00000, 0x000000074ae00000, 0x000000074b000000|  0%| F|  |TAMS 0x000000074ae00000, 0x000000074ae00000| Untracked 
| 600|0x000000074b000000, 0x000000074b000000, 0x000000074b200000|  0%| F|  |TAMS 0x000000074b000000, 0x000000074b000000| Untracked 
| 601|0x000000074b200000, 0x000000074b200000, 0x000000074b400000|  0%| F|  |TAMS 0x000000074b200000, 0x000000074b200000| Untracked 
| 602|0x000000074b400000, 0x000000074b400000, 0x000000074b600000|  0%| F|  |TAMS 0x000000074b400000, 0x000000074b400000| Untracked 
| 603|0x000000074b600000, 0x000000074b600000, 0x000000074b800000|  0%| F|  |TAMS 0x000000074b600000, 0x000000074b600000| Untracked 
| 604|0x000000074b800000, 0x000000074b800000, 0x000000074ba00000|  0%| F|  |TAMS 0x000000074b800000, 0x000000074b800000| Untracked 
| 605|0x000000074ba00000, 0x000000074ba00000, 0x000000074bc00000|  0%| F|  |TAMS 0x000000074ba00000, 0x000000074ba00000| Untracked 
| 606|0x000000074bc00000, 0x000000074bc00000, 0x000000074be00000|  0%| F|  |TAMS 0x000000074bc00000, 0x000000074bc00000| Untracked 
| 607|0x000000074be00000, 0x000000074be00000, 0x000000074c000000|  0%| F|  |TAMS 0x000000074be00000, 0x000000074be00000| Untracked 
| 608|0x000000074c000000, 0x000000074c000000, 0x000000074c200000|  0%| F|  |TAMS 0x000000074c000000, 0x000000074c000000| Untracked 
| 609|0x000000074c200000, 0x000000074c200000, 0x000000074c400000|  0%| F|  |TAMS 0x000000074c200000, 0x000000074c200000| Untracked 
| 610|0x000000074c400000, 0x000000074c400000, 0x000000074c600000|  0%| F|  |TAMS 0x000000074c400000, 0x000000074c400000| Untracked 
| 611|0x000000074c600000, 0x000000074c600000, 0x000000074c800000|  0%| F|  |TAMS 0x000000074c600000, 0x000000074c600000| Untracked 
| 612|0x000000074c800000, 0x000000074c800000, 0x000000074ca00000|  0%| F|  |TAMS 0x000000074c800000, 0x000000074c800000| Untracked 
| 613|0x000000074ca00000, 0x000000074ca00000, 0x000000074cc00000|  0%| F|  |TAMS 0x000000074ca00000, 0x000000074ca00000| Untracked 
| 614|0x000000074cc00000, 0x000000074cc00000, 0x000000074ce00000|  0%| F|  |TAMS 0x000000074cc00000, 0x000000074cc00000| Untracked 
| 615|0x000000074ce00000, 0x000000074ce00000, 0x000000074d000000|  0%| F|  |TAMS 0x000000074ce00000, 0x000000074ce00000| Untracked 
| 616|0x000000074d000000, 0x000000074d000000, 0x000000074d200000|  0%| F|  |TAMS 0x000000074d000000, 0x000000074d000000| Untracked 
| 617|0x000000074d200000, 0x000000074d200000, 0x000000074d400000|  0%| F|  |TAMS 0x000000074d200000, 0x000000074d200000| Untracked 
| 618|0x000000074d400000, 0x000000074d400000, 0x000000074d600000|  0%| F|  |TAMS 0x000000074d400000, 0x000000074d400000| Untracked 
| 619|0x000000074d600000, 0x000000074d600000, 0x000000074d800000|  0%| F|  |TAMS 0x000000074d600000, 0x000000074d600000| Untracked 
| 620|0x000000074d800000, 0x000000074d800000, 0x000000074da00000|  0%| F|  |TAMS 0x000000074d800000, 0x000000074d800000| Untracked 
| 621|0x000000074da00000, 0x000000074da00000, 0x000000074dc00000|  0%| F|  |TAMS 0x000000074da00000, 0x000000074da00000| Untracked 
| 622|0x000000074dc00000, 0x000000074dc00000, 0x000000074de00000|  0%| F|  |TAMS 0x000000074dc00000, 0x000000074dc00000| Untracked 
| 623|0x000000074de00000, 0x000000074de00000, 0x000000074e000000|  0%| F|  |TAMS 0x000000074de00000, 0x000000074de00000| Untracked 
| 624|0x000000074e000000, 0x000000074e000000, 0x000000074e200000|  0%| F|  |TAMS 0x000000074e000000, 0x000000074e000000| Untracked 
| 625|0x000000074e200000, 0x000000074e200000, 0x000000074e400000|  0%| F|  |TAMS 0x000000074e200000, 0x000000074e200000| Untracked 
| 626|0x000000074e400000, 0x000000074e400000, 0x000000074e600000|  0%| F|  |TAMS 0x000000074e400000, 0x000000074e400000| Untracked 
| 627|0x000000074e600000, 0x000000074e600000, 0x000000074e800000|  0%| F|  |TAMS 0x000000074e600000, 0x000000074e600000| Untracked 
| 628|0x000000074e800000, 0x000000074e800000, 0x000000074ea00000|  0%| F|  |TAMS 0x000000074e800000, 0x000000074e800000| Untracked 
| 629|0x000000074ea00000, 0x000000074ea00000, 0x000000074ec00000|  0%| F|  |TAMS 0x000000074ea00000, 0x000000074ea00000| Untracked 
| 630|0x000000074ec00000, 0x000000074ec00000, 0x000000074ee00000|  0%| F|  |TAMS 0x000000074ec00000, 0x000000074ec00000| Untracked 
| 631|0x000000074ee00000, 0x000000074ee00000, 0x000000074f000000|  0%| F|  |TAMS 0x000000074ee00000, 0x000000074ee00000| Untracked 
| 632|0x000000074f000000, 0x000000074f000000, 0x000000074f200000|  0%| F|  |TAMS 0x000000074f000000, 0x000000074f000000| Untracked 
| 633|0x000000074f200000, 0x000000074f200000, 0x000000074f400000|  0%| F|  |TAMS 0x000000074f200000, 0x000000074f200000| Untracked 
| 634|0x000000074f400000, 0x000000074f400000, 0x000000074f600000|  0%| F|  |TAMS 0x000000074f400000, 0x000000074f400000| Untracked 
| 635|0x000000074f600000, 0x000000074f600000, 0x000000074f800000|  0%| F|  |TAMS 0x000000074f600000, 0x000000074f600000| Untracked 
| 636|0x000000074f800000, 0x000000074f800000, 0x000000074fa00000|  0%| F|  |TAMS 0x000000074f800000, 0x000000074f800000| Untracked 
| 637|0x000000074fa00000, 0x000000074fa00000, 0x000000074fc00000|  0%| F|  |TAMS 0x000000074fa00000, 0x000000074fa00000| Untracked 
| 638|0x000000074fc00000, 0x000000074fc00000, 0x000000074fe00000|  0%| F|  |TAMS 0x000000074fc00000, 0x000000074fc00000| Untracked 
| 639|0x000000074fe00000, 0x000000074fe00000, 0x0000000750000000|  0%| F|  |TAMS 0x000000074fe00000, 0x000000074fe00000| Untracked 
| 640|0x0000000750000000, 0x0000000750000000, 0x0000000750200000|  0%| F|  |TAMS 0x0000000750000000, 0x0000000750000000| Untracked 
| 641|0x0000000750200000, 0x0000000750200000, 0x0000000750400000|  0%| F|  |TAMS 0x0000000750200000, 0x0000000750200000| Untracked 
| 642|0x0000000750400000, 0x0000000750400000, 0x0000000750600000|  0%| F|  |TAMS 0x0000000750400000, 0x0000000750400000| Untracked 
| 643|0x0000000750600000, 0x0000000750600000, 0x0000000750800000|  0%| F|  |TAMS 0x0000000750600000, 0x0000000750600000| Untracked 
| 644|0x0000000750800000, 0x0000000750800000, 0x0000000750a00000|  0%| F|  |TAMS 0x0000000750800000, 0x0000000750800000| Untracked 
| 645|0x0000000750a00000, 0x0000000750a00000, 0x0000000750c00000|  0%| F|  |TAMS 0x0000000750a00000, 0x0000000750a00000| Untracked 
| 646|0x0000000750c00000, 0x0000000750c00000, 0x0000000750e00000|  0%| F|  |TAMS 0x0000000750c00000, 0x0000000750c00000| Untracked 
| 647|0x0000000750e00000, 0x0000000750e00000, 0x0000000751000000|  0%| F|  |TAMS 0x0000000750e00000, 0x0000000750e00000| Untracked 
| 648|0x0000000751000000, 0x0000000751000000, 0x0000000751200000|  0%| F|  |TAMS 0x0000000751000000, 0x0000000751000000| Untracked 
| 649|0x0000000751200000, 0x0000000751200000, 0x0000000751400000|  0%| F|  |TAMS 0x0000000751200000, 0x0000000751200000| Untracked 
| 650|0x0000000751400000, 0x0000000751400000, 0x0000000751600000|  0%| F|  |TAMS 0x0000000751400000, 0x0000000751400000| Untracked 
| 651|0x0000000751600000, 0x0000000751600000, 0x0000000751800000|  0%| F|  |TAMS 0x0000000751600000, 0x0000000751600000| Untracked 
| 652|0x0000000751800000, 0x0000000751800000, 0x0000000751a00000|  0%| F|  |TAMS 0x0000000751800000, 0x0000000751800000| Untracked 
| 653|0x0000000751a00000, 0x0000000751a00000, 0x0000000751c00000|  0%| F|  |TAMS 0x0000000751a00000, 0x0000000751a00000| Untracked 
| 654|0x0000000751c00000, 0x0000000751c00000, 0x0000000751e00000|  0%| F|  |TAMS 0x0000000751c00000, 0x0000000751c00000| Untracked 
| 655|0x0000000751e00000, 0x0000000751e00000, 0x0000000752000000|  0%| F|  |TAMS 0x0000000751e00000, 0x0000000751e00000| Untracked 
| 656|0x0000000752000000, 0x0000000752000000, 0x0000000752200000|  0%| F|  |TAMS 0x0000000752000000, 0x0000000752000000| Untracked 
| 657|0x0000000752200000, 0x0000000752200000, 0x0000000752400000|  0%| F|  |TAMS 0x0000000752200000, 0x0000000752200000| Untracked 
| 658|0x0000000752400000, 0x0000000752400000, 0x0000000752600000|  0%| F|  |TAMS 0x0000000752400000, 0x0000000752400000| Untracked 
| 659|0x0000000752600000, 0x0000000752600000, 0x0000000752800000|  0%| F|  |TAMS 0x0000000752600000, 0x0000000752600000| Untracked 
| 660|0x0000000752800000, 0x0000000752800000, 0x0000000752a00000|  0%| F|  |TAMS 0x0000000752800000, 0x0000000752800000| Untracked 
| 661|0x0000000752a00000, 0x0000000752a00000, 0x0000000752c00000|  0%| F|  |TAMS 0x0000000752a00000, 0x0000000752a00000| Untracked 
| 662|0x0000000752c00000, 0x0000000752c00000, 0x0000000752e00000|  0%| F|  |TAMS 0x0000000752c00000, 0x0000000752c00000| Untracked 
| 663|0x0000000752e00000, 0x0000000752e00000, 0x0000000753000000|  0%| F|  |TAMS 0x0000000752e00000, 0x0000000752e00000| Untracked 
| 664|0x0000000753000000, 0x0000000753000000, 0x0000000753200000|  0%| F|  |TAMS 0x0000000753000000, 0x0000000753000000| Untracked 
| 665|0x0000000753200000, 0x0000000753200000, 0x0000000753400000|  0%| F|  |TAMS 0x0000000753200000, 0x0000000753200000| Untracked 
| 666|0x0000000753400000, 0x0000000753400000, 0x0000000753600000|  0%| F|  |TAMS 0x0000000753400000, 0x0000000753400000| Untracked 
| 667|0x0000000753600000, 0x0000000753600000, 0x0000000753800000|  0%| F|  |TAMS 0x0000000753600000, 0x0000000753600000| Untracked 
| 668|0x0000000753800000, 0x0000000753800000, 0x0000000753a00000|  0%| F|  |TAMS 0x0000000753800000, 0x0000000753800000| Untracked 
| 669|0x0000000753a00000, 0x0000000753a00000, 0x0000000753c00000|  0%| F|  |TAMS 0x0000000753a00000, 0x0000000753a00000| Untracked 
| 670|0x0000000753c00000, 0x0000000753c00000, 0x0000000753e00000|  0%| F|  |TAMS 0x0000000753c00000, 0x0000000753c00000| Untracked 
| 671|0x0000000753e00000, 0x0000000753e00000, 0x0000000754000000|  0%| F|  |TAMS 0x0000000753e00000, 0x0000000753e00000| Untracked 
| 672|0x0000000754000000, 0x0000000754000000, 0x0000000754200000|  0%| F|  |TAMS 0x0000000754000000, 0x0000000754000000| Untracked 
| 673|0x0000000754200000, 0x0000000754200000, 0x0000000754400000|  0%| F|  |TAMS 0x0000000754200000, 0x0000000754200000| Untracked 
| 674|0x0000000754400000, 0x0000000754400000, 0x0000000754600000|  0%| F|  |TAMS 0x0000000754400000, 0x0000000754400000| Untracked 
| 675|0x0000000754600000, 0x0000000754600000, 0x0000000754800000|  0%| F|  |TAMS 0x0000000754600000, 0x0000000754600000| Untracked 
| 676|0x0000000754800000, 0x0000000754800000, 0x0000000754a00000|  0%| F|  |TAMS 0x0000000754800000, 0x0000000754800000| Untracked 
| 677|0x0000000754a00000, 0x0000000754a00000, 0x0000000754c00000|  0%| F|  |TAMS 0x0000000754a00000, 0x0000000754a00000| Untracked 
| 678|0x0000000754c00000, 0x0000000754c00000, 0x0000000754e00000|  0%| F|  |TAMS 0x0000000754c00000, 0x0000000754c00000| Untracked 
| 679|0x0000000754e00000, 0x0000000754e00000, 0x0000000755000000|  0%| F|  |TAMS 0x0000000754e00000, 0x0000000754e00000| Untracked 
| 680|0x0000000755000000, 0x0000000755000000, 0x0000000755200000|  0%| F|  |TAMS 0x0000000755000000, 0x0000000755000000| Untracked 
| 681|0x0000000755200000, 0x0000000755200000, 0x0000000755400000|  0%| F|  |TAMS 0x0000000755200000, 0x0000000755200000| Untracked 
| 682|0x0000000755400000, 0x0000000755400000, 0x0000000755600000|  0%| F|  |TAMS 0x0000000755400000, 0x0000000755400000| Untracked 
| 683|0x0000000755600000, 0x0000000755600000, 0x0000000755800000|  0%| F|  |TAMS 0x0000000755600000, 0x0000000755600000| Untracked 
| 684|0x0000000755800000, 0x0000000755800000, 0x0000000755a00000|  0%| F|  |TAMS 0x0000000755800000, 0x0000000755800000| Untracked 
| 685|0x0000000755a00000, 0x0000000755a00000, 0x0000000755c00000|  0%| F|  |TAMS 0x0000000755a00000, 0x0000000755a00000| Untracked 
| 686|0x0000000755c00000, 0x0000000755c00000, 0x0000000755e00000|  0%| F|  |TAMS 0x0000000755c00000, 0x0000000755c00000| Untracked 
| 687|0x0000000755e00000, 0x0000000755e00000, 0x0000000756000000|  0%| F|  |TAMS 0x0000000755e00000, 0x0000000755e00000| Untracked 
| 688|0x0000000756000000, 0x0000000756000000, 0x0000000756200000|  0%| F|  |TAMS 0x0000000756000000, 0x0000000756000000| Untracked 
| 689|0x0000000756200000, 0x0000000756200000, 0x0000000756400000|  0%| F|  |TAMS 0x0000000756200000, 0x0000000756200000| Untracked 
| 690|0x0000000756400000, 0x0000000756400000, 0x0000000756600000|  0%| F|  |TAMS 0x0000000756400000, 0x0000000756400000| Untracked 
| 691|0x0000000756600000, 0x0000000756600000, 0x0000000756800000|  0%| F|  |TAMS 0x0000000756600000, 0x0000000756600000| Untracked 
| 692|0x0000000756800000, 0x0000000756800000, 0x0000000756a00000|  0%| F|  |TAMS 0x0000000756800000, 0x0000000756800000| Untracked 
| 693|0x0000000756a00000, 0x0000000756a00000, 0x0000000756c00000|  0%| F|  |TAMS 0x0000000756a00000, 0x0000000756a00000| Untracked 
| 694|0x0000000756c00000, 0x0000000756c00000, 0x0000000756e00000|  0%| F|  |TAMS 0x0000000756c00000, 0x0000000756c00000| Untracked 
| 695|0x0000000756e00000, 0x0000000756e00000, 0x0000000757000000|  0%| F|  |TAMS 0x0000000756e00000, 0x0000000756e00000| Untracked 
| 696|0x0000000757000000, 0x0000000757000000, 0x0000000757200000|  0%| F|  |TAMS 0x0000000757000000, 0x0000000757000000| Untracked 
| 697|0x0000000757200000, 0x0000000757200000, 0x0000000757400000|  0%| F|  |TAMS 0x0000000757200000, 0x0000000757200000| Untracked 
| 698|0x0000000757400000, 0x0000000757400000, 0x0000000757600000|  0%| F|  |TAMS 0x0000000757400000, 0x0000000757400000| Untracked 
| 699|0x0000000757600000, 0x0000000757600000, 0x0000000757800000|  0%| F|  |TAMS 0x0000000757600000, 0x0000000757600000| Untracked 
| 700|0x0000000757800000, 0x0000000757800000, 0x0000000757a00000|  0%| F|  |TAMS 0x0000000757800000, 0x0000000757800000| Untracked 
| 701|0x0000000757a00000, 0x0000000757a00000, 0x0000000757c00000|  0%| F|  |TAMS 0x0000000757a00000, 0x0000000757a00000| Untracked 
| 702|0x0000000757c00000, 0x0000000757c00000, 0x0000000757e00000|  0%| F|  |TAMS 0x0000000757c00000, 0x0000000757c00000| Untracked 
| 703|0x0000000757e00000, 0x0000000757e00000, 0x0000000758000000|  0%| F|  |TAMS 0x0000000757e00000, 0x0000000757e00000| Untracked 
| 704|0x0000000758000000, 0x0000000758000000, 0x0000000758200000|  0%| F|  |TAMS 0x0000000758000000, 0x0000000758000000| Untracked 
| 705|0x0000000758200000, 0x0000000758200000, 0x0000000758400000|  0%| F|  |TAMS 0x0000000758200000, 0x0000000758200000| Untracked 
| 706|0x0000000758400000, 0x0000000758400000, 0x0000000758600000|  0%| F|  |TAMS 0x0000000758400000, 0x0000000758400000| Untracked 

Card table byte_map: [0x0000020aa60c0000,0x0000020aa68c0000] _byte_map_base: 0x0000020aa28c0000

Marking Bits (Prev, Next): (CMBitMap*) 0x0000020a9121d4d0, (CMBitMap*) 0x0000020a9121d510
 Prev Bits: [0x0000020aa70c0000, 0x0000020aab0c0000)
 Next Bits: [0x0000020aab0c0000, 0x0000020aaf0c0000)

Polling page: 0x0000020a95e30000

Metaspace:

Usage:
  Non-class:    193.93 MB used.
      Class:     27.95 MB used.
       Both:    221.89 MB used.

Virtual space:
  Non-class space:      200.00 MB reserved,     195.00 MB ( 98%) committed,  25 nodes.
      Class space:        1.00 GB reserved,      28.88 MB (  3%) committed,  1 nodes.
             Both:        1.20 GB reserved,     223.88 MB ( 18%) committed. 

Chunk freelists:
   Non-Class:  688.00 KB
       Class:  2.98 MB
        Both:  3.66 MB

MaxMetaspaceSize: unlimited
CompressedClassSpaceSize: 1.00 GB
Initial GC threshold: 21.00 MB
Current GC threshold: 287.81 MB
CDS: off
MetaspaceReclaimPolicy: balanced
 - commit_granule_bytes: 65536.
 - commit_granule_words: 8192.
 - virtual_space_node_default_size: 1048576.
 - enlarge_chunks_in_place: 1.
 - new_chunks_are_fully_committed: 0.
 - uncommit_free_chunks: 1.
 - use_allocation_guard: 0.
 - handle_deallocations: 1.


Internal statistics:

num_allocs_failed_limit: 39.
num_arena_births: 3282.
num_arena_deaths: 340.
num_vsnodes_births: 26.
num_vsnodes_deaths: 0.
num_space_committed: 3581.
num_space_uncommitted: 0.
num_chunks_returned_to_freelist: 534.
num_chunks_taken_from_freelist: 13194.
num_chunk_merges: 210.
num_chunk_splits: 8467.
num_chunks_enlarged: 5342.
num_purges: 2.
num_inconsistent_stats: 0.

CodeHeap 'non-profiled nmethods': size=120000Kb used=35240Kb max_used=35394Kb free=84759Kb
 bounds [0x0000020a9d920000, 0x0000020a9fbc0000, 0x0000020aa4e50000]
CodeHeap 'profiled nmethods': size=120000Kb used=79299Kb max_used=79644Kb free=40701Kb
 bounds [0x0000020a95e50000, 0x0000020a9ac20000, 0x0000020a9d380000]
CodeHeap 'non-nmethods': size=5760Kb used=2635Kb max_used=2753Kb free=3124Kb
 bounds [0x0000020a9d380000, 0x0000020a9d650000, 0x0000020a9d920000]
 total_blobs=38335 nmethods=37133 adapters=1112
 compilation: enabled
              stopped_count=0, restarted_count=0
 full_count=0

Compilation events (20 events):
Event: 119.601 Thread 0x0000020ac07c2fb0 48736       4       com.sun.tools.javac.comp.TypeEnter$AbstractMembersPhase::enterThisAndSuper (131 bytes)
Event: 119.605 Thread 0x0000020ac07c2aa0 nmethod 48742 0x0000020a9fbb0310 code [0x0000020a9fbb0480, 0x0000020a9fbb0998]
Event: 119.605 Thread 0x0000020ac07c2aa0 48737       4       com.sun.tools.javac.comp.TypeEnter$ImportsPhase::runPhase (70 bytes)
Event: 119.613 Thread 0x0000020ac07c2aa0 nmethod 48737 0x0000020a9e3fee90 code [0x0000020a9e3ff060, 0x0000020a9e3ff638]
Event: 119.613 Thread 0x0000020ac07c2aa0 48738       4       com.sun.tools.javac.comp.TypeEnter$RecordPhase::runPhase (197 bytes)
Event: 119.614 Thread 0x0000020ac07c2aa0 nmethod 48738 0x0000020a9ed3a210 code [0x0000020a9ed3a380, 0x0000020a9ed3a478]
Event: 119.614 Thread 0x0000020ac07c2aa0 48739       4       com.sun.tools.javac.comp.TypeEnter$HierarchyPhase::runPhase (172 bytes)
Event: 119.615 Thread 0x0000020ac07c2fb0 nmethod 48736 0x0000020a9f284f90 code [0x0000020a9f285180, 0x0000020a9f285e98]
Event: 119.615 Thread 0x0000020ac07c2fb0 48740       4       java.nio.MappedByteBuffer::limit (6 bytes)
Event: 119.616 Thread 0x0000020ac07c2fb0 nmethod 48740 0x0000020a9f284c10 code [0x0000020a9f284d80, 0x0000020a9f284e78]
Event: 119.696 Thread 0x0000020ac07c2aa0 nmethod 48739 0x0000020a9f793790 code [0x0000020a9f793a20, 0x0000020a9f794cc0]
Event: 119.697 Thread 0x0000020ab1c9fe50 nmethod 48741 0x0000020a9f78fe10 code [0x0000020a9f790100, 0x0000020a9f792578]
Event: 119.780 Thread 0x0000020ab1c9fe50 48743       4       com.sun.tools.javac.code.Type$StructuralTypeMapping::visitArrayType (43 bytes)
Event: 119.782 Thread 0x0000020ab1c9fe50 nmethod 48743 0x0000020a9f464610 code [0x0000020a9f4647a0, 0x0000020a9f464b98]
Event: 119.839 Thread 0x0000020ab1ca8900 48744       3       com.sun.tools.javac.comp.Check$CycleChecker::visitTypeApply (9 bytes)
Event: 119.839 Thread 0x0000020ab1ca8900 nmethod 48744 0x0000020a988f1010 code [0x0000020a988f11c0, 0x0000020a988f14c8]
Event: 119.854 Thread 0x0000020ab1ca8900 48745       3       com.sun.tools.javac.comp.TypeEnter$BasicConstructorHelper::constructorType (49 bytes)
Event: 119.855 Thread 0x0000020ab1ca8900 nmethod 48745 0x0000020a97cc1f10 code [0x0000020a97cc2100, 0x0000020a97cc2818]
Event: 119.989 Thread 0x0000020ab1ca8900 48746       3       com.sun.tools.javac.code.Types$TypePair::hashCode (27 bytes)
Event: 119.989 Thread 0x0000020ab1ca8900 nmethod 48746 0x0000020a98451190 code [0x0000020a984513a0, 0x0000020a98451b58]

GC Heap History (20 events):
Event: 114.230 GC heap after
{Heap after GC invocations=92 (full 0):
 garbage-first heap   total 1083392K, used 702224K [0x0000000700000000, 0x0000000800000000)
  region size 2048K, 6 young (12288K), 6 survivors (12288K)
 Metaspace       used 225906K, committed 227904K, reserved 1253376K
  class space    used 28474K, committed 29376K, reserved 1048576K
}
Event: 114.681 GC heap before
{Heap before GC invocations=92 (full 0):
 garbage-first heap   total 1083392K, used 923408K [0x0000000700000000, 0x0000000800000000)
  region size 2048K, 114 young (233472K), 6 survivors (12288K)
 Metaspace       used 226480K, committed 228480K, reserved 1253376K
  class space    used 28546K, committed 29440K, reserved 1048576K
}
Event: 114.691 GC heap after
{Heap after GC invocations=93 (full 0):
 garbage-first heap   total 1083392K, used 709335K [0x0000000700000000, 0x0000000800000000)
  region size 2048K, 9 young (18432K), 9 survivors (18432K)
 Metaspace       used 226480K, committed 228480K, reserved 1253376K
  class space    used 28546K, committed 29440K, reserved 1048576K
}
Event: 115.217 GC heap before
{Heap before GC invocations=93 (full 0):
 garbage-first heap   total 1083392K, used 930519K [0x0000000700000000, 0x0000000800000000)
  region size 2048K, 117 young (239616K), 9 survivors (18432K)
 Metaspace       used 226811K, committed 228800K, reserved 1253376K
  class space    used 28592K, committed 29504K, reserved 1048576K
}
Event: 115.227 GC heap after
{Heap after GC invocations=94 (full 0):
 garbage-first heap   total 1083392K, used 711664K [0x0000000700000000, 0x0000000800000000)
  region size 2048K, 8 young (16384K), 8 survivors (16384K)
 Metaspace       used 226811K, committed 228800K, reserved 1253376K
  class space    used 28592K, committed 29504K, reserved 1048576K
}
Event: 115.665 GC heap before
{Heap before GC invocations=94 (full 0):
 garbage-first heap   total 1083392K, used 936944K [0x0000000700000000, 0x0000000800000000)
  region size 2048K, 117 young (239616K), 8 survivors (16384K)
 Metaspace       used 226883K, committed 228864K, reserved 1253376K
  class space    used 28599K, committed 29504K, reserved 1048576K
}
Event: 115.685 GC heap after
{Heap after GC invocations=95 (full 0):
 garbage-first heap   total 1083392K, used 739511K [0x0000000700000000, 0x0000000800000000)
  region size 2048K, 15 young (30720K), 15 survivors (30720K)
 Metaspace       used 226883K, committed 228864K, reserved 1253376K
  class space    used 28599K, committed 29504K, reserved 1048576K
}
Event: 116.022 GC heap before
{Heap before GC invocations=95 (full 0):
 garbage-first heap   total 1083392K, used 921783K [0x0000000700000000, 0x0000000800000000)
  region size 2048K, 104 young (212992K), 15 survivors (30720K)
 Metaspace       used 226887K, committed 228864K, reserved 1253376K
  class space    used 28599K, committed 29504K, reserved 1048576K
}
Event: 116.072 GC heap after
{Heap after GC invocations=96 (full 0):
 garbage-first heap   total 1083392K, used 769476K [0x0000000700000000, 0x0000000800000000)
  region size 2048K, 13 young (26624K), 13 survivors (26624K)
 Metaspace       used 226887K, committed 228864K, reserved 1253376K
  class space    used 28599K, committed 29504K, reserved 1048576K
}
Event: 116.316 GC heap before
{Heap before GC invocations=96 (full 0):
 garbage-first heap   total 1083392K, used 921028K [0x0000000700000000, 0x0000000800000000)
  region size 2048K, 87 young (178176K), 13 survivors (26624K)
 Metaspace       used 226887K, committed 228864K, reserved 1253376K
  class space    used 28599K, committed 29504K, reserved 1048576K
}
Event: 116.359 GC heap after
{Heap after GC invocations=97 (full 0):
 garbage-first heap   total 1447936K, used 789473K [0x0000000700000000, 0x0000000800000000)
  region size 2048K, 10 young (20480K), 10 survivors (20480K)
 Metaspace       used 226887K, committed 228864K, reserved 1253376K
  class space    used 28599K, committed 29504K, reserved 1048576K
}
Event: 118.057 GC heap before
{Heap before GC invocations=97 (full 0):
 garbage-first heap   total 1447936K, used 1166305K [0x0000000700000000, 0x0000000800000000)
  region size 2048K, 194 young (397312K), 10 survivors (20480K)
 Metaspace       used 227068K, committed 229056K, reserved 1253376K
  class space    used 28611K, committed 29504K, reserved 1048576K
}
Event: 118.107 GC heap after
{Heap after GC invocations=98 (full 0):
 garbage-first heap   total 1447936K, used 851776K [0x0000000700000000, 0x0000000800000000)
  region size 2048K, 25 young (51200K), 25 survivors (51200K)
 Metaspace       used 227068K, committed 229056K, reserved 1253376K
  class space    used 28611K, committed 29504K, reserved 1048576K
}
Event: 118.678 GC heap before
{Heap before GC invocations=98 (full 0):
 garbage-first heap   total 1447936K, used 1161024K [0x0000000700000000, 0x0000000800000000)
  region size 2048K, 176 young (360448K), 25 survivors (51200K)
 Metaspace       used 227202K, committed 229184K, reserved 1253376K
  class space    used 28625K, committed 29568K, reserved 1048576K
}
Event: 118.731 GC heap after
{Heap after GC invocations=99 (full 0):
 garbage-first heap   total 1447936K, used 886592K [0x0000000700000000, 0x0000000800000000)
  region size 2048K, 17 young (34816K), 17 survivors (34816K)
 Metaspace       used 227202K, committed 229184K, reserved 1253376K
  class space    used 28625K, committed 29568K, reserved 1048576K
}
Event: 119.094 GC heap before
{Heap before GC invocations=99 (full 0):
 garbage-first heap   total 1447936K, used 1177408K [0x0000000700000000, 0x0000000800000000)
  region size 2048K, 159 young (325632K), 17 survivors (34816K)
 Metaspace       used 227203K, committed 229184K, reserved 1253376K
  class space    used 28625K, committed 29568K, reserved 1048576K
}
Event: 119.125 GC heap after
{Heap after GC invocations=100 (full 0):
 garbage-first heap   total 1447936K, used 898557K [0x0000000700000000, 0x0000000800000000)
  region size 2048K, 10 young (20480K), 10 survivors (20480K)
 Metaspace       used 227203K, committed 229184K, reserved 1253376K
  class space    used 28625K, committed 29568K, reserved 1048576K
}
Event: 119.623 GC heap before
{Heap before GC invocations=100 (full 0):
 garbage-first heap   total 1447936K, used 1193469K [0x0000000700000000, 0x0000000800000000)
  region size 2048K, 154 young (315392K), 10 survivors (20480K)
 Metaspace       used 227213K, committed 229248K, reserved 1253376K
  class space    used 28625K, committed 29568K, reserved 1048576K
}
Event: 119.695 GC heap after
{Heap after GC invocations=101 (full 0):
 garbage-first heap   total 1447936K, used 976630K [0x0000000700000000, 0x0000000800000000)
  region size 2048K, 20 young (40960K), 20 survivors (40960K)
 Metaspace       used 227213K, committed 229248K, reserved 1253376K
  class space    used 28625K, committed 29568K, reserved 1048576K
}
Event: 120.025 GC heap before
{Heap before GC invocations=101 (full 0):
 garbage-first heap   total 1447936K, used 1199862K [0x0000000700000000, 0x0000000800000000)
  region size 2048K, 129 young (264192K), 20 survivors (40960K)
 Metaspace       used 227213K, committed 229248K, reserved 1253376K
  class space    used 28625K, committed 29568K, reserved 1048576K
}

Dll operation events (2 events):
Event: 0.004 Loaded shared library C:\Program Files\Android\Android Studio1\jbr\bin\java.dll
Event: 0.244 Loaded shared library C:\Program Files\Android\Android Studio1\jbr\bin\verify.dll

Deoptimization events (20 events):
Event: 119.173 Thread 0x0000020ab36a7fb0 DEOPT PACKING pc=0x0000020a9efa3178 sp=0x000000b7871fc430
Event: 119.173 Thread 0x0000020ab36a7fb0 DEOPT UNPACKING pc=0x0000020a9d3da1a3 sp=0x000000b7871fc380 mode 2
Event: 119.250 Thread 0x0000020ab36a7fb0 DEOPT PACKING pc=0x0000020a9ab87c4e sp=0x000000b7871fbfe0
Event: 119.250 Thread 0x0000020ab36a7fb0 DEOPT UNPACKING pc=0x0000020a9d3dace3 sp=0x000000b7871fb5d8 mode 0
Event: 119.254 Thread 0x0000020ab36a7fb0 DEOPT PACKING pc=0x0000020a9ab87c4e sp=0x000000b7871fbfe0
Event: 119.254 Thread 0x0000020ab36a7fb0 DEOPT UNPACKING pc=0x0000020a9d3dace3 sp=0x000000b7871fb5d8 mode 0
Event: 119.257 Thread 0x0000020ab36a7fb0 DEOPT PACKING pc=0x0000020a9ab87c4e sp=0x000000b7871fbfe0
Event: 119.257 Thread 0x0000020ab36a7fb0 DEOPT UNPACKING pc=0x0000020a9d3dace3 sp=0x000000b7871fb5d8 mode 0
Event: 119.261 Thread 0x0000020ab36a7fb0 DEOPT PACKING pc=0x0000020a9ab87c4e sp=0x000000b7871fbfe0
Event: 119.261 Thread 0x0000020ab36a7fb0 DEOPT UNPACKING pc=0x0000020a9d3dace3 sp=0x000000b7871fb5d8 mode 0
Event: 119.264 Thread 0x0000020ab36a7fb0 DEOPT PACKING pc=0x0000020a9ab87c4e sp=0x000000b7871fbfe0
Event: 119.264 Thread 0x0000020ab36a7fb0 DEOPT UNPACKING pc=0x0000020a9d3dace3 sp=0x000000b7871fb5d8 mode 0
Event: 119.270 Thread 0x0000020ab36a7fb0 DEOPT PACKING pc=0x0000020a9ab87c4e sp=0x000000b7871fbfe0
Event: 119.270 Thread 0x0000020ab36a7fb0 DEOPT UNPACKING pc=0x0000020a9d3dace3 sp=0x000000b7871fb5d8 mode 0
Event: 119.273 Thread 0x0000020ab36a7fb0 DEOPT PACKING pc=0x0000020a9ab87c4e sp=0x000000b7871fbfe0
Event: 119.273 Thread 0x0000020ab36a7fb0 DEOPT UNPACKING pc=0x0000020a9d3dace3 sp=0x000000b7871fb5d8 mode 0
Event: 119.592 Thread 0x0000020ab36a7fb0 Uncommon trap: trap_request=0xffffffde fr.pc=0x0000020a9f1f79f8 relative=0x0000000000001978
Event: 119.592 Thread 0x0000020ab36a7fb0 Uncommon trap: reason=class_check action=maybe_recompile pc=0x0000020a9f1f79f8 method=com.sun.tools.javac.comp.MemberEnter.signature(Lcom/sun/tools/javac/code/Symbol$MethodSymbol;Lcom/sun/tools/javac/util/List;Lcom/sun/tools/javac/util/List;Lcom/sun/tools
Event: 119.592 Thread 0x0000020ab36a7fb0 DEOPT PACKING pc=0x0000020a9f1f79f8 sp=0x000000b7871fbe30
Event: 119.592 Thread 0x0000020ab36a7fb0 DEOPT UNPACKING pc=0x0000020a9d3da1a3 sp=0x000000b7871fbdf0 mode 2

Classes unloaded (20 events):
Event: 62.250 Thread 0x0000020ab1c42990 Unloading class 0x0000000801209000 'java/lang/invoke/LambdaForm$MH+0x0000000801209000'
Event: 62.250 Thread 0x0000020ab1c42990 Unloading class 0x0000000801208c00 'java/lang/invoke/LambdaForm$MH+0x0000000801208c00'
Event: 62.250 Thread 0x0000020ab1c42990 Unloading class 0x0000000801208800 'java/lang/invoke/LambdaForm$MH+0x0000000801208800'
Event: 62.250 Thread 0x0000020ab1c42990 Unloading class 0x0000000801208000 'java/lang/invoke/LambdaForm$MH+0x0000000801208000'
Event: 62.250 Thread 0x0000020ab1c42990 Unloading class 0x0000000801203800 'java/lang/invoke/LambdaForm$MH+0x0000000801203800'
Event: 62.250 Thread 0x0000020ab1c42990 Unloading class 0x0000000801203400 'java/lang/invoke/LambdaForm$MH+0x0000000801203400'
Event: 62.250 Thread 0x0000020ab1c42990 Unloading class 0x0000000801202c00 'java/lang/invoke/LambdaForm$MH+0x0000000801202c00'
Event: 62.250 Thread 0x0000020ab1c42990 Unloading class 0x0000000801203000 'java/lang/invoke/LambdaForm$MH+0x0000000801203000'
Event: 62.250 Thread 0x0000020ab1c42990 Unloading class 0x0000000801202800 'java/lang/invoke/LambdaForm$MH+0x0000000801202800'
Event: 62.250 Thread 0x0000020ab1c42990 Unloading class 0x000000080103d000 'java/lang/invoke/LambdaForm$MH+0x000000080103d000'
Event: 62.250 Thread 0x0000020ab1c42990 Unloading class 0x000000080103c800 'java/lang/invoke/LambdaForm$MH+0x000000080103c800'
Event: 62.250 Thread 0x0000020ab1c42990 Unloading class 0x000000080103c000 'java/lang/invoke/LambdaForm$MH+0x000000080103c000'
Event: 62.250 Thread 0x0000020ab1c42990 Unloading class 0x000000080103b800 'java/lang/invoke/LambdaForm$MH+0x000000080103b800'
Event: 62.250 Thread 0x0000020ab1c42990 Unloading class 0x000000080103b000 'java/lang/invoke/LambdaForm$MH+0x000000080103b000'
Event: 62.250 Thread 0x0000020ab1c42990 Unloading class 0x000000080103a800 'java/lang/invoke/LambdaForm$MH+0x000000080103a800'
Event: 62.250 Thread 0x0000020ab1c42990 Unloading class 0x000000080103a000 'java/lang/invoke/LambdaForm$MH+0x000000080103a000'
Event: 62.250 Thread 0x0000020ab1c42990 Unloading class 0x0000000801039400 'java/lang/invoke/LambdaForm$MH+0x0000000801039400'
Event: 62.250 Thread 0x0000020ab1c42990 Unloading class 0x0000000801038c00 'java/lang/invoke/LambdaForm$MH+0x0000000801038c00'
Event: 62.250 Thread 0x0000020ab1c42990 Unloading class 0x0000000801038000 'java/lang/invoke/LambdaForm$MH+0x0000000801038000'
Event: 62.250 Thread 0x0000020ab1c42990 Unloading class 0x0000000800eb0c00 'java/lang/invoke/LambdaForm$DMH+0x0000000800eb0c00'

Classes redefined (0 events):
No events

Internal exceptions (20 events):
Event: 118.248 Thread 0x0000020ab36a7fb0 Exception <a 'sun/nio/fs/WindowsException'{0x0000000753897568}> (0x0000000753897568) 
thrown [s\src\hotspot\share\prims\jni.cpp, line 517]
Event: 118.248 Thread 0x0000020ab36a7fb0 Exception <a 'sun/nio/fs/WindowsException'{0x0000000753898030}> (0x0000000753898030) 
thrown [s\src\hotspot\share\prims\jni.cpp, line 517]
Event: 118.252 Thread 0x0000020ab36a7fb0 Exception <a 'sun/nio/fs/WindowsException'{0x0000000753740810}> (0x0000000753740810) 
thrown [s\src\hotspot\share\prims\jni.cpp, line 517]
Event: 118.252 Thread 0x0000020ab36a7fb0 Exception <a 'sun/nio/fs/WindowsException'{0x00000007537412e0}> (0x00000007537412e0) 
thrown [s\src\hotspot\share\prims\jni.cpp, line 517]
Event: 118.256 Thread 0x0000020ab36a7fb0 Exception <a 'sun/nio/fs/WindowsException'{0x00000007535e6960}> (0x00000007535e6960) 
thrown [s\src\hotspot\share\prims\jni.cpp, line 517]
Event: 118.256 Thread 0x0000020ab36a7fb0 Exception <a 'sun/nio/fs/WindowsException'{0x00000007535e7428}> (0x00000007535e7428) 
thrown [s\src\hotspot\share\prims\jni.cpp, line 517]
Event: 118.259 Thread 0x0000020ab36a7fb0 Exception <a 'sun/nio/fs/WindowsException'{0x00000007530a0e08}> (0x00000007530a0e08) 
thrown [s\src\hotspot\share\prims\jni.cpp, line 517]
Event: 118.260 Thread 0x0000020ab36a7fb0 Exception <a 'sun/nio/fs/WindowsException'{0x00000007530a18d8}> (0x00000007530a18d8) 
thrown [s\src\hotspot\share\prims\jni.cpp, line 517]
Event: 118.263 Thread 0x0000020ab36a7fb0 Exception <a 'sun/nio/fs/WindowsException'{0x0000000752f47f08}> (0x0000000752f47f08) 
thrown [s\src\hotspot\share\prims\jni.cpp, line 517]
Event: 118.263 Thread 0x0000020ab36a7fb0 Exception <a 'sun/nio/fs/WindowsException'{0x0000000752f489c8}> (0x0000000752f489c8) 
thrown [s\src\hotspot\share\prims\jni.cpp, line 517]
Event: 118.266 Thread 0x0000020ab36a7fb0 Exception <a 'sun/nio/fs/WindowsException'{0x0000000752a02480}> (0x0000000752a02480) 
thrown [s\src\hotspot\share\prims\jni.cpp, line 517]
Event: 118.267 Thread 0x0000020ab36a7fb0 Exception <a 'sun/nio/fs/WindowsException'{0x0000000752a02f50}> (0x0000000752a02f50) 
thrown [s\src\hotspot\share\prims\jni.cpp, line 517]
Event: 118.271 Thread 0x0000020ab36a7fb0 Exception <a 'sun/nio/fs/WindowsException'{0x00000007528bce80}> (0x00000007528bce80) 
thrown [s\src\hotspot\share\prims\jni.cpp, line 517]
Event: 118.271 Thread 0x0000020ab36a7fb0 Exception <a 'sun/nio/fs/WindowsException'{0x00000007528bd960}> (0x00000007528bd960) 
thrown [s\src\hotspot\share\prims\jni.cpp, line 517]
Event: 118.275 Thread 0x0000020ab36a7fb0 Exception <a 'sun/nio/fs/WindowsException'{0x0000000752778d48}> (0x0000000752778d48) 
thrown [s\src\hotspot\share\prims\jni.cpp, line 517]
Event: 118.275 Thread 0x0000020ab36a7fb0 Exception <a 'sun/nio/fs/WindowsException'{0x0000000752779820}> (0x0000000752779820) 
thrown [s\src\hotspot\share\prims\jni.cpp, line 517]
Event: 118.345 Thread 0x0000020ab36a7fb0 Exception <a 'sun/nio/fs/WindowsException'{0x0000000750e3cf30}> (0x0000000750e3cf30) 
thrown [s\src\hotspot\share\prims\jni.cpp, line 517]
Event: 118.345 Thread 0x0000020ab36a7fb0 Exception <a 'sun/nio/fs/WindowsException'{0x0000000750e3d290}> (0x0000000750e3d290) 
thrown [s\src\hotspot\share\prims\jni.cpp, line 517]
Event: 119.309 Thread 0x0000020ab36a7fb0 Exception <a 'sun/nio/fs/WindowsException'{0x0000000751d65350}> (0x0000000751d65350) 
thrown [s\src\hotspot\share\prims\jni.cpp, line 517]
Event: 119.309 Thread 0x0000020ab36a7fb0 Exception <a 'sun/nio/fs/WindowsException'{0x0000000751d656b0}> (0x0000000751d656b0) 
thrown [s\src\hotspot\share\prims\jni.cpp, line 517]

VM Operations (20 events):
Event: 115.685 Executing VM operation: G1CollectForAllocation done
Event: 116.022 Executing VM operation: G1CollectForAllocation
Event: 116.072 Executing VM operation: G1CollectForAllocation done
Event: 116.316 Executing VM operation: G1CollectForAllocation
Event: 116.359 Executing VM operation: G1CollectForAllocation done
Event: 116.553 Executing VM operation: HandshakeAllThreads
Event: 116.553 Executing VM operation: HandshakeAllThreads done
Event: 117.553 Executing VM operation: Cleanup
Event: 117.553 Executing VM operation: Cleanup done
Event: 118.057 Executing VM operation: G1CollectForAllocation
Event: 118.107 Executing VM operation: G1CollectForAllocation done
Event: 118.678 Executing VM operation: G1CollectForAllocation
Event: 118.732 Executing VM operation: G1CollectForAllocation done
Event: 119.094 Executing VM operation: G1CollectForAllocation
Event: 119.126 Executing VM operation: G1CollectForAllocation done
Event: 119.600 Executing VM operation: HandshakeAllThreads
Event: 119.600 Executing VM operation: HandshakeAllThreads done
Event: 119.623 Executing VM operation: G1CollectForAllocation
Event: 119.695 Executing VM operation: G1CollectForAllocation done
Event: 120.025 Executing VM operation: G1CollectForAllocation

Events (20 events):
Event: 119.722 Thread 0x0000020ab1caff30 flushing nmethod 0x0000020a99b38410
Event: 119.723 Thread 0x0000020ab1caff30 flushing nmethod 0x0000020a99b49690
Event: 119.723 Thread 0x0000020ab1caff30 flushing nmethod 0x0000020a99ba6690
Event: 119.723 Thread 0x0000020ab1caff30 flushing nmethod 0x0000020a99c25a10
Event: 119.723 Thread 0x0000020ab1caff30 flushing nmethod 0x0000020a99c2a310
Event: 119.723 Thread 0x0000020ab1caff30 flushing nmethod 0x0000020a99c2b010
Event: 119.723 Thread 0x0000020ab1caff30 flushing nmethod 0x0000020a99c74d10
Event: 119.723 Thread 0x0000020ab1caff30 flushing nmethod 0x0000020a99c77410
Event: 119.723 Thread 0x0000020ab1caff30 flushing nmethod 0x0000020a99cba610
Event: 119.723 Thread 0x0000020ab1caff30 flushing nmethod 0x0000020a99ce0510
Event: 119.723 Thread 0x0000020ab1caff30 flushing nmethod 0x0000020a99d28190
Event: 119.723 Thread 0x0000020ab1caff30 flushing nmethod 0x0000020a99d48210
Event: 119.724 Thread 0x0000020ab1caff30 flushing nmethod 0x0000020a99e03210
Event: 119.726 Thread 0x0000020ab1caff30 flushing nmethod 0x0000020a9a152610
Event: 119.726 Thread 0x0000020ab1caff30 flushing nmethod 0x0000020a9a156010
Event: 119.729 Thread 0x0000020ab1caff30 flushing nmethod 0x0000020a9a819590
Event: 119.730 Thread 0x0000020ab1caff30 flushing nmethod 0x0000020a9a9a9310
Event: 119.730 Thread 0x0000020ab1caff30 flushing nmethod 0x0000020a9a9c5310
Event: 119.780 Thread 0x0000020ac07c2fb0 Thread exited: 0x0000020ac07c2fb0
Event: 119.839 Thread 0x0000020ac07c2aa0 Thread exited: 0x0000020ac07c2aa0


Dynamic libraries:
0x00007ff67d150000 - 0x00007ff67d15a000 	C:\Program Files\Android\Android Studio1\jbr\bin\java.exe
0x00007ffd91390000 - 0x00007ffd91588000 	C:\Windows\SYSTEM32\ntdll.dll
0x00007ffd6eed0000 - 0x00007ffd6eee9000 	C:\Program Files\Avast Software\Avast\aswhook.dll
0x00007ffd8f9e0000 - 0x00007ffd8fa9f000 	C:\Windows\System32\KERNEL32.DLL
0x00007ffd8f0f0000 - 0x00007ffd8f3c2000 	C:\Windows\System32\KERNELBASE.dll
0x00007ffd8ee20000 - 0x00007ffd8ef20000 	C:\Windows\System32\ucrtbase.dll
0x00007ffd71130000 - 0x00007ffd7114b000 	C:\Program Files\Android\Android Studio1\jbr\bin\VCRUNTIME140.dll
0x00007ffd71550000 - 0x00007ffd71567000 	C:\Program Files\Android\Android Studio1\jbr\bin\jli.dll
0x00007ffd8fb70000 - 0x00007ffd8fd11000 	C:\Windows\System32\USER32.dll
0x00007ffd8ec50000 - 0x00007ffd8ec72000 	C:\Windows\System32\win32u.dll
0x00007ffd77110000 - 0x00007ffd773aa000 	C:\Windows\WinSxS\amd64_microsoft.windows.common-controls_6595b64144ccf1df_6.0.19041.1110_none_60b5254171f9507e\COMCTL32.dll
0x00007ffd90af0000 - 0x00007ffd90b1b000 	C:\Windows\System32\GDI32.dll
0x00007ffd90590000 - 0x00007ffd9062e000 	C:\Windows\System32\msvcrt.dll
0x00007ffd8efe0000 - 0x00007ffd8f0ef000 	C:\Windows\System32\gdi32full.dll
0x00007ffd8ed30000 - 0x00007ffd8edcd000 	C:\Windows\System32\msvcp_win.dll
0x00007ffd8fe00000 - 0x00007ffd8fe32000 	C:\Windows\System32\IMM32.DLL
0x00007ffd6f830000 - 0x00007ffd6f83c000 	C:\Program Files\Android\Android Studio1\jbr\bin\vcruntime140_1.dll
0x00007ffd52040000 - 0x00007ffd520cd000 	C:\Program Files\Android\Android Studio1\jbr\bin\msvcp140.dll
0x00007ffd087e0000 - 0x00007ffd0944e000 	C:\Program Files\Android\Android Studio1\jbr\bin\server\jvm.dll
0x00007ffd909b0000 - 0x00007ffd90a5e000 	C:\Windows\System32\ADVAPI32.dll
0x00007ffd90d50000 - 0x00007ffd90dec000 	C:\Windows\System32\sechost.dll
0x00007ffd906a0000 - 0x00007ffd907c5000 	C:\Windows\System32\RPCRT4.dll
0x00007ffd83100000 - 0x00007ffd83127000 	C:\Windows\SYSTEM32\WINMM.dll
0x00007ffd7be80000 - 0x00007ffd7be89000 	C:\Windows\SYSTEM32\WSOCK32.dll
0x00007ffd83720000 - 0x00007ffd8372a000 	C:\Windows\SYSTEM32\VERSION.dll
0x00007ffd90ce0000 - 0x00007ffd90d4b000 	C:\Windows\System32\WS2_32.dll
0x00007ffd8d2d0000 - 0x00007ffd8d2e2000 	C:\Windows\SYSTEM32\kernel.appcore.dll
0x00007ffd88320000 - 0x00007ffd8832a000 	C:\Program Files\Android\Android Studio1\jbr\bin\jimage.dll
0x00007ffd8c850000 - 0x00007ffd8ca34000 	C:\Windows\SYSTEM32\DBGHELP.DLL
0x00007ffd7bfe0000 - 0x00007ffd7c015000 	C:\Windows\SYSTEM32\dbgcore.DLL
0x00007ffd8ef20000 - 0x00007ffd8efa2000 	C:\Windows\System32\bcryptPrimitives.dll
0x00007ffd71d10000 - 0x00007ffd71d35000 	C:\Program Files\Android\Android Studio1\jbr\bin\java.dll
0x00007ffd71eb0000 - 0x00007ffd71ec8000 	C:\Program Files\Android\Android Studio1\jbr\bin\zip.dll
0x00007ffd8fe40000 - 0x00007ffd90585000 	C:\Windows\System32\SHELL32.dll
0x00007ffd8ca40000 - 0x00007ffd8d1d2000 	C:\Windows\SYSTEM32\windows.storage.dll
0x00007ffd90f20000 - 0x00007ffd91275000 	C:\Windows\System32\combase.dll
0x00007ffd8e4e0000 - 0x00007ffd8e510000 	C:\Windows\SYSTEM32\Wldp.dll
0x00007ffd8f3d0000 - 0x00007ffd8f47d000 	C:\Windows\System32\SHCORE.dll
0x00007ffd907d0000 - 0x00007ffd90825000 	C:\Windows\System32\shlwapi.dll
0x00007ffd8e9c0000 - 0x00007ffd8e9df000 	C:\Windows\SYSTEM32\profapi.dll
0x00007ffd71cf0000 - 0x00007ffd71d09000 	C:\Program Files\Android\Android Studio1\jbr\bin\net.dll
0x00007ffd87260000 - 0x00007ffd8736c000 	C:\Windows\SYSTEM32\WINHTTP.dll
0x00007ffd8e240000 - 0x00007ffd8e2aa000 	C:\Windows\system32\mswsock.dll
0x00007ffd71a50000 - 0x00007ffd71a66000 	C:\Program Files\Android\Android Studio1\jbr\bin\nio.dll
0x00007ffd85630000 - 0x00007ffd85640000 	C:\Program Files\Android\Android Studio1\jbr\bin\verify.dll
0x00007ffd838e0000 - 0x00007ffd83907000 	C:\Users\Asif\.gradle\native\e1d6ef7f7dcc3fd88c89a11ec53ec762bb8ba0a96d01ffa2cd45eb1d1d8dd5c5\windows-amd64\native-platform.dll
0x00007ffd52260000 - 0x00007ffd523a4000 	C:\Users\Asif\.gradle\native\0d407fdbe67a94daf76414ababcb853783967236a71b16ec16e742cd7a986fd3\windows-amd64\native-platform-file-events.dll
0x00007ffd84260000 - 0x00007ffd84269000 	C:\Program Files\Android\Android Studio1\jbr\bin\management.dll
0x00007ffd72150000 - 0x00007ffd7215b000 	C:\Program Files\Android\Android Studio1\jbr\bin\management_ext.dll
0x00007ffd8f500000 - 0x00007ffd8f508000 	C:\Windows\System32\PSAPI.DLL
0x00007ffd8e430000 - 0x00007ffd8e448000 	C:\Windows\SYSTEM32\CRYPTSP.dll
0x00007ffd8daf0000 - 0x00007ffd8db24000 	C:\Windows\system32\rsaenh.dll
0x00007ffd8efb0000 - 0x00007ffd8efd7000 	C:\Windows\System32\bcrypt.dll
0x00007ffd8e940000 - 0x00007ffd8e96e000 	C:\Windows\SYSTEM32\USERENV.dll
0x00007ffd8e450000 - 0x00007ffd8e45c000 	C:\Windows\SYSTEM32\CRYPTBASE.dll
0x00007ffd8dee0000 - 0x00007ffd8df1b000 	C:\Windows\SYSTEM32\IPHLPAPI.DLL
0x00007ffd90cd0000 - 0x00007ffd90cd8000 	C:\Windows\System32\NSI.dll
0x00007ffd83930000 - 0x00007ffd83947000 	C:\Windows\SYSTEM32\dhcpcsvc6.DLL
0x00007ffd83910000 - 0x00007ffd8392d000 	C:\Windows\SYSTEM32\dhcpcsvc.DLL
0x00007ffd8df30000 - 0x00007ffd8dffb000 	C:\Windows\SYSTEM32\DNSAPI.dll
0x00007ffd49c90000 - 0x00007ffd49c97000 	C:\Windows\system32\wshunix.dll
0x00007ffd8dc10000 - 0x00007ffd8dc43000 	C:\Windows\SYSTEM32\ntmarta.dll
0x00007ffd523b0000 - 0x00007ffd52548000 	C:\Program Files\Android\Android Studio1\jbr\bin\awt.dll
0x00007ffd91280000 - 0x00007ffd9134d000 	C:\Windows\System32\OLEAUT32.dll
0x00007ffd8bf90000 - 0x00007ffd8bfbf000 	C:\Windows\SYSTEM32\dwmapi.dll
0x00007ffd89710000 - 0x00007ffd897a0000 	C:\Windows\SYSTEM32\apphelp.dll
0x00007ffd8be90000 - 0x00007ffd8bf2e000 	C:\Windows\system32\uxtheme.dll
0x00007ffd71580000 - 0x00007ffd71587000 	C:\Program Files\Android\Android Studio1\jbr\bin\rmi.dll
0x00007ffd90890000 - 0x00007ffd909a5000 	C:\Windows\System32\MSCTF.dll
0x00007ffd90df0000 - 0x00007ffd90f1a000 	C:\Windows\System32\ole32.dll
0x0000000070bc0000 - 0x0000000070c9c000 	C:\Users\Asif\AppData\Local\Temp\sqlite-3.36.0-f59c0bad-108d-498e-8bb9-bba0eb277f9b-sqlitejdbc.dll

dbghelp: loaded successfully - version: 4.0.5 - missing functions: none
symbol engine: initialized successfully - sym options: 0x614 - pdb path: .;C:\Program Files\Android\Android Studio1\jbr\bin;C:\Windows\SYSTEM32;C:\Program Files\Avast Software\Avast;C:\Windows\WinSxS\amd64_microsoft.windows.common-controls_6595b64144ccf1df_6.0.19041.1110_none_60b5254171f9507e;C:\Program Files\Android\Android Studio1\jbr\bin\server;C:\Users\Asif\.gradle\native\e1d6ef7f7dcc3fd88c89a11ec53ec762bb8ba0a96d01ffa2cd45eb1d1d8dd5c5\windows-amd64;C:\Users\Asif\.gradle\native\0d407fdbe67a94daf76414ababcb853783967236a71b16ec16e742cd7a986fd3\windows-amd64;C:\Users\Asif\AppData\Local\Temp

VM Arguments:
jvm_args: --add-opens=java.base/java.util=ALL-UNNAMED --add-opens=java.base/java.lang=ALL-UNNAMED --add-opens=java.base/java.lang.invoke=ALL-UNNAMED --add-opens=java.base/java.util=ALL-UNNAMED --add-opens=java.prefs/java.util.prefs=ALL-UNNAMED --add-opens=java.prefs/java.util.prefs=ALL-UNNAMED --add-opens=java.base/java.nio.charset=ALL-UNNAMED --add-opens=java.base/java.net=ALL-UNNAMED --add-opens=java.base/java.util.concurrent.atomic=ALL-UNNAMED -Xmx4096m -Dfile.encoding=UTF-8 -Duser.country=IN -Duser.language=en -Duser.variant 
java_command: org.gradle.launcher.daemon.bootstrap.GradleDaemon 7.5
java_class_path (initial): C:\Users\Asif\.gradle\wrapper\dists\gradle-7.5-bin\f1w0cc9nuo0eivz97x2xlu9sv\gradle-7.5\lib\gradle-launcher-7.5.jar
Launcher Type: SUN_STANDARD

[Global flags]
     intx CICompilerCount                          = 4                                         {product} {ergonomic}
     uint ConcGCThreads                            = 2                                         {product} {ergonomic}
     uint G1ConcRefinementThreads                  = 8                                         {product} {ergonomic}
   size_t G1HeapRegionSize                         = 2097152                                   {product} {ergonomic}
    uintx GCDrainStackTargetSize                   = 64                                        {product} {ergonomic}
   size_t InitialHeapSize                          = 264241152                                 {product} {ergonomic}
   size_t MarkStackSize                            = 4194304                                   {product} {ergonomic}
   size_t MaxHeapSize                              = 4294967296                                {product} {command line}
   size_t MaxNewSize                               = 2575302656                                {product} {ergonomic}
   size_t MinHeapDeltaBytes                        = 2097152                                   {product} {ergonomic}
   size_t MinHeapSize                              = 8388608                                   {product} {ergonomic}
    uintx NonNMethodCodeHeapSize                   = 5839372                                {pd product} {ergonomic}
    uintx NonProfiledCodeHeapSize                  = 122909434                              {pd product} {ergonomic}
    uintx ProfiledCodeHeapSize                     = 122909434                              {pd product} {ergonomic}
    uintx ReservedCodeCacheSize                    = 251658240                              {pd product} {ergonomic}
     bool SegmentedCodeCache                       = true                                      {product} {ergonomic}
   size_t SoftMaxHeapSize                          = 4294967296                             {manageable} {ergonomic}
     bool UseCompressedClassPointers               = true                           {product lp64_product} {ergonomic}
     bool UseCompressedOops                        = true                           {product lp64_product} {ergonomic}
     bool UseG1GC                                  = true                                      {product} {ergonomic}
     bool UseLargePagesIndividualAllocation        = false                                  {pd product} {ergonomic}

Logging:
Log output configuration:
 #0: stdout all=warning uptime,level,tags
 #1: stderr all=off uptime,level,tags

Environment Variables:
PATH=C:\Windows\system32;C:\Windows;C:\Windows\System32\Wbem;C:\Windows\System32\WindowsPowerShell\v1.0\;C:\Windows\System32\OpenSSH\;C:\Program Files\dotnet\;C:\Program Files\Git\cmd;C:\Users\Asif\AppData\Local\Microsoft\WindowsApps;
USERNAME=Asif
OS=Windows_NT
PROCESSOR_IDENTIFIER=Intel64 Family 6 Model 140 Stepping 1, GenuineIntel
TMP=C:\Users\Asif\AppData\Local\Temp
TEMP=C:\Users\Asif\AppData\Local\Temp


JNI global refs:
JNI global refs: 94, weak refs: 7

JNI global refs memory usage: 1475, weak refs: 905


---------------  S Y S T E M  ---------------

OS:
 Windows 10 , 64 bit Build 19041 (10.0.19041.2546)
OS uptime: 5 days 1:40 hours

CPU: total 8 (initial active 8) (4 cores per cpu, 2 threads per core) family 6 model 140 stepping 1 microcode 0xa4, cx8, cmov, fxsr, ht, mmx, 3dnowpref, sse, sse2, sse3, ssse3, sse4.1, sse4.2, popcnt, lzcnt, tsc, tscinvbit, avx, avx2, aes, erms, clmul, bmi1, bmi2, adx, avx512f, avx512dq, avx512cd, avx512bw, avx512vl, sha, fma, vzeroupper, avx512_vpopcntdq, avx512_vpclmulqdq, avx512_vaes, avx512_vnni, clflush, clflushopt, clwb, avx512_vbmi2, avx512_vbmi

Memory: 4k page, system-wide physical 16126M (707M free)
TotalPageFile size 47298M (AvailPageFile size 361M)
current process WorkingSet (physical memory assigned to process): 1506M, peak: 1645M
current process commit charge ("private bytes"): 2073M, peak: 2473M

vm_info: OpenJDK 64-Bit Server VM (17.0.6+0-b2043.56-10027231) for windows-amd64 JRE (17.0.6+0-b2043.56-10027231), built on Apr 28 2023 00:43:19 by "androidbuild" with MS VC++ 16.10 / 16.11 (VS2019)

END.
