#
# There is insufficient memory for the Java Runtime Environment to continue.
# Native memory allocation (mmap) failed to map 153092096 bytes for G1 virtual space
# Possible reasons:
#   The system is out of physical RAM or swap space
#   The process is running with CompressedOops enabled, and the Java Heap may be blocking the growth of the native heap
# Possible solutions:
#   Reduce memory load on the system
#   Increase physical memory or swap space
#   Check if swap backing store is full
#   Decrease Java heap size (-Xmx/-Xms)
#   Decrease number of Java threads
#   Decrease Java thread stack sizes (-Xss)
#   Set larger code cache with -XX:ReservedCodeCacheSize=
#   JVM is running with Zero Based Compressed Oops mode in which the Java heap is
#     placed in the first 32GB address space. The Java Heap base address is the
#     maximum limit for the native heap growth. Please use -XX:HeapBaseMinAddress
#     to set the Java Heap base and to place the Java Heap above 32GB virtual address.
# This output file may be truncated or incomplete.
#
#  Out of Memory Error (os_windows.cpp:3769), pid=19928, tid=25000
#
# JRE version: OpenJDK Runtime Environment (17.0.6) (build 17.0.6+0-b2043.56-10027231)
# Java VM: OpenJDK 64-Bit Server VM (17.0.6+0-b2043.56-10027231, mixed mode, tiered, compressed oops, compressed class ptrs, g1 gc, windows-amd64)
# No core dump will be written. Minidumps are not enabled by default on client versions of Windows
#

---------------  S U M M A R Y ------------

Command Line: --add-opens=java.base/java.util=ALL-UNNAMED --add-opens=java.base/java.lang=ALL-UNNAMED --add-opens=java.base/java.lang.invoke=ALL-UNNAMED --add-opens=java.base/java.util=ALL-UNNAMED --add-opens=java.prefs/java.util.prefs=ALL-UNNAMED --add-opens=java.prefs/java.util.prefs=ALL-UNNAMED --add-opens=java.base/java.nio.charset=ALL-UNNAMED --add-opens=java.base/java.net=ALL-UNNAMED --add-opens=java.base/java.util.concurrent.atomic=ALL-UNNAMED -Xmx4096m -Dfile.encoding=UTF-8 -Duser.country=IN -Duser.language=en -Duser.variant org.gradle.launcher.daemon.bootstrap.GradleDaemon 7.5

Host: 11th Gen Intel(R) Core(TM) i7-1165G7 @ 2.80GHz, 8 cores, 15G,  Windows 10 , 64 bit Build 19041 (10.0.19041.2546)
Time: Mon Sep 11 12:26:09 2023 India Standard Time elapsed time: 127.550245 seconds (0d 0h 2m 7s)

---------------  T H R E A D  ---------------

Current thread (0x0000020d57851750):  VMThread "VM Thread" [stack: 0x00000046cf100000,0x00000046cf200000] [id=25000]

Stack: [0x00000046cf100000,0x00000046cf200000]
Native frames: (J=compiled Java code, j=interpreted, Vv=VM code, C=native code)
V  [jvm.dll+0x683c9a]
V  [jvm.dll+0x8427a4]
V  [jvm.dll+0x843f9e]
V  [jvm.dll+0x844603]
V  [jvm.dll+0x249b75]
V  [jvm.dll+0x680b69]
V  [jvm.dll+0x67505a]
V  [jvm.dll+0x309acb]
V  [jvm.dll+0x310f86]
V  [jvm.dll+0x3608ee]
V  [jvm.dll+0x360b1f]
V  [jvm.dll+0x2dfbf8]
V  [jvm.dll+0x2ddec4]
V  [jvm.dll+0x2dd4cc]
V  [jvm.dll+0x321f3b]
V  [jvm.dll+0x848ccb]
V  [jvm.dll+0x849a04]
V  [jvm.dll+0x849f1d]
V  [jvm.dll+0x84a2f4]
V  [jvm.dll+0x84a3c0]
V  [jvm.dll+0x7f274a]
V  [jvm.dll+0x682ad5]
C  [ucrtbase.dll+0x21bb2]
C  [KERNEL32.DLL+0x17614]
C  [ntdll.dll+0x526a1]

VM_Operation (0x00000046d8afc040): G1CollectForAllocation, mode: safepoint, requested by thread 0x0000020d5c161be0


---------------  P R O C E S S  ---------------

Threads class SMR info:
_java_thread_list=0x0000020d63a760f0, length=163, elements={
0x0000020d3634dff0, 0x0000020d57858310, 0x0000020d57858ec0, 0x0000020d578796a0,
0x0000020d578a33a0, 0x0000020d578a3d50, 0x0000020d578a4700, 0x0000020d578b59d0,
0x0000020d578be480, 0x0000020d578c1da0, 0x0000020d57a32d70, 0x0000020d57a33650,
0x0000020d58b895a0, 0x0000020d59253910, 0x0000020d5a2cf880, 0x0000020d5a3eff30,
0x0000020d590bb020, 0x0000020d580b2490, 0x0000020d58ba7ee0, 0x0000020d5a273080,
0x0000020d5a272bb0, 0x0000020d5a2713a0, 0x0000020d5a270ed0, 0x0000020d5a273a20,
0x0000020d5a272210, 0x0000020d5a270060, 0x0000020d5a271870, 0x0000020d5a271d40,
0x0000020d5a270530, 0x0000020d5a270a00, 0x0000020d5c36feb0, 0x0000020d5c372530,
0x0000020d5c376890, 0x0000020d5c373d40, 0x0000020d5c370d20, 0x0000020d5c375ef0,
0x0000020d5c3716c0, 0x0000020d5c372060, 0x0000020d5c374bb0, 0x0000020d5c36f9e0,
0x0000020d5c375550, 0x0000020d5c375080, 0x0000020d5c375a20, 0x0000020d5c372ed0,
0x0000020d5c36f510, 0x0000020d5c3763c0, 0x0000020d5c370850, 0x0000020d5c3711f0,
0x0000020d5c3733a0, 0x0000020d5cc64d30, 0x0000020d5cc673b0, 0x0000020d5cc66a10,
0x0000020d5cc62b80, 0x0000020d5cc66ee0, 0x0000020d5cc60500, 0x0000020d5cc639f0,
0x0000020d5cc64860, 0x0000020d5cc65200, 0x0000020d5cc656d0, 0x0000020d5cc65ba0,
0x0000020d5cc64390, 0x0000020d5cc66070, 0x0000020d5cc66540, 0x0000020d5cc67880,
0x0000020d5cc60030, 0x0000020d5cc61d10, 0x0000020d5cc63520, 0x0000020d5cc61840,
0x0000020d5cc63ec0, 0x0000020d5cc60ea0, 0x0000020d5cc621e0, 0x0000020d5cc609d0,
0x0000020d5cc61370, 0x0000020d5cc626b0, 0x0000020d5cc63050, 0x0000020d5e8d0800,
0x0000020d5e8cfe60, 0x0000020d5e8d2e80, 0x0000020d5e8d5500, 0x0000020d5e8d3350,
0x0000020d5e8d71e0, 0x0000020d5e8d6370, 0x0000020d5e8d5ea0, 0x0000020d5e8d6840,
0x0000020d5e8d0cd0, 0x0000020d5e8d6d10, 0x0000020d5e8d41c0, 0x0000020d5e8d1b40,
0x0000020d5e8d59d0, 0x0000020d5e8d3cf0, 0x0000020d5e8d4690, 0x0000020d5e8cf990,
0x0000020d5e8d11a0, 0x0000020d5e8d2010, 0x0000020d5e8d3820, 0x0000020d5e8d24e0,
0x0000020d5e8d29b0, 0x0000020d58087eb0, 0x0000020d5808cbb0, 0x0000020d5808c210,
0x0000020d5808d550, 0x0000020d58088d20, 0x0000020d5808b3a0, 0x0000020d5808d080,
0x0000020d58085d00, 0x0000020d58087040, 0x0000020d58087510, 0x0000020d580896c0,
0x0000020d5808a060, 0x0000020d58089b90, 0x0000020d580861d0, 0x0000020d580866a0,
0x0000020d58086b70, 0x0000020d58088850, 0x0000020d5808a530, 0x0000020d5808b870,
0x0000020d5808bd40, 0x0000020d5808c6e0, 0x0000020d5e8b2820, 0x0000020d5e8b14e0,
0x0000020d5e8af800, 0x0000020d5e8b4500, 0x0000020d5e8b31c0, 0x0000020d5e8b49d0,
0x0000020d5e8afcd0, 0x0000020d5e8b0b40, 0x0000020d5e8b4030, 0x0000020d5e8aee60,
0x0000020d5e8b1e80, 0x0000020d5e8b3b60, 0x0000020d5e8b2cf0, 0x0000020d5e8b3690,
0x0000020d5e8af330, 0x0000020d5e8b4ea0, 0x0000020d5e8b0670, 0x0000020d5919f360,
0x0000020d591a4530, 0x0000020d591a3b90, 0x0000020d5c161be0, 0x0000020d5c162580,
0x0000020d6322f500, 0x0000020d61547d00, 0x0000020d615464f0, 0x0000020d5ab71590,
0x0000020d591a2d20, 0x0000020d591a31f0, 0x0000020d5919e020, 0x0000020d5808aed0,
0x0000020d580891f0, 0x0000020d5e8adff0, 0x0000020d5ab71f30, 0x0000020d5ab72400,
0x0000020d5ab728d0, 0x0000020d5c385240, 0x0000020d6960d250, 0x0000020d5c370380,
0x0000020d63d076b0, 0x0000020d63d06c90, 0x0000020d63262d80, 0x0000020d63263720,
0x0000020d6325fd60, 0x0000020d63260230, 0x0000020d5c999590
}
_to_delete_list=0x0000020d65994930, length=162, elements={
0x0000020d3634dff0, 0x0000020d57858310, 0x0000020d57858ec0, 0x0000020d578796a0,
0x0000020d578a33a0, 0x0000020d578a3d50, 0x0000020d578a4700, 0x0000020d578b59d0,
0x0000020d578be480, 0x0000020d578c1da0, 0x0000020d57a32d70, 0x0000020d57a33650,
0x0000020d58b895a0, 0x0000020d59253910, 0x0000020d5a2cf880, 0x0000020d5a3eff30,
0x0000020d590bb020, 0x0000020d580b2490, 0x0000020d58ba7ee0, 0x0000020d5a273080,
0x0000020d5a272bb0, 0x0000020d5a2713a0, 0x0000020d5a270ed0, 0x0000020d5a273a20,
0x0000020d5a272210, 0x0000020d5a270060, 0x0000020d5a271870, 0x0000020d5a271d40,
0x0000020d5a270530, 0x0000020d5a270a00, 0x0000020d5c36feb0, 0x0000020d5c372530,
0x0000020d5c376890, 0x0000020d5c373d40, 0x0000020d5c370d20, 0x0000020d5c375ef0,
0x0000020d5c3716c0, 0x0000020d5c372060, 0x0000020d5c374bb0, 0x0000020d5c36f9e0,
0x0000020d5c375550, 0x0000020d5c375080, 0x0000020d5c375a20, 0x0000020d5c372ed0,
0x0000020d5c36f510, 0x0000020d5c3763c0, 0x0000020d5c370850, 0x0000020d5c3711f0,
0x0000020d5c3733a0, 0x0000020d5cc64d30, 0x0000020d5cc673b0, 0x0000020d5cc66a10,
0x0000020d5cc62b80, 0x0000020d5cc66ee0, 0x0000020d5cc60500, 0x0000020d5cc639f0,
0x0000020d5cc64860, 0x0000020d5cc65200, 0x0000020d5cc656d0, 0x0000020d5cc65ba0,
0x0000020d5cc64390, 0x0000020d5cc66070, 0x0000020d5cc66540, 0x0000020d5cc67880,
0x0000020d5cc60030, 0x0000020d5cc61d10, 0x0000020d5cc63520, 0x0000020d5cc61840,
0x0000020d5cc63ec0, 0x0000020d5cc60ea0, 0x0000020d5cc621e0, 0x0000020d5cc609d0,
0x0000020d5cc61370, 0x0000020d5cc626b0, 0x0000020d5cc63050, 0x0000020d5e8d0800,
0x0000020d5e8cfe60, 0x0000020d5e8d2e80, 0x0000020d5e8d5500, 0x0000020d5e8d3350,
0x0000020d5e8d71e0, 0x0000020d5e8d6370, 0x0000020d5e8d5ea0, 0x0000020d5e8d6840,
0x0000020d5e8d0cd0, 0x0000020d5e8d6d10, 0x0000020d5e8d41c0, 0x0000020d5e8d1b40,
0x0000020d5e8d59d0, 0x0000020d5e8d3cf0, 0x0000020d5e8d4690, 0x0000020d5e8cf990,
0x0000020d5e8d11a0, 0x0000020d5e8d2010, 0x0000020d5e8d3820, 0x0000020d5e8d24e0,
0x0000020d5e8d29b0, 0x0000020d58087eb0, 0x0000020d5808cbb0, 0x0000020d5808c210,
0x0000020d5808d550, 0x0000020d58088d20, 0x0000020d5808b3a0, 0x0000020d5808d080,
0x0000020d58085d00, 0x0000020d58087040, 0x0000020d58087510, 0x0000020d580896c0,
0x0000020d5808a060, 0x0000020d58089b90, 0x0000020d580861d0, 0x0000020d580866a0,
0x0000020d58086b70, 0x0000020d58088850, 0x0000020d5808a530, 0x0000020d5808b870,
0x0000020d5808bd40, 0x0000020d5808c6e0, 0x0000020d5e8b2820, 0x0000020d5e8b14e0,
0x0000020d5e8af800, 0x0000020d5e8b4500, 0x0000020d5e8b31c0, 0x0000020d5e8b49d0,
0x0000020d5e8afcd0, 0x0000020d5e8b0b40, 0x0000020d5e8b4030, 0x0000020d5e8aee60,
0x0000020d5e8b1e80, 0x0000020d5e8b3b60, 0x0000020d5e8b2cf0, 0x0000020d5e8b3690,
0x0000020d5e8af330, 0x0000020d5e8b4ea0, 0x0000020d5e8b0670, 0x0000020d5919f360,
0x0000020d591a4530, 0x0000020d591a3b90, 0x0000020d5c161be0, 0x0000020d5c162580,
0x0000020d6322f500, 0x0000020d61547d00, 0x0000020d615464f0, 0x0000020d5ab71590,
0x0000020d591a2d20, 0x0000020d591a31f0, 0x0000020d5919e020, 0x0000020d5808aed0,
0x0000020d580891f0, 0x0000020d5e8adff0, 0x0000020d5ab71f30, 0x0000020d5ab72400,
0x0000020d5ab728d0, 0x0000020d5c385240, 0x0000020d6960d250, 0x0000020d5c370380,
0x0000020d63d076b0, 0x0000020d63d06c90, 0x0000020d63262d80, 0x0000020d63263720,
0x0000020d6325fd60, 0x0000020d63260230
}

Java Threads: ( => current thread )
  0x0000020d3634dff0 JavaThread "main" [_thread_blocked, id=3460, stack(0x00000046ceb00000,0x00000046cec00000)]
  0x0000020d57858310 JavaThread "Reference Handler" daemon [_thread_blocked, id=21496, stack(0x00000046cf200000,0x00000046cf300000)]
  0x0000020d57858ec0 JavaThread "Finalizer" daemon [_thread_blocked, id=3836, stack(0x00000046cf300000,0x00000046cf400000)]
  0x0000020d578796a0 JavaThread "Signal Dispatcher" daemon [_thread_blocked, id=3828, stack(0x00000046cf400000,0x00000046cf500000)]
  0x0000020d578a33a0 JavaThread "Attach Listener" daemon [_thread_blocked, id=21776, stack(0x00000046cf500000,0x00000046cf600000)]
  0x0000020d578a3d50 JavaThread "Service Thread" daemon [_thread_blocked, id=13856, stack(0x00000046cf600000,0x00000046cf700000)]
  0x0000020d578a4700 JavaThread "Monitor Deflation Thread" daemon [_thread_blocked, id=22520, stack(0x00000046cf700000,0x00000046cf800000)]
  0x0000020d578b59d0 JavaThread "C2 CompilerThread0" daemon [_thread_in_native, id=11076, stack(0x00000046cf800000,0x00000046cf900000)]
  0x0000020d578be480 JavaThread "C1 CompilerThread0" daemon [_thread_blocked, id=24720, stack(0x00000046cf900000,0x00000046cfa00000)]
  0x0000020d578c1da0 JavaThread "Sweeper thread" daemon [_thread_blocked, id=27584, stack(0x00000046cfa00000,0x00000046cfb00000)]
  0x0000020d57a32d70 JavaThread "Common-Cleaner" daemon [_thread_blocked, id=21936, stack(0x00000046cfb00000,0x00000046cfc00000)]
  0x0000020d57a33650 JavaThread "Notification Thread" daemon [_thread_blocked, id=9120, stack(0x00000046cfc00000,0x00000046cfd00000)]
  0x0000020d58b895a0 JavaThread "Daemon health stats" [_thread_blocked, id=1792, stack(0x00000046d0500000,0x00000046d0600000)]
  0x0000020d59253910 JavaThread "Incoming local TCP Connector on port 61307" [_thread_in_native, id=12736, stack(0x00000046d0600000,0x00000046d0700000)]
  0x0000020d5a2cf880 JavaThread "Daemon periodic checks" [_thread_blocked, id=17524, stack(0x00000046d0700000,0x00000046d0800000)]
  0x0000020d5a3eff30 JavaThread "Daemon" [_thread_blocked, id=25016, stack(0x00000046d0800000,0x00000046d0900000)]
  0x0000020d590bb020 JavaThread "Handler for socket connection from /127.0.0.1:61307 to /127.0.0.1:61308" [_thread_in_native, id=21348, stack(0x00000046d0900000,0x00000046d0a00000)]
  0x0000020d580b2490 JavaThread "Cancel handler" [_thread_blocked, id=23524, stack(0x00000046d0a00000,0x00000046d0b00000)]
  0x0000020d58ba7ee0 JavaThread "Daemon worker" [_thread_blocked, id=3216, stack(0x00000046d0b00000,0x00000046d0c00000)]
  0x0000020d5a273080 JavaThread "Asynchronous log dispatcher for DefaultDaemonConnection: socket connection from /127.0.0.1:61307 to /127.0.0.1:61308" [_thread_blocked, id=26836, stack(0x00000046d0c00000,0x00000046d0d00000)]
  0x0000020d5a272bb0 JavaThread "Daemon client event forwarder" [_thread_blocked, id=12260, stack(0x00000046d0e00000,0x00000046d0f00000)]
  0x0000020d5a2713a0 JavaThread "Cache worker for journal cache (C:\Users\Asif\.gradle\caches\journal-1)" [_thread_blocked, id=19512, stack(0x00000046d0f00000,0x00000046d1000000)]
  0x0000020d5a270ed0 JavaThread "File lock request listener" [_thread_in_native, id=26916, stack(0x00000046d1000000,0x00000046d1100000)]
  0x0000020d5a273a20 JavaThread "Cache worker for file hash cache (C:\Users\Asif\.gradle\caches\7.5\fileHashes)" [_thread_blocked, id=20164, stack(0x00000046d1400000,0x00000046d1500000)]
  0x0000020d5a272210 JavaThread "File watcher server" daemon [_thread_blocked, id=25136, stack(0x00000046d1600000,0x00000046d1700000)]
  0x0000020d5a270060 JavaThread "File watcher consumer" daemon [_thread_blocked, id=16916, stack(0x00000046d1700000,0x00000046d1800000)]
  0x0000020d5a271870 JavaThread "Cache worker for checksums cache (D:\WorkspaceAsif\Android\LunaRing\.gradle\7.5\checksums)" [_thread_blocked, id=4536, stack(0x00000046d1800000,0x00000046d1900000)]
  0x0000020d5a271d40 JavaThread "Cache worker for cache directory md-rule (C:\Users\Asif\.gradle\caches\7.5\md-rule)" [_thread_blocked, id=17656, stack(0x00000046d1900000,0x00000046d1a00000)]
  0x0000020d5a270530 JavaThread "Cache worker for file content cache (C:\Users\Asif\.gradle\caches\7.5\fileContent)" [_thread_blocked, id=21588, stack(0x00000046d1a00000,0x00000046d1b00000)]
  0x0000020d5a270a00 JavaThread "Cache worker for file hash cache (D:\WorkspaceAsif\Android\LunaRing\.gradle\7.5\fileHashes)" [_thread_blocked, id=12196, stack(0x00000046d1b00000,0x00000046d1c00000)]
  0x0000020d5c36feb0 JavaThread "Cache worker for cache directory md-supplier (C:\Users\Asif\.gradle\caches\7.5\md-supplier)" [_thread_blocked, id=7480, stack(0x00000046d1c00000,0x00000046d1d00000)]
  0x0000020d5c372530 JavaThread "Cache worker for execution history cache (C:\Users\Asif\.gradle\caches\7.5\executionHistory)" [_thread_blocked, id=3228, stack(0x00000046d1d00000,0x00000046d1e00000)]
  0x0000020d5c376890 JavaThread "jar transforms" [_thread_blocked, id=27536, stack(0x00000046d1e00000,0x00000046d1f00000)]
  0x0000020d5c373d40 JavaThread "jar transforms Thread 2" [_thread_blocked, id=10780, stack(0x00000046d1f00000,0x00000046d2000000)]
  0x0000020d5c370d20 JavaThread "jar transforms Thread 3" [_thread_blocked, id=11984, stack(0x00000046d2000000,0x00000046d2100000)]
  0x0000020d5c375ef0 JavaThread "jar transforms Thread 4" [_thread_blocked, id=20528, stack(0x00000046d2100000,0x00000046d2200000)]
  0x0000020d5c3716c0 JavaThread "Cache worker for dependencies-accessors (D:\WorkspaceAsif\Android\LunaRing\.gradle\7.5\dependencies-accessors)" [_thread_blocked, id=8472, stack(0x00000046d2200000,0x00000046d2300000)]
  0x0000020d5c372060 JavaThread "Cache worker for Build Output Cleanup Cache (D:\WorkspaceAsif\Android\LunaRing\buildSrc\.gradle\buildOutputCleanup)" [_thread_blocked, id=23480, stack(0x00000046d2300000,0x00000046d2400000)]
  0x0000020d5c374bb0 JavaThread "Memory manager" [_thread_blocked, id=16924, stack(0x00000046d2400000,0x00000046d2500000)]
  0x0000020d5c36f9e0 JavaThread "Cache worker for kotlin-dsl (C:\Users\Asif\.gradle\caches\7.5\kotlin-dsl)" [_thread_blocked, id=22004, stack(0x00000046d2500000,0x00000046d2600000)]
  0x0000020d5c375550 JavaThread "jar transforms Thread 5" [_thread_blocked, id=25468, stack(0x00000046d2600000,0x00000046d2700000)]
  0x0000020d5c375080 JavaThread "Unconstrained build operations" [_thread_blocked, id=20624, stack(0x00000046d2700000,0x00000046d2800000)]
  0x0000020d5c375a20 JavaThread "Unconstrained build operations Thread 2" [_thread_blocked, id=21404, stack(0x00000046d2800000,0x00000046d2900000)]
  0x0000020d5c372ed0 JavaThread "Unconstrained build operations Thread 3" [_thread_blocked, id=26140, stack(0x00000046d2900000,0x00000046d2a00000)]
  0x0000020d5c36f510 JavaThread "Unconstrained build operations Thread 4" [_thread_blocked, id=23256, stack(0x00000046d2a00000,0x00000046d2b00000)]
  0x0000020d5c3763c0 JavaThread "Unconstrained build operations Thread 5" [_thread_blocked, id=17148, stack(0x00000046d2b00000,0x00000046d2c00000)]
  0x0000020d5c370850 JavaThread "Unconstrained build operations Thread 6" [_thread_blocked, id=2780, stack(0x00000046d2c00000,0x00000046d2d00000)]
  0x0000020d5c3711f0 JavaThread "Unconstrained build operations Thread 7" [_thread_blocked, id=19164, stack(0x00000046d2d00000,0x00000046d2e00000)]
  0x0000020d5c3733a0 JavaThread "Unconstrained build operations Thread 8" [_thread_blocked, id=17492, stack(0x00000046d2e00000,0x00000046d2f00000)]
  0x0000020d5cc64d30 JavaThread "Unconstrained build operations Thread 9" [_thread_blocked, id=22580, stack(0x00000046d2f00000,0x00000046d3000000)]
  0x0000020d5cc673b0 JavaThread "Unconstrained build operations Thread 10" [_thread_blocked, id=13436, stack(0x00000046d3000000,0x00000046d3100000)]
  0x0000020d5cc66a10 JavaThread "Unconstrained build operations Thread 11" [_thread_blocked, id=14020, stack(0x00000046d3100000,0x00000046d3200000)]
  0x0000020d5cc62b80 JavaThread "Unconstrained build operations Thread 12" [_thread_blocked, id=23692, stack(0x00000046d3200000,0x00000046d3300000)]
  0x0000020d5cc66ee0 JavaThread "Unconstrained build operations Thread 13" [_thread_blocked, id=25424, stack(0x00000046d3300000,0x00000046d3400000)]
  0x0000020d5cc60500 JavaThread "Unconstrained build operations Thread 14" [_thread_blocked, id=19020, stack(0x00000046d3400000,0x00000046d3500000)]
  0x0000020d5cc639f0 JavaThread "Unconstrained build operations Thread 15" [_thread_blocked, id=20560, stack(0x00000046d3500000,0x00000046d3600000)]
  0x0000020d5cc64860 JavaThread "Unconstrained build operations Thread 16" [_thread_blocked, id=14536, stack(0x00000046d3600000,0x00000046d3700000)]
  0x0000020d5cc65200 JavaThread "Unconstrained build operations Thread 17" [_thread_blocked, id=15764, stack(0x00000046d3700000,0x00000046d3800000)]
  0x0000020d5cc656d0 JavaThread "Unconstrained build operations Thread 18" [_thread_blocked, id=20532, stack(0x00000046d3800000,0x00000046d3900000)]
  0x0000020d5cc65ba0 JavaThread "Unconstrained build operations Thread 19" [_thread_blocked, id=18208, stack(0x00000046d3900000,0x00000046d3a00000)]
  0x0000020d5cc64390 JavaThread "Unconstrained build operations Thread 20" [_thread_blocked, id=19248, stack(0x00000046d3a00000,0x00000046d3b00000)]
  0x0000020d5cc66070 JavaThread "Unconstrained build operations Thread 21" [_thread_blocked, id=13852, stack(0x00000046d3b00000,0x00000046d3c00000)]
  0x0000020d5cc66540 JavaThread "Unconstrained build operations Thread 22" [_thread_blocked, id=16764, stack(0x00000046d3c00000,0x00000046d3d00000)]
  0x0000020d5cc67880 JavaThread "Unconstrained build operations Thread 23" [_thread_blocked, id=14532, stack(0x00000046d3d00000,0x00000046d3e00000)]
  0x0000020d5cc60030 JavaThread "Unconstrained build operations Thread 24" [_thread_blocked, id=20752, stack(0x00000046d3e00000,0x00000046d3f00000)]
  0x0000020d5cc61d10 JavaThread "Unconstrained build operations Thread 25" [_thread_blocked, id=26208, stack(0x00000046d3f00000,0x00000046d4000000)]
  0x0000020d5cc63520 JavaThread "Unconstrained build operations Thread 26" [_thread_blocked, id=15320, stack(0x00000046d4000000,0x00000046d4100000)]
  0x0000020d5cc61840 JavaThread "Unconstrained build operations Thread 27" [_thread_blocked, id=5604, stack(0x00000046d4100000,0x00000046d4200000)]
  0x0000020d5cc63ec0 JavaThread "Unconstrained build operations Thread 28" [_thread_blocked, id=15664, stack(0x00000046d4200000,0x00000046d4300000)]
  0x0000020d5cc60ea0 JavaThread "Unconstrained build operations Thread 29" [_thread_blocked, id=15160, stack(0x00000046d4300000,0x00000046d4400000)]
  0x0000020d5cc621e0 JavaThread "Unconstrained build operations Thread 30" [_thread_blocked, id=21996, stack(0x00000046d4400000,0x00000046d4500000)]
  0x0000020d5cc609d0 JavaThread "Unconstrained build operations Thread 31" [_thread_blocked, id=22940, stack(0x00000046d4500000,0x00000046d4600000)]
  0x0000020d5cc61370 JavaThread "Unconstrained build operations Thread 32" [_thread_blocked, id=26608, stack(0x00000046d4600000,0x00000046d4700000)]
  0x0000020d5cc626b0 JavaThread "Unconstrained build operations Thread 33" [_thread_blocked, id=17844, stack(0x00000046d4700000,0x00000046d4800000)]
  0x0000020d5cc63050 JavaThread "Unconstrained build operations Thread 34" [_thread_blocked, id=5324, stack(0x00000046d4800000,0x00000046d4900000)]
  0x0000020d5e8d0800 JavaThread "Unconstrained build operations Thread 35" [_thread_blocked, id=18996, stack(0x00000046d4900000,0x00000046d4a00000)]
  0x0000020d5e8cfe60 JavaThread "Unconstrained build operations Thread 36" [_thread_blocked, id=15316, stack(0x00000046d4a00000,0x00000046d4b00000)]
  0x0000020d5e8d2e80 JavaThread "Unconstrained build operations Thread 37" [_thread_blocked, id=27348, stack(0x00000046d4b00000,0x00000046d4c00000)]
  0x0000020d5e8d5500 JavaThread "Unconstrained build operations Thread 38" [_thread_blocked, id=18120, stack(0x00000046d4c00000,0x00000046d4d00000)]
  0x0000020d5e8d3350 JavaThread "Unconstrained build operations Thread 39" [_thread_blocked, id=24800, stack(0x00000046d4d00000,0x00000046d4e00000)]
  0x0000020d5e8d71e0 JavaThread "Unconstrained build operations Thread 40" [_thread_blocked, id=24848, stack(0x00000046d4e00000,0x00000046d4f00000)]
  0x0000020d5e8d6370 JavaThread "jar transforms Thread 6" [_thread_blocked, id=15580, stack(0x00000046d4f00000,0x00000046d5000000)]
  0x0000020d5e8d5ea0 JavaThread "jar transforms Thread 7" [_thread_blocked, id=22168, stack(0x00000046d5000000,0x00000046d5100000)]
  0x0000020d5e8d6840 JavaThread "jar transforms Thread 8" [_thread_blocked, id=9144, stack(0x00000046d5100000,0x00000046d5200000)]
  0x0000020d5e8d0cd0 JavaThread "included builds" [_thread_blocked, id=8100, stack(0x00000046d5200000,0x00000046d5300000)]
  0x0000020d5e8d6d10 JavaThread "Execution worker" [_thread_blocked, id=21056, stack(0x00000046d5300000,0x00000046d5400000)]
  0x0000020d5e8d41c0 JavaThread "Execution worker Thread 2" [_thread_blocked, id=240, stack(0x00000046d5400000,0x00000046d5500000)]
  0x0000020d5e8d1b40 JavaThread "Execution worker Thread 3" [_thread_blocked, id=9412, stack(0x00000046d5500000,0x00000046d5600000)]
  0x0000020d5e8d59d0 JavaThread "Execution worker Thread 4" [_thread_blocked, id=6132, stack(0x00000046d5600000,0x00000046d5700000)]
  0x0000020d5e8d3cf0 JavaThread "Execution worker Thread 5" [_thread_blocked, id=8612, stack(0x00000046d5700000,0x00000046d5800000)]
  0x0000020d5e8d4690 JavaThread "Execution worker Thread 6" [_thread_blocked, id=27504, stack(0x00000046d5800000,0x00000046d5900000)]
  0x0000020d5e8cf990 JavaThread "Execution worker Thread 7" [_thread_blocked, id=14864, stack(0x00000046d5900000,0x00000046d5a00000)]
  0x0000020d5e8d11a0 JavaThread "Cache worker for execution history cache (D:\WorkspaceAsif\Android\LunaRing\buildSrc\.gradle\7.5\executionHistory)" [_thread_blocked, id=25504, stack(0x00000046d5a00000,0x00000046d5b00000)]
  0x0000020d5e8d2010 JavaThread "Unconstrained build operations Thread 41" [_thread_blocked, id=22396, stack(0x00000046d5b00000,0x00000046d5c00000)]
  0x0000020d5e8d3820 JavaThread "Unconstrained build operations Thread 42" [_thread_blocked, id=19804, stack(0x00000046d5c00000,0x00000046d5d00000)]
  0x0000020d5e8d24e0 JavaThread "Unconstrained build operations Thread 43" [_thread_blocked, id=24884, stack(0x00000046d5d00000,0x00000046d5e00000)]
  0x0000020d5e8d29b0 JavaThread "Unconstrained build operations Thread 44" [_thread_blocked, id=15508, stack(0x00000046d5e00000,0x00000046d5f00000)]
  0x0000020d58087eb0 JavaThread "Unconstrained build operations Thread 45" [_thread_blocked, id=1628, stack(0x00000046d5f00000,0x00000046d6000000)]
  0x0000020d5808cbb0 JavaThread "Unconstrained build operations Thread 46" [_thread_blocked, id=21148, stack(0x00000046d6000000,0x00000046d6100000)]
  0x0000020d5808c210 JavaThread "Unconstrained build operations Thread 47" [_thread_blocked, id=21560, stack(0x00000046d6100000,0x00000046d6200000)]
  0x0000020d5808d550 JavaThread "Unconstrained build operations Thread 48" [_thread_blocked, id=19364, stack(0x00000046d6200000,0x00000046d6300000)]
  0x0000020d58088d20 JavaThread "Unconstrained build operations Thread 49" [_thread_blocked, id=16792, stack(0x00000046d6300000,0x00000046d6400000)]
  0x0000020d5808b3a0 JavaThread "Unconstrained build operations Thread 50" [_thread_blocked, id=21752, stack(0x00000046d6400000,0x00000046d6500000)]
  0x0000020d5808d080 JavaThread "Unconstrained build operations Thread 51" [_thread_blocked, id=11036, stack(0x00000046d6500000,0x00000046d6600000)]
  0x0000020d58085d00 JavaThread "Unconstrained build operations Thread 52" [_thread_blocked, id=9864, stack(0x00000046d6600000,0x00000046d6700000)]
  0x0000020d58087040 JavaThread "Unconstrained build operations Thread 53" [_thread_blocked, id=22052, stack(0x00000046d6700000,0x00000046d6800000)]
  0x0000020d58087510 JavaThread "Unconstrained build operations Thread 54" [_thread_blocked, id=24088, stack(0x00000046d6800000,0x00000046d6900000)]
  0x0000020d580896c0 JavaThread "Unconstrained build operations Thread 55" [_thread_blocked, id=8284, stack(0x00000046d6900000,0x00000046d6a00000)]
  0x0000020d5808a060 JavaThread "Unconstrained build operations Thread 56" [_thread_blocked, id=22180, stack(0x00000046d6a00000,0x00000046d6b00000)]
  0x0000020d58089b90 JavaThread "Unconstrained build operations Thread 57" [_thread_blocked, id=5456, stack(0x00000046d6b00000,0x00000046d6c00000)]
  0x0000020d580861d0 JavaThread "Unconstrained build operations Thread 58" [_thread_blocked, id=19688, stack(0x00000046d6c00000,0x00000046d6d00000)]
  0x0000020d580866a0 JavaThread "Unconstrained build operations Thread 59" [_thread_blocked, id=21820, stack(0x00000046d6d00000,0x00000046d6e00000)]
  0x0000020d58086b70 JavaThread "Unconstrained build operations Thread 60" [_thread_blocked, id=16876, stack(0x00000046d6e00000,0x00000046d6f00000)]
  0x0000020d58088850 JavaThread "Unconstrained build operations Thread 61" [_thread_blocked, id=16932, stack(0x00000046d6f00000,0x00000046d7000000)]
  0x0000020d5808a530 JavaThread "Cache worker for Build Output Cleanup Cache (D:\WorkspaceAsif\Android\LunaRing\.gradle\buildOutputCleanup)" [_thread_blocked, id=19624, stack(0x00000046d7000000,0x00000046d7100000)]
  0x0000020d5808b870 JavaThread "Unconstrained build operations Thread 62" [_thread_blocked, id=22072, stack(0x00000046d7100000,0x00000046d7200000)]
  0x0000020d5808bd40 JavaThread "Unconstrained build operations Thread 63" [_thread_blocked, id=11052, stack(0x00000046d7200000,0x00000046d7300000)]
  0x0000020d5808c6e0 JavaThread "Unconstrained build operations Thread 64" [_thread_blocked, id=16772, stack(0x00000046d7300000,0x00000046d7400000)]
  0x0000020d5e8b2820 JavaThread "Unconstrained build operations Thread 65" [_thread_blocked, id=14468, stack(0x00000046d7400000,0x00000046d7500000)]
  0x0000020d5e8b14e0 JavaThread "Unconstrained build operations Thread 66" [_thread_blocked, id=11060, stack(0x00000046d7500000,0x00000046d7600000)]
  0x0000020d5e8af800 JavaThread "Unconstrained build operations Thread 67" [_thread_blocked, id=23124, stack(0x00000046d7600000,0x00000046d7700000)]
  0x0000020d5e8b4500 JavaThread "Unconstrained build operations Thread 68" [_thread_blocked, id=5176, stack(0x00000046d7700000,0x00000046d7800000)]
  0x0000020d5e8b31c0 JavaThread "Unconstrained build operations Thread 69" [_thread_blocked, id=5352, stack(0x00000046d7800000,0x00000046d7900000)]
  0x0000020d5e8b49d0 JavaThread "Unconstrained build operations Thread 70" [_thread_blocked, id=22552, stack(0x00000046d7900000,0x00000046d7a00000)]
  0x0000020d5e8afcd0 JavaThread "Unconstrained build operations Thread 71" [_thread_blocked, id=22792, stack(0x00000046d7a00000,0x00000046d7b00000)]
  0x0000020d5e8b0b40 JavaThread "Unconstrained build operations Thread 72" [_thread_blocked, id=11404, stack(0x00000046d7b00000,0x00000046d7c00000)]
  0x0000020d5e8b4030 JavaThread "Unconstrained build operations Thread 73" [_thread_blocked, id=25400, stack(0x00000046d7c00000,0x00000046d7d00000)]
  0x0000020d5e8aee60 JavaThread "Unconstrained build operations Thread 74" [_thread_blocked, id=24408, stack(0x00000046d7d00000,0x00000046d7e00000)]
  0x0000020d5e8b1e80 JavaThread "Unconstrained build operations Thread 75" [_thread_blocked, id=18780, stack(0x00000046d7e00000,0x00000046d7f00000)]
  0x0000020d5e8b3b60 JavaThread "Unconstrained build operations Thread 76" [_thread_blocked, id=24476, stack(0x00000046d7f00000,0x00000046d8000000)]
  0x0000020d5e8b2cf0 JavaThread "Unconstrained build operations Thread 77" [_thread_blocked, id=18768, stack(0x00000046d8000000,0x00000046d8100000)]
  0x0000020d5e8b3690 JavaThread "Unconstrained build operations Thread 78" [_thread_blocked, id=26360, stack(0x00000046d8100000,0x00000046d8200000)]
  0x0000020d5e8af330 JavaThread "Unconstrained build operations Thread 79" [_thread_blocked, id=19204, stack(0x00000046d8200000,0x00000046d8300000)]
  0x0000020d5e8b4ea0 JavaThread "Unconstrained build operations Thread 80" [_thread_blocked, id=11164, stack(0x00000046d8300000,0x00000046d8400000)]
  0x0000020d5e8b0670 JavaThread "build event listener" [_thread_blocked, id=23356, stack(0x00000046d8400000,0x00000046d8500000)]
  0x0000020d5919f360 JavaThread "pool-3-thread-1" [_thread_blocked, id=648, stack(0x00000046d8700000,0x00000046d8800000)]
  0x0000020d591a4530 JavaThread "build event listener" [_thread_blocked, id=23772, stack(0x00000046d8800000,0x00000046d8900000)]
  0x0000020d591a3b90 JavaThread "Cache worker for execution history cache (D:\WorkspaceAsif\Android\LunaRing\.gradle\7.5\executionHistory)" [_thread_blocked, id=16768, stack(0x00000046d8900000,0x00000046d8a00000)]
  0x0000020d5c161be0 JavaThread "WorkerExecutor Queue" [_thread_blocked, id=1760, stack(0x00000046d8a00000,0x00000046d8b00000)]
  0x0000020d5c162580 JavaThread "RMI Scheduler(0)" daemon [_thread_blocked, id=19532, stack(0x00000046d8b00000,0x00000046d8c00000)]
  0x0000020d6322f500 JavaThread "RMI GC Daemon" daemon [_thread_blocked, id=23708, stack(0x00000046d8d00000,0x00000046d8e00000)]
  0x0000020d61547d00 JavaThread "RMI TCP Accept-0" daemon [_thread_in_native, id=17608, stack(0x00000046d8e00000,0x00000046d8f00000)]
  0x0000020d615464f0 JavaThread "RMI Reaper" [_thread_blocked, id=22440, stack(0x00000046d8f00000,0x00000046d9000000)]
  0x0000020d5ab71590 JavaThread "RMI TCP Connection(idle)" daemon [_thread_blocked, id=7376, stack(0x00000046d9000000,0x00000046d9100000)]
  0x0000020d591a2d20 JavaThread "Cache worker for Java compile cache (C:\Users\Asif\.gradle\caches\7.5\javaCompile)" [_thread_blocked, id=21528, stack(0x00000046cff00000,0x00000046d0000000)]
  0x0000020d591a31f0 JavaThread "Build operations" [_thread_blocked, id=19048, stack(0x00000046ce900000,0x00000046cea00000)]
  0x0000020d5919e020 JavaThread "Build operations Thread 2" [_thread_blocked, id=17200, stack(0x00000046d9300000,0x00000046d9400000)]
  0x0000020d5808aed0 JavaThread "Build operations Thread 3" [_thread_blocked, id=22056, stack(0x00000046d9400000,0x00000046d9500000)]
  0x0000020d580891f0 JavaThread "Build operations Thread 4" [_thread_blocked, id=10972, stack(0x00000046d9500000,0x00000046d9600000)]
  0x0000020d5e8adff0 JavaThread "Build operations Thread 5" [_thread_blocked, id=20404, stack(0x00000046d9600000,0x00000046d9700000)]
  0x0000020d5ab71f30 JavaThread "Build operations Thread 6" [_thread_blocked, id=25520, stack(0x00000046d9700000,0x00000046d9800000)]
  0x0000020d5ab72400 JavaThread "Build operations Thread 7" [_thread_blocked, id=10552, stack(0x00000046d9800000,0x00000046d9900000)]
  0x0000020d5ab728d0 JavaThread "Build operations Thread 8" [_thread_blocked, id=15000, stack(0x00000046d9900000,0x00000046d9a00000)]
  0x0000020d5c385240 JavaThread "WorkerExecutor Queue Thread 2" [_thread_blocked, id=8456, stack(0x00000046d9b00000,0x00000046d9c00000)]
  0x0000020d6960d250 JavaThread "WorkerExecutor Queue Thread 3" [_thread_blocked, id=5856, stack(0x00000046d9c00000,0x00000046d9d00000)]
  0x0000020d5c370380 JavaThread "WorkerExecutor Queue Thread 4" [_thread_blocked, id=18232, stack(0x00000046d9d00000,0x00000046d9e00000)]
  0x0000020d63d076b0 JavaThread "C2 CompilerThread1" daemon [_thread_in_native, id=26808, stack(0x00000046ce800000,0x00000046ce900000)]
  0x0000020d63d06c90 JavaThread "C2 CompilerThread2" daemon [_thread_in_native, id=27376, stack(0x00000046d9a00000,0x00000046d9b00000)]
  0x0000020d63262d80 JavaThread "WorkerExecutor Queue Thread 5" [_thread_blocked, id=17676, stack(0x00000046d9f00000,0x00000046da000000)]
  0x0000020d63263720 JavaThread "WorkerExecutor Queue Thread 6" [_thread_blocked, id=15500, stack(0x00000046da000000,0x00000046da100000)]
  0x0000020d6325fd60 JavaThread "WorkerExecutor Queue Thread 7" [_thread_blocked, id=19600, stack(0x00000046da100000,0x00000046da200000)]
  0x0000020d63260230 JavaThread "WorkerExecutor Queue Thread 8" [_thread_blocked, id=3304, stack(0x00000046da200000,0x00000046da300000)]
  0x0000020d5c999590 JavaThread "WorkerExecutor Queue Thread 9" [_thread_blocked, id=4860, stack(0x00000046da300000,0x00000046da400000)]

Other Threads:
=>0x0000020d57851750 VMThread "VM Thread" [stack: 0x00000046cf100000,0x00000046cf200000] [id=25000]
  0x0000020d57a53d30 WatcherThread [stack: 0x00000046cfd00000,0x00000046cfe00000] [id=22172]
  0x0000020d3846d570 GCTaskThread "GC Thread#0" [stack: 0x00000046cec00000,0x00000046ced00000] [id=14672]
  0x0000020d581f9f70 GCTaskThread "GC Thread#1" [stack: 0x00000046d0000000,0x00000046d0100000] [id=15176]
  0x0000020d58bb50a0 GCTaskThread "GC Thread#2" [stack: 0x00000046d0100000,0x00000046d0200000] [id=9088]
  0x0000020d587f4c00 GCTaskThread "GC Thread#3" [stack: 0x00000046d0200000,0x00000046d0300000] [id=25848]
  0x0000020d587f4eb0 GCTaskThread "GC Thread#4" [stack: 0x00000046d0300000,0x00000046d0400000] [id=14368]
  0x0000020d587f5900 GCTaskThread "GC Thread#5" [stack: 0x00000046d0400000,0x00000046d0500000] [id=17796]
  0x0000020d5a7b5f10 GCTaskThread "GC Thread#6" [stack: 0x00000046d1100000,0x00000046d1200000] [id=24008]
  0x0000020d58114360 GCTaskThread "GC Thread#7" [stack: 0x00000046d1200000,0x00000046d1300000] [id=18052]
  0x0000020d3847e350 ConcurrentGCThread "G1 Main Marker" [stack: 0x00000046ced00000,0x00000046cee00000] [id=14572]
  0x0000020d3847f3a0 ConcurrentGCThread "G1 Conc#0" [stack: 0x00000046cee00000,0x00000046cef00000] [id=11072]
  0x0000020d5a59c120 ConcurrentGCThread "G1 Conc#1" [stack: 0x00000046d1300000,0x00000046d1400000] [id=9496]
  0x0000020d56906400 ConcurrentGCThread "G1 Refine#0" [stack: 0x00000046cef00000,0x00000046cf000000] [id=24304]
  0x0000020d5a00e0e0 ConcurrentGCThread "G1 Refine#1" [stack: 0x00000046d1500000,0x00000046d1600000] [id=21548]
  0x0000020d6171dd20 ConcurrentGCThread "G1 Refine#2" [stack: 0x00000046d8500000,0x00000046d8600000] [id=21204]
  0x0000020d6171d1a0 ConcurrentGCThread "G1 Refine#3" [stack: 0x00000046d8600000,0x00000046d8700000] [id=13232]
  0x0000020d6171f140 ConcurrentGCThread "G1 Refine#4" [stack: 0x00000046d0d00000,0x00000046d0e00000] [id=13840]
  0x0000020d6171cbe0 ConcurrentGCThread "G1 Refine#5" [stack: 0x00000046d8c00000,0x00000046d8d00000] [id=15620]
  0x0000020d6171f700 ConcurrentGCThread "G1 Refine#6" [stack: 0x00000046d9100000,0x00000046d9200000] [id=2660]
  0x0000020d63b42ae0 ConcurrentGCThread "G1 Refine#7" [stack: 0x00000046d9200000,0x00000046d9300000] [id=23432]
  0x0000020d56906cc0 ConcurrentGCThread "G1 Service" [stack: 0x00000046cf000000,0x00000046cf100000] [id=5832]

Threads with active compile tasks:
C2 CompilerThread0   127611 37406       4       com.android.tools.r8.ir.regalloc.b::c (4031 bytes)
C2 CompilerThread1   127612 37512       4       com.android.tools.r8.ir.regalloc.b::a (1831 bytes)
C2 CompilerThread2   127612 37678       4       com.android.tools.r8.internal.Ab::a (6176 bytes)

VM state: at safepoint (normal execution)

VM Mutex/Monitor currently owned by a thread:  ([mutex/lock_event])
[0x0000020d3634bdf0] Threads_lock - owner thread: 0x0000020d57851750
[0x0000020d3634afe0] Heap_lock - owner thread: 0x0000020d5c161be0

Heap address: 0x0000000700000000, size: 4096 MB, Compressed Oops mode: Zero based, Oop shift amount: 3

CDS archive(s) not mapped
Compressed class space mapped at: 0x0000000800000000-0x0000000840000000, reserved size: 1073741824
Narrow klass base: 0x0000000800000000, Narrow klass shift: 0, Narrow klass range: 0x40000000

GC Precious Log:
 CPUs: 8 total, 8 available
 Memory: 16126M
 Large Page Support: Disabled
 NUMA Support: Disabled
 Compressed Oops: Enabled (Zero based)
 Heap Region Size: 2M
 Heap Min Capacity: 8M
 Heap Initial Capacity: 252M
 Heap Max Capacity: 4G
 Pre-touch: Disabled
 Parallel Workers: 8
 Concurrent Workers: 2
 Concurrent Refinement Workers: 8
 Periodic GC: Disabled

Heap:
 garbage-first heap   total 1585152K, used 957730K [0x0000000700000000, 0x0000000800000000)
  region size 2048K, 22 young (45056K), 22 survivors (45056K)
 Metaspace       used 170827K, committed 172288K, reserved 1204224K
  class space    used 22678K, committed 23360K, reserved 1048576K

Heap Regions: E=young(eden), S=young(survivor), O=old, HS=humongous(starts), HC=humongous(continues), CS=collection set, F=free, OA=open archive, CA=closed archive, TAMS=top-at-mark-start (previous, next)
|   0|0x0000000700000000, 0x0000000700200000, 0x0000000700200000|100%| O|  |TAMS 0x0000000700200000, 0x0000000700200000| Untracked 
|   1|0x0000000700200000, 0x0000000700400000, 0x0000000700400000|100%| O|  |TAMS 0x0000000700400000, 0x0000000700400000| Untracked 
|   2|0x0000000700400000, 0x0000000700600000, 0x0000000700600000|100%|HS|  |TAMS 0x0000000700600000, 0x0000000700600000| Complete 
|   3|0x0000000700600000, 0x0000000700800000, 0x0000000700800000|100%|HC|  |TAMS 0x0000000700800000, 0x0000000700800000| Complete 
|   4|0x0000000700800000, 0x0000000700a00000, 0x0000000700a00000|100%| O|  |TAMS 0x0000000700a00000, 0x0000000700a00000| Untracked 
|   5|0x0000000700a00000, 0x0000000700c00000, 0x0000000700c00000|100%| O|  |TAMS 0x0000000700c00000, 0x0000000700c00000| Untracked 
|   6|0x0000000700c00000, 0x0000000700e00000, 0x0000000700e00000|100%| O|  |TAMS 0x0000000700e00000, 0x0000000700e00000| Untracked 
|   7|0x0000000700e00000, 0x0000000701000000, 0x0000000701000000|100%| O|  |TAMS 0x0000000701000000, 0x0000000701000000| Untracked 
|   8|0x0000000701000000, 0x0000000701200000, 0x0000000701200000|100%| O|  |TAMS 0x0000000701200000, 0x0000000701200000| Untracked 
|   9|0x0000000701200000, 0x0000000701400000, 0x0000000701400000|100%| O|  |TAMS 0x0000000701400000, 0x0000000701400000| Untracked 
|  10|0x0000000701400000, 0x0000000701600000, 0x0000000701600000|100%| O|  |TAMS 0x0000000701600000, 0x0000000701600000| Untracked 
|  11|0x0000000701600000, 0x0000000701800000, 0x0000000701800000|100%| O|  |TAMS 0x0000000701800000, 0x0000000701800000| Untracked 
|  12|0x0000000701800000, 0x0000000701a00000, 0x0000000701a00000|100%| O|  |TAMS 0x0000000701a00000, 0x0000000701a00000| Untracked 
|  13|0x0000000701a00000, 0x0000000701c00000, 0x0000000701c00000|100%| O|  |TAMS 0x0000000701c00000, 0x0000000701c00000| Untracked 
|  14|0x0000000701c00000, 0x0000000701e00000, 0x0000000701e00000|100%| O|  |TAMS 0x0000000701e00000, 0x0000000701e00000| Untracked 
|  15|0x0000000701e00000, 0x0000000702000000, 0x0000000702000000|100%| O|  |TAMS 0x0000000702000000, 0x0000000702000000| Untracked 
|  16|0x0000000702000000, 0x0000000702200000, 0x0000000702200000|100%| O|  |TAMS 0x0000000702200000, 0x0000000702200000| Untracked 
|  17|0x0000000702200000, 0x0000000702400000, 0x0000000702400000|100%|HS|  |TAMS 0x0000000702400000, 0x0000000702400000| Complete 
|  18|0x0000000702400000, 0x0000000702600000, 0x0000000702600000|100%|HC|  |TAMS 0x0000000702600000, 0x0000000702600000| Complete 
|  19|0x0000000702600000, 0x0000000702800000, 0x0000000702800000|100%|HS|  |TAMS 0x0000000702600000, 0x0000000702800000| Complete 
|  20|0x0000000702800000, 0x0000000702a00000, 0x0000000702a00000|100%| O|  |TAMS 0x0000000702a00000, 0x0000000702a00000| Untracked 
|  21|0x0000000702a00000, 0x0000000702c00000, 0x0000000702c00000|100%| O|  |TAMS 0x0000000702c00000, 0x0000000702c00000| Untracked 
|  22|0x0000000702c00000, 0x0000000702e00000, 0x0000000702e00000|100%| O|  |TAMS 0x0000000702e00000, 0x0000000702e00000| Untracked 
|  23|0x0000000702e00000, 0x0000000703000000, 0x0000000703000000|100%| O|  |TAMS 0x0000000703000000, 0x0000000703000000| Untracked 
|  24|0x0000000703000000, 0x0000000703200000, 0x0000000703200000|100%| O|  |TAMS 0x0000000703200000, 0x0000000703200000| Untracked 
|  25|0x0000000703200000, 0x0000000703400000, 0x0000000703400000|100%| O|  |TAMS 0x0000000703400000, 0x0000000703400000| Untracked 
|  26|0x0000000703400000, 0x0000000703600000, 0x0000000703600000|100%| O|  |TAMS 0x0000000703600000, 0x0000000703600000| Untracked 
|  27|0x0000000703600000, 0x0000000703800000, 0x0000000703800000|100%| O|  |TAMS 0x0000000703800000, 0x0000000703800000| Untracked 
|  28|0x0000000703800000, 0x0000000703a00000, 0x0000000703a00000|100%| O|  |TAMS 0x0000000703a00000, 0x0000000703a00000| Untracked 
|  29|0x0000000703a00000, 0x0000000703c00000, 0x0000000703c00000|100%| O|  |TAMS 0x0000000703a00000, 0x0000000703c00000| Untracked 
|  30|0x0000000703c00000, 0x0000000703e00000, 0x0000000703e00000|100%| O|  |TAMS 0x0000000703e00000, 0x0000000703e00000| Untracked 
|  31|0x0000000703e00000, 0x0000000704000000, 0x0000000704000000|100%| O|  |TAMS 0x0000000703e00000, 0x0000000704000000| Untracked 
|  32|0x0000000704000000, 0x0000000704200000, 0x0000000704200000|100%| O|  |TAMS 0x0000000704000000, 0x0000000704200000| Untracked 
|  33|0x0000000704200000, 0x0000000704400000, 0x0000000704400000|100%|HS|  |TAMS 0x0000000704400000, 0x0000000704400000| Complete 
|  34|0x0000000704400000, 0x0000000704600000, 0x0000000704600000|100%|HC|  |TAMS 0x0000000704600000, 0x0000000704600000| Complete 
|  35|0x0000000704600000, 0x0000000704800000, 0x0000000704800000|100%| O|  |TAMS 0x0000000704800000, 0x0000000704800000| Untracked 
|  36|0x0000000704800000, 0x0000000704a00000, 0x0000000704a00000|100%| O|  |TAMS 0x0000000704a00000, 0x0000000704a00000| Untracked 
|  37|0x0000000704a00000, 0x0000000704c00000, 0x0000000704c00000|100%| O|  |TAMS 0x0000000704a00000, 0x0000000704c00000| Untracked 
|  38|0x0000000704c00000, 0x0000000704e00000, 0x0000000704e00000|100%| O|  |TAMS 0x0000000704e00000, 0x0000000704e00000| Untracked 
|  39|0x0000000704e00000, 0x0000000705000000, 0x0000000705000000|100%| O|  |TAMS 0x0000000705000000, 0x0000000705000000| Untracked 
|  40|0x0000000705000000, 0x0000000705200000, 0x0000000705200000|100%| O|  |TAMS 0x0000000705200000, 0x0000000705200000| Untracked 
|  41|0x0000000705200000, 0x0000000705400000, 0x0000000705400000|100%| O|  |TAMS 0x0000000705400000, 0x0000000705400000| Untracked 
|  42|0x0000000705400000, 0x0000000705600000, 0x0000000705600000|100%| O|  |TAMS 0x0000000705600000, 0x0000000705600000| Untracked 
|  43|0x0000000705600000, 0x0000000705800000, 0x0000000705800000|100%| O|  |TAMS 0x0000000705800000, 0x0000000705800000| Untracked 
|  44|0x0000000705800000, 0x0000000705a00000, 0x0000000705a00000|100%| O|  |TAMS 0x0000000705a00000, 0x0000000705a00000| Untracked 
|  45|0x0000000705a00000, 0x0000000705c00000, 0x0000000705c00000|100%| O|  |TAMS 0x0000000705c00000, 0x0000000705c00000| Untracked 
|  46|0x0000000705c00000, 0x0000000705e00000, 0x0000000705e00000|100%| O|  |TAMS 0x0000000705e00000, 0x0000000705e00000| Untracked 
|  47|0x0000000705e00000, 0x0000000706000000, 0x0000000706000000|100%| O|  |TAMS 0x0000000706000000, 0x0000000706000000| Untracked 
|  48|0x0000000706000000, 0x0000000706200000, 0x0000000706200000|100%| O|  |TAMS 0x0000000706000000, 0x0000000706200000| Untracked 
|  49|0x0000000706200000, 0x0000000706400000, 0x0000000706400000|100%| O|  |TAMS 0x0000000706200000, 0x0000000706400000| Untracked 
|  50|0x0000000706400000, 0x0000000706600000, 0x0000000706600000|100%| O|  |TAMS 0x0000000706600000, 0x0000000706600000| Untracked 
|  51|0x0000000706600000, 0x0000000706800000, 0x0000000706800000|100%| O|  |TAMS 0x0000000706800000, 0x0000000706800000| Untracked 
|  52|0x0000000706800000, 0x0000000706a00000, 0x0000000706a00000|100%| O|  |TAMS 0x0000000706a00000, 0x0000000706a00000| Untracked 
|  53|0x0000000706a00000, 0x0000000706c00000, 0x0000000706c00000|100%| O|  |TAMS 0x0000000706c00000, 0x0000000706c00000| Untracked 
|  54|0x0000000706c00000, 0x0000000706e00000, 0x0000000706e00000|100%| O|  |TAMS 0x0000000706e00000, 0x0000000706e00000| Untracked 
|  55|0x0000000706e00000, 0x0000000707000000, 0x0000000707000000|100%| O|  |TAMS 0x0000000707000000, 0x0000000707000000| Untracked 
|  56|0x0000000707000000, 0x0000000707200000, 0x0000000707200000|100%| O|  |TAMS 0x0000000707200000, 0x0000000707200000| Untracked 
|  57|0x0000000707200000, 0x0000000707400000, 0x0000000707400000|100%| O|  |TAMS 0x0000000707400000, 0x0000000707400000| Untracked 
|  58|0x0000000707400000, 0x0000000707600000, 0x0000000707600000|100%| O|  |TAMS 0x0000000707600000, 0x0000000707600000| Untracked 
|  59|0x0000000707600000, 0x0000000707800000, 0x0000000707800000|100%| O|  |TAMS 0x0000000707800000, 0x0000000707800000| Untracked 
|  60|0x0000000707800000, 0x0000000707a00000, 0x0000000707a00000|100%| O|  |TAMS 0x0000000707a00000, 0x0000000707a00000| Untracked 
|  61|0x0000000707a00000, 0x0000000707c00000, 0x0000000707c00000|100%| O|  |TAMS 0x0000000707c00000, 0x0000000707c00000| Untracked 
|  62|0x0000000707c00000, 0x0000000707e00000, 0x0000000707e00000|100%| O|  |TAMS 0x0000000707e00000, 0x0000000707e00000| Untracked 
|  63|0x0000000707e00000, 0x0000000708000000, 0x0000000708000000|100%| O|  |TAMS 0x0000000708000000, 0x0000000708000000| Untracked 
|  64|0x0000000708000000, 0x0000000708200000, 0x0000000708200000|100%| O|  |TAMS 0x0000000708200000, 0x0000000708200000| Untracked 
|  65|0x0000000708200000, 0x0000000708400000, 0x0000000708400000|100%| O|  |TAMS 0x0000000708200000, 0x0000000708400000| Untracked 
|  66|0x0000000708400000, 0x0000000708600000, 0x0000000708600000|100%| O|  |TAMS 0x0000000708600000, 0x0000000708600000| Untracked 
|  67|0x0000000708600000, 0x0000000708800000, 0x0000000708800000|100%| O|  |TAMS 0x0000000708800000, 0x0000000708800000| Untracked 
|  68|0x0000000708800000, 0x0000000708a00000, 0x0000000708a00000|100%| O|  |TAMS 0x0000000708a00000, 0x0000000708a00000| Untracked 
|  69|0x0000000708a00000, 0x0000000708c00000, 0x0000000708c00000|100%| O|  |TAMS 0x0000000708c00000, 0x0000000708c00000| Untracked 
|  70|0x0000000708c00000, 0x0000000708e00000, 0x0000000708e00000|100%| O|  |TAMS 0x0000000708e00000, 0x0000000708e00000| Untracked 
|  71|0x0000000708e00000, 0x0000000709000000, 0x0000000709000000|100%| O|  |TAMS 0x0000000709000000, 0x0000000709000000| Untracked 
|  72|0x0000000709000000, 0x0000000709200000, 0x0000000709200000|100%| O|  |TAMS 0x0000000709200000, 0x0000000709200000| Untracked 
|  73|0x0000000709200000, 0x0000000709400000, 0x0000000709400000|100%| O|  |TAMS 0x0000000709400000, 0x0000000709400000| Untracked 
|  74|0x0000000709400000, 0x0000000709600000, 0x0000000709600000|100%| O|  |TAMS 0x0000000709600000, 0x0000000709600000| Untracked 
|  75|0x0000000709600000, 0x0000000709800000, 0x0000000709800000|100%| O|  |TAMS 0x0000000709800000, 0x0000000709800000| Untracked 
|  76|0x0000000709800000, 0x0000000709a00000, 0x0000000709a00000|100%| O|  |TAMS 0x0000000709a00000, 0x0000000709a00000| Untracked 
|  77|0x0000000709a00000, 0x0000000709c00000, 0x0000000709c00000|100%| O|  |TAMS 0x0000000709a00000, 0x0000000709c00000| Untracked 
|  78|0x0000000709c00000, 0x0000000709e00000, 0x0000000709e00000|100%| O|  |TAMS 0x0000000709e00000, 0x0000000709e00000| Untracked 
|  79|0x0000000709e00000, 0x000000070a000000, 0x000000070a000000|100%| O|  |TAMS 0x000000070a000000, 0x000000070a000000| Untracked 
|  80|0x000000070a000000, 0x000000070a200000, 0x000000070a200000|100%| O|  |TAMS 0x000000070a200000, 0x000000070a200000| Untracked 
|  81|0x000000070a200000, 0x000000070a400000, 0x000000070a400000|100%| O|  |TAMS 0x000000070a400000, 0x000000070a400000| Untracked 
|  82|0x000000070a400000, 0x000000070a600000, 0x000000070a600000|100%| O|  |TAMS 0x000000070a600000, 0x000000070a600000| Untracked 
|  83|0x000000070a600000, 0x000000070a800000, 0x000000070a800000|100%| O|  |TAMS 0x000000070a800000, 0x000000070a800000| Untracked 
|  84|0x000000070a800000, 0x000000070aa00000, 0x000000070aa00000|100%| O|  |TAMS 0x000000070aa00000, 0x000000070aa00000| Untracked 
|  85|0x000000070aa00000, 0x000000070ac00000, 0x000000070ac00000|100%| O|  |TAMS 0x000000070aa00000, 0x000000070ac00000| Untracked 
|  86|0x000000070ac00000, 0x000000070ae00000, 0x000000070ae00000|100%| O|  |TAMS 0x000000070ae00000, 0x000000070ae00000| Untracked 
|  87|0x000000070ae00000, 0x000000070b000000, 0x000000070b000000|100%| O|  |TAMS 0x000000070b000000, 0x000000070b000000| Untracked 
|  88|0x000000070b000000, 0x000000070b200000, 0x000000070b200000|100%| O|  |TAMS 0x000000070b000000, 0x000000070b200000| Untracked 
|  89|0x000000070b200000, 0x000000070b400000, 0x000000070b400000|100%| O|  |TAMS 0x000000070b200000, 0x000000070b400000| Untracked 
|  90|0x000000070b400000, 0x000000070b600000, 0x000000070b600000|100%| O|  |TAMS 0x000000070b600000, 0x000000070b600000| Untracked 
|  91|0x000000070b600000, 0x000000070b800000, 0x000000070b800000|100%| O|  |TAMS 0x000000070b800000, 0x000000070b800000| Untracked 
|  92|0x000000070b800000, 0x000000070ba00000, 0x000000070ba00000|100%| O|  |TAMS 0x000000070b800000, 0x000000070ba00000| Untracked 
|  93|0x000000070ba00000, 0x000000070bc00000, 0x000000070bc00000|100%| O|  |TAMS 0x000000070bc00000, 0x000000070bc00000| Untracked 
|  94|0x000000070bc00000, 0x000000070be00000, 0x000000070be00000|100%| O|  |TAMS 0x000000070be00000, 0x000000070be00000| Untracked 
|  95|0x000000070be00000, 0x000000070c000000, 0x000000070c000000|100%| O|  |TAMS 0x000000070c000000, 0x000000070c000000| Untracked 
|  96|0x000000070c000000, 0x000000070c200000, 0x000000070c200000|100%| O|  |TAMS 0x000000070c200000, 0x000000070c200000| Untracked 
|  97|0x000000070c200000, 0x000000070c400000, 0x000000070c400000|100%| O|  |TAMS 0x000000070c400000, 0x000000070c400000| Untracked 
|  98|0x000000070c400000, 0x000000070c600000, 0x000000070c600000|100%| O|  |TAMS 0x000000070c600000, 0x000000070c600000| Untracked 
|  99|0x000000070c600000, 0x000000070c800000, 0x000000070c800000|100%| O|  |TAMS 0x000000070c800000, 0x000000070c800000| Untracked 
| 100|0x000000070c800000, 0x000000070ca00000, 0x000000070ca00000|100%| O|  |TAMS 0x000000070ca00000, 0x000000070ca00000| Untracked 
| 101|0x000000070ca00000, 0x000000070cc00000, 0x000000070cc00000|100%| O|  |TAMS 0x000000070cc00000, 0x000000070cc00000| Untracked 
| 102|0x000000070cc00000, 0x000000070ce00000, 0x000000070ce00000|100%| O|  |TAMS 0x000000070ce00000, 0x000000070ce00000| Untracked 
| 103|0x000000070ce00000, 0x000000070d000000, 0x000000070d000000|100%| O|  |TAMS 0x000000070ce00000, 0x000000070d000000| Untracked 
| 104|0x000000070d000000, 0x000000070d200000, 0x000000070d200000|100%| O|  |TAMS 0x000000070d000000, 0x000000070d200000| Untracked 
| 105|0x000000070d200000, 0x000000070d400000, 0x000000070d400000|100%| O|  |TAMS 0x000000070d200000, 0x000000070d400000| Untracked 
| 106|0x000000070d400000, 0x000000070d600000, 0x000000070d600000|100%| O|  |TAMS 0x000000070d400000, 0x000000070d600000| Untracked 
| 107|0x000000070d600000, 0x000000070d800000, 0x000000070d800000|100%| O|  |TAMS 0x000000070d600000, 0x000000070d800000| Untracked 
| 108|0x000000070d800000, 0x000000070da00000, 0x000000070da00000|100%| O|  |TAMS 0x000000070da00000, 0x000000070da00000| Untracked 
| 109|0x000000070da00000, 0x000000070dc00000, 0x000000070dc00000|100%| O|  |TAMS 0x000000070dc00000, 0x000000070dc00000| Untracked 
| 110|0x000000070dc00000, 0x000000070de00000, 0x000000070de00000|100%| O|  |TAMS 0x000000070de00000, 0x000000070de00000| Untracked 
| 111|0x000000070de00000, 0x000000070e000000, 0x000000070e000000|100%| O|  |TAMS 0x000000070de00000, 0x000000070e000000| Untracked 
| 112|0x000000070e000000, 0x000000070e200000, 0x000000070e200000|100%| O|  |TAMS 0x000000070e200000, 0x000000070e200000| Untracked 
| 113|0x000000070e200000, 0x000000070e400000, 0x000000070e400000|100%| O|  |TAMS 0x000000070e200000, 0x000000070e400000| Untracked 
| 114|0x000000070e400000, 0x000000070e600000, 0x000000070e600000|100%| O|  |TAMS 0x000000070e600000, 0x000000070e600000| Untracked 
| 115|0x000000070e600000, 0x000000070e800000, 0x000000070e800000|100%| O|  |TAMS 0x000000070e800000, 0x000000070e800000| Untracked 
| 116|0x000000070e800000, 0x000000070ea00000, 0x000000070ea00000|100%| O|  |TAMS 0x000000070ea00000, 0x000000070ea00000| Untracked 
| 117|0x000000070ea00000, 0x000000070ec00000, 0x000000070ec00000|100%| O|  |TAMS 0x000000070ec00000, 0x000000070ec00000| Untracked 
| 118|0x000000070ec00000, 0x000000070ee00000, 0x000000070ee00000|100%| O|  |TAMS 0x000000070ee00000, 0x000000070ee00000| Untracked 
| 119|0x000000070ee00000, 0x000000070f000000, 0x000000070f000000|100%| O|  |TAMS 0x000000070f000000, 0x000000070f000000| Untracked 
| 120|0x000000070f000000, 0x000000070f200000, 0x000000070f200000|100%| O|  |TAMS 0x000000070f200000, 0x000000070f200000| Untracked 
| 121|0x000000070f200000, 0x000000070f400000, 0x000000070f400000|100%| O|  |TAMS 0x000000070f400000, 0x000000070f400000| Untracked 
| 122|0x000000070f400000, 0x000000070f600000, 0x000000070f600000|100%| O|  |TAMS 0x000000070f600000, 0x000000070f600000| Untracked 
| 123|0x000000070f600000, 0x000000070f800000, 0x000000070f800000|100%| O|  |TAMS 0x000000070f800000, 0x000000070f800000| Untracked 
| 124|0x000000070f800000, 0x000000070fa00000, 0x000000070fa00000|100%| O|  |TAMS 0x000000070fa00000, 0x000000070fa00000| Untracked 
| 125|0x000000070fa00000, 0x000000070fc00000, 0x000000070fc00000|100%| O|  |TAMS 0x000000070fc00000, 0x000000070fc00000| Untracked 
| 126|0x000000070fc00000, 0x000000070fe00000, 0x000000070fe00000|100%| O|  |TAMS 0x000000070fe00000, 0x000000070fe00000| Untracked 
| 127|0x000000070fe00000, 0x0000000710000000, 0x0000000710000000|100%| O|  |TAMS 0x0000000710000000, 0x0000000710000000| Untracked 
| 128|0x0000000710000000, 0x0000000710200000, 0x0000000710200000|100%| O|  |TAMS 0x0000000710200000, 0x0000000710200000| Untracked 
| 129|0x0000000710200000, 0x0000000710400000, 0x0000000710400000|100%|HS|  |TAMS 0x0000000710400000, 0x0000000710400000| Complete 
| 130|0x0000000710400000, 0x0000000710600000, 0x0000000710600000|100%| O|  |TAMS 0x0000000710400000, 0x0000000710600000| Untracked 
| 131|0x0000000710600000, 0x0000000710800000, 0x0000000710800000|100%| O|  |TAMS 0x0000000710800000, 0x0000000710800000| Untracked 
| 132|0x0000000710800000, 0x0000000710a00000, 0x0000000710a00000|100%| O|  |TAMS 0x0000000710a00000, 0x0000000710a00000| Untracked 
| 133|0x0000000710a00000, 0x0000000710c00000, 0x0000000710c00000|100%| O|  |TAMS 0x0000000710c00000, 0x0000000710c00000| Untracked 
| 134|0x0000000710c00000, 0x0000000710e00000, 0x0000000710e00000|100%| O|  |TAMS 0x0000000710e00000, 0x0000000710e00000| Untracked 
| 135|0x0000000710e00000, 0x0000000711000000, 0x0000000711000000|100%| O|  |TAMS 0x0000000711000000, 0x0000000711000000| Untracked 
| 136|0x0000000711000000, 0x0000000711200000, 0x0000000711200000|100%| O|  |TAMS 0x0000000711200000, 0x0000000711200000| Untracked 
| 137|0x0000000711200000, 0x0000000711400000, 0x0000000711400000|100%| O|  |TAMS 0x0000000711400000, 0x0000000711400000| Untracked 
| 138|0x0000000711400000, 0x0000000711600000, 0x0000000711600000|100%| O|  |TAMS 0x0000000711600000, 0x0000000711600000| Untracked 
| 139|0x0000000711600000, 0x0000000711800000, 0x0000000711800000|100%| O|  |TAMS 0x0000000711800000, 0x0000000711800000| Untracked 
| 140|0x0000000711800000, 0x0000000711a00000, 0x0000000711a00000|100%| O|  |TAMS 0x0000000711a00000, 0x0000000711a00000| Untracked 
| 141|0x0000000711a00000, 0x0000000711c00000, 0x0000000711c00000|100%| O|  |TAMS 0x0000000711c00000, 0x0000000711c00000| Untracked 
| 142|0x0000000711c00000, 0x0000000711e00000, 0x0000000711e00000|100%| O|  |TAMS 0x0000000711e00000, 0x0000000711e00000| Untracked 
| 143|0x0000000711e00000, 0x0000000712000000, 0x0000000712000000|100%| O|  |TAMS 0x0000000712000000, 0x0000000712000000| Untracked 
| 144|0x0000000712000000, 0x0000000712200000, 0x0000000712200000|100%| O|  |TAMS 0x0000000712200000, 0x0000000712200000| Untracked 
| 145|0x0000000712200000, 0x0000000712400000, 0x0000000712400000|100%| O|  |TAMS 0x0000000712400000, 0x0000000712400000| Untracked 
| 146|0x0000000712400000, 0x0000000712600000, 0x0000000712600000|100%| O|  |TAMS 0x0000000712600000, 0x0000000712600000| Untracked 
| 147|0x0000000712600000, 0x0000000712800000, 0x0000000712800000|100%| O|  |TAMS 0x0000000712800000, 0x0000000712800000| Untracked 
| 148|0x0000000712800000, 0x0000000712a00000, 0x0000000712a00000|100%| O|  |TAMS 0x0000000712a00000, 0x0000000712a00000| Untracked 
| 149|0x0000000712a00000, 0x0000000712c00000, 0x0000000712c00000|100%| O|  |TAMS 0x0000000712c00000, 0x0000000712c00000| Untracked 
| 150|0x0000000712c00000, 0x0000000712e00000, 0x0000000712e00000|100%| O|  |TAMS 0x0000000712e00000, 0x0000000712e00000| Untracked 
| 151|0x0000000712e00000, 0x0000000713000000, 0x0000000713000000|100%| O|  |TAMS 0x0000000713000000, 0x0000000713000000| Untracked 
| 152|0x0000000713000000, 0x0000000713200000, 0x0000000713200000|100%| O|  |TAMS 0x0000000713200000, 0x0000000713200000| Untracked 
| 153|0x0000000713200000, 0x0000000713400000, 0x0000000713400000|100%| O|  |TAMS 0x0000000713200000, 0x0000000713400000| Untracked 
| 154|0x0000000713400000, 0x0000000713600000, 0x0000000713600000|100%| O|  |TAMS 0x0000000713400000, 0x0000000713600000| Untracked 
| 155|0x0000000713600000, 0x0000000713800000, 0x0000000713800000|100%| O|  |TAMS 0x0000000713600000, 0x0000000713800000| Untracked 
| 156|0x0000000713800000, 0x0000000713a00000, 0x0000000713a00000|100%| O|  |TAMS 0x0000000713800000, 0x0000000713a00000| Untracked 
| 157|0x0000000713a00000, 0x0000000713c00000, 0x0000000713c00000|100%| O|  |TAMS 0x0000000713a00000, 0x0000000713c00000| Untracked 
| 158|0x0000000713c00000, 0x0000000713e00000, 0x0000000713e00000|100%| O|  |TAMS 0x0000000713e00000, 0x0000000713e00000| Untracked 
| 159|0x0000000713e00000, 0x0000000714000000, 0x0000000714000000|100%| O|  |TAMS 0x0000000714000000, 0x0000000714000000| Untracked 
| 160|0x0000000714000000, 0x0000000714200000, 0x0000000714200000|100%| O|  |TAMS 0x0000000714200000, 0x0000000714200000| Untracked 
| 161|0x0000000714200000, 0x0000000714400000, 0x0000000714400000|100%| O|  |TAMS 0x0000000714400000, 0x0000000714400000| Untracked 
| 162|0x0000000714400000, 0x0000000714600000, 0x0000000714600000|100%| O|  |TAMS 0x0000000714600000, 0x0000000714600000| Untracked 
| 163|0x0000000714600000, 0x0000000714800000, 0x0000000714800000|100%| O|  |TAMS 0x0000000714800000, 0x0000000714800000| Untracked 
| 164|0x0000000714800000, 0x0000000714a00000, 0x0000000714a00000|100%| O|  |TAMS 0x0000000714a00000, 0x0000000714a00000| Untracked 
| 165|0x0000000714a00000, 0x0000000714c00000, 0x0000000714c00000|100%| O|  |TAMS 0x0000000714c00000, 0x0000000714c00000| Untracked 
| 166|0x0000000714c00000, 0x0000000714e00000, 0x0000000714e00000|100%| O|  |TAMS 0x0000000714e00000, 0x0000000714e00000| Untracked 
| 167|0x0000000714e00000, 0x0000000715000000, 0x0000000715000000|100%| O|  |TAMS 0x0000000714e00000, 0x0000000715000000| Untracked 
| 168|0x0000000715000000, 0x0000000715200000, 0x0000000715200000|100%| O|  |TAMS 0x0000000715000000, 0x0000000715200000| Untracked 
| 169|0x0000000715200000, 0x0000000715400000, 0x0000000715400000|100%| O|  |TAMS 0x0000000715200000, 0x0000000715400000| Untracked 
| 170|0x0000000715400000, 0x0000000715600000, 0x0000000715600000|100%| O|  |TAMS 0x0000000715600000, 0x0000000715600000| Untracked 
| 171|0x0000000715600000, 0x0000000715800000, 0x0000000715800000|100%| O|  |TAMS 0x0000000715800000, 0x0000000715800000| Untracked 
| 172|0x0000000715800000, 0x0000000715a00000, 0x0000000715a00000|100%| O|  |TAMS 0x0000000715800000, 0x0000000715a00000| Untracked 
| 173|0x0000000715a00000, 0x0000000715c00000, 0x0000000715c00000|100%| O|  |TAMS 0x0000000715c00000, 0x0000000715c00000| Untracked 
| 174|0x0000000715c00000, 0x0000000715e00000, 0x0000000715e00000|100%| O|  |TAMS 0x0000000715e00000, 0x0000000715e00000| Untracked 
| 175|0x0000000715e00000, 0x0000000716000000, 0x0000000716000000|100%| O|  |TAMS 0x0000000716000000, 0x0000000716000000| Untracked 
| 176|0x0000000716000000, 0x0000000716200000, 0x0000000716200000|100%| O|  |TAMS 0x0000000716200000, 0x0000000716200000| Untracked 
| 177|0x0000000716200000, 0x0000000716400000, 0x0000000716400000|100%| O|  |TAMS 0x0000000716400000, 0x0000000716400000| Untracked 
| 178|0x0000000716400000, 0x0000000716600000, 0x0000000716600000|100%| O|  |TAMS 0x0000000716600000, 0x0000000716600000| Untracked 
| 179|0x0000000716600000, 0x0000000716800000, 0x0000000716800000|100%| O|  |TAMS 0x0000000716800000, 0x0000000716800000| Untracked 
| 180|0x0000000716800000, 0x0000000716a00000, 0x0000000716a00000|100%| O|  |TAMS 0x0000000716a00000, 0x0000000716a00000| Untracked 
| 181|0x0000000716a00000, 0x0000000716c00000, 0x0000000716c00000|100%| O|  |TAMS 0x0000000716c00000, 0x0000000716c00000| Untracked 
| 182|0x0000000716c00000, 0x0000000716e00000, 0x0000000716e00000|100%| O|  |TAMS 0x0000000716c00000, 0x0000000716e00000| Untracked 
| 183|0x0000000716e00000, 0x0000000717000000, 0x0000000717000000|100%| O|  |TAMS 0x0000000716e00000, 0x0000000717000000| Untracked 
| 184|0x0000000717000000, 0x0000000717200000, 0x0000000717200000|100%| O|  |TAMS 0x0000000717000000, 0x0000000717200000| Untracked 
| 185|0x0000000717200000, 0x0000000717400000, 0x0000000717400000|100%| O|  |TAMS 0x0000000717200000, 0x0000000717400000| Untracked 
| 186|0x0000000717400000, 0x0000000717600000, 0x0000000717600000|100%|HS|  |TAMS 0x0000000717400000, 0x0000000717600000| Complete 
| 187|0x0000000717600000, 0x0000000717800000, 0x0000000717800000|100%| O|  |TAMS 0x0000000717600000, 0x0000000717800000| Untracked 
| 188|0x0000000717800000, 0x0000000717a00000, 0x0000000717a00000|100%| O|  |TAMS 0x0000000717800000, 0x0000000717a00000| Untracked 
| 189|0x0000000717a00000, 0x0000000717c00000, 0x0000000717c00000|100%| O|  |TAMS 0x0000000717a00000, 0x0000000717c00000| Untracked 
| 190|0x0000000717c00000, 0x0000000717e00000, 0x0000000717e00000|100%| O|  |TAMS 0x0000000717e00000, 0x0000000717e00000| Untracked 
| 191|0x0000000717e00000, 0x0000000718000000, 0x0000000718000000|100%| O|  |TAMS 0x0000000718000000, 0x0000000718000000| Untracked 
| 192|0x0000000718000000, 0x0000000718200000, 0x0000000718200000|100%| O|  |TAMS 0x0000000718200000, 0x0000000718200000| Untracked 
| 193|0x0000000718200000, 0x0000000718400000, 0x0000000718400000|100%| O|  |TAMS 0x0000000718400000, 0x0000000718400000| Untracked 
| 194|0x0000000718400000, 0x0000000718600000, 0x0000000718600000|100%| O|  |TAMS 0x0000000718600000, 0x0000000718600000| Untracked 
| 195|0x0000000718600000, 0x0000000718800000, 0x0000000718800000|100%| O|  |TAMS 0x0000000718800000, 0x0000000718800000| Untracked 
| 196|0x0000000718800000, 0x0000000718a00000, 0x0000000718a00000|100%| O|  |TAMS 0x0000000718a00000, 0x0000000718a00000| Untracked 
| 197|0x0000000718a00000, 0x0000000718c00000, 0x0000000718c00000|100%| O|  |TAMS 0x0000000718c00000, 0x0000000718c00000| Untracked 
| 198|0x0000000718c00000, 0x0000000718e00000, 0x0000000718e00000|100%| O|  |TAMS 0x0000000718c00000, 0x0000000718e00000| Untracked 
| 199|0x0000000718e00000, 0x0000000719000000, 0x0000000719000000|100%| O|  |TAMS 0x0000000718e00000, 0x0000000719000000| Untracked 
| 200|0x0000000719000000, 0x0000000719200000, 0x0000000719200000|100%| O|  |TAMS 0x0000000719000000, 0x0000000719200000| Untracked 
| 201|0x0000000719200000, 0x0000000719400000, 0x0000000719400000|100%| O|  |TAMS 0x0000000719200000, 0x0000000719400000| Untracked 
| 202|0x0000000719400000, 0x0000000719600000, 0x0000000719600000|100%| O|  |TAMS 0x0000000719400000, 0x0000000719600000| Untracked 
| 203|0x0000000719600000, 0x0000000719800000, 0x0000000719800000|100%| O|  |TAMS 0x0000000719800000, 0x0000000719800000| Untracked 
| 204|0x0000000719800000, 0x0000000719a00000, 0x0000000719a00000|100%| O|  |TAMS 0x0000000719a00000, 0x0000000719a00000| Untracked 
| 205|0x0000000719a00000, 0x0000000719c00000, 0x0000000719c00000|100%| O|  |TAMS 0x0000000719c00000, 0x0000000719c00000| Untracked 
| 206|0x0000000719c00000, 0x0000000719e00000, 0x0000000719e00000|100%| O|  |TAMS 0x0000000719c00000, 0x0000000719e00000| Untracked 
| 207|0x0000000719e00000, 0x000000071a000000, 0x000000071a000000|100%| O|  |TAMS 0x0000000719e00000, 0x000000071a000000| Untracked 
| 208|0x000000071a000000, 0x000000071a200000, 0x000000071a200000|100%| O|  |TAMS 0x000000071a200000, 0x000000071a200000| Untracked 
| 209|0x000000071a200000, 0x000000071a400000, 0x000000071a400000|100%| O|  |TAMS 0x000000071a400000, 0x000000071a400000| Untracked 
| 210|0x000000071a400000, 0x000000071a600000, 0x000000071a600000|100%| O|  |TAMS 0x000000071a600000, 0x000000071a600000| Untracked 
| 211|0x000000071a600000, 0x000000071a800000, 0x000000071a800000|100%| O|  |TAMS 0x000000071a800000, 0x000000071a800000| Untracked 
| 212|0x000000071a800000, 0x000000071aa00000, 0x000000071aa00000|100%| O|  |TAMS 0x000000071aa00000, 0x000000071aa00000| Untracked 
| 213|0x000000071aa00000, 0x000000071ac00000, 0x000000071ac00000|100%| O|  |TAMS 0x000000071ac00000, 0x000000071ac00000| Untracked 
| 214|0x000000071ac00000, 0x000000071ae00000, 0x000000071ae00000|100%| O|  |TAMS 0x000000071ae00000, 0x000000071ae00000| Untracked 
| 215|0x000000071ae00000, 0x000000071b000000, 0x000000071b000000|100%| O|  |TAMS 0x000000071b000000, 0x000000071b000000| Untracked 
| 216|0x000000071b000000, 0x000000071b200000, 0x000000071b200000|100%| O|  |TAMS 0x000000071b200000, 0x000000071b200000| Untracked 
| 217|0x000000071b200000, 0x000000071b400000, 0x000000071b400000|100%| O|  |TAMS 0x000000071b400000, 0x000000071b400000| Untracked 
| 218|0x000000071b400000, 0x000000071b600000, 0x000000071b600000|100%| O|  |TAMS 0x000000071b600000, 0x000000071b600000| Untracked 
| 219|0x000000071b600000, 0x000000071b800000, 0x000000071b800000|100%| O|  |TAMS 0x000000071b800000, 0x000000071b800000| Untracked 
| 220|0x000000071b800000, 0x000000071ba00000, 0x000000071ba00000|100%| O|  |TAMS 0x000000071ba00000, 0x000000071ba00000| Untracked 
| 221|0x000000071ba00000, 0x000000071bc00000, 0x000000071bc00000|100%| O|  |TAMS 0x000000071bc00000, 0x000000071bc00000| Untracked 
| 222|0x000000071bc00000, 0x000000071be00000, 0x000000071be00000|100%| O|  |TAMS 0x000000071bc8aa00, 0x000000071be00000| Untracked 
| 223|0x000000071be00000, 0x000000071c000000, 0x000000071c000000|100%| O|  |TAMS 0x000000071be00000, 0x000000071c000000| Untracked 
| 224|0x000000071c000000, 0x000000071c200000, 0x000000071c200000|100%| O|  |TAMS 0x000000071c000000, 0x000000071c200000| Untracked 
| 225|0x000000071c200000, 0x000000071c400000, 0x000000071c400000|100%| O|  |TAMS 0x000000071c200000, 0x000000071c400000| Untracked 
| 226|0x000000071c400000, 0x000000071c600000, 0x000000071c600000|100%| O|  |TAMS 0x000000071c400000, 0x000000071c600000| Untracked 
| 227|0x000000071c600000, 0x000000071c800000, 0x000000071c800000|100%| O|  |TAMS 0x000000071c600000, 0x000000071c800000| Untracked 
| 228|0x000000071c800000, 0x000000071ca00000, 0x000000071ca00000|100%| O|  |TAMS 0x000000071c800000, 0x000000071ca00000| Untracked 
| 229|0x000000071ca00000, 0x000000071cc00000, 0x000000071cc00000|100%| O|  |TAMS 0x000000071ca00000, 0x000000071cc00000| Untracked 
| 230|0x000000071cc00000, 0x000000071ce00000, 0x000000071ce00000|100%| O|  |TAMS 0x000000071cc00000, 0x000000071ce00000| Untracked 
| 231|0x000000071ce00000, 0x000000071d000000, 0x000000071d000000|100%| O|  |TAMS 0x000000071ce00000, 0x000000071d000000| Untracked 
| 232|0x000000071d000000, 0x000000071d200000, 0x000000071d200000|100%| O|  |TAMS 0x000000071d000000, 0x000000071d200000| Untracked 
| 233|0x000000071d200000, 0x000000071d400000, 0x000000071d400000|100%| O|  |TAMS 0x000000071d200000, 0x000000071d400000| Untracked 
| 234|0x000000071d400000, 0x000000071d600000, 0x000000071d600000|100%| O|  |TAMS 0x000000071d400000, 0x000000071d600000| Untracked 
| 235|0x000000071d600000, 0x000000071d800000, 0x000000071d800000|100%| O|  |TAMS 0x000000071d600000, 0x000000071d800000| Untracked 
| 236|0x000000071d800000, 0x000000071da00000, 0x000000071da00000|100%| O|  |TAMS 0x000000071d800000, 0x000000071da00000| Untracked 
| 237|0x000000071da00000, 0x000000071dc00000, 0x000000071dc00000|100%| O|  |TAMS 0x000000071da00000, 0x000000071dc00000| Untracked 
| 238|0x000000071dc00000, 0x000000071de00000, 0x000000071de00000|100%| O|  |TAMS 0x000000071dc00000, 0x000000071de00000| Untracked 
| 239|0x000000071de00000, 0x000000071e000000, 0x000000071e000000|100%| O|  |TAMS 0x000000071de00000, 0x000000071e000000| Untracked 
| 240|0x000000071e000000, 0x000000071e200000, 0x000000071e200000|100%| O|  |TAMS 0x000000071e000000, 0x000000071e200000| Untracked 
| 241|0x000000071e200000, 0x000000071e400000, 0x000000071e400000|100%| O|  |TAMS 0x000000071e200000, 0x000000071e400000| Untracked 
| 242|0x000000071e400000, 0x000000071e600000, 0x000000071e600000|100%| O|  |TAMS 0x000000071e400000, 0x000000071e600000| Untracked 
| 243|0x000000071e600000, 0x000000071e800000, 0x000000071e800000|100%| O|  |TAMS 0x000000071e600000, 0x000000071e800000| Untracked 
| 244|0x000000071e800000, 0x000000071ea00000, 0x000000071ea00000|100%| O|  |TAMS 0x000000071e800000, 0x000000071ea00000| Untracked 
| 245|0x000000071ea00000, 0x000000071ec00000, 0x000000071ec00000|100%| O|  |TAMS 0x000000071ea00000, 0x000000071ec00000| Untracked 
| 246|0x000000071ec00000, 0x000000071ee00000, 0x000000071ee00000|100%| O|  |TAMS 0x000000071ec00000, 0x000000071ee00000| Untracked 
| 247|0x000000071ee00000, 0x000000071f000000, 0x000000071f000000|100%| O|  |TAMS 0x000000071ee00000, 0x000000071f000000| Untracked 
| 248|0x000000071f000000, 0x000000071f200000, 0x000000071f200000|100%| O|  |TAMS 0x000000071f000000, 0x000000071f200000| Untracked 
| 249|0x000000071f200000, 0x000000071f400000, 0x000000071f400000|100%| O|  |TAMS 0x000000071f200000, 0x000000071f400000| Untracked 
| 250|0x000000071f400000, 0x000000071f600000, 0x000000071f600000|100%| O|  |TAMS 0x000000071f400000, 0x000000071f600000| Untracked 
| 251|0x000000071f600000, 0x000000071f800000, 0x000000071f800000|100%| O|  |TAMS 0x000000071f600000, 0x000000071f800000| Untracked 
| 252|0x000000071f800000, 0x000000071fa00000, 0x000000071fa00000|100%| O|  |TAMS 0x000000071f800000, 0x000000071fa00000| Untracked 
| 253|0x000000071fa00000, 0x000000071fc00000, 0x000000071fc00000|100%| O|  |TAMS 0x000000071fa00000, 0x000000071fc00000| Untracked 
| 254|0x000000071fc00000, 0x000000071fe00000, 0x000000071fe00000|100%| O|  |TAMS 0x000000071fc00000, 0x000000071fe00000| Untracked 
| 255|0x000000071fe00000, 0x0000000720000000, 0x0000000720000000|100%| O|  |TAMS 0x000000071fe00000, 0x0000000720000000| Untracked 
| 256|0x0000000720000000, 0x0000000720200000, 0x0000000720200000|100%| O|  |TAMS 0x0000000720000000, 0x0000000720200000| Untracked 
| 257|0x0000000720200000, 0x0000000720400000, 0x0000000720400000|100%| O|  |TAMS 0x0000000720200000, 0x0000000720400000| Untracked 
| 258|0x0000000720400000, 0x0000000720600000, 0x0000000720600000|100%| O|  |TAMS 0x0000000720400000, 0x0000000720600000| Untracked 
| 259|0x0000000720600000, 0x0000000720800000, 0x0000000720800000|100%| O|  |TAMS 0x0000000720600000, 0x0000000720800000| Untracked 
| 260|0x0000000720800000, 0x0000000720a00000, 0x0000000720a00000|100%| O|  |TAMS 0x0000000720800000, 0x0000000720a00000| Untracked 
| 261|0x0000000720a00000, 0x0000000720c00000, 0x0000000720c00000|100%| O|  |TAMS 0x0000000720a00000, 0x0000000720c00000| Untracked 
| 262|0x0000000720c00000, 0x0000000720e00000, 0x0000000720e00000|100%| O|  |TAMS 0x0000000720c00000, 0x0000000720e00000| Untracked 
| 263|0x0000000720e00000, 0x0000000721000000, 0x0000000721000000|100%| O|  |TAMS 0x0000000720e00000, 0x0000000721000000| Untracked 
| 264|0x0000000721000000, 0x0000000721200000, 0x0000000721200000|100%| O|  |TAMS 0x0000000721000000, 0x0000000721200000| Untracked 
| 265|0x0000000721200000, 0x0000000721400000, 0x0000000721400000|100%| O|  |TAMS 0x0000000721200000, 0x0000000721400000| Untracked 
| 266|0x0000000721400000, 0x0000000721600000, 0x0000000721600000|100%| O|  |TAMS 0x0000000721400000, 0x0000000721600000| Untracked 
| 267|0x0000000721600000, 0x0000000721800000, 0x0000000721800000|100%| O|  |TAMS 0x0000000721600000, 0x0000000721800000| Untracked 
| 268|0x0000000721800000, 0x0000000721a00000, 0x0000000721a00000|100%| O|  |TAMS 0x0000000721800000, 0x0000000721a00000| Untracked 
| 269|0x0000000721a00000, 0x0000000721c00000, 0x0000000721c00000|100%| O|  |TAMS 0x0000000721a00000, 0x0000000721c00000| Untracked 
| 270|0x0000000721c00000, 0x0000000721e00000, 0x0000000721e00000|100%| O|  |TAMS 0x0000000721c00000, 0x0000000721e00000| Untracked 
| 271|0x0000000721e00000, 0x0000000722000000, 0x0000000722000000|100%| O|  |TAMS 0x0000000721e00000, 0x0000000722000000| Untracked 
| 272|0x0000000722000000, 0x0000000722200000, 0x0000000722200000|100%| O|  |TAMS 0x0000000722000000, 0x0000000722200000| Untracked 
| 273|0x0000000722200000, 0x0000000722400000, 0x0000000722400000|100%| O|  |TAMS 0x0000000722200000, 0x0000000722400000| Untracked 
| 274|0x0000000722400000, 0x0000000722600000, 0x0000000722600000|100%| O|  |TAMS 0x0000000722400000, 0x0000000722600000| Untracked 
| 275|0x0000000722600000, 0x0000000722800000, 0x0000000722800000|100%| O|  |TAMS 0x0000000722600000, 0x0000000722800000| Untracked 
| 276|0x0000000722800000, 0x0000000722a00000, 0x0000000722a00000|100%| O|  |TAMS 0x0000000722800000, 0x0000000722a00000| Untracked 
| 277|0x0000000722a00000, 0x0000000722c00000, 0x0000000722c00000|100%| O|  |TAMS 0x0000000722a00000, 0x0000000722c00000| Untracked 
| 278|0x0000000722c00000, 0x0000000722e00000, 0x0000000722e00000|100%| O|  |TAMS 0x0000000722c00000, 0x0000000722e00000| Untracked 
| 279|0x0000000722e00000, 0x0000000723000000, 0x0000000723000000|100%| O|  |TAMS 0x0000000722e00000, 0x0000000723000000| Untracked 
| 280|0x0000000723000000, 0x0000000723200000, 0x0000000723200000|100%| O|  |TAMS 0x0000000723000000, 0x000000072317e800| Untracked 
| 281|0x0000000723200000, 0x0000000723400000, 0x0000000723400000|100%| O|  |TAMS 0x0000000723200000, 0x0000000723200000| Untracked 
| 282|0x0000000723400000, 0x0000000723600000, 0x0000000723600000|100%| O|  |TAMS 0x0000000723400000, 0x0000000723400000| Untracked 
| 283|0x0000000723600000, 0x0000000723800000, 0x0000000723800000|100%| O|  |TAMS 0x0000000723600000, 0x0000000723600000| Untracked 
| 284|0x0000000723800000, 0x0000000723a00000, 0x0000000723a00000|100%| O|  |TAMS 0x0000000723800000, 0x0000000723800000| Untracked 
| 285|0x0000000723a00000, 0x0000000723c00000, 0x0000000723c00000|100%| O|  |TAMS 0x0000000723a00000, 0x0000000723a00000| Untracked 
| 286|0x0000000723c00000, 0x0000000723e00000, 0x0000000723e00000|100%| O|  |TAMS 0x0000000723c00000, 0x0000000723c00000| Untracked 
| 287|0x0000000723e00000, 0x0000000724000000, 0x0000000724000000|100%| O|  |TAMS 0x0000000723e00000, 0x0000000723e00000| Untracked 
| 288|0x0000000724000000, 0x0000000724200000, 0x0000000724200000|100%| O|  |TAMS 0x0000000724000000, 0x0000000724000000| Untracked 
| 289|0x0000000724200000, 0x0000000724400000, 0x0000000724400000|100%| O|  |TAMS 0x0000000724200000, 0x0000000724200000| Untracked 
| 290|0x0000000724400000, 0x0000000724600000, 0x0000000724600000|100%| O|  |TAMS 0x0000000724400000, 0x0000000724400000| Untracked 
| 291|0x0000000724600000, 0x0000000724800000, 0x0000000724800000|100%| O|  |TAMS 0x0000000724600000, 0x0000000724600000| Untracked 
| 292|0x0000000724800000, 0x0000000724a00000, 0x0000000724a00000|100%| O|  |TAMS 0x0000000724800000, 0x0000000724800000| Untracked 
| 293|0x0000000724a00000, 0x0000000724c00000, 0x0000000724c00000|100%| O|  |TAMS 0x0000000724a00000, 0x0000000724a00000| Untracked 
| 294|0x0000000724c00000, 0x0000000724e00000, 0x0000000724e00000|100%| O|  |TAMS 0x0000000724c00000, 0x0000000724c00000| Untracked 
| 295|0x0000000724e00000, 0x0000000725000000, 0x0000000725000000|100%| O|  |TAMS 0x0000000724e00000, 0x0000000724e00000| Untracked 
| 296|0x0000000725000000, 0x0000000725200000, 0x0000000725200000|100%| O|  |TAMS 0x0000000725000000, 0x0000000725000000| Untracked 
| 297|0x0000000725200000, 0x0000000725400000, 0x0000000725400000|100%| O|  |TAMS 0x0000000725200000, 0x0000000725200000| Untracked 
| 298|0x0000000725400000, 0x0000000725600000, 0x0000000725600000|100%| O|  |TAMS 0x0000000725400000, 0x0000000725400000| Untracked 
| 299|0x0000000725600000, 0x0000000725800000, 0x0000000725800000|100%| O|  |TAMS 0x0000000725600000, 0x0000000725600000| Untracked 
| 300|0x0000000725800000, 0x0000000725a00000, 0x0000000725a00000|100%| O|  |TAMS 0x0000000725800000, 0x0000000725800000| Untracked 
| 301|0x0000000725a00000, 0x0000000725c00000, 0x0000000725c00000|100%| O|  |TAMS 0x0000000725a00000, 0x0000000725a00000| Untracked 
| 302|0x0000000725c00000, 0x0000000725e00000, 0x0000000725e00000|100%| O|  |TAMS 0x0000000725c00000, 0x0000000725c00000| Untracked 
| 303|0x0000000725e00000, 0x0000000726000000, 0x0000000726000000|100%| O|  |TAMS 0x0000000725e00000, 0x0000000725e00000| Untracked 
| 304|0x0000000726000000, 0x0000000726200000, 0x0000000726200000|100%| O|  |TAMS 0x0000000726000000, 0x0000000726000000| Untracked 
| 305|0x0000000726200000, 0x0000000726400000, 0x0000000726400000|100%| O|  |TAMS 0x0000000726200000, 0x0000000726200000| Untracked 
| 306|0x0000000726400000, 0x0000000726600000, 0x0000000726600000|100%| O|  |TAMS 0x0000000726400000, 0x0000000726400000| Untracked 
| 307|0x0000000726600000, 0x0000000726800000, 0x0000000726800000|100%| O|  |TAMS 0x0000000726600000, 0x0000000726600000| Untracked 
| 308|0x0000000726800000, 0x0000000726a00000, 0x0000000726a00000|100%| O|  |TAMS 0x0000000726800000, 0x0000000726800000| Untracked 
| 309|0x0000000726a00000, 0x0000000726c00000, 0x0000000726c00000|100%| O|  |TAMS 0x0000000726a00000, 0x0000000726a00000| Untracked 
| 310|0x0000000726c00000, 0x0000000726e00000, 0x0000000726e00000|100%| O|  |TAMS 0x0000000726c00000, 0x0000000726c00000| Untracked 
| 311|0x0000000726e00000, 0x0000000727000000, 0x0000000727000000|100%| O|  |TAMS 0x0000000726e00000, 0x0000000726e00000| Untracked 
| 312|0x0000000727000000, 0x0000000727200000, 0x0000000727200000|100%| O|  |TAMS 0x0000000727000000, 0x0000000727000000| Untracked 
| 313|0x0000000727200000, 0x0000000727400000, 0x0000000727400000|100%| O|  |TAMS 0x0000000727200000, 0x0000000727200000| Untracked 
| 314|0x0000000727400000, 0x0000000727600000, 0x0000000727600000|100%| O|  |TAMS 0x0000000727400000, 0x0000000727400000| Untracked 
| 315|0x0000000727600000, 0x0000000727800000, 0x0000000727800000|100%| O|  |TAMS 0x0000000727600000, 0x0000000727600000| Untracked 
| 316|0x0000000727800000, 0x0000000727a00000, 0x0000000727a00000|100%| O|  |TAMS 0x0000000727800000, 0x0000000727800000| Untracked 
| 317|0x0000000727a00000, 0x0000000727c00000, 0x0000000727c00000|100%| O|  |TAMS 0x0000000727a00000, 0x0000000727a00000| Untracked 
| 318|0x0000000727c00000, 0x0000000727e00000, 0x0000000727e00000|100%| O|  |TAMS 0x0000000727c00000, 0x0000000727c00000| Untracked 
| 319|0x0000000727e00000, 0x0000000728000000, 0x0000000728000000|100%| O|  |TAMS 0x0000000727e00000, 0x0000000727e00000| Untracked 
| 320|0x0000000728000000, 0x0000000728200000, 0x0000000728200000|100%| O|  |TAMS 0x0000000728000000, 0x0000000728000000| Untracked 
| 321|0x0000000728200000, 0x0000000728400000, 0x0000000728400000|100%| O|  |TAMS 0x0000000728200000, 0x0000000728200000| Untracked 
| 322|0x0000000728400000, 0x0000000728600000, 0x0000000728600000|100%| O|  |TAMS 0x0000000728400000, 0x0000000728400000| Untracked 
| 323|0x0000000728600000, 0x0000000728800000, 0x0000000728800000|100%| O|  |TAMS 0x0000000728600000, 0x0000000728600000| Untracked 
| 324|0x0000000728800000, 0x0000000728a00000, 0x0000000728a00000|100%| O|  |TAMS 0x0000000728800000, 0x0000000728800000| Untracked 
| 325|0x0000000728a00000, 0x0000000728c00000, 0x0000000728c00000|100%| O|  |TAMS 0x0000000728a00000, 0x0000000728a00000| Untracked 
| 326|0x0000000728c00000, 0x0000000728e00000, 0x0000000728e00000|100%| O|  |TAMS 0x0000000728c00000, 0x0000000728c00000| Untracked 
| 327|0x0000000728e00000, 0x0000000729000000, 0x0000000729000000|100%| O|  |TAMS 0x0000000728e00000, 0x0000000728e00000| Untracked 
| 328|0x0000000729000000, 0x0000000729200000, 0x0000000729200000|100%| O|  |TAMS 0x0000000729000000, 0x0000000729000000| Untracked 
| 329|0x0000000729200000, 0x0000000729400000, 0x0000000729400000|100%| O|  |TAMS 0x0000000729200000, 0x0000000729200000| Untracked 
| 330|0x0000000729400000, 0x0000000729600000, 0x0000000729600000|100%| O|  |TAMS 0x0000000729400000, 0x0000000729400000| Untracked 
| 331|0x0000000729600000, 0x0000000729800000, 0x0000000729800000|100%| O|  |TAMS 0x0000000729600000, 0x0000000729600000| Untracked 
| 332|0x0000000729800000, 0x0000000729a00000, 0x0000000729a00000|100%| O|  |TAMS 0x0000000729800000, 0x0000000729800000| Untracked 
| 333|0x0000000729a00000, 0x0000000729c00000, 0x0000000729c00000|100%| O|  |TAMS 0x0000000729a00000, 0x0000000729a00000| Untracked 
| 334|0x0000000729c00000, 0x0000000729e00000, 0x0000000729e00000|100%| O|  |TAMS 0x0000000729c00000, 0x0000000729c00000| Untracked 
| 335|0x0000000729e00000, 0x000000072a000000, 0x000000072a000000|100%| O|  |TAMS 0x0000000729e00000, 0x0000000729e00000| Untracked 
| 336|0x000000072a000000, 0x000000072a200000, 0x000000072a200000|100%| O|  |TAMS 0x000000072a000000, 0x000000072a000000| Untracked 
| 337|0x000000072a200000, 0x000000072a400000, 0x000000072a400000|100%| O|  |TAMS 0x000000072a200000, 0x000000072a200000| Untracked 
| 338|0x000000072a400000, 0x000000072a600000, 0x000000072a600000|100%| O|  |TAMS 0x000000072a400000, 0x000000072a400000| Untracked 
| 339|0x000000072a600000, 0x000000072a800000, 0x000000072a800000|100%| O|  |TAMS 0x000000072a600000, 0x000000072a600000| Untracked 
| 340|0x000000072a800000, 0x000000072aa00000, 0x000000072aa00000|100%| O|  |TAMS 0x000000072a800000, 0x000000072a800000| Untracked 
| 341|0x000000072aa00000, 0x000000072ac00000, 0x000000072ac00000|100%| O|  |TAMS 0x000000072aa00000, 0x000000072aa00000| Untracked 
| 342|0x000000072ac00000, 0x000000072ae00000, 0x000000072ae00000|100%| O|  |TAMS 0x000000072ac00000, 0x000000072ac00000| Untracked 
| 343|0x000000072ae00000, 0x000000072b000000, 0x000000072b000000|100%| O|  |TAMS 0x000000072ae00000, 0x000000072ae00000| Untracked 
| 344|0x000000072b000000, 0x000000072b200000, 0x000000072b200000|100%| O|  |TAMS 0x000000072b000000, 0x000000072b000000| Untracked 
| 345|0x000000072b200000, 0x000000072b400000, 0x000000072b400000|100%| O|  |TAMS 0x000000072b200000, 0x000000072b200000| Untracked 
| 346|0x000000072b400000, 0x000000072b600000, 0x000000072b600000|100%| O|  |TAMS 0x000000072b400000, 0x000000072b400000| Untracked 
| 347|0x000000072b600000, 0x000000072b800000, 0x000000072b800000|100%| O|  |TAMS 0x000000072b600000, 0x000000072b600000| Untracked 
| 348|0x000000072b800000, 0x000000072ba00000, 0x000000072ba00000|100%| O|  |TAMS 0x000000072b800000, 0x000000072b800000| Untracked 
| 349|0x000000072ba00000, 0x000000072bc00000, 0x000000072bc00000|100%| O|  |TAMS 0x000000072ba00000, 0x000000072ba00000| Untracked 
| 350|0x000000072bc00000, 0x000000072be00000, 0x000000072be00000|100%| O|  |TAMS 0x000000072bc00000, 0x000000072bc00000| Untracked 
| 351|0x000000072be00000, 0x000000072c000000, 0x000000072c000000|100%| O|  |TAMS 0x000000072be00000, 0x000000072be00000| Untracked 
| 352|0x000000072c000000, 0x000000072c200000, 0x000000072c200000|100%| O|  |TAMS 0x000000072c000000, 0x000000072c000000| Untracked 
| 353|0x000000072c200000, 0x000000072c400000, 0x000000072c400000|100%| O|  |TAMS 0x000000072c200000, 0x000000072c200000| Untracked 
| 354|0x000000072c400000, 0x000000072c600000, 0x000000072c600000|100%| O|  |TAMS 0x000000072c400000, 0x000000072c400000| Untracked 
| 355|0x000000072c600000, 0x000000072c800000, 0x000000072c800000|100%| O|  |TAMS 0x000000072c600000, 0x000000072c600000| Untracked 
| 356|0x000000072c800000, 0x000000072ca00000, 0x000000072ca00000|100%| O|  |TAMS 0x000000072c800000, 0x000000072c800000| Untracked 
| 357|0x000000072ca00000, 0x000000072cc00000, 0x000000072cc00000|100%| O|  |TAMS 0x000000072ca00000, 0x000000072ca00000| Untracked 
| 358|0x000000072cc00000, 0x000000072ce00000, 0x000000072ce00000|100%| O|  |TAMS 0x000000072cc00000, 0x000000072cc00000| Untracked 
| 359|0x000000072ce00000, 0x000000072d000000, 0x000000072d000000|100%| O|  |TAMS 0x000000072ce00000, 0x000000072ce00000| Untracked 
| 360|0x000000072d000000, 0x000000072d200000, 0x000000072d200000|100%| O|  |TAMS 0x000000072d000000, 0x000000072d000000| Untracked 
| 361|0x000000072d200000, 0x000000072d400000, 0x000000072d400000|100%| O|  |TAMS 0x000000072d200000, 0x000000072d200000| Untracked 
| 362|0x000000072d400000, 0x000000072d600000, 0x000000072d600000|100%| O|  |TAMS 0x000000072d400000, 0x000000072d400000| Untracked 
| 363|0x000000072d600000, 0x000000072d800000, 0x000000072d800000|100%| O|  |TAMS 0x000000072d600000, 0x000000072d600000| Untracked 
| 364|0x000000072d800000, 0x000000072da00000, 0x000000072da00000|100%| O|  |TAMS 0x000000072d800000, 0x000000072d800000| Untracked 
| 365|0x000000072da00000, 0x000000072dc00000, 0x000000072dc00000|100%| O|  |TAMS 0x000000072da00000, 0x000000072da00000| Untracked 
| 366|0x000000072dc00000, 0x000000072de00000, 0x000000072de00000|100%| O|  |TAMS 0x000000072dc00000, 0x000000072dc00000| Untracked 
| 367|0x000000072de00000, 0x000000072e000000, 0x000000072e000000|100%| O|  |TAMS 0x000000072de00000, 0x000000072de00000| Untracked 
| 368|0x000000072e000000, 0x000000072e200000, 0x000000072e200000|100%| O|  |TAMS 0x000000072e000000, 0x000000072e000000| Untracked 
| 369|0x000000072e200000, 0x000000072e400000, 0x000000072e400000|100%| O|  |TAMS 0x000000072e200000, 0x000000072e200000| Untracked 
| 370|0x000000072e400000, 0x000000072e600000, 0x000000072e600000|100%| O|  |TAMS 0x000000072e400000, 0x000000072e400000| Untracked 
| 371|0x000000072e600000, 0x000000072e800000, 0x000000072e800000|100%| O|  |TAMS 0x000000072e600000, 0x000000072e600000| Untracked 
| 372|0x000000072e800000, 0x000000072ea00000, 0x000000072ea00000|100%| O|  |TAMS 0x000000072e800000, 0x000000072e800000| Untracked 
| 373|0x000000072ea00000, 0x000000072ec00000, 0x000000072ec00000|100%| O|  |TAMS 0x000000072ea00000, 0x000000072ea00000| Untracked 
| 374|0x000000072ec00000, 0x000000072ee00000, 0x000000072ee00000|100%| O|  |TAMS 0x000000072ec00000, 0x000000072ec00000| Untracked 
| 375|0x000000072ee00000, 0x000000072f000000, 0x000000072f000000|100%| O|  |TAMS 0x000000072ee00000, 0x000000072ee00000| Untracked 
| 376|0x000000072f000000, 0x000000072f200000, 0x000000072f200000|100%| O|  |TAMS 0x000000072f000000, 0x000000072f000000| Untracked 
| 377|0x000000072f200000, 0x000000072f400000, 0x000000072f400000|100%| O|  |TAMS 0x000000072f200000, 0x000000072f200000| Untracked 
| 378|0x000000072f400000, 0x000000072f600000, 0x000000072f600000|100%| O|  |TAMS 0x000000072f400000, 0x000000072f400000| Untracked 
| 379|0x000000072f600000, 0x000000072f800000, 0x000000072f800000|100%| O|  |TAMS 0x000000072f600000, 0x000000072f600000| Untracked 
| 380|0x000000072f800000, 0x000000072fa00000, 0x000000072fa00000|100%| O|  |TAMS 0x000000072f800000, 0x000000072f800000| Untracked 
| 381|0x000000072fa00000, 0x000000072fc00000, 0x000000072fc00000|100%| O|  |TAMS 0x000000072fa00000, 0x000000072fa00000| Untracked 
| 382|0x000000072fc00000, 0x000000072fe00000, 0x000000072fe00000|100%| O|  |TAMS 0x000000072fc00000, 0x000000072fc00000| Untracked 
| 383|0x000000072fe00000, 0x0000000730000000, 0x0000000730000000|100%| O|  |TAMS 0x000000072fe00000, 0x000000072fe00000| Untracked 
| 384|0x0000000730000000, 0x0000000730200000, 0x0000000730200000|100%| O|  |TAMS 0x0000000730000000, 0x0000000730000000| Untracked 
| 385|0x0000000730200000, 0x0000000730400000, 0x0000000730400000|100%| O|  |TAMS 0x0000000730200000, 0x0000000730200000| Untracked 
| 386|0x0000000730400000, 0x0000000730600000, 0x0000000730600000|100%| O|  |TAMS 0x0000000730400000, 0x0000000730400000| Untracked 
| 387|0x0000000730600000, 0x0000000730800000, 0x0000000730800000|100%| O|  |TAMS 0x0000000730600000, 0x0000000730600000| Untracked 
| 388|0x0000000730800000, 0x0000000730a00000, 0x0000000730a00000|100%| O|  |TAMS 0x0000000730800000, 0x0000000730800000| Untracked 
| 389|0x0000000730a00000, 0x0000000730c00000, 0x0000000730c00000|100%| O|  |TAMS 0x0000000730a00000, 0x0000000730a00000| Untracked 
| 390|0x0000000730c00000, 0x0000000730e00000, 0x0000000730e00000|100%| O|  |TAMS 0x0000000730c00000, 0x0000000730c00000| Untracked 
| 391|0x0000000730e00000, 0x0000000731000000, 0x0000000731000000|100%| O|  |TAMS 0x0000000730e00000, 0x0000000730e00000| Untracked 
| 392|0x0000000731000000, 0x0000000731200000, 0x0000000731200000|100%| O|  |TAMS 0x0000000731000000, 0x0000000731000000| Untracked 
| 393|0x0000000731200000, 0x0000000731400000, 0x0000000731400000|100%| O|  |TAMS 0x0000000731200000, 0x0000000731200000| Untracked 
| 394|0x0000000731400000, 0x0000000731600000, 0x0000000731600000|100%| O|  |TAMS 0x0000000731400000, 0x0000000731400000| Untracked 
| 395|0x0000000731600000, 0x0000000731800000, 0x0000000731800000|100%| O|  |TAMS 0x0000000731600000, 0x0000000731600000| Untracked 
| 396|0x0000000731800000, 0x0000000731a00000, 0x0000000731a00000|100%| O|  |TAMS 0x0000000731800000, 0x0000000731800000| Untracked 
| 397|0x0000000731a00000, 0x0000000731c00000, 0x0000000731c00000|100%| O|  |TAMS 0x0000000731a00000, 0x0000000731a00000| Untracked 
| 398|0x0000000731c00000, 0x0000000731e00000, 0x0000000731e00000|100%| O|  |TAMS 0x0000000731c00000, 0x0000000731c00000| Untracked 
| 399|0x0000000731e00000, 0x0000000732000000, 0x0000000732000000|100%| O|  |TAMS 0x0000000731e00000, 0x0000000731e00000| Untracked 
| 400|0x0000000732000000, 0x0000000732200000, 0x0000000732200000|100%| O|  |TAMS 0x0000000732000000, 0x0000000732000000| Untracked 
| 401|0x0000000732200000, 0x0000000732400000, 0x0000000732400000|100%| O|  |TAMS 0x0000000732200000, 0x0000000732200000| Untracked 
| 402|0x0000000732400000, 0x0000000732600000, 0x0000000732600000|100%| O|  |TAMS 0x0000000732400000, 0x0000000732400000| Untracked 
| 403|0x0000000732600000, 0x0000000732800000, 0x0000000732800000|100%| O|  |TAMS 0x0000000732600000, 0x0000000732600000| Untracked 
| 404|0x0000000732800000, 0x0000000732a00000, 0x0000000732a00000|100%| O|  |TAMS 0x0000000732800000, 0x0000000732800000| Untracked 
| 405|0x0000000732a00000, 0x0000000732c00000, 0x0000000732c00000|100%| O|  |TAMS 0x0000000732a00000, 0x0000000732a00000| Untracked 
| 406|0x0000000732c00000, 0x0000000732e00000, 0x0000000732e00000|100%| O|  |TAMS 0x0000000732c00000, 0x0000000732c00000| Untracked 
| 407|0x0000000732e00000, 0x0000000733000000, 0x0000000733000000|100%| O|  |TAMS 0x0000000732e00000, 0x0000000732e00000| Untracked 
| 408|0x0000000733000000, 0x0000000733200000, 0x0000000733200000|100%| O|  |TAMS 0x0000000733000000, 0x0000000733000000| Untracked 
| 409|0x0000000733200000, 0x0000000733400000, 0x0000000733400000|100%| O|  |TAMS 0x0000000733200000, 0x0000000733200000| Untracked 
| 410|0x0000000733400000, 0x0000000733600000, 0x0000000733600000|100%| O|  |TAMS 0x0000000733400000, 0x0000000733400000| Untracked 
| 411|0x0000000733600000, 0x0000000733800000, 0x0000000733800000|100%| O|  |TAMS 0x0000000733600000, 0x0000000733600000| Untracked 
| 412|0x0000000733800000, 0x0000000733a00000, 0x0000000733a00000|100%| O|  |TAMS 0x0000000733800000, 0x0000000733800000| Untracked 
| 413|0x0000000733a00000, 0x0000000733c00000, 0x0000000733c00000|100%| O|  |TAMS 0x0000000733a00000, 0x0000000733a00000| Untracked 
| 414|0x0000000733c00000, 0x0000000733e00000, 0x0000000733e00000|100%| O|  |TAMS 0x0000000733c00000, 0x0000000733c00000| Untracked 
| 415|0x0000000733e00000, 0x0000000734000000, 0x0000000734000000|100%| O|  |TAMS 0x0000000733e00000, 0x0000000733e00000| Untracked 
| 416|0x0000000734000000, 0x0000000734200000, 0x0000000734200000|100%| O|  |TAMS 0x0000000734000000, 0x0000000734000000| Untracked 
| 417|0x0000000734200000, 0x0000000734400000, 0x0000000734400000|100%| O|  |TAMS 0x0000000734200000, 0x0000000734200000| Untracked 
| 418|0x0000000734400000, 0x0000000734600000, 0x0000000734600000|100%| O|  |TAMS 0x0000000734400000, 0x0000000734400000| Untracked 
| 419|0x0000000734600000, 0x0000000734800000, 0x0000000734800000|100%| O|  |TAMS 0x0000000734600000, 0x0000000734600000| Untracked 
| 420|0x0000000734800000, 0x0000000734a00000, 0x0000000734a00000|100%| O|  |TAMS 0x0000000734800000, 0x0000000734800000| Untracked 
| 421|0x0000000734a00000, 0x0000000734c00000, 0x0000000734c00000|100%| O|  |TAMS 0x0000000734a00000, 0x0000000734a00000| Untracked 
| 422|0x0000000734c00000, 0x0000000734e00000, 0x0000000734e00000|100%| O|  |TAMS 0x0000000734c00000, 0x0000000734c00000| Untracked 
| 423|0x0000000734e00000, 0x0000000735000000, 0x0000000735000000|100%| O|  |TAMS 0x0000000734e00000, 0x0000000734e00000| Untracked 
| 424|0x0000000735000000, 0x0000000735200000, 0x0000000735200000|100%| O|  |TAMS 0x0000000735000000, 0x0000000735000000| Untracked 
| 425|0x0000000735200000, 0x0000000735400000, 0x0000000735400000|100%| O|  |TAMS 0x0000000735200000, 0x0000000735200000| Untracked 
| 426|0x0000000735400000, 0x0000000735600000, 0x0000000735600000|100%| O|  |TAMS 0x0000000735400000, 0x0000000735400000| Untracked 
| 427|0x0000000735600000, 0x0000000735800000, 0x0000000735800000|100%| O|  |TAMS 0x0000000735600000, 0x0000000735600000| Untracked 
| 428|0x0000000735800000, 0x0000000735a00000, 0x0000000735a00000|100%| O|  |TAMS 0x0000000735800000, 0x0000000735800000| Untracked 
| 429|0x0000000735a00000, 0x0000000735c00000, 0x0000000735c00000|100%| O|  |TAMS 0x0000000735a00000, 0x0000000735a00000| Untracked 
| 430|0x0000000735c00000, 0x0000000735e00000, 0x0000000735e00000|100%| O|  |TAMS 0x0000000735c00000, 0x0000000735c00000| Untracked 
| 431|0x0000000735e00000, 0x0000000736000000, 0x0000000736000000|100%| O|  |TAMS 0x0000000735e00000, 0x0000000735e00000| Untracked 
| 432|0x0000000736000000, 0x0000000736200000, 0x0000000736200000|100%| O|  |TAMS 0x0000000736000000, 0x0000000736000000| Untracked 
| 433|0x0000000736200000, 0x0000000736400000, 0x0000000736400000|100%| O|  |TAMS 0x0000000736200000, 0x0000000736200000| Untracked 
| 434|0x0000000736400000, 0x0000000736600000, 0x0000000736600000|100%| O|  |TAMS 0x0000000736400000, 0x0000000736400000| Untracked 
| 435|0x0000000736600000, 0x0000000736800000, 0x0000000736800000|100%| O|  |TAMS 0x0000000736600000, 0x0000000736600000| Untracked 
| 436|0x0000000736800000, 0x0000000736a00000, 0x0000000736a00000|100%| O|  |TAMS 0x0000000736800000, 0x0000000736800000| Untracked 
| 437|0x0000000736a00000, 0x0000000736c00000, 0x0000000736c00000|100%| O|  |TAMS 0x0000000736a00000, 0x0000000736a00000| Untracked 
| 438|0x0000000736c00000, 0x0000000736e00000, 0x0000000736e00000|100%| O|  |TAMS 0x0000000736c00000, 0x0000000736c00000| Untracked 
| 439|0x0000000736e00000, 0x0000000737000000, 0x0000000737000000|100%| O|  |TAMS 0x0000000736e00000, 0x0000000736e00000| Untracked 
| 440|0x0000000737000000, 0x0000000737200000, 0x0000000737200000|100%| O|  |TAMS 0x0000000737000000, 0x0000000737000000| Untracked 
| 441|0x0000000737200000, 0x0000000737400000, 0x0000000737400000|100%| O|  |TAMS 0x0000000737200000, 0x0000000737200000| Untracked 
| 442|0x0000000737400000, 0x0000000737600000, 0x0000000737600000|100%| O|  |TAMS 0x0000000737400000, 0x0000000737400000| Untracked 
| 443|0x0000000737600000, 0x0000000737800000, 0x0000000737800000|100%| O|  |TAMS 0x0000000737600000, 0x0000000737600000| Untracked 
| 444|0x0000000737800000, 0x0000000737a00000, 0x0000000737a00000|100%| O|  |TAMS 0x0000000737800000, 0x0000000737800000| Untracked 
| 445|0x0000000737a00000, 0x0000000737c00000, 0x0000000737c00000|100%| O|  |TAMS 0x0000000737a00000, 0x0000000737a00000| Untracked 
| 446|0x0000000737c00000, 0x0000000737c67a00, 0x0000000737e00000| 20%| O|  |TAMS 0x0000000737c00000, 0x0000000737c00000| Untracked 
| 447|0x0000000737e00000, 0x0000000737e00000, 0x0000000738000000|  0%| F|  |TAMS 0x0000000737e00000, 0x0000000737e00000| Untracked 
| 448|0x0000000738000000, 0x0000000738000000, 0x0000000738200000|  0%| F|  |TAMS 0x0000000738000000, 0x0000000738000000| Untracked 
| 449|0x0000000738200000, 0x0000000738200000, 0x0000000738400000|  0%| F|  |TAMS 0x0000000738200000, 0x0000000738200000| Untracked 
| 450|0x0000000738400000, 0x0000000738400000, 0x0000000738600000|  0%| F|  |TAMS 0x0000000738400000, 0x0000000738400000| Untracked 
| 451|0x0000000738600000, 0x0000000738600000, 0x0000000738800000|  0%| F|  |TAMS 0x0000000738600000, 0x0000000738600000| Untracked 
| 452|0x0000000738800000, 0x0000000738800000, 0x0000000738a00000|  0%| F|  |TAMS 0x0000000738800000, 0x0000000738800000| Untracked 
| 453|0x0000000738a00000, 0x0000000738a00000, 0x0000000738c00000|  0%| F|  |TAMS 0x0000000738a00000, 0x0000000738a00000| Untracked 
| 454|0x0000000738c00000, 0x0000000738c00000, 0x0000000738e00000|  0%| F|  |TAMS 0x0000000738c00000, 0x0000000738c00000| Untracked 
| 455|0x0000000738e00000, 0x0000000738e00000, 0x0000000739000000|  0%| F|  |TAMS 0x0000000738e00000, 0x0000000738e00000| Untracked 
| 456|0x0000000739000000, 0x0000000739000000, 0x0000000739200000|  0%| F|  |TAMS 0x0000000739000000, 0x0000000739000000| Untracked 
| 457|0x0000000739200000, 0x0000000739200000, 0x0000000739400000|  0%| F|  |TAMS 0x0000000739200000, 0x0000000739200000| Untracked 
| 458|0x0000000739400000, 0x0000000739400000, 0x0000000739600000|  0%| F|  |TAMS 0x0000000739400000, 0x0000000739400000| Untracked 
| 459|0x0000000739600000, 0x0000000739600000, 0x0000000739800000|  0%| F|  |TAMS 0x0000000739600000, 0x0000000739600000| Untracked 
| 460|0x0000000739800000, 0x0000000739800000, 0x0000000739a00000|  0%| F|  |TAMS 0x0000000739800000, 0x0000000739800000| Untracked 
| 461|0x0000000739a00000, 0x0000000739a00000, 0x0000000739c00000|  0%| F|  |TAMS 0x0000000739a00000, 0x0000000739a00000| Untracked 
| 462|0x0000000739c00000, 0x0000000739c00000, 0x0000000739e00000|  0%| F|  |TAMS 0x0000000739c00000, 0x0000000739c00000| Untracked 
| 463|0x0000000739e00000, 0x0000000739e00000, 0x000000073a000000|  0%| F|  |TAMS 0x0000000739e00000, 0x0000000739e00000| Untracked 
| 464|0x000000073a000000, 0x000000073a000000, 0x000000073a200000|  0%| F|  |TAMS 0x000000073a000000, 0x000000073a000000| Untracked 
| 465|0x000000073a200000, 0x000000073a200000, 0x000000073a400000|  0%| F|  |TAMS 0x000000073a200000, 0x000000073a200000| Untracked 
| 466|0x000000073a400000, 0x000000073a400000, 0x000000073a600000|  0%| F|  |TAMS 0x000000073a400000, 0x000000073a400000| Untracked 
| 467|0x000000073a600000, 0x000000073a600000, 0x000000073a800000|  0%| F|  |TAMS 0x000000073a600000, 0x000000073a600000| Untracked 
| 468|0x000000073a800000, 0x000000073a800000, 0x000000073aa00000|  0%| F|  |TAMS 0x000000073a800000, 0x000000073a800000| Untracked 
| 469|0x000000073aa00000, 0x000000073aa00000, 0x000000073ac00000|  0%| F|  |TAMS 0x000000073aa00000, 0x000000073aa00000| Untracked 
| 470|0x000000073ac00000, 0x000000073ac00000, 0x000000073ae00000|  0%| F|  |TAMS 0x000000073ac00000, 0x000000073ac00000| Untracked 
| 471|0x000000073ae00000, 0x000000073ae00000, 0x000000073b000000|  0%| F|  |TAMS 0x000000073ae00000, 0x000000073ae00000| Untracked 
| 472|0x000000073b000000, 0x000000073b000000, 0x000000073b200000|  0%| F|  |TAMS 0x000000073b000000, 0x000000073b000000| Untracked 
| 473|0x000000073b200000, 0x000000073b200000, 0x000000073b400000|  0%| F|  |TAMS 0x000000073b200000, 0x000000073b200000| Untracked 
| 474|0x000000073b400000, 0x000000073b400000, 0x000000073b600000|  0%| F|  |TAMS 0x000000073b400000, 0x000000073b400000| Untracked 
| 475|0x000000073b600000, 0x000000073b600000, 0x000000073b800000|  0%| F|  |TAMS 0x000000073b600000, 0x000000073b600000| Untracked 
| 476|0x000000073b800000, 0x000000073b800000, 0x000000073ba00000|  0%| F|  |TAMS 0x000000073b800000, 0x000000073b800000| Untracked 
| 477|0x000000073ba00000, 0x000000073ba00000, 0x000000073bc00000|  0%| F|  |TAMS 0x000000073ba00000, 0x000000073ba00000| Untracked 
| 478|0x000000073bc00000, 0x000000073bc00000, 0x000000073be00000|  0%| F|  |TAMS 0x000000073bc00000, 0x000000073bc00000| Untracked 
| 479|0x000000073be00000, 0x000000073be00000, 0x000000073c000000|  0%| F|  |TAMS 0x000000073be00000, 0x000000073be00000| Untracked 
| 480|0x000000073c000000, 0x000000073c000000, 0x000000073c200000|  0%| F|  |TAMS 0x000000073c000000, 0x000000073c000000| Untracked 
| 481|0x000000073c200000, 0x000000073c200000, 0x000000073c400000|  0%| F|  |TAMS 0x000000073c200000, 0x000000073c200000| Untracked 
| 482|0x000000073c400000, 0x000000073c400000, 0x000000073c600000|  0%| F|  |TAMS 0x000000073c400000, 0x000000073c400000| Untracked 
| 483|0x000000073c600000, 0x000000073c600000, 0x000000073c800000|  0%| F|  |TAMS 0x000000073c600000, 0x000000073c600000| Untracked 
| 484|0x000000073c800000, 0x000000073c800000, 0x000000073ca00000|  0%| F|  |TAMS 0x000000073c800000, 0x000000073c800000| Untracked 
| 485|0x000000073ca00000, 0x000000073ca00000, 0x000000073cc00000|  0%| F|  |TAMS 0x000000073ca00000, 0x000000073ca00000| Untracked 
| 486|0x000000073cc00000, 0x000000073cc00000, 0x000000073ce00000|  0%| F|  |TAMS 0x000000073cc00000, 0x000000073cc00000| Untracked 
| 487|0x000000073ce00000, 0x000000073ce00000, 0x000000073d000000|  0%| F|  |TAMS 0x000000073ce00000, 0x000000073ce00000| Untracked 
| 488|0x000000073d000000, 0x000000073d000000, 0x000000073d200000|  0%| F|  |TAMS 0x000000073d000000, 0x000000073d000000| Untracked 
| 489|0x000000073d200000, 0x000000073d200000, 0x000000073d400000|  0%| F|  |TAMS 0x000000073d200000, 0x000000073d200000| Untracked 
| 490|0x000000073d400000, 0x000000073d400000, 0x000000073d600000|  0%| F|  |TAMS 0x000000073d400000, 0x000000073d400000| Untracked 
| 491|0x000000073d600000, 0x000000073d600000, 0x000000073d800000|  0%| F|  |TAMS 0x000000073d600000, 0x000000073d600000| Untracked 
| 492|0x000000073d800000, 0x000000073d800000, 0x000000073da00000|  0%| F|  |TAMS 0x000000073d800000, 0x000000073d800000| Untracked 
| 493|0x000000073da00000, 0x000000073da00000, 0x000000073dc00000|  0%| F|  |TAMS 0x000000073da00000, 0x000000073da00000| Untracked 
| 494|0x000000073dc00000, 0x000000073dc00000, 0x000000073de00000|  0%| F|  |TAMS 0x000000073dc00000, 0x000000073dc00000| Untracked 
| 495|0x000000073de00000, 0x000000073de00000, 0x000000073e000000|  0%| F|  |TAMS 0x000000073de00000, 0x000000073de00000| Untracked 
| 496|0x000000073e000000, 0x000000073e000000, 0x000000073e200000|  0%| F|  |TAMS 0x000000073e000000, 0x000000073e000000| Untracked 
| 497|0x000000073e200000, 0x000000073e200000, 0x000000073e400000|  0%| F|  |TAMS 0x000000073e200000, 0x000000073e200000| Untracked 
| 498|0x000000073e400000, 0x000000073e400000, 0x000000073e600000|  0%| F|  |TAMS 0x000000073e400000, 0x000000073e400000| Untracked 
| 499|0x000000073e600000, 0x000000073e600000, 0x000000073e800000|  0%| F|  |TAMS 0x000000073e600000, 0x000000073e600000| Untracked 
| 500|0x000000073e800000, 0x000000073e800000, 0x000000073ea00000|  0%| F|  |TAMS 0x000000073e800000, 0x000000073e800000| Untracked 
| 501|0x000000073ea00000, 0x000000073ea00000, 0x000000073ec00000|  0%| F|  |TAMS 0x000000073ea00000, 0x000000073ea00000| Untracked 
| 502|0x000000073ec00000, 0x000000073ec00000, 0x000000073ee00000|  0%| F|  |TAMS 0x000000073ec00000, 0x000000073ec00000| Untracked 
| 503|0x000000073ee00000, 0x000000073ee00000, 0x000000073f000000|  0%| F|  |TAMS 0x000000073ee00000, 0x000000073ee00000| Untracked 
| 504|0x000000073f000000, 0x000000073f000000, 0x000000073f200000|  0%| F|  |TAMS 0x000000073f000000, 0x000000073f000000| Untracked 
| 505|0x000000073f200000, 0x000000073f200000, 0x000000073f400000|  0%| F|  |TAMS 0x000000073f200000, 0x000000073f200000| Untracked 
| 506|0x000000073f400000, 0x000000073f400000, 0x000000073f600000|  0%| F|  |TAMS 0x000000073f400000, 0x000000073f400000| Untracked 
| 507|0x000000073f600000, 0x000000073f600000, 0x000000073f800000|  0%| F|  |TAMS 0x000000073f600000, 0x000000073f600000| Untracked 
| 508|0x000000073f800000, 0x000000073f800000, 0x000000073fa00000|  0%| F|  |TAMS 0x000000073f800000, 0x000000073f800000| Untracked 
| 509|0x000000073fa00000, 0x000000073fa00000, 0x000000073fc00000|  0%| F|  |TAMS 0x000000073fa00000, 0x000000073fa00000| Untracked 
| 510|0x000000073fc00000, 0x000000073fc00000, 0x000000073fe00000|  0%| F|  |TAMS 0x000000073fc00000, 0x000000073fc00000| Untracked 
| 511|0x000000073fe00000, 0x000000073fe00000, 0x0000000740000000|  0%| F|  |TAMS 0x000000073fe00000, 0x000000073fe00000| Untracked 
| 512|0x0000000740000000, 0x0000000740000000, 0x0000000740200000|  0%| F|  |TAMS 0x0000000740000000, 0x0000000740000000| Untracked 
| 513|0x0000000740200000, 0x0000000740200000, 0x0000000740400000|  0%| F|  |TAMS 0x0000000740200000, 0x0000000740200000| Untracked 
| 514|0x0000000740400000, 0x0000000740400000, 0x0000000740600000|  0%| F|  |TAMS 0x0000000740400000, 0x0000000740400000| Untracked 
| 515|0x0000000740600000, 0x0000000740600000, 0x0000000740800000|  0%| F|  |TAMS 0x0000000740600000, 0x0000000740600000| Untracked 
| 516|0x0000000740800000, 0x0000000740800000, 0x0000000740a00000|  0%| F|  |TAMS 0x0000000740800000, 0x0000000740800000| Untracked 
| 517|0x0000000740a00000, 0x0000000740a00000, 0x0000000740c00000|  0%| F|  |TAMS 0x0000000740a00000, 0x0000000740a00000| Untracked 
| 518|0x0000000740c00000, 0x0000000740c00000, 0x0000000740e00000|  0%| F|  |TAMS 0x0000000740c00000, 0x0000000740c00000| Untracked 
| 519|0x0000000740e00000, 0x0000000740e00000, 0x0000000741000000|  0%| F|  |TAMS 0x0000000740e00000, 0x0000000740e00000| Untracked 
| 520|0x0000000741000000, 0x0000000741000000, 0x0000000741200000|  0%| F|  |TAMS 0x0000000741000000, 0x0000000741000000| Untracked 
| 521|0x0000000741200000, 0x0000000741200000, 0x0000000741400000|  0%| F|  |TAMS 0x0000000741200000, 0x0000000741200000| Untracked 
| 522|0x0000000741400000, 0x0000000741400000, 0x0000000741600000|  0%| F|  |TAMS 0x0000000741400000, 0x0000000741400000| Untracked 
| 523|0x0000000741600000, 0x0000000741600000, 0x0000000741800000|  0%| F|  |TAMS 0x0000000741600000, 0x0000000741600000| Untracked 
| 524|0x0000000741800000, 0x0000000741800000, 0x0000000741a00000|  0%| F|  |TAMS 0x0000000741800000, 0x0000000741800000| Untracked 
| 525|0x0000000741a00000, 0x0000000741a00000, 0x0000000741c00000|  0%| F|  |TAMS 0x0000000741a00000, 0x0000000741a00000| Untracked 
| 526|0x0000000741c00000, 0x0000000741c00000, 0x0000000741e00000|  0%| F|  |TAMS 0x0000000741c00000, 0x0000000741c00000| Untracked 
| 527|0x0000000741e00000, 0x0000000741e00000, 0x0000000742000000|  0%| F|  |TAMS 0x0000000741e00000, 0x0000000741e00000| Untracked 
| 528|0x0000000742000000, 0x0000000742000000, 0x0000000742200000|  0%| F|  |TAMS 0x0000000742000000, 0x0000000742000000| Untracked 
| 529|0x0000000742200000, 0x0000000742200000, 0x0000000742400000|  0%| F|  |TAMS 0x0000000742200000, 0x0000000742200000| Untracked 
| 530|0x0000000742400000, 0x0000000742400000, 0x0000000742600000|  0%| F|  |TAMS 0x0000000742400000, 0x0000000742400000| Untracked 
| 531|0x0000000742600000, 0x00000007426e0eb0, 0x0000000742800000| 43%| S|CS|TAMS 0x0000000742600000, 0x0000000742600000| Complete 
| 532|0x0000000742800000, 0x0000000742a00000, 0x0000000742a00000|100%| S|CS|TAMS 0x0000000742800000, 0x0000000742800000| Complete 
| 533|0x0000000742a00000, 0x0000000742c00000, 0x0000000742c00000|100%| S|CS|TAMS 0x0000000742a00000, 0x0000000742a00000| Complete 
| 534|0x0000000742c00000, 0x0000000742e00000, 0x0000000742e00000|100%| S|CS|TAMS 0x0000000742c00000, 0x0000000742c00000| Complete 
| 535|0x0000000742e00000, 0x0000000743000000, 0x0000000743000000|100%| S|CS|TAMS 0x0000000742e00000, 0x0000000742e00000| Complete 
| 536|0x0000000743000000, 0x0000000743200000, 0x0000000743200000|100%| S|CS|TAMS 0x0000000743000000, 0x0000000743000000| Complete 
| 537|0x0000000743200000, 0x0000000743400000, 0x0000000743400000|100%| S|CS|TAMS 0x0000000743200000, 0x0000000743200000| Complete 
| 538|0x0000000743400000, 0x0000000743600000, 0x0000000743600000|100%| S|CS|TAMS 0x0000000743400000, 0x0000000743400000| Complete 
| 539|0x0000000743600000, 0x0000000743800000, 0x0000000743800000|100%| S|CS|TAMS 0x0000000743600000, 0x0000000743600000| Complete 
| 540|0x0000000743800000, 0x0000000743a00000, 0x0000000743a00000|100%| S|CS|TAMS 0x0000000743800000, 0x0000000743800000| Complete 
| 541|0x0000000743a00000, 0x0000000743c00000, 0x0000000743c00000|100%| S|CS|TAMS 0x0000000743a00000, 0x0000000743a00000| Complete 
| 542|0x0000000743c00000, 0x0000000743e00000, 0x0000000743e00000|100%| S|CS|TAMS 0x0000000743c00000, 0x0000000743c00000| Complete 
| 543|0x0000000743e00000, 0x0000000744000000, 0x0000000744000000|100%| S|CS|TAMS 0x0000000743e00000, 0x0000000743e00000| Complete 
| 544|0x0000000744000000, 0x0000000744200000, 0x0000000744200000|100%| S|CS|TAMS 0x0000000744000000, 0x0000000744000000| Complete 
| 545|0x0000000744200000, 0x0000000744400000, 0x0000000744400000|100%| S|CS|TAMS 0x0000000744200000, 0x0000000744200000| Complete 
| 546|0x0000000744400000, 0x0000000744600000, 0x0000000744600000|100%| S|CS|TAMS 0x0000000744400000, 0x0000000744400000| Complete 
| 547|0x0000000744600000, 0x0000000744800000, 0x0000000744800000|100%| S|CS|TAMS 0x0000000744600000, 0x0000000744600000| Complete 
| 548|0x0000000744800000, 0x0000000744a00000, 0x0000000744a00000|100%| S|CS|TAMS 0x0000000744800000, 0x0000000744800000| Complete 
| 549|0x0000000744a00000, 0x0000000744c00000, 0x0000000744c00000|100%| S|CS|TAMS 0x0000000744a00000, 0x0000000744a00000| Complete 
| 550|0x0000000744c00000, 0x0000000744e00000, 0x0000000744e00000|100%| S|CS|TAMS 0x0000000744c00000, 0x0000000744c00000| Complete 
| 551|0x0000000744e00000, 0x0000000744e00000, 0x0000000745000000|  0%| F|  |TAMS 0x0000000744e00000, 0x0000000744e00000| Untracked 
| 552|0x0000000745000000, 0x0000000745000000, 0x0000000745200000|  0%| F|  |TAMS 0x0000000745000000, 0x0000000745000000| Untracked 
| 553|0x0000000745200000, 0x0000000745200000, 0x0000000745400000|  0%| F|  |TAMS 0x0000000745200000, 0x0000000745200000| Untracked 
| 554|0x0000000745400000, 0x0000000745400000, 0x0000000745600000|  0%| F|  |TAMS 0x0000000745400000, 0x0000000745400000| Untracked 
| 555|0x0000000745600000, 0x0000000745600000, 0x0000000745800000|  0%| F|  |TAMS 0x0000000745600000, 0x0000000745600000| Untracked 
| 556|0x0000000745800000, 0x0000000745800000, 0x0000000745a00000|  0%| F|  |TAMS 0x0000000745800000, 0x0000000745800000| Untracked 
| 557|0x0000000745a00000, 0x0000000745a00000, 0x0000000745c00000|  0%| F|  |TAMS 0x0000000745a00000, 0x0000000745a00000| Untracked 
| 558|0x0000000745c00000, 0x0000000745c00000, 0x0000000745e00000|  0%| F|  |TAMS 0x0000000745c00000, 0x0000000745c00000| Untracked 
| 559|0x0000000745e00000, 0x0000000745e00000, 0x0000000746000000|  0%| F|  |TAMS 0x0000000745e00000, 0x0000000745e00000| Untracked 
| 560|0x0000000746000000, 0x0000000746000000, 0x0000000746200000|  0%| F|  |TAMS 0x0000000746000000, 0x0000000746000000| Untracked 
| 561|0x0000000746200000, 0x0000000746200000, 0x0000000746400000|  0%| F|  |TAMS 0x0000000746200000, 0x0000000746200000| Untracked 
| 562|0x0000000746400000, 0x0000000746400000, 0x0000000746600000|  0%| F|  |TAMS 0x0000000746400000, 0x0000000746400000| Untracked 
| 563|0x0000000746600000, 0x0000000746600000, 0x0000000746800000|  0%| F|  |TAMS 0x0000000746600000, 0x0000000746600000| Untracked 
| 564|0x0000000746800000, 0x0000000746800000, 0x0000000746a00000|  0%| F|  |TAMS 0x0000000746800000, 0x0000000746800000| Untracked 
| 565|0x0000000746a00000, 0x0000000746a00000, 0x0000000746c00000|  0%| F|  |TAMS 0x0000000746a00000, 0x0000000746a00000| Untracked 
| 566|0x0000000746c00000, 0x0000000746c00000, 0x0000000746e00000|  0%| F|  |TAMS 0x0000000746c00000, 0x0000000746c00000| Untracked 
| 567|0x0000000746e00000, 0x0000000746e00000, 0x0000000747000000|  0%| F|  |TAMS 0x0000000746e00000, 0x0000000746e00000| Untracked 
| 568|0x0000000747000000, 0x0000000747000000, 0x0000000747200000|  0%| F|  |TAMS 0x0000000747000000, 0x0000000747000000| Untracked 
| 569|0x0000000747200000, 0x0000000747200000, 0x0000000747400000|  0%| F|  |TAMS 0x0000000747200000, 0x0000000747200000| Untracked 
| 570|0x0000000747400000, 0x0000000747600000, 0x0000000747600000|100%| S|CS|TAMS 0x0000000747400000, 0x0000000747400000| Complete 
| 571|0x0000000747600000, 0x0000000747800000, 0x0000000747800000|100%| S|CS|TAMS 0x0000000747600000, 0x0000000747600000| Complete 
| 572|0x0000000747800000, 0x0000000747800000, 0x0000000747a00000|  0%| F|  |TAMS 0x0000000747800000, 0x0000000747800000| Untracked 
| 573|0x0000000747a00000, 0x0000000747a00000, 0x0000000747c00000|  0%| F|  |TAMS 0x0000000747a00000, 0x0000000747a00000| Untracked 
| 574|0x0000000747c00000, 0x0000000747c00000, 0x0000000747e00000|  0%| F|  |TAMS 0x0000000747c00000, 0x0000000747c00000| Untracked 
| 575|0x0000000747e00000, 0x0000000747e00000, 0x0000000748000000|  0%| F|  |TAMS 0x0000000747e00000, 0x0000000747e00000| Untracked 
| 576|0x0000000748000000, 0x0000000748000000, 0x0000000748200000|  0%| F|  |TAMS 0x0000000748000000, 0x0000000748000000| Untracked 
| 577|0x0000000748200000, 0x0000000748200000, 0x0000000748400000|  0%| F|  |TAMS 0x0000000748200000, 0x0000000748200000| Untracked 
| 578|0x0000000748400000, 0x0000000748400000, 0x0000000748600000|  0%| F|  |TAMS 0x0000000748400000, 0x0000000748400000| Untracked 
| 579|0x0000000748600000, 0x0000000748600000, 0x0000000748800000|  0%| F|  |TAMS 0x0000000748600000, 0x0000000748600000| Untracked 
| 580|0x0000000748800000, 0x0000000748800000, 0x0000000748a00000|  0%| F|  |TAMS 0x0000000748800000, 0x0000000748800000| Untracked 
| 581|0x0000000748a00000, 0x0000000748a00000, 0x0000000748c00000|  0%| F|  |TAMS 0x0000000748a00000, 0x0000000748a00000| Untracked 
| 582|0x0000000748c00000, 0x0000000748c00000, 0x0000000748e00000|  0%| F|  |TAMS 0x0000000748c00000, 0x0000000748c00000| Untracked 
| 583|0x0000000748e00000, 0x0000000748e00000, 0x0000000749000000|  0%| F|  |TAMS 0x0000000748e00000, 0x0000000748e00000| Untracked 
| 584|0x0000000749000000, 0x0000000749000000, 0x0000000749200000|  0%| F|  |TAMS 0x0000000749000000, 0x0000000749000000| Untracked 
| 585|0x0000000749200000, 0x0000000749200000, 0x0000000749400000|  0%| F|  |TAMS 0x0000000749200000, 0x0000000749200000| Untracked 
| 586|0x0000000749400000, 0x0000000749400000, 0x0000000749600000|  0%| F|  |TAMS 0x0000000749400000, 0x0000000749400000| Untracked 
| 587|0x0000000749600000, 0x0000000749600000, 0x0000000749800000|  0%| F|  |TAMS 0x0000000749600000, 0x0000000749600000| Untracked 
| 588|0x0000000749800000, 0x0000000749800000, 0x0000000749a00000|  0%| F|  |TAMS 0x0000000749800000, 0x0000000749800000| Untracked 
| 589|0x0000000749a00000, 0x0000000749a00000, 0x0000000749c00000|  0%| F|  |TAMS 0x0000000749a00000, 0x0000000749a00000| Untracked 
| 590|0x0000000749c00000, 0x0000000749c00000, 0x0000000749e00000|  0%| F|  |TAMS 0x0000000749c00000, 0x0000000749c00000| Untracked 
| 591|0x0000000749e00000, 0x0000000749e00000, 0x000000074a000000|  0%| F|  |TAMS 0x0000000749e00000, 0x0000000749e00000| Untracked 
| 592|0x000000074a000000, 0x000000074a000000, 0x000000074a200000|  0%| F|  |TAMS 0x000000074a000000, 0x000000074a000000| Untracked 
| 593|0x000000074a200000, 0x000000074a200000, 0x000000074a400000|  0%| F|  |TAMS 0x000000074a200000, 0x000000074a200000| Untracked 
| 594|0x000000074a400000, 0x000000074a400000, 0x000000074a600000|  0%| F|  |TAMS 0x000000074a400000, 0x000000074a400000| Untracked 
| 595|0x000000074a600000, 0x000000074a600000, 0x000000074a800000|  0%| F|  |TAMS 0x000000074a600000, 0x000000074a600000| Untracked 
| 596|0x000000074a800000, 0x000000074a800000, 0x000000074aa00000|  0%| F|  |TAMS 0x000000074a800000, 0x000000074a800000| Untracked 
| 597|0x000000074aa00000, 0x000000074aa00000, 0x000000074ac00000|  0%| F|  |TAMS 0x000000074aa00000, 0x000000074aa00000| Untracked 
| 598|0x000000074ac00000, 0x000000074ac00000, 0x000000074ae00000|  0%| F|  |TAMS 0x000000074ac00000, 0x000000074ac00000| Untracked 
| 599|0x000000074ae00000, 0x000000074ae00000, 0x000000074b000000|  0%| F|  |TAMS 0x000000074ae00000, 0x000000074ae00000| Untracked 
| 600|0x000000074b000000, 0x000000074b000000, 0x000000074b200000|  0%| F|  |TAMS 0x000000074b000000, 0x000000074b000000| Untracked 
| 601|0x000000074b200000, 0x000000074b200000, 0x000000074b400000|  0%| F|  |TAMS 0x000000074b200000, 0x000000074b200000| Untracked 
| 602|0x000000074b400000, 0x000000074b400000, 0x000000074b600000|  0%| F|  |TAMS 0x000000074b400000, 0x000000074b400000| Untracked 
| 603|0x000000074b600000, 0x000000074b600000, 0x000000074b800000|  0%| F|  |TAMS 0x000000074b600000, 0x000000074b600000| Untracked 
| 604|0x000000074b800000, 0x000000074b800000, 0x000000074ba00000|  0%| F|  |TAMS 0x000000074b800000, 0x000000074b800000| Untracked 
| 605|0x000000074ba00000, 0x000000074ba00000, 0x000000074bc00000|  0%| F|  |TAMS 0x000000074ba00000, 0x000000074ba00000| Untracked 
| 606|0x000000074bc00000, 0x000000074bc00000, 0x000000074be00000|  0%| F|  |TAMS 0x000000074bc00000, 0x000000074bc00000| Untracked 
| 607|0x000000074be00000, 0x000000074be00000, 0x000000074c000000|  0%| F|  |TAMS 0x000000074be00000, 0x000000074be00000| Untracked 
| 608|0x000000074c000000, 0x000000074c000000, 0x000000074c200000|  0%| F|  |TAMS 0x000000074c000000, 0x000000074c000000| Untracked 
| 609|0x000000074c200000, 0x000000074c200000, 0x000000074c400000|  0%| F|  |TAMS 0x000000074c200000, 0x000000074c200000| Untracked 
| 610|0x000000074c400000, 0x000000074c400000, 0x000000074c600000|  0%| F|  |TAMS 0x000000074c400000, 0x000000074c400000| Untracked 
| 611|0x000000074c600000, 0x000000074c600000, 0x000000074c800000|  0%| F|  |TAMS 0x000000074c600000, 0x000000074c600000| Untracked 
| 612|0x000000074c800000, 0x000000074c800000, 0x000000074ca00000|  0%| F|  |TAMS 0x000000074c800000, 0x000000074c800000| Untracked 
| 613|0x000000074ca00000, 0x000000074ca00000, 0x000000074cc00000|  0%| F|  |TAMS 0x000000074ca00000, 0x000000074ca00000| Untracked 
| 614|0x000000074cc00000, 0x000000074cc00000, 0x000000074ce00000|  0%| F|  |TAMS 0x000000074cc00000, 0x000000074cc00000| Untracked 
| 615|0x000000074ce00000, 0x000000074ce00000, 0x000000074d000000|  0%| F|  |TAMS 0x000000074ce00000, 0x000000074ce00000| Untracked 
| 616|0x000000074d000000, 0x000000074d000000, 0x000000074d200000|  0%| F|  |TAMS 0x000000074d000000, 0x000000074d000000| Untracked 
| 617|0x000000074d200000, 0x000000074d200000, 0x000000074d400000|  0%| F|  |TAMS 0x000000074d200000, 0x000000074d200000| Untracked 
| 618|0x000000074d400000, 0x000000074d400000, 0x000000074d600000|  0%| F|  |TAMS 0x000000074d400000, 0x000000074d400000| Untracked 
| 619|0x000000074d600000, 0x000000074d600000, 0x000000074d800000|  0%| F|  |TAMS 0x000000074d600000, 0x000000074d600000| Untracked 
| 620|0x000000074d800000, 0x000000074d800000, 0x000000074da00000|  0%| F|  |TAMS 0x000000074d800000, 0x000000074d800000| Untracked 
| 621|0x000000074da00000, 0x000000074da00000, 0x000000074dc00000|  0%| F|  |TAMS 0x000000074da00000, 0x000000074da00000| Untracked 
| 622|0x000000074dc00000, 0x000000074dc00000, 0x000000074de00000|  0%| F|  |TAMS 0x000000074dc00000, 0x000000074dc00000| Untracked 
| 623|0x000000074de00000, 0x000000074de00000, 0x000000074e000000|  0%| F|  |TAMS 0x000000074de00000, 0x000000074de00000| Untracked 
| 624|0x000000074e000000, 0x000000074e000000, 0x000000074e200000|  0%| F|  |TAMS 0x000000074e000000, 0x000000074e000000| Untracked 
| 625|0x000000074e200000, 0x000000074e200000, 0x000000074e400000|  0%| F|  |TAMS 0x000000074e200000, 0x000000074e200000| Untracked 
| 626|0x000000074e400000, 0x000000074e400000, 0x000000074e600000|  0%| F|  |TAMS 0x000000074e400000, 0x000000074e400000| Untracked 
| 627|0x000000074e600000, 0x000000074e600000, 0x000000074e800000|  0%| F|  |TAMS 0x000000074e600000, 0x000000074e600000| Untracked 
| 628|0x000000074e800000, 0x000000074e800000, 0x000000074ea00000|  0%| F|  |TAMS 0x000000074e800000, 0x000000074e800000| Untracked 
| 629|0x000000074ea00000, 0x000000074ea00000, 0x000000074ec00000|  0%| F|  |TAMS 0x000000074ea00000, 0x000000074ea00000| Untracked 
| 630|0x000000074ec00000, 0x000000074ec00000, 0x000000074ee00000|  0%| F|  |TAMS 0x000000074ec00000, 0x000000074ec00000| Untracked 
| 631|0x000000074ee00000, 0x000000074ee00000, 0x000000074f000000|  0%| F|  |TAMS 0x000000074ee00000, 0x000000074ee00000| Untracked 
| 632|0x000000074f000000, 0x000000074f000000, 0x000000074f200000|  0%| F|  |TAMS 0x000000074f000000, 0x000000074f000000| Untracked 
| 633|0x000000074f200000, 0x000000074f200000, 0x000000074f400000|  0%| F|  |TAMS 0x000000074f200000, 0x000000074f200000| Untracked 
| 634|0x000000074f400000, 0x000000074f400000, 0x000000074f600000|  0%| F|  |TAMS 0x000000074f400000, 0x000000074f400000| Untracked 
| 635|0x000000074f600000, 0x000000074f600000, 0x000000074f800000|  0%| F|  |TAMS 0x000000074f600000, 0x000000074f600000| Untracked 
| 636|0x000000074f800000, 0x000000074f800000, 0x000000074fa00000|  0%| F|  |TAMS 0x000000074f800000, 0x000000074f800000| Untracked 
| 637|0x000000074fa00000, 0x000000074fa00000, 0x000000074fc00000|  0%| F|  |TAMS 0x000000074fa00000, 0x000000074fa00000| Untracked 
| 638|0x000000074fc00000, 0x000000074fc00000, 0x000000074fe00000|  0%| F|  |TAMS 0x000000074fc00000, 0x000000074fc00000| Untracked 
| 639|0x000000074fe00000, 0x000000074fe00000, 0x0000000750000000|  0%| F|  |TAMS 0x000000074fe00000, 0x000000074fe00000| Untracked 
| 640|0x0000000750000000, 0x0000000750000000, 0x0000000750200000|  0%| F|  |TAMS 0x0000000750000000, 0x0000000750000000| Untracked 
| 641|0x0000000750200000, 0x0000000750200000, 0x0000000750400000|  0%| F|  |TAMS 0x0000000750200000, 0x0000000750200000| Untracked 
| 642|0x0000000750400000, 0x0000000750400000, 0x0000000750600000|  0%| F|  |TAMS 0x0000000750400000, 0x0000000750400000| Untracked 
| 643|0x0000000750600000, 0x0000000750600000, 0x0000000750800000|  0%| F|  |TAMS 0x0000000750600000, 0x0000000750600000| Untracked 
| 644|0x0000000750800000, 0x0000000750800000, 0x0000000750a00000|  0%| F|  |TAMS 0x0000000750800000, 0x0000000750800000| Untracked 
| 645|0x0000000750a00000, 0x0000000750a00000, 0x0000000750c00000|  0%| F|  |TAMS 0x0000000750a00000, 0x0000000750a00000| Untracked 
| 646|0x0000000750c00000, 0x0000000750c00000, 0x0000000750e00000|  0%| F|  |TAMS 0x0000000750c00000, 0x0000000750c00000| Untracked 
| 647|0x0000000750e00000, 0x0000000750e00000, 0x0000000751000000|  0%| F|  |TAMS 0x0000000750e00000, 0x0000000750e00000| Untracked 
| 648|0x0000000751000000, 0x0000000751000000, 0x0000000751200000|  0%| F|  |TAMS 0x0000000751000000, 0x0000000751000000| Untracked 
| 649|0x0000000751200000, 0x0000000751200000, 0x0000000751400000|  0%| F|  |TAMS 0x0000000751200000, 0x0000000751200000| Untracked 
| 650|0x0000000751400000, 0x0000000751400000, 0x0000000751600000|  0%| F|  |TAMS 0x0000000751400000, 0x0000000751400000| Untracked 
| 651|0x0000000751600000, 0x0000000751600000, 0x0000000751800000|  0%| F|  |TAMS 0x0000000751600000, 0x0000000751600000| Untracked 
| 652|0x0000000751800000, 0x0000000751800000, 0x0000000751a00000|  0%| F|  |TAMS 0x0000000751800000, 0x0000000751800000| Untracked 
| 653|0x0000000751a00000, 0x0000000751a00000, 0x0000000751c00000|  0%| F|  |TAMS 0x0000000751a00000, 0x0000000751a00000| Untracked 
| 654|0x0000000751c00000, 0x0000000751c00000, 0x0000000751e00000|  0%| F|  |TAMS 0x0000000751c00000, 0x0000000751c00000| Untracked 
| 655|0x0000000751e00000, 0x0000000751e00000, 0x0000000752000000|  0%| F|  |TAMS 0x0000000751e00000, 0x0000000751e00000| Untracked 
| 656|0x0000000752000000, 0x0000000752000000, 0x0000000752200000|  0%| F|  |TAMS 0x0000000752000000, 0x0000000752000000| Untracked 
| 657|0x0000000752200000, 0x0000000752200000, 0x0000000752400000|  0%| F|  |TAMS 0x0000000752200000, 0x0000000752200000| Untracked 
| 658|0x0000000752400000, 0x0000000752400000, 0x0000000752600000|  0%| F|  |TAMS 0x0000000752400000, 0x0000000752400000| Untracked 
| 659|0x0000000752600000, 0x0000000752600000, 0x0000000752800000|  0%| F|  |TAMS 0x0000000752600000, 0x0000000752600000| Untracked 
| 660|0x0000000752800000, 0x0000000752800000, 0x0000000752a00000|  0%| F|  |TAMS 0x0000000752800000, 0x0000000752800000| Untracked 
| 661|0x0000000752a00000, 0x0000000752a00000, 0x0000000752c00000|  0%| F|  |TAMS 0x0000000752a00000, 0x0000000752a00000| Untracked 
| 662|0x0000000752c00000, 0x0000000752c00000, 0x0000000752e00000|  0%| F|  |TAMS 0x0000000752c00000, 0x0000000752c00000| Untracked 
| 663|0x0000000752e00000, 0x0000000752e00000, 0x0000000753000000|  0%| F|  |TAMS 0x0000000752e00000, 0x0000000752e00000| Untracked 
| 664|0x0000000753000000, 0x0000000753000000, 0x0000000753200000|  0%| F|  |TAMS 0x0000000753000000, 0x0000000753000000| Untracked 
| 665|0x0000000753200000, 0x0000000753200000, 0x0000000753400000|  0%| F|  |TAMS 0x0000000753200000, 0x0000000753200000| Untracked 
| 666|0x0000000753400000, 0x0000000753400000, 0x0000000753600000|  0%| F|  |TAMS 0x0000000753400000, 0x0000000753400000| Untracked 
| 667|0x0000000753600000, 0x0000000753600000, 0x0000000753800000|  0%| F|  |TAMS 0x0000000753600000, 0x0000000753600000| Untracked 
| 668|0x0000000753800000, 0x0000000753800000, 0x0000000753a00000|  0%| F|  |TAMS 0x0000000753800000, 0x0000000753800000| Untracked 
| 669|0x0000000753a00000, 0x0000000753a00000, 0x0000000753c00000|  0%| F|  |TAMS 0x0000000753a00000, 0x0000000753a00000| Untracked 
| 670|0x0000000753c00000, 0x0000000753c00000, 0x0000000753e00000|  0%| F|  |TAMS 0x0000000753c00000, 0x0000000753c00000| Untracked 
| 671|0x0000000753e00000, 0x0000000753e00000, 0x0000000754000000|  0%| F|  |TAMS 0x0000000753e00000, 0x0000000753e00000| Untracked 
| 672|0x0000000754000000, 0x0000000754000000, 0x0000000754200000|  0%| F|  |TAMS 0x0000000754000000, 0x0000000754000000| Untracked 
| 673|0x0000000754200000, 0x0000000754200000, 0x0000000754400000|  0%| F|  |TAMS 0x0000000754200000, 0x0000000754200000| Untracked 
| 674|0x0000000754400000, 0x0000000754400000, 0x0000000754600000|  0%| F|  |TAMS 0x0000000754400000, 0x0000000754400000| Untracked 
| 675|0x0000000754600000, 0x0000000754600000, 0x0000000754800000|  0%| F|  |TAMS 0x0000000754600000, 0x0000000754600000| Untracked 
| 676|0x0000000754800000, 0x0000000754800000, 0x0000000754a00000|  0%| F|  |TAMS 0x0000000754800000, 0x0000000754800000| Untracked 
| 677|0x0000000754a00000, 0x0000000754a00000, 0x0000000754c00000|  0%| F|  |TAMS 0x0000000754a00000, 0x0000000754a00000| Untracked 
| 678|0x0000000754c00000, 0x0000000754c00000, 0x0000000754e00000|  0%| F|  |TAMS 0x0000000754c00000, 0x0000000754c00000| Untracked 
| 679|0x0000000754e00000, 0x0000000754e00000, 0x0000000755000000|  0%| F|  |TAMS 0x0000000754e00000, 0x0000000754e00000| Untracked 
| 680|0x0000000755000000, 0x0000000755000000, 0x0000000755200000|  0%| F|  |TAMS 0x0000000755000000, 0x0000000755000000| Untracked 
| 681|0x0000000755200000, 0x0000000755200000, 0x0000000755400000|  0%| F|  |TAMS 0x0000000755200000, 0x0000000755200000| Untracked 
| 682|0x0000000755400000, 0x0000000755400000, 0x0000000755600000|  0%| F|  |TAMS 0x0000000755400000, 0x0000000755400000| Untracked 
| 683|0x0000000755600000, 0x0000000755600000, 0x0000000755800000|  0%| F|  |TAMS 0x0000000755600000, 0x0000000755600000| Untracked 
| 684|0x0000000755800000, 0x0000000755800000, 0x0000000755a00000|  0%| F|  |TAMS 0x0000000755800000, 0x0000000755800000| Untracked 
| 685|0x0000000755a00000, 0x0000000755a00000, 0x0000000755c00000|  0%| F|  |TAMS 0x0000000755a00000, 0x0000000755a00000| Untracked 
| 686|0x0000000755c00000, 0x0000000755c00000, 0x0000000755e00000|  0%| F|  |TAMS 0x0000000755c00000, 0x0000000755c00000| Untracked 
| 687|0x0000000755e00000, 0x0000000755e00000, 0x0000000756000000|  0%| F|  |TAMS 0x0000000755e00000, 0x0000000755e00000| Untracked 
| 688|0x0000000756000000, 0x0000000756000000, 0x0000000756200000|  0%| F|  |TAMS 0x0000000756000000, 0x0000000756000000| Untracked 
| 689|0x0000000756200000, 0x0000000756200000, 0x0000000756400000|  0%| F|  |TAMS 0x0000000756200000, 0x0000000756200000| Untracked 
| 690|0x0000000756400000, 0x0000000756400000, 0x0000000756600000|  0%| F|  |TAMS 0x0000000756400000, 0x0000000756400000| Untracked 
| 691|0x0000000756600000, 0x0000000756600000, 0x0000000756800000|  0%| F|  |TAMS 0x0000000756600000, 0x0000000756600000| Untracked 
| 692|0x0000000756800000, 0x0000000756800000, 0x0000000756a00000|  0%| F|  |TAMS 0x0000000756800000, 0x0000000756800000| Untracked 
| 693|0x0000000756a00000, 0x0000000756a00000, 0x0000000756c00000|  0%| F|  |TAMS 0x0000000756a00000, 0x0000000756a00000| Untracked 
| 694|0x0000000756c00000, 0x0000000756c00000, 0x0000000756e00000|  0%| F|  |TAMS 0x0000000756c00000, 0x0000000756c00000| Untracked 
| 695|0x0000000756e00000, 0x0000000756e00000, 0x0000000757000000|  0%| F|  |TAMS 0x0000000756e00000, 0x0000000756e00000| Untracked 
| 696|0x0000000757000000, 0x0000000757000000, 0x0000000757200000|  0%| F|  |TAMS 0x0000000757000000, 0x0000000757000000| Untracked 
| 697|0x0000000757200000, 0x0000000757200000, 0x0000000757400000|  0%| F|  |TAMS 0x0000000757200000, 0x0000000757200000| Untracked 
| 698|0x0000000757400000, 0x0000000757400000, 0x0000000757600000|  0%| F|  |TAMS 0x0000000757400000, 0x0000000757400000| Untracked 
| 699|0x0000000757600000, 0x0000000757600000, 0x0000000757800000|  0%| F|  |TAMS 0x0000000757600000, 0x0000000757600000| Untracked 
| 700|0x0000000757800000, 0x0000000757800000, 0x0000000757a00000|  0%| F|  |TAMS 0x0000000757800000, 0x0000000757800000| Untracked 
| 701|0x0000000757a00000, 0x0000000757a00000, 0x0000000757c00000|  0%| F|  |TAMS 0x0000000757a00000, 0x0000000757a00000| Untracked 
| 702|0x0000000757c00000, 0x0000000757c00000, 0x0000000757e00000|  0%| F|  |TAMS 0x0000000757c00000, 0x0000000757c00000| Untracked 
| 703|0x0000000757e00000, 0x0000000757e00000, 0x0000000758000000|  0%| F|  |TAMS 0x0000000757e00000, 0x0000000757e00000| Untracked 
| 704|0x0000000758000000, 0x0000000758000000, 0x0000000758200000|  0%| F|  |TAMS 0x0000000758000000, 0x0000000758000000| Untracked 
| 705|0x0000000758200000, 0x0000000758200000, 0x0000000758400000|  0%| F|  |TAMS 0x0000000758200000, 0x0000000758200000| Untracked 
| 706|0x0000000758400000, 0x0000000758400000, 0x0000000758600000|  0%| F|  |TAMS 0x0000000758400000, 0x0000000758400000| Untracked 
| 707|0x0000000758600000, 0x0000000758600000, 0x0000000758800000|  0%| F|  |TAMS 0x0000000758600000, 0x0000000758600000| Untracked 
| 708|0x0000000758800000, 0x0000000758800000, 0x0000000758a00000|  0%| F|  |TAMS 0x0000000758800000, 0x0000000758800000| Untracked 
| 709|0x0000000758a00000, 0x0000000758a00000, 0x0000000758c00000|  0%| F|  |TAMS 0x0000000758a00000, 0x0000000758a00000| Untracked 
| 710|0x0000000758c00000, 0x0000000758c00000, 0x0000000758e00000|  0%| F|  |TAMS 0x0000000758c00000, 0x0000000758c00000| Untracked 
| 711|0x0000000758e00000, 0x0000000758e00000, 0x0000000759000000|  0%| F|  |TAMS 0x0000000758e00000, 0x0000000758e00000| Untracked 
| 712|0x0000000759000000, 0x0000000759000000, 0x0000000759200000|  0%| F|  |TAMS 0x0000000759000000, 0x0000000759000000| Untracked 
| 713|0x0000000759200000, 0x0000000759200000, 0x0000000759400000|  0%| F|  |TAMS 0x0000000759200000, 0x0000000759200000| Untracked 
| 714|0x0000000759400000, 0x0000000759400000, 0x0000000759600000|  0%| F|  |TAMS 0x0000000759400000, 0x0000000759400000| Untracked 
| 715|0x0000000759600000, 0x0000000759600000, 0x0000000759800000|  0%| F|  |TAMS 0x0000000759600000, 0x0000000759600000| Untracked 
| 716|0x0000000759800000, 0x0000000759800000, 0x0000000759a00000|  0%| F|  |TAMS 0x0000000759800000, 0x0000000759800000| Untracked 
| 717|0x0000000759a00000, 0x0000000759a00000, 0x0000000759c00000|  0%| F|  |TAMS 0x0000000759a00000, 0x0000000759a00000| Untracked 
| 718|0x0000000759c00000, 0x0000000759c00000, 0x0000000759e00000|  0%| F|  |TAMS 0x0000000759c00000, 0x0000000759c00000| Untracked 
| 719|0x0000000759e00000, 0x0000000759e00000, 0x000000075a000000|  0%| F|  |TAMS 0x0000000759e00000, 0x0000000759e00000| Untracked 
| 720|0x000000075a000000, 0x000000075a000000, 0x000000075a200000|  0%| F|  |TAMS 0x000000075a000000, 0x000000075a000000| Untracked 
| 721|0x000000075a200000, 0x000000075a200000, 0x000000075a400000|  0%| F|  |TAMS 0x000000075a200000, 0x000000075a200000| Untracked 
| 722|0x000000075a400000, 0x000000075a400000, 0x000000075a600000|  0%| F|  |TAMS 0x000000075a400000, 0x000000075a400000| Untracked 
| 723|0x000000075a600000, 0x000000075a600000, 0x000000075a800000|  0%| F|  |TAMS 0x000000075a600000, 0x000000075a600000| Untracked 
| 724|0x000000075a800000, 0x000000075a800000, 0x000000075aa00000|  0%| F|  |TAMS 0x000000075a800000, 0x000000075a800000| Untracked 
| 725|0x000000075aa00000, 0x000000075aa00000, 0x000000075ac00000|  0%| F|  |TAMS 0x000000075aa00000, 0x000000075aa00000| Untracked 
| 726|0x000000075ac00000, 0x000000075ac00000, 0x000000075ae00000|  0%| F|  |TAMS 0x000000075ac00000, 0x000000075ac00000| Untracked 
| 727|0x000000075ae00000, 0x000000075ae00000, 0x000000075b000000|  0%| F|  |TAMS 0x000000075ae00000, 0x000000075ae00000| Untracked 
| 728|0x000000075b000000, 0x000000075b000000, 0x000000075b200000|  0%| F|  |TAMS 0x000000075b000000, 0x000000075b000000| Untracked 
| 729|0x000000075b200000, 0x000000075b200000, 0x000000075b400000|  0%| F|  |TAMS 0x000000075b200000, 0x000000075b200000| Untracked 
| 730|0x000000075b400000, 0x000000075b400000, 0x000000075b600000|  0%| F|  |TAMS 0x000000075b400000, 0x000000075b400000| Untracked 
| 731|0x000000075b600000, 0x000000075b600000, 0x000000075b800000|  0%| F|  |TAMS 0x000000075b600000, 0x000000075b600000| Untracked 
| 732|0x000000075b800000, 0x000000075b800000, 0x000000075ba00000|  0%| F|  |TAMS 0x000000075b800000, 0x000000075b800000| Untracked 
| 733|0x000000075ba00000, 0x000000075ba00000, 0x000000075bc00000|  0%| F|  |TAMS 0x000000075ba00000, 0x000000075ba00000| Untracked 
| 734|0x000000075bc00000, 0x000000075bc00000, 0x000000075be00000|  0%| F|  |TAMS 0x000000075bc00000, 0x000000075bc00000| Untracked 
| 735|0x000000075be00000, 0x000000075be00000, 0x000000075c000000|  0%| F|  |TAMS 0x000000075be00000, 0x000000075be00000| Untracked 
| 736|0x000000075c000000, 0x000000075c000000, 0x000000075c200000|  0%| F|  |TAMS 0x000000075c000000, 0x000000075c000000| Untracked 
| 737|0x000000075c200000, 0x000000075c200000, 0x000000075c400000|  0%| F|  |TAMS 0x000000075c200000, 0x000000075c200000| Untracked 
| 738|0x000000075c400000, 0x000000075c400000, 0x000000075c600000|  0%| F|  |TAMS 0x000000075c400000, 0x000000075c400000| Untracked 
| 739|0x000000075c600000, 0x000000075c600000, 0x000000075c800000|  0%| F|  |TAMS 0x000000075c600000, 0x000000075c600000| Untracked 
| 740|0x000000075c800000, 0x000000075c800000, 0x000000075ca00000|  0%| F|  |TAMS 0x000000075c800000, 0x000000075c800000| Untracked 
| 741|0x000000075ca00000, 0x000000075ca00000, 0x000000075cc00000|  0%| F|  |TAMS 0x000000075ca00000, 0x000000075ca00000| Untracked 
| 742|0x000000075cc00000, 0x000000075cc00000, 0x000000075ce00000|  0%| F|  |TAMS 0x000000075cc00000, 0x000000075cc00000| Untracked 
| 743|0x000000075ce00000, 0x000000075ce00000, 0x000000075d000000|  0%| F|  |TAMS 0x000000075ce00000, 0x000000075ce00000| Untracked 
| 744|0x000000075d000000, 0x000000075d000000, 0x000000075d200000|  0%| F|  |TAMS 0x000000075d000000, 0x000000075d000000| Untracked 
| 745|0x000000075d200000, 0x000000075d200000, 0x000000075d400000|  0%| F|  |TAMS 0x000000075d200000, 0x000000075d200000| Untracked 
| 746|0x000000075d400000, 0x000000075d400000, 0x000000075d600000|  0%| F|  |TAMS 0x000000075d400000, 0x000000075d400000| Untracked 
| 747|0x000000075d600000, 0x000000075d600000, 0x000000075d800000|  0%| F|  |TAMS 0x000000075d600000, 0x000000075d600000| Untracked 
| 748|0x000000075d800000, 0x000000075d800000, 0x000000075da00000|  0%| F|  |TAMS 0x000000075d800000, 0x000000075d800000| Untracked 
| 749|0x000000075da00000, 0x000000075da00000, 0x000000075dc00000|  0%| F|  |TAMS 0x000000075da00000, 0x000000075da00000| Untracked 
| 750|0x000000075dc00000, 0x000000075dc00000, 0x000000075de00000|  0%| F|  |TAMS 0x000000075dc00000, 0x000000075dc00000| Untracked 
| 751|0x000000075de00000, 0x000000075de00000, 0x000000075e000000|  0%| F|  |TAMS 0x000000075de00000, 0x000000075de00000| Untracked 
| 752|0x000000075e000000, 0x000000075e000000, 0x000000075e200000|  0%| F|  |TAMS 0x000000075e000000, 0x000000075e000000| Untracked 
| 753|0x000000075e200000, 0x000000075e200000, 0x000000075e400000|  0%| F|  |TAMS 0x000000075e200000, 0x000000075e200000| Untracked 
| 754|0x000000075e400000, 0x000000075e400000, 0x000000075e600000|  0%| F|  |TAMS 0x000000075e400000, 0x000000075e400000| Untracked 
| 755|0x000000075e600000, 0x000000075e600000, 0x000000075e800000|  0%| F|  |TAMS 0x000000075e600000, 0x000000075e600000| Untracked 
| 756|0x000000075e800000, 0x000000075e800000, 0x000000075ea00000|  0%| F|  |TAMS 0x000000075e800000, 0x000000075e800000| Untracked 
| 757|0x000000075ea00000, 0x000000075ea00000, 0x000000075ec00000|  0%| F|  |TAMS 0x000000075ea00000, 0x000000075ea00000| Untracked 
| 758|0x000000075ec00000, 0x000000075ec00000, 0x000000075ee00000|  0%| F|  |TAMS 0x000000075ec00000, 0x000000075ec00000| Untracked 
| 759|0x000000075ee00000, 0x000000075ee00000, 0x000000075f000000|  0%| F|  |TAMS 0x000000075ee00000, 0x000000075ee00000| Untracked 
| 760|0x000000075f000000, 0x000000075f000000, 0x000000075f200000|  0%| F|  |TAMS 0x000000075f000000, 0x000000075f000000| Untracked 
| 761|0x000000075f200000, 0x000000075f200000, 0x000000075f400000|  0%| F|  |TAMS 0x000000075f200000, 0x000000075f200000| Untracked 
| 762|0x000000075f400000, 0x000000075f400000, 0x000000075f600000|  0%| F|  |TAMS 0x000000075f400000, 0x000000075f400000| Untracked 
| 763|0x000000075f600000, 0x000000075f600000, 0x000000075f800000|  0%| F|  |TAMS 0x000000075f600000, 0x000000075f600000| Untracked 
| 764|0x000000075f800000, 0x000000075f800000, 0x000000075fa00000|  0%| F|  |TAMS 0x000000075f800000, 0x000000075f800000| Untracked 
| 765|0x000000075fa00000, 0x000000075fa00000, 0x000000075fc00000|  0%| F|  |TAMS 0x000000075fa00000, 0x000000075fa00000| Untracked 
| 766|0x000000075fc00000, 0x000000075fc00000, 0x000000075fe00000|  0%| F|  |TAMS 0x000000075fc00000, 0x000000075fc00000| Untracked 
| 767|0x000000075fe00000, 0x000000075fe00000, 0x0000000760000000|  0%| F|  |TAMS 0x000000075fe00000, 0x000000075fe00000| Untracked 
| 768|0x0000000760000000, 0x0000000760000000, 0x0000000760200000|  0%| F|  |TAMS 0x0000000760000000, 0x0000000760000000| Untracked 
| 769|0x0000000760200000, 0x0000000760200000, 0x0000000760400000|  0%| F|  |TAMS 0x0000000760200000, 0x0000000760200000| Untracked 
| 770|0x0000000760400000, 0x0000000760400000, 0x0000000760600000|  0%| F|  |TAMS 0x0000000760400000, 0x0000000760400000| Untracked 
| 771|0x0000000760600000, 0x0000000760600000, 0x0000000760800000|  0%| F|  |TAMS 0x0000000760600000, 0x0000000760600000| Untracked 
| 772|0x0000000760800000, 0x0000000760800000, 0x0000000760a00000|  0%| F|  |TAMS 0x0000000760800000, 0x0000000760800000| Untracked 
| 773|0x0000000760a00000, 0x0000000760a00000, 0x0000000760c00000|  0%| F|  |TAMS 0x0000000760a00000, 0x0000000760a00000| Untracked 

Card table byte_map: [0x0000020d4b400000,0x0000020d4bc00000] _byte_map_base: 0x0000020d47c00000

Marking Bits (Prev, Next): (CMBitMap*) 0x0000020d3846da20, (CMBitMap*) 0x0000020d3846da60
 Prev Bits: [0x0000020d4c400000, 0x0000020d50400000)
 Next Bits: [0x0000020d50400000, 0x0000020d54400000)

Polling page: 0x0000020d37bd0000

Metaspace:

Usage:
  Non-class:    144.68 MB used.
      Class:     22.15 MB used.
       Both:    166.82 MB used.

Virtual space:
  Non-class space:      152.00 MB reserved,     145.44 MB ( 96%) committed,  19 nodes.
      Class space:        1.00 GB reserved,      22.81 MB (  2%) committed,  1 nodes.
             Both:        1.15 GB reserved,     168.25 MB ( 14%) committed. 

Chunk freelists:
   Non-Class:  2.56 MB
       Class:  1.22 MB
        Both:  3.78 MB

MaxMetaspaceSize: unlimited
CompressedClassSpaceSize: 1.00 GB
Initial GC threshold: 21.00 MB
Current GC threshold: 216.56 MB
CDS: off
MetaspaceReclaimPolicy: balanced
 - commit_granule_bytes: 65536.
 - commit_granule_words: 8192.
 - virtual_space_node_default_size: 1048576.
 - enlarge_chunks_in_place: 1.
 - new_chunks_are_fully_committed: 0.
 - uncommit_free_chunks: 1.
 - use_allocation_guard: 0.
 - handle_deallocations: 1.


Internal statistics:

num_allocs_failed_limit: 14.
num_arena_births: 2020.
num_arena_deaths: 4.
num_vsnodes_births: 20.
num_vsnodes_deaths: 0.
num_space_committed: 2692.
num_space_uncommitted: 0.
num_chunks_returned_to_freelist: 20.
num_chunks_taken_from_freelist: 9023.
num_chunk_merges: 9.
num_chunk_splits: 5926.
num_chunks_enlarged: 3929.
num_purges: 2.
num_inconsistent_stats: 0.

CodeHeap 'non-profiled nmethods': size=120000Kb used=24385Kb max_used=24387Kb free=95614Kb
 bounds [0x0000020d433a0000, 0x0000020d44b80000, 0x0000020d4a8d0000]
CodeHeap 'profiled nmethods': size=120000Kb used=61115Kb max_used=61269Kb free=58884Kb
 bounds [0x0000020d3b8d0000, 0x0000020d3f4b0000, 0x0000020d42e00000]
CodeHeap 'non-nmethods': size=5760Kb used=2505Kb max_used=2614Kb free=3254Kb
 bounds [0x0000020d42e00000, 0x0000020d430a0000, 0x0000020d433a0000]
 total_blobs=29965 nmethods=28926 adapters=947
 compilation: enabled
              stopped_count=0, restarted_count=0
 full_count=0

Compilation events (20 events):
Event: 127.331 Thread 0x0000020d578be480 37712       3       com.android.tools.r8.graph.T0::x0 (105 bytes)
Event: 127.334 Thread 0x0000020d578be480 nmethod 37712 0x0000020d3e872090 code [0x0000020d3e872520, 0x0000020d3e8746c8]
Event: 127.337 Thread 0x0000020d578be480 37713       2       com.android.tools.r8.internal.No::a (69 bytes)
Event: 127.338 Thread 0x0000020d578be480 nmethod 37713 0x0000020d3eab6e10 code [0x0000020d3eab7000, 0x0000020d3eab72f8]
Event: 127.351 Thread 0x0000020d578be480 37714       2       com.android.tools.r8.internal.wC::e (13 bytes)
Event: 127.352 Thread 0x0000020d578be480 nmethod 37714 0x0000020d3ed53290 code [0x0000020d3ed53420, 0x0000020d3ed53538]
Event: 127.363 Thread 0x0000020d578be480 37716       3       com.android.tools.r8.internal.Bi::a (142 bytes)
Event: 127.364 Thread 0x0000020d578be480 nmethod 37716 0x0000020d3e980190 code [0x0000020d3e980420, 0x0000020d3e981488]
Event: 127.376 Thread 0x0000020d578be480 37717 %     3       com.android.tools.r8.internal.g7::a @ 90 (233 bytes)
Event: 127.379 Thread 0x0000020d578be480 nmethod 37717% 0x0000020d3e86a410 code [0x0000020d3e86a960, 0x0000020d3e86cf98]
Event: 127.395 Thread 0x0000020d578be480 37719       3       com.android.tools.r8.internal.K4::a (50 bytes)
Event: 127.396 Thread 0x0000020d578be480 nmethod 37719 0x0000020d3eaee290 code [0x0000020d3eaee480, 0x0000020d3eaeed88]
Event: 127.429 Thread 0x0000020d578be480 37720       2       com.android.tools.r8.internal.mc::<init> (16 bytes)
Event: 127.429 Thread 0x0000020d578be480 nmethod 37720 0x0000020d3ed52e10 code [0x0000020d3ed52fa0, 0x0000020d3ed53128]
Event: 127.461 Thread 0x0000020d578be480 37723 %     3       com.android.tools.r8.internal.jO::a @ 2 (47 bytes)
Event: 127.463 Thread 0x0000020d578be480 nmethod 37723% 0x0000020d3ed23a90 code [0x0000020d3ed23ce0, 0x0000020d3ed24a28]
Event: 127.490 Thread 0x0000020d578be480 37726 %     3       com.android.tools.r8.graph.P1::e @ 24 (223 bytes)
Event: 127.493 Thread 0x0000020d578be480 nmethod 37726% 0x0000020d3ec66890 code [0x0000020d3ec66ba0, 0x0000020d3ec67ca8]
Event: 127.493 Thread 0x0000020d578be480 37727       3       com.android.tools.r8.graph.T0::a (121 bytes)
Event: 127.495 Thread 0x0000020d578be480 nmethod 37727 0x0000020d3edf2c90 code [0x0000020d3edf3000, 0x0000020d3edf40a8]

GC Heap History (20 events):
Event: 119.285 GC heap after
{Heap after GC invocations=88 (full 0):
 garbage-first heap   total 1153024K, used 791458K [0x0000000700000000, 0x0000000800000000)
  region size 2048K, 14 young (28672K), 14 survivors (28672K)
 Metaspace       used 160575K, committed 161984K, reserved 1196032K
  class space    used 21314K, committed 21952K, reserved 1048576K
}
Event: 119.686 GC heap before
{Heap before GC invocations=88 (full 0):
 garbage-first heap   total 1153024K, used 955298K [0x0000000700000000, 0x0000000800000000)
  region size 2048K, 94 young (192512K), 14 survivors (28672K)
 Metaspace       used 163316K, committed 164800K, reserved 1196032K
  class space    used 21776K, committed 22464K, reserved 1048576K
}
Event: 119.749 GC heap after
{Heap after GC invocations=89 (full 0):
 garbage-first heap   total 1153024K, used 819200K [0x0000000700000000, 0x0000000800000000)
  region size 2048K, 12 young (24576K), 12 survivors (24576K)
 Metaspace       used 163316K, committed 164800K, reserved 1196032K
  class space    used 21776K, committed 22464K, reserved 1048576K
}
Event: 120.261 GC heap before
{Heap before GC invocations=89 (full 0):
 garbage-first heap   total 1153024K, used 966656K [0x0000000700000000, 0x0000000800000000)
  region size 2048K, 85 young (174080K), 12 survivors (24576K)
 Metaspace       used 166286K, committed 167744K, reserved 1196032K
  class space    used 22245K, committed 22912K, reserved 1048576K
}
Event: 120.315 GC heap after
{Heap after GC invocations=90 (full 0):
 garbage-first heap   total 1585152K, used 841430K [0x0000000700000000, 0x0000000800000000)
  region size 2048K, 11 young (22528K), 11 survivors (22528K)
 Metaspace       used 166286K, committed 167744K, reserved 1196032K
  class space    used 22245K, committed 22912K, reserved 1048576K
}
Event: 121.974 GC heap before
{Heap before GC invocations=90 (full 0):
 garbage-first heap   total 1585152K, used 1238742K [0x0000000700000000, 0x0000000800000000)
  region size 2048K, 206 young (421888K), 11 survivors (22528K)
 Metaspace       used 168839K, committed 170368K, reserved 1196032K
  class space    used 22588K, committed 23296K, reserved 1048576K
}
Event: 122.042 GC heap after
{Heap after GC invocations=91 (full 0):
 garbage-first heap   total 1585152K, used 864421K [0x0000000700000000, 0x0000000800000000)
  region size 2048K, 22 young (45056K), 22 survivors (45056K)
 Metaspace       used 168839K, committed 170368K, reserved 1196032K
  class space    used 22588K, committed 23296K, reserved 1048576K
}
Event: 123.041 GC heap before
{Heap before GC invocations=91 (full 0):
 garbage-first heap   total 1585152K, used 1269925K [0x0000000700000000, 0x0000000800000000)
  region size 2048K, 221 young (452608K), 22 survivors (45056K)
 Metaspace       used 169771K, committed 171264K, reserved 1204224K
  class space    used 22620K, committed 23296K, reserved 1048576K
}
Event: 123.138 GC heap after
{Heap after GC invocations=92 (full 0):
 garbage-first heap   total 1585152K, used 880311K [0x0000000700000000, 0x0000000800000000)
  region size 2048K, 20 young (40960K), 20 survivors (40960K)
 Metaspace       used 169771K, committed 171264K, reserved 1204224K
  class space    used 22620K, committed 23296K, reserved 1048576K
}
Event: 123.977 GC heap before
{Heap before GC invocations=92 (full 0):
 garbage-first heap   total 1585152K, used 1296055K [0x0000000700000000, 0x0000000800000000)
  region size 2048K, 224 young (458752K), 20 survivors (40960K)
 Metaspace       used 170193K, committed 171648K, reserved 1204224K
  class space    used 22630K, committed 23296K, reserved 1048576K
}
Event: 124.023 GC heap after
{Heap after GC invocations=93 (full 0):
 garbage-first heap   total 1585152K, used 894962K [0x0000000700000000, 0x0000000800000000)
  region size 2048K, 18 young (36864K), 18 survivors (36864K)
 Metaspace       used 170193K, committed 171648K, reserved 1204224K
  class space    used 22630K, committed 23296K, reserved 1048576K
}
Event: 124.725 GC heap before
{Heap before GC invocations=93 (full 0):
 garbage-first heap   total 1585152K, used 1314802K [0x0000000700000000, 0x0000000800000000)
  region size 2048K, 224 young (458752K), 18 survivors (36864K)
 Metaspace       used 170464K, committed 171904K, reserved 1204224K
  class space    used 22649K, committed 23296K, reserved 1048576K
}
Event: 124.760 GC heap after
{Heap after GC invocations=94 (full 0):
 garbage-first heap   total 1585152K, used 898658K [0x0000000700000000, 0x0000000800000000)
  region size 2048K, 14 young (28672K), 14 survivors (28672K)
 Metaspace       used 170464K, committed 171904K, reserved 1204224K
  class space    used 22649K, committed 23296K, reserved 1048576K
}
Event: 125.444 GC heap before
{Heap before GC invocations=94 (full 0):
 garbage-first heap   total 1585152K, used 1332834K [0x0000000700000000, 0x0000000800000000)
  region size 2048K, 226 young (462848K), 14 survivors (28672K)
 Metaspace       used 170683K, committed 172160K, reserved 1204224K
  class space    used 22671K, committed 23360K, reserved 1048576K
}
Event: 125.476 GC heap after
{Heap after GC invocations=95 (full 0):
 garbage-first heap   total 1585152K, used 905964K [0x0000000700000000, 0x0000000800000000)
  region size 2048K, 17 young (34816K), 17 survivors (34816K)
 Metaspace       used 170683K, committed 172160K, reserved 1204224K
  class space    used 22671K, committed 23360K, reserved 1048576K
}
Event: 126.109 GC heap before
{Heap before GC invocations=95 (full 0):
 garbage-first heap   total 1585152K, used 1344236K [0x0000000700000000, 0x0000000800000000)
  region size 2048K, 231 young (473088K), 17 survivors (34816K)
 Metaspace       used 170726K, committed 172224K, reserved 1204224K
  class space    used 22672K, committed 23360K, reserved 1048576K
}
Event: 126.160 GC heap after
{Heap after GC invocations=96 (full 0):
 garbage-first heap   total 1585152K, used 929493K [0x0000000700000000, 0x0000000800000000)
  region size 2048K, 24 young (49152K), 24 survivors (49152K)
 Metaspace       used 170726K, committed 172224K, reserved 1204224K
  class space    used 22672K, committed 23360K, reserved 1048576K
}
Event: 126.794 GC heap before
{Heap before GC invocations=96 (full 0):
 garbage-first heap   total 1585152K, used 1347285K [0x0000000700000000, 0x0000000800000000)
  region size 2048K, 228 young (466944K), 24 survivors (49152K)
 Metaspace       used 170805K, committed 172288K, reserved 1204224K
  class space    used 22675K, committed 23360K, reserved 1048576K
}
Event: 126.835 GC heap after
{Heap after GC invocations=97 (full 0):
 garbage-first heap   total 1585152K, used 936535K [0x0000000700000000, 0x0000000800000000)
  region size 2048K, 19 young (38912K), 19 survivors (38912K)
 Metaspace       used 170805K, committed 172288K, reserved 1204224K
  class space    used 22675K, committed 23360K, reserved 1048576K
}
Event: 127.497 GC heap before
{Heap before GC invocations=97 (full 0):
 garbage-first heap   total 1585152K, used 1350231K [0x0000000700000000, 0x0000000800000000)
  region size 2048K, 221 young (452608K), 19 survivors (38912K)
 Metaspace       used 170827K, committed 172288K, reserved 1204224K
  class space    used 22678K, committed 23360K, reserved 1048576K
}

Dll operation events (2 events):
Event: 0.005 Loaded shared library C:\Program Files\Android\Android Studio1\jbr\bin\java.dll
Event: 0.347 Loaded shared library C:\Program Files\Android\Android Studio1\jbr\bin\verify.dll

Deoptimization events (20 events):
Event: 127.306 Thread 0x0000020d5c370380 DEOPT PACKING pc=0x0000020d3ed03701 sp=0x00000046d9dfc2e0
Event: 127.306 Thread 0x0000020d5c370380 DEOPT UNPACKING pc=0x0000020d42e5ace3 sp=0x00000046d9dfb928 mode 0
Event: 127.347 Thread 0x0000020d6960d250 DEOPT PACKING pc=0x0000020d3ed07e4b sp=0x00000046d9cfc010
Event: 127.347 Thread 0x0000020d6960d250 DEOPT UNPACKING pc=0x0000020d42e5ace3 sp=0x00000046d9cfb5f8 mode 0
Event: 127.355 Thread 0x0000020d63263720 DEOPT PACKING pc=0x0000020d3eca48c4 sp=0x00000046da0fbed0
Event: 127.355 Thread 0x0000020d63263720 DEOPT UNPACKING pc=0x0000020d42e5ace3 sp=0x00000046da0fb720 mode 0
Event: 127.370 Thread 0x0000020d63263720 DEOPT PACKING pc=0x0000020d3e8a77b7 sp=0x00000046da0fb9d0
Event: 127.370 Thread 0x0000020d63263720 DEOPT UNPACKING pc=0x0000020d42e5ace3 sp=0x00000046da0fb2f8 mode 0
Event: 127.386 Thread 0x0000020d5c370380 DEOPT PACKING pc=0x0000020d3ee20831 sp=0x00000046d9dfc5d0
Event: 127.386 Thread 0x0000020d5c370380 DEOPT UNPACKING pc=0x0000020d42e5ace3 sp=0x00000046d9dfba68 mode 0
Event: 127.396 Thread 0x0000020d6325fd60 DEOPT PACKING pc=0x0000020d3eca489e sp=0x00000046da1fc310
Event: 127.396 Thread 0x0000020d6325fd60 DEOPT UNPACKING pc=0x0000020d42e5ace3 sp=0x00000046da1fbb58 mode 0
Event: 127.453 Thread 0x0000020d63262d80 DEOPT PACKING pc=0x0000020d3ed07e4b sp=0x00000046d9ffbe50
Event: 127.463 Thread 0x0000020d6960d250 DEOPT PACKING pc=0x0000020d3eca3659 sp=0x00000046d9cfbdb0
Event: 127.472 Thread 0x0000020d6960d250 DEOPT UNPACKING pc=0x0000020d42e5ace3 sp=0x00000046d9cfb600 mode 0
Event: 127.482 Thread 0x0000020d63262d80 DEOPT UNPACKING pc=0x0000020d42e5ace3 sp=0x00000046d9ffb438 mode 0
Event: 127.487 Thread 0x0000020d63262d80 DEOPT PACKING pc=0x0000020d3ed03701 sp=0x00000046d9ffbdf0
Event: 127.487 Thread 0x0000020d63262d80 DEOPT UNPACKING pc=0x0000020d42e5ace3 sp=0x00000046d9ffb438 mode 0
Event: 127.488 Thread 0x0000020d5c385240 DEOPT PACKING pc=0x0000020d3ee20831 sp=0x00000046d9bfc000
Event: 127.488 Thread 0x0000020d5c385240 DEOPT UNPACKING pc=0x0000020d42e5ace3 sp=0x00000046d9bfb498 mode 0

Classes unloaded (2 events):
Event: 92.698 Thread 0x0000020d57851750 Unloading class 0x0000000800f9d000 'java/lang/invoke/LambdaForm$DMH+0x0000000800f9d000'
Event: 92.698 Thread 0x0000020d57851750 Unloading class 0x0000000800f60000 'java/lang/invoke/LambdaForm$DMH+0x0000000800f60000'

Classes redefined (0 events):
No events

Internal exceptions (20 events):
Event: 119.800 Thread 0x0000020d63263720 Exception <a 'java/lang/NoSuchMethodError'{0x00000007450f7648}: 'java.lang.Object java.lang.invoke.Invokers$Holder.linkToTargetMethod(java.lang.Object, java.lang.Object, java.lang.Object, java.lang.Object, java.lang.Object, java.lang.Object, java.lang.Object, java.lang.Object, java.lang.Object, java.lang.Object)'> (0x00000007450f7648) 
thrown [s\src\hotspot\share\interpreter\linkResolver.cpp, line 771]
Event: 119.801 Thread 0x0000020d63263720 Exception <a 'java/lang/NoSuchMethodError'{0x00000007450fe928}: 'int java.lang.invoke.DirectMethodHandle$Holder.invokeSpecial(java.lang.Object, java.lang.Object, int)'> (0x00000007450fe928) 
thrown [s\src\hotspot\share\interpreter\linkResolver.cpp, line 771]
Event: 119.819 Thread 0x0000020d63263720 Exception <a 'java/lang/IncompatibleClassChangeError'{0x0000000744f335f8}: Found class java.lang.Object, but interface was expected> (0x0000000744f335f8) 
thrown [s\src\hotspot\share\interpreter\linkResolver.cpp, line 838]
Event: 119.935 Thread 0x0000020d63262d80 Exception <a 'java/lang/NoSuchMethodError'{0x0000000742f698d0}: 'java.lang.Object java.lang.invoke.DirectMethodHandle$Holder.newInvokeSpecial(java.lang.Object, java.lang.Object, int, java.lang.Object, java.lang.Object, java.lang.Object)'> (0x0000000742f698d0) 
thrown [s\src\hotspot\share\interpreter\linkResolver.cpp, line 771]
Event: 119.936 Thread 0x0000020d63262d80 Exception <a 'java/lang/NoSuchMethodError'{0x0000000742b97d78}: 'java.lang.Object java.lang.invoke.Invokers$Holder.linkToTargetMethod(java.lang.Object, int, java.lang.Object, java.lang.Object, java.lang.Object, java.lang.Object)'> (0x0000000742b97d78) 
thrown [s\src\hotspot\share\interpreter\linkResolver.cpp, line 771]
Event: 120.168 Thread 0x0000020d5c385240 Exception <a 'java/lang/NoSuchMethodError'{0x000000073e4143a0}: 'int java.lang.invoke.DirectMethodHandle$Holder.invokeInterface(java.lang.Object, java.lang.Object, int)'> (0x000000073e4143a0) 
thrown [s\src\hotspot\share\interpreter\linkResolver.cpp, line 771]
Event: 120.202 Thread 0x0000020d63263720 Exception <a 'java/lang/ClassCastException'{0x000000073e20dd30}: class kotlin.reflect.jvm.internal.ReflectionFactoryImpl cannot be cast to class com.android.tools.r8.internal.PU (kotlin.reflect.jvm.internal.ReflectionFactoryImpl is in unnamed module of loader org.gradle.internal.classloader.VisitableURLClassLoader @5c3bd550; com.android.tools.r8.internal.PU is in unnamed module of loader org.gradle.internal.classloader.VisitableURLClassLoader @58cf97cc)> (0x000000073e20dd30) 
thrown [s\src\hotspot\share\in
Event: 120.317 Thread 0x0000020d63263720 Exception <a 'java/lang/NoSuchMethodError'{0x000000076063cba8}: 'java.lang.Object java.lang.invoke.DirectMethodHandle$Holder.invokeVirtual(java.lang.Object, java.lang.Object, int, java.lang.Object)'> (0x000000076063cba8) 
thrown [s\src\hotspot\share\interpreter\linkResolver.cpp, line 771]
Event: 120.345 Thread 0x0000020d63260230 Exception <a 'java/lang/IncompatibleClassChangeError'{0x00000007606266a8}: Found class java.lang.Object, but interface was expected> (0x00000007606266a8) 
thrown [s\src\hotspot\share\interpreter\linkResolver.cpp, line 838]
Event: 120.463 Thread 0x0000020d63263720 Exception <a 'java/lang/NoSuchMethodError'{0x000000075e92c618}: 'java.lang.Object java.lang.invoke.DirectMethodHandle$Holder.invokeVirtual(java.lang.Object, java.lang.Object, int, java.lang.Object, int, int)'> (0x000000075e92c618) 
thrown [s\src\hotspot\share\interpreter\linkResolver.cpp, line 771]
Event: 120.585 Thread 0x0000020d63263720 Exception <a 'java/lang/NoSuchMethodError'{0x000000075ce50630}: 'void java.lang.invoke.DirectMethodHandle$Holder.invokeSpecial(java.lang.Object, java.lang.Object, int)'> (0x000000075ce50630) 
thrown [s\src\hotspot\share\interpreter\linkResolver.cpp, line 771]
Event: 121.891 Thread 0x0000020d63263720 Exception <a 'java/lang/NoSuchMethodError'{0x0000000749872950}: 'void java.lang.invoke.DirectMethodHandle$Holder.invokeSpecial(java.lang.Object, java.lang.Object, java.lang.Object, java.lang.Object, java.lang.Object, java.lang.Object, java.lang.Object, java.lang.Object, java.lang.Object, java.lang.Object)'> (0x0000000749872950) 
thrown [s\src\hotspot\share\interpreter\linkResolver.cpp, line 771]
Event: 121.892 Thread 0x0000020d63263720 Exception <a 'java/lang/NoSuchMethodError'{0x000000074987d8a8}: 'java.lang.Object java.lang.invoke.DirectMethodHandle$Holder.newInvokeSpecial(java.lang.Object, java.lang.Object, java.lang.Object, java.lang.Object, java.lang.Object, java.lang.Object, java.lang.Object, java.lang.Object, java.lang.Object)'> (0x000000074987d8a8) 
thrown [s\src\hotspot\share\interpreter\linkResolver.cpp, line 771]
Event: 121.892 Thread 0x0000020d63263720 Exception <a 'java/lang/NoSuchMethodError'{0x0000000749882690}: 'java.lang.Object java.lang.invoke.Invokers$Holder.linkToTargetMethod(java.lang.Object, java.lang.Object, java.lang.Object, java.lang.Object, java.lang.Object, java.lang.Object, java.lang.Object, java.lang.Object, java.lang.Object)'> (0x0000000749882690) 
thrown [s\src\hotspot\share\interpreter\linkResolver.cpp, line 771]
Event: 123.829 Thread 0x0000020d6325fd60 Implicit null exception at 0x0000020d43bf4ef0 to 0x0000020d43bf505c
Event: 125.089 Thread 0x0000020d63263720 Exception <a 'java/lang/NoSuchMethodError'{0x0000000754e12d18}: 'java.lang.Object java.lang.invoke.DirectMethodHandle$Holder.invokeVirtual(java.lang.Object, java.lang.Object, int, java.lang.Object, int, java.lang.Object)'> (0x0000000754e12d18) 
thrown [s\src\hotspot\share\interpreter\linkResolver.cpp, line 771]
Event: 125.165 Thread 0x0000020d6325fd60 Implicit null exception at 0x0000020d4398dafb to 0x0000020d43993484
Event: 125.702 Thread 0x0000020d63263720 Implicit null exception at 0x0000020d44af9b3c to 0x0000020d44afdfe8
Event: 126.639 Thread 0x0000020d5c161be0 Implicit null exception at 0x0000020d438c683c to 0x0000020d438c7ce4
Event: 126.641 Thread 0x0000020d5c161be0 Implicit null exception at 0x0000020d438d8656 to 0x0000020d438d998c

VM Operations (20 events):
Event: 123.530 Executing VM operation: ICBufferFull done
Event: 123.955 Executing VM operation: HandshakeAllThreads
Event: 123.973 Executing VM operation: HandshakeAllThreads done
Event: 123.973 Executing VM operation: G1CollectForAllocation
Event: 124.027 Executing VM operation: G1CollectForAllocation done
Event: 124.269 Executing VM operation: ICBufferFull
Event: 124.292 Executing VM operation: ICBufferFull done
Event: 124.725 Executing VM operation: G1CollectForAllocation
Event: 124.762 Executing VM operation: G1CollectForAllocation done
Event: 125.327 Executing VM operation: ICBufferFull
Event: 125.351 Executing VM operation: ICBufferFull done
Event: 125.443 Executing VM operation: G1CollectForAllocation
Event: 125.483 Executing VM operation: G1CollectForAllocation done
Event: 126.106 Executing VM operation: G1CollectForAllocation
Event: 126.168 Executing VM operation: G1CollectForAllocation done
Event: 126.793 Executing VM operation: G1CollectForAllocation
Event: 126.839 Executing VM operation: G1CollectForAllocation done
Event: 127.076 Executing VM operation: HandshakeAllThreads
Event: 127.214 Executing VM operation: HandshakeAllThreads done
Event: 127.497 Executing VM operation: G1CollectForAllocation

Events (20 events):
Event: 127.272 Thread 0x0000020d578c1da0 flushing nmethod 0x0000020d3eaee290
Event: 127.272 Thread 0x0000020d578c1da0 flushing nmethod 0x0000020d3eb15910
Event: 127.272 Thread 0x0000020d578c1da0 flushing nmethod 0x0000020d3eb1fe10
Event: 127.272 Thread 0x0000020d578c1da0 flushing nmethod 0x0000020d3eb21490
Event: 127.272 Thread 0x0000020d578c1da0 flushing nmethod 0x0000020d3eb22a90
Event: 127.272 Thread 0x0000020d578c1da0 flushing nmethod 0x0000020d3eb29f90
Event: 127.272 Thread 0x0000020d578c1da0 flushing nmethod 0x0000020d3eb33410
Event: 127.272 Thread 0x0000020d578c1da0 flushing nmethod 0x0000020d3eb58e10
Event: 127.273 Thread 0x0000020d578c1da0 flushing nmethod 0x0000020d3ec65f10
Event: 127.273 Thread 0x0000020d578c1da0 flushing nmethod 0x0000020d3ec67790
Event: 127.274 Thread 0x0000020d578c1da0 flushing nmethod 0x0000020d3ecfb290
Event: 127.274 Thread 0x0000020d578c1da0 flushing nmethod 0x0000020d3ed23090
Event: 127.274 Thread 0x0000020d578c1da0 flushing nmethod 0x0000020d3ed52e10
Event: 127.274 Thread 0x0000020d578c1da0 flushing nmethod 0x0000020d3ed6f290
Event: 127.274 Thread 0x0000020d578c1da0 flushing nmethod 0x0000020d3edc5e10
Event: 127.274 Thread 0x0000020d578c1da0 flushing nmethod 0x0000020d3edcf290
Event: 127.274 Thread 0x0000020d578c1da0 flushing nmethod 0x0000020d3edf2310
Event: 127.275 Thread 0x0000020d578c1da0 flushing nmethod 0x0000020d3ef0c290
Event: 127.275 Thread 0x0000020d578c1da0 flushing nmethod 0x0000020d3ef2a990
Event: 127.276 Thread 0x0000020d578c1da0 flushing nmethod 0x0000020d3efb3690


Dynamic libraries:
0x00007ff67d150000 - 0x00007ff67d15a000 	C:\Program Files\Android\Android Studio1\jbr\bin\java.exe
0x00007ffd91390000 - 0x00007ffd91588000 	C:\Windows\SYSTEM32\ntdll.dll
0x00007ffd6eed0000 - 0x00007ffd6eee9000 	C:\Program Files\Avast Software\Avast\aswhook.dll
0x00007ffd8f9e0000 - 0x00007ffd8fa9f000 	C:\Windows\System32\KERNEL32.DLL
0x00007ffd8f0f0000 - 0x00007ffd8f3c2000 	C:\Windows\System32\KERNELBASE.dll
0x00007ffd8ee20000 - 0x00007ffd8ef20000 	C:\Windows\System32\ucrtbase.dll
0x00007ffd71130000 - 0x00007ffd7114b000 	C:\Program Files\Android\Android Studio1\jbr\bin\VCRUNTIME140.dll
0x00007ffd71550000 - 0x00007ffd71567000 	C:\Program Files\Android\Android Studio1\jbr\bin\jli.dll
0x00007ffd8fb70000 - 0x00007ffd8fd11000 	C:\Windows\System32\USER32.dll
0x00007ffd8ec50000 - 0x00007ffd8ec72000 	C:\Windows\System32\win32u.dll
0x00007ffd77110000 - 0x00007ffd773aa000 	C:\Windows\WinSxS\amd64_microsoft.windows.common-controls_6595b64144ccf1df_6.0.19041.1110_none_60b5254171f9507e\COMCTL32.dll
0x00007ffd90af0000 - 0x00007ffd90b1b000 	C:\Windows\System32\GDI32.dll
0x00007ffd90590000 - 0x00007ffd9062e000 	C:\Windows\System32\msvcrt.dll
0x00007ffd8efe0000 - 0x00007ffd8f0ef000 	C:\Windows\System32\gdi32full.dll
0x00007ffd8ed30000 - 0x00007ffd8edcd000 	C:\Windows\System32\msvcp_win.dll
0x00007ffd8fe00000 - 0x00007ffd8fe32000 	C:\Windows\System32\IMM32.DLL
0x00007ffd6f830000 - 0x00007ffd6f83c000 	C:\Program Files\Android\Android Studio1\jbr\bin\vcruntime140_1.dll
0x00007ffd52040000 - 0x00007ffd520cd000 	C:\Program Files\Android\Android Studio1\jbr\bin\msvcp140.dll
0x00007ffd087e0000 - 0x00007ffd0944e000 	C:\Program Files\Android\Android Studio1\jbr\bin\server\jvm.dll
0x00007ffd909b0000 - 0x00007ffd90a5e000 	C:\Windows\System32\ADVAPI32.dll
0x00007ffd90d50000 - 0x00007ffd90dec000 	C:\Windows\System32\sechost.dll
0x00007ffd906a0000 - 0x00007ffd907c5000 	C:\Windows\System32\RPCRT4.dll
0x00007ffd83100000 - 0x00007ffd83127000 	C:\Windows\SYSTEM32\WINMM.dll
0x00007ffd83720000 - 0x00007ffd8372a000 	C:\Windows\SYSTEM32\VERSION.dll
0x00007ffd7be80000 - 0x00007ffd7be89000 	C:\Windows\SYSTEM32\WSOCK32.dll
0x00007ffd90ce0000 - 0x00007ffd90d4b000 	C:\Windows\System32\WS2_32.dll
0x00007ffd8d2d0000 - 0x00007ffd8d2e2000 	C:\Windows\SYSTEM32\kernel.appcore.dll
0x00007ffd88320000 - 0x00007ffd8832a000 	C:\Program Files\Android\Android Studio1\jbr\bin\jimage.dll
0x00007ffd8c850000 - 0x00007ffd8ca34000 	C:\Windows\SYSTEM32\DBGHELP.DLL
0x00007ffd7bfe0000 - 0x00007ffd7c015000 	C:\Windows\SYSTEM32\dbgcore.DLL
0x00007ffd8ef20000 - 0x00007ffd8efa2000 	C:\Windows\System32\bcryptPrimitives.dll
0x00007ffd71d10000 - 0x00007ffd71d35000 	C:\Program Files\Android\Android Studio1\jbr\bin\java.dll
0x00007ffd71eb0000 - 0x00007ffd71ec8000 	C:\Program Files\Android\Android Studio1\jbr\bin\zip.dll
0x00007ffd8fe40000 - 0x00007ffd90585000 	C:\Windows\System32\SHELL32.dll
0x00007ffd8ca40000 - 0x00007ffd8d1d2000 	C:\Windows\SYSTEM32\windows.storage.dll
0x00007ffd90f20000 - 0x00007ffd91275000 	C:\Windows\System32\combase.dll
0x00007ffd8e4e0000 - 0x00007ffd8e510000 	C:\Windows\SYSTEM32\Wldp.dll
0x00007ffd8f3d0000 - 0x00007ffd8f47d000 	C:\Windows\System32\SHCORE.dll
0x00007ffd907d0000 - 0x00007ffd90825000 	C:\Windows\System32\shlwapi.dll
0x00007ffd8e9c0000 - 0x00007ffd8e9df000 	C:\Windows\SYSTEM32\profapi.dll
0x00007ffd71cf0000 - 0x00007ffd71d09000 	C:\Program Files\Android\Android Studio1\jbr\bin\net.dll
0x00007ffd87260000 - 0x00007ffd8736c000 	C:\Windows\SYSTEM32\WINHTTP.dll
0x00007ffd8e240000 - 0x00007ffd8e2aa000 	C:\Windows\system32\mswsock.dll
0x00007ffd71a50000 - 0x00007ffd71a66000 	C:\Program Files\Android\Android Studio1\jbr\bin\nio.dll
0x00007ffd85630000 - 0x00007ffd85640000 	C:\Program Files\Android\Android Studio1\jbr\bin\verify.dll
0x00007ffd59d80000 - 0x00007ffd59da7000 	C:\Users\Asif\.gradle\native\e1d6ef7f7dcc3fd88c89a11ec53ec762bb8ba0a96d01ffa2cd45eb1d1d8dd5c5\windows-amd64\native-platform.dll
0x00007ffd52400000 - 0x00007ffd52544000 	C:\Users\Asif\.gradle\native\0d407fdbe67a94daf76414ababcb853783967236a71b16ec16e742cd7a986fd3\windows-amd64\native-platform-file-events.dll
0x00007ffd84260000 - 0x00007ffd84269000 	C:\Program Files\Android\Android Studio1\jbr\bin\management.dll
0x00007ffd72150000 - 0x00007ffd7215b000 	C:\Program Files\Android\Android Studio1\jbr\bin\management_ext.dll
0x00007ffd8f500000 - 0x00007ffd8f508000 	C:\Windows\System32\PSAPI.DLL
0x00007ffd8e430000 - 0x00007ffd8e448000 	C:\Windows\SYSTEM32\CRYPTSP.dll
0x00007ffd8daf0000 - 0x00007ffd8db24000 	C:\Windows\system32\rsaenh.dll
0x00007ffd8efb0000 - 0x00007ffd8efd7000 	C:\Windows\System32\bcrypt.dll
0x00007ffd8e940000 - 0x00007ffd8e96e000 	C:\Windows\SYSTEM32\USERENV.dll
0x00007ffd8e450000 - 0x00007ffd8e45c000 	C:\Windows\SYSTEM32\CRYPTBASE.dll
0x00007ffd8dee0000 - 0x00007ffd8df1b000 	C:\Windows\SYSTEM32\IPHLPAPI.DLL
0x00007ffd90cd0000 - 0x00007ffd90cd8000 	C:\Windows\System32\NSI.dll
0x00007ffd83930000 - 0x00007ffd83947000 	C:\Windows\SYSTEM32\dhcpcsvc6.DLL
0x00007ffd83910000 - 0x00007ffd8392d000 	C:\Windows\SYSTEM32\dhcpcsvc.DLL
0x00007ffd8df30000 - 0x00007ffd8dffb000 	C:\Windows\SYSTEM32\DNSAPI.dll
0x00007ffd49c90000 - 0x00007ffd49c97000 	C:\Windows\system32\wshunix.dll
0x00007ffd71580000 - 0x00007ffd71587000 	C:\Program Files\Android\Android Studio1\jbr\bin\rmi.dll
0x00007ffd8dc10000 - 0x00007ffd8dc43000 	C:\Windows\SYSTEM32\ntmarta.dll

dbghelp: loaded successfully - version: 4.0.5 - missing functions: none
symbol engine: initialized successfully - sym options: 0x614 - pdb path: .;C:\Program Files\Android\Android Studio1\jbr\bin;C:\Windows\SYSTEM32;C:\Program Files\Avast Software\Avast;C:\Windows\WinSxS\amd64_microsoft.windows.common-controls_6595b64144ccf1df_6.0.19041.1110_none_60b5254171f9507e;C:\Program Files\Android\Android Studio1\jbr\bin\server;C:\Users\Asif\.gradle\native\e1d6ef7f7dcc3fd88c89a11ec53ec762bb8ba0a96d01ffa2cd45eb1d1d8dd5c5\windows-amd64;C:\Users\Asif\.gradle\native\0d407fdbe67a94daf76414ababcb853783967236a71b16ec16e742cd7a986fd3\windows-amd64

VM Arguments:
jvm_args: --add-opens=java.base/java.util=ALL-UNNAMED --add-opens=java.base/java.lang=ALL-UNNAMED --add-opens=java.base/java.lang.invoke=ALL-UNNAMED --add-opens=java.base/java.util=ALL-UNNAMED --add-opens=java.prefs/java.util.prefs=ALL-UNNAMED --add-opens=java.prefs/java.util.prefs=ALL-UNNAMED --add-opens=java.base/java.nio.charset=ALL-UNNAMED --add-opens=java.base/java.net=ALL-UNNAMED --add-opens=java.base/java.util.concurrent.atomic=ALL-UNNAMED -Xmx4096m -Dfile.encoding=UTF-8 -Duser.country=IN -Duser.language=en -Duser.variant 
java_command: org.gradle.launcher.daemon.bootstrap.GradleDaemon 7.5
java_class_path (initial): C:\Users\Asif\.gradle\wrapper\dists\gradle-7.5-bin\f1w0cc9nuo0eivz97x2xlu9sv\gradle-7.5\lib\gradle-launcher-7.5.jar
Launcher Type: SUN_STANDARD

[Global flags]
     intx CICompilerCount                          = 4                                         {product} {ergonomic}
     uint ConcGCThreads                            = 2                                         {product} {ergonomic}
     uint G1ConcRefinementThreads                  = 8                                         {product} {ergonomic}
   size_t G1HeapRegionSize                         = 2097152                                   {product} {ergonomic}
    uintx GCDrainStackTargetSize                   = 64                                        {product} {ergonomic}
   size_t InitialHeapSize                          = 264241152                                 {product} {ergonomic}
   size_t MarkStackSize                            = 4194304                                   {product} {ergonomic}
   size_t MaxHeapSize                              = 4294967296                                {product} {command line}
   size_t MaxNewSize                               = 2575302656                                {product} {ergonomic}
   size_t MinHeapDeltaBytes                        = 2097152                                   {product} {ergonomic}
   size_t MinHeapSize                              = 8388608                                   {product} {ergonomic}
    uintx NonNMethodCodeHeapSize                   = 5839372                                {pd product} {ergonomic}
    uintx NonProfiledCodeHeapSize                  = 122909434                              {pd product} {ergonomic}
    uintx ProfiledCodeHeapSize                     = 122909434                              {pd product} {ergonomic}
    uintx ReservedCodeCacheSize                    = 251658240                              {pd product} {ergonomic}
     bool SegmentedCodeCache                       = true                                      {product} {ergonomic}
   size_t SoftMaxHeapSize                          = 4294967296                             {manageable} {ergonomic}
     bool UseCompressedClassPointers               = true                           {product lp64_product} {ergonomic}
     bool UseCompressedOops                        = true                           {product lp64_product} {ergonomic}
     bool UseG1GC                                  = true                                      {product} {ergonomic}
     bool UseLargePagesIndividualAllocation        = false                                  {pd product} {ergonomic}

Logging:
Log output configuration:
 #0: stdout all=warning uptime,level,tags
 #1: stderr all=off uptime,level,tags

Environment Variables:
PATH=C:\Windows\system32;C:\Windows;C:\Windows\System32\Wbem;C:\Windows\System32\WindowsPowerShell\v1.0\;C:\Windows\System32\OpenSSH\;C:\Program Files\dotnet\;C:\Program Files\Git\cmd;C:\Users\Asif\AppData\Local\Microsoft\WindowsApps;
USERNAME=Asif
OS=Windows_NT
PROCESSOR_IDENTIFIER=Intel64 Family 6 Model 140 Stepping 1, GenuineIntel
TMP=C:\Users\Asif\AppData\Local\Temp
TEMP=C:\Users\Asif\AppData\Local\Temp


JNI global refs:
JNI global refs: 29, weak refs: 184

JNI global refs memory usage: 843, weak refs: 2105


---------------  S Y S T E M  ---------------

OS:
 Windows 10 , 64 bit Build 19041 (10.0.19041.2546)
OS uptime: 5 days 1:27 hours

CPU: total 8 (initial active 8) (4 cores per cpu, 2 threads per core) family 6 model 140 stepping 1 microcode 0xa4, cx8, cmov, fxsr, ht, mmx, 3dnowpref, sse, sse2, sse3, ssse3, sse4.1, sse4.2, popcnt, lzcnt, tsc, tscinvbit, avx, avx2, aes, erms, clmul, bmi1, bmi2, adx, avx512f, avx512dq, avx512cd, avx512bw, avx512vl, sha, fma, vzeroupper, avx512_vpopcntdq, avx512_vpclmulqdq, avx512_vaes, avx512_vnni, clflush, clflushopt, clwb, avx512_vbmi2, avx512_vbmi

Memory: 4k page, system-wide physical 16126M (868M free)
TotalPageFile size 47298M (AvailPageFile size 71M)
current process WorkingSet (physical memory assigned to process): 2190M, peak: 2194M
current process commit charge ("private bytes"): 2314M, peak: 2460M

vm_info: OpenJDK 64-Bit Server VM (17.0.6+0-b2043.56-10027231) for windows-amd64 JRE (17.0.6+0-b2043.56-10027231), built on Apr 28 2023 00:43:19 by "androidbuild" with MS VC++ 16.10 / 16.11 (VS2019)

END.
